pin-perf-cores: performance-core mask 0xFFFF
Filters: [performance],[perf],[.perf] [.perf],[benchmark],[!benchmark],[long] ~[vorago-sweep]
Randomness seeded to: 1458635452

~~~~~~~~~~~~~~~~~~~~~~~~~~~~~~~~~~~~~~~~~~~~~~~~~~~~~~~~~~~~~~~~~~~~~~~~~~~~~~~
dsp_systems_tests.exe is a Catch2 v3.4.0 host application.
Run with -? for options

-------------------------------------------------------------------------------
VectorMixer: 512 samples mono performance benchmark (SC-003)
-------------------------------------------------------------------------------
F:\projects\iterum\dsp\tests\unit\systems\vector_mixer_tests.cpp(1047)
...............................................................................

F:\projects\iterum\dsp\tests\unit\systems\vector_mixer_tests.cpp(1088): warning:
  VectorMixer SC-003: best-of-25 per-block time 0.0019986 ms; audio buffer 11.
  61 ms; CPU usage 0.0172145 % (bound 0.05 %)

-------------------------------------------------------------------------------
SynthVoice CPU usage under 1%
-------------------------------------------------------------------------------
F:\projects\iterum\dsp\tests\unit\systems\synth_voice_test.cpp(1590)
...............................................................................

benchmark name                       samples       iterations    estimated
                                     mean          low mean      high mean
                                     std dev       low std dev   high std dev
-------------------------------------------------------------------------------
SynthVoice 1 second at 44.1kHz                 100             1    142.823 ms 
                                        1.36507 ms    1.33582 ms    1.40192 ms 
                                         167.31 us    138.562 us    231.562 us 
                                                                               

-------------------------------------------------------------------------------
HarmonizerEngine SC-008 CPU benchmark all modes
  Simple mode < 1% CPU
-------------------------------------------------------------------------------
F:\projects\iterum\dsp\tests\unit\systems\harmonizer_engine_test.cpp(3228)
...............................................................................

benchmark name                       samples       iterations    estimated
                                     mean          low mean      high mean
                                     std dev       low std dev   high std dev
-------------------------------------------------------------------------------
HarmonizerEngine Simple 4 voices               100             1     2.2274 ms 
                                         17.759 us     17.628 us     18.034 us 
                                        928.902 ns    524.446 ns     1.6706 us 
                                                                               

-------------------------------------------------------------------------------
HarmonizerEngine SC-008 CPU benchmark all modes
  PitchSync mode benchmark
-------------------------------------------------------------------------------
F:\projects\iterum\dsp\tests\unit\systems\harmonizer_engine_test.cpp(3245)
...............................................................................

benchmark name                       samples       iterations    estimated
                                     mean          low mean      high mean
                                     std dev       low std dev   high std dev
-------------------------------------------------------------------------------
HarmonizerEngine PitchSync 4 voices            100             1     2.9206 ms 
                                         25.906 us      25.62 us     26.424 us 
                                        1.91156 us     1.2519 us    3.19447 us 
                                                                               

F:\projects\iterum\dsp\tests\unit\systems\harmonizer_engine_test.cpp(3266): warning:
  PitchSync CPU 0.465453% exceeds 3% budget -- per-voice pitch detection
  overhead. See research.md for analysis.

-------------------------------------------------------------------------------
HarmonizerEngine SC-008 CPU benchmark all modes
  Granular mode < 5% CPU
-------------------------------------------------------------------------------
F:\projects\iterum\dsp\tests\unit\systems\harmonizer_engine_test.cpp(3269)
...............................................................................

benchmark name                       samples       iterations    estimated
                                     mean          low mean      high mean
                                     std dev       low std dev   high std dev
-------------------------------------------------------------------------------
HarmonizerEngine Granular 4 voices             100             1     1.9382 ms 
                                         19.349 us     19.265 us     19.518 us 
                                        586.668 ns    340.317 ns    1.03492 us 
                                                                               

-------------------------------------------------------------------------------
HarmonizerEngine SC-008 CPU benchmark all modes
  PhaseVocoder mode benchmark
-------------------------------------------------------------------------------
F:\projects\iterum\dsp\tests\unit\systems\harmonizer_engine_test.cpp(3286)
...............................................................................

benchmark name                       samples       iterations    estimated
                                     mean          low mean      high mean
                                     std dev       low std dev   high std dev
-------------------------------------------------------------------------------
HarmonizerEngine PhaseVocoder 4                                                
voices                                         100             1    33.9975 ms 
                                        343.701 us    237.708 us    468.406 us 
                                         583.84 us    508.241 us    643.254 us 
                                                                               

F:\projects\iterum\dsp\tests\unit\systems\harmonizer_engine_test.cpp(3307): warning:
  PhaseVocoder CPU 5.56865% exceeds 15% budget -- FR-020 shared-analysis
  deferred. See research.md for analysis.

-------------------------------------------------------------------------------
HarmonizerEngine SC-008 orchestration overhead benchmark
  Chromatic mode (pure orchestration, no PitchTracker)
-------------------------------------------------------------------------------
F:\projects\iterum\dsp\tests\unit\systems\harmonizer_engine_test.cpp(3335)
...............................................................................

benchmark name                       samples       iterations    estimated
                                     mean          low mean      high mean
                                     std dev       low std dev   high std dev
-------------------------------------------------------------------------------
HarmonizerEngine orchestration                                                 
overhead (Chromatic, all muted)                100            38     1.4972 ms 
                                        316.921 ns    313.474 ns    323.289 ns 
                                        23.0901 ns    15.2645 ns    39.3335 ns 
                                                                               

-------------------------------------------------------------------------------
HarmonizerEngine SC-008 orchestration overhead benchmark
  Scalic mode (orchestration + PitchTracker)
-------------------------------------------------------------------------------
F:\projects\iterum\dsp\tests\unit\systems\harmonizer_engine_test.cpp(3370)
...............................................................................

benchmark name                       samples       iterations    estimated
                                     mean          low mean      high mean
                                     std dev       low std dev   high std dev
-------------------------------------------------------------------------------
HarmonizerEngine orchestration                                                 
overhead (Scalic, all muted)                   100             3      2.088 ms 
                                        6.60933 us      6.515 us    6.75733 us 
                                        591.608 ns    437.073 ns    913.972 ns 
                                                                               

F:\projects\iterum\dsp\tests\unit\systems\harmonizer_engine_test.cpp(3411): warning:
  Scalic orchestration overhead: 0.104557%. PitchTracker contributes
  significant overhead.

-------------------------------------------------------------------------------
T032: HarmonizerEngine PhaseVocoder 4-voice shared-analysis benchmark (SC-001)
-------------------------------------------------------------------------------
F:\projects\iterum\dsp\tests\unit\systems\harmonizer_engine_test.cpp(3993)
...............................................................................

benchmark name                       samples       iterations    estimated
                                     mean          low mean      high mean
                                     std dev       low std dev   high std dev
-------------------------------------------------------------------------------
HarmonizerEngine PhaseVocoder 4                                                
voices (shared analysis)                       100             1    33.7511 ms 
                                        333.119 us    230.725 us    454.596 us 
                                        565.045 us    492.392 us    621.291 us 
                                                                               

F:\projects\iterum\dsp\tests\unit\systems\harmonizer_engine_test.cpp(4066): warning:
  PhaseVocoder 4 voices: CPU: 5.75317%, process(): 350.458 us avg

-------------------------------------------------------------------------------
T058: HarmonizerEngine PitchSync 4-voice re-benchmark (SC-008)
-------------------------------------------------------------------------------
F:\projects\iterum\dsp\tests\unit\systems\harmonizer_engine_test.cpp(4540)
...............................................................................

benchmark name                       samples       iterations    estimated
                                     mean          low mean      high mean
                                     std dev       low std dev   high std dev
-------------------------------------------------------------------------------
HarmonizerEngine PitchSync 4 voices                                            
(post-refactor)                                100             1     2.6609 ms 
                                         25.574 us     25.224 us     26.186 us 
                                        2.29883 us    1.57202 us    3.63736 us 
                                                                               

F:\projects\iterum\dsp\tests\unit\systems\harmonizer_engine_test.cpp(4610): warning:
  PitchSync 4 voices: CPU: 0.426365%, process(): 25.5851 us avg

F:\projects\iterum\dsp\tests\unit\systems\harmonizer_engine_test.cpp(4616): warning:
  PitchSync spec-064 baseline: ~26.4% CPU, 1460-1588 us/block

F:\projects\iterum\dsp\tests\unit\systems\harmonizer_engine_test.cpp(4617): warning:
  PitchSync post-refactor measurement is informational only (SC-008).

-------------------------------------------------------------------------------
SympatheticResonance SIMD performance benchmark
-------------------------------------------------------------------------------
F:\projects\iterum\dsp\tests\unit\systems\sympathetic_resonance_test.cpp(2453)
...............................................................................

F:\projects\iterum\dsp\tests\unit\systems\sympathetic_resonance_test.cpp(2526): warning:
  Scalar throughput: 66.6969 Msamples/sec (6.612 ms for 441000 samples, 64
  resonators)

F:\projects\iterum\dsp\tests\unit\systems\sympathetic_resonance_test.cpp(2559): warning:
  SIMD throughput:   65.4089 Msamples/sec (6.7422 ms for 441000 samples, 64
  resonators)

F:\projects\iterum\dsp\tests\unit\systems\sympathetic_resonance_test.cpp(2564): warning:
  SIMD/Scalar ratio: 0.980689x

-------------------------------------------------------------------------------
HarmonicCloud_CpuBudget
-------------------------------------------------------------------------------
F:\projects\iterum\dsp\tests\unit\systems\harmonic_cloud_perf_test.cpp(302)
...............................................................................

F:\projects\iterum\dsp\tests\unit\systems\harmonic_cloud_perf_test.cpp(342): warning:
  SC-007 (static) HarmonicCloud: 64 partials, Mutation 1.0, drift depth max,
  both lane banks live, 8 chunks/block, no setter calls.
    measured        : 21211.6 ns/block (512 samples @ 48 kHz)
    block budget    : 1.06667e+07 ns
    % of budget     : 0.198859 %  (roadmap headline: <= 0.5 %)
    reference figure: 53333.3 ns/block
    checked-in base : 24000 ns/block  (gate: x1.5 = 36000 ns/block)

-------------------------------------------------------------------------------
HarmonicCloud_CpuBudgetUnderAutomation
-------------------------------------------------------------------------------
F:\projects\iterum\dsp\tests\unit\systems\harmonic_cloud_perf_test.cpp(355)
...............................................................................

F:\projects\iterum\dsp\tests\unit\systems\harmonic_cloud_perf_test.cpp(394): warning:
  SC-007 (automated, GATING) HarmonicCloud: the static configuration plus the
  Phase-7 call pattern - five macros + setFundamentalHz stepped once per block.
    measured        : 21935 ns/block (512 samples @ 48 kHz)
    block budget    : 1.06667e+07 ns
    % of budget     : 0.205641 %  (roadmap headline: <= 0.5 %)
    reference figure: 53333.3 ns/block
    checked-in base : 26000 ns/block  (gate: x1.5 = 39000 ns/block)

F:\projects\iterum\dsp\tests\unit\systems\harmonic_cloud_perf_test.cpp(446): warning:
  SC-007 (quiescent, plan S4.1 early-out) HarmonicCloud:
    sounding        : 21935 ns/block
    quiescent       : 9245.2 ns/block
    ratio           : 0.421482  (expected: materially below 1 - the early-out
  advances both lane banks and fills silence, nothing else)

-------------------------------------------------------------------------------
SpectralMorph_CpuBudget
-------------------------------------------------------------------------------
F:\projects\iterum\dsp\tests\unit\systems\spectral_morph_perf_test.cpp(522)
...............................................................................

F:\projects\iterum\dsp\tests\unit\systems\spectral_morph_perf_test.cpp(572): warning:
  SC-010 clause 1 (GATING) SpectralMorphEngine alone: 4 states, bloom 1.0,
  entropy 1.0, Spline travel at kDefaultInterval, 8 chunks/block.
    measured        : 8949 ns/block (512 samples @ 48 kHz)
    block budget    : 1.06667e+07 ns
    % of budget     : 0.0838969 %  (SC-010 clause 1: <= 0.15 %)
    reference figure: 16000 ns/block
    checked-in base : 9300 ns/block  (gate: x1.5 = 13950 ns/block)

F:\projects\iterum\dsp\tests\unit\systems\spectral_morph_perf_test.cpp(619): warning:
  SC-010 clause 2 target-table dirty coverage (both per-slot masks must move):
    ratio-dirty slots/chunk : min 63, mean 63.0156 of 64
    amp-dirty slots/chunk   : min 45, mean 49.4375 of 64

F:\projects\iterum\dsp\tests\unit\systems\spectral_morph_perf_test.cpp(747): warning:
  SC-010 clauses 2 and 3 - HarmonicCloud in the FR-086 slice cadence (8 x 64
  samples per 512-sample block), Phase 2 SC-007's static cloud configuration,
  differing only in whether and how a spectral target is supplied.
    no target       : 20630.8 ns/block
    unchanged target: 20698.4 ns/block  (ratio 1.00328, bound 1.1)
    changing target : 26727 ns/block  (0.250566 % of budget; Phase 2 envelope:
  <= 0.5 %)
    reference figure: 53333.3 ns/block
    checked-in base : 29200 ns/block  (gate: x1.5 = 43800 ns/block)
    injection cost  : 6096.2 ns/block  -- REPORTED ONLY, NEVER A GATE: the
  difference of two sampled
                      minima is a biased, possibly negative statistic that a
                      multiplicative regression factor cannot bound (spec.md:
  1864-1868).

-------------------------------------------------------------------------------
ContinuousBody_CpuBudget
-------------------------------------------------------------------------------
F:\projects\iterum\dsp\tests\unit\systems\continuous_body_perf_test.cpp(790)
...............................................................................

F:\projects\iterum\dsp\tests\unit\systems\continuous_body_perf_test.cpp(811): warning:
  SC-005 (steady state - one material, cloud active, no crossfade, static
  params) ContinuousBody, ns per 512-sample block @ 48 kHz
    block budget    : 1.06667e+07 ns
    reference       : 53333.3 ns/block  (0.5 % of one core)
    checked-in base : 35500 ns/block  (gate: x1.5 = 53250 ns/block)
    Glass : 28476.8 ns/block  (0.26697 % of one core)
    Strings : 35288.4 ns/block  (0.330829 % of one core)
    MetalPlate : 29084.8 ns/block  (0.27267 % of one core)
    Chamber : 36274.2 ns/block  (0.340071 % of one core)
    Ice : 33574.8 ns/block  (0.314764 % of one core)
    StoneChamber : 33716.2 ns/block  (0.316089 % of one core)
    SteelTank : 35808.4 ns/block  (0.335704 % of one core)
    WoodenHull : 34152 ns/block  (0.320175 % of one core)
    CathedralColumn : 33110.2 ns/block  (0.310408 % of one core)
    CavernWall : 35636.2 ns/block  (0.334089 % of one core)
    GlassSphere : 29816.2 ns/block  (0.279527 % of one core)
    worst material  : Chamber at 36274.2 ns/block (this is what the baseline
  must be pinned to)

F:\projects\iterum\dsp\tests\unit\systems\continuous_body_perf_test.cpp(826): warning:
  SC-005 (operating point - every setter stepped per 64-sample chunk, note
  gliding) ContinuousBody, ns per 512-sample block @ 48 kHz
    block budget    : 1.06667e+07 ns
    reference       : 53333.3 ns/block  (0.5 % of one core)
    checked-in base : 35500 ns/block  (gate: x1.5 = 53250 ns/block)
    Glass : 38974.6 ns/block  (0.365387 % of one core)
    Strings : 44981.4 ns/block  (0.421701 % of one core)
    MetalPlate : 44464.6 ns/block  (0.416856 % of one core)
    Chamber : 41492 ns/block  (0.388988 % of one core)
    Ice : 38803.4 ns/block  (0.363782 % of one core)
    StoneChamber : 38650 ns/block  (0.362344 % of one core)
    SteelTank : 40997 ns/block  (0.384347 % of one core)
    WoodenHull : 40924.8 ns/block  (0.38367 % of one core)
    CathedralColumn : 37656.6 ns/block  (0.353031 % of one core)
    CavernWall : 42184 ns/block  (0.395475 % of one core)
    GlassSphere : 35858.8 ns/block  (0.336176 % of one core)
    worst material  : Strings at 44981.4 ns/block (this is what the baseline
  must be pinned to)

F:\projects\iterum\dsp\tests\unit\systems\continuous_body_perf_test.cpp(847): warning:
  SC-005 (crossfade window - material change, two engines advanced)
  ContinuousBody, ns per 512-sample block @ 48 kHz
    block budget    : 1.06667e+07 ns
    reference       : 106667 ns/block  (1 % of one core (the roadmap figure; no
  transient exemption))
    checked-in base : 54000 ns/block  (gate: x1.5 = 81000 ns/block)
    Glass : 52101.2 ns/block  (0.488449 % of one core)
    Strings : 53252 ns/block  (0.499238 % of one core)
    MetalPlate : 45931.4 ns/block  (0.430607 % of one core)
    Chamber : 48172.6 ns/block  (0.451618 % of one core)
    Ice : 34183.2 ns/block  (0.320468 % of one core)
    StoneChamber : 40395.2 ns/block  (0.378705 % of one core)
    SteelTank : 41499.2 ns/block  (0.389055 % of one core)
    WoodenHull : 37701.4 ns/block  (0.353451 % of one core)
    CathedralColumn : 40478.4 ns/block  (0.379485 % of one core)
    CavernWall : 42391.6 ns/block  (0.397421 % of one core)
    GlassSphere : 40436.6 ns/block  (0.379093 % of one core)
    worst material  : Strings at 53252 ns/block (this is what the baseline must
  be pinned to)

F:\projects\iterum\dsp\tests\unit\systems\continuous_body_perf_test.cpp(862): warning:
  SC-005 (cloud only - setResonatorBypass(true), cloudMix 1.0) ContinuousBody,
  ns per 512-sample block @ 48 kHz
    block budget    : 1.06667e+07 ns
    reference       : 53333.3 ns/block  (0.5 % of one core)
    checked-in base : 26500 ns/block  (gate: x1.5 = 39750 ns/block)
    Glass : 25413 ns/block  (0.238247 % of one core)
    Strings : 26887 ns/block  (0.252066 % of one core)
    MetalPlate : 24769.4 ns/block  (0.232213 % of one core)
    Chamber : 23024 ns/block  (0.21585 % of one core)
    Ice : 25066 ns/block  (0.234994 % of one core)
    StoneChamber : 25591 ns/block  (0.239916 % of one core)
    SteelTank : 23024 ns/block  (0.21585 % of one core)
    WoodenHull : 22392 ns/block  (0.209925 % of one core)
    CathedralColumn : 22222.2 ns/block  (0.208333 % of one core)
    CavernWall : 22332 ns/block  (0.209363 % of one core)
    GlassSphere : 22406.8 ns/block  (0.210064 % of one core)
    worst material  : Strings at 26887 ns/block (this is what the baseline must
  be pinned to)

F:\projects\iterum\dsp\tests\unit\systems\continuous_body_perf_test.cpp(906): warning:
  SC-005 per-material spread, engine-attributable (steady state minus that
  material's own cloud-only figure):
    Glass : 3063.8 ns/block  (28476.8 - 25413)
    Strings : 8401.4 ns/block  (35288.4 - 26887)
    MetalPlate : 4315.4 ns/block  (29084.8 - 24769.4)
    Chamber : 13250.2 ns/block  (36274.2 - 23024)
    Ice : 8508.8 ns/block  (33574.8 - 25066)
    StoneChamber : 8125.2 ns/block  (33716.2 - 25591)
    SteelTank : 12784.4 ns/block  (35808.4 - 23024)
    WoodenHull : 11760 ns/block  (34152 - 22392)
    CathedralColumn : 10888 ns/block  (33110.2 - 22222.2)
    CavernWall : 13304.2 ns/block  (35636.2 - 22332)
    GlassSphere : 7409.4 ns/block  (29816.2 - 22406.8)
    cheapest 3063.8, most expensive 13304.2, ratio 0.230288 (required: <= 0.7)

F:\projects\iterum\dsp\tests\unit\systems\continuous_body_perf_test.cpp(1027): warning:
  SC-005 / risk R-6 (30 s tail, cloud only, material Strings, cloudDecay 30 s,
  silent input):
    early tail      : 26915 ns/block
    after 30 s      : 28143 ns/block
    ratio late/early: 1.04563  (a denormal stall is a 10-100x event; expected
  ~1)
    checked-in base : 26500 ns/block  (gate: x1.5 = 39750 ns/block)

-------------------------------------------------------------------------------
AtmosphereEngine_GrainSampleCost
-------------------------------------------------------------------------------
F:\projects\iterum\dsp\tests\unit\systems\atmosphere_engine_perf_test.cpp(1251)
...............................................................................

F:\projects\iterum\dsp\tests\unit\systems\atmosphere_engine_perf_test.cpp(1266): warning:
  FR-022 grain-sample cost (worst case - 30 s ring, decorrelation 1.0,
  positionSpread 1.0), AtmosphereEngine, grain layer only:
    captureSeconds  : 30 s  -> ring 2097152 samples (16 MiB stereo float)
    measured        : 249329 ns/block (512 samples @ 48 kHz)
    mean population : 63.956 grains (winning trial, per block); at trial
  boundaries 63 .. 64
    pool-full skips : 3551  (FR-023's path; must be > 0)
    PER GRAIN-SAMPLE: 7.61414 ns
    ceiling         : 4.88281 ns  (160000 ns / (64 x 512))
    fraction of it  : 1.55938  (>= 1 means the saturated pool cannot fit the 1.
  5 % budget at kMaxGrains = 64; it does not, which is why the saturated
  configuration (c) is OUT-OF-REGION per the 2026-07-28 decision rather than a
  reason to shrink the pool)
    % of one core   : 2.33746 %

F:\projects\iterum\dsp\tests\unit\systems\atmosphere_engine_perf_test.cpp(1267): warning:
  FR-022 grain-sample cost (default - 8 s ring, same everything else),
  AtmosphereEngine, grain layer only:
    captureSeconds  : 8 s  -> ring 524288 samples (4 MiB stereo float)
    measured        : 254990 ns/block (512 samples @ 48 kHz)
    mean population : 64 grains (winning trial, per block); at trial boundaries
  63 .. 64
    pool-full skips : 3040  (FR-023's path; must be > 0)
    PER GRAIN-SAMPLE: 7.78168 ns
    ceiling         : 4.88281 ns  (160000 ns / (64 x 512))
    fraction of it  : 1.59369  (>= 1 means the saturated pool cannot fit the 1.
  5 % budget at kMaxGrains = 64; it does not, which is why the saturated
  configuration (c) is OUT-OF-REGION per the 2026-07-28 decision rather than a
  reason to shrink the pool)
    % of one core   : 2.39053 %

F:\projects\iterum\dsp\tests\unit\systems\atmosphere_engine_perf_test.cpp(1279): warning:
  FR-022 / O-3 verdict input - the number tasks.md T019 step 5 turns on:
    30 s ring : 7.61414 ns per grain-sample
     8 s ring : 7.78168 ns per grain-sample
    ratio     : 0.978469  (a ratio well above 1 is the memory system talking,
  not the ALU)
    ceiling   : 4.88281 ns per grain-sample
    Paste both figures into this file's MEASUREMENT RECORD block verbatim.

-------------------------------------------------------------------------------
AtmosphereEngine_CpuBudget
-------------------------------------------------------------------------------
F:\projects\iterum\dsp\tests\unit\systems\atmosphere_engine_perf_test.cpp(1322)
...............................................................................

F:\projects\iterum\dsp\tests\unit\systems\atmosphere_engine_perf_test.cpp(1333): warning:
  SC-004 (a - defaults, blur off, freeze off; 4 grains/s x 4 s = 16 concurrent)
  AtmosphereEngine:
    measured        : 75969 ns/block (512 samples @ 48 kHz)
    block budget    : 1.06667e+07 ns
    % of one core   : 0.712209 %  (amended ceiling 2026-07-28: <= 1.5 % per
  voice)
    reference       : 160000 ns/block  (1.5 % of one core)
    checked-in base : 91000 ns/block  (gate: x1.5 = 136500 ns/block)
    population      : mean 15.416 grains in the winning trial; at trial
  boundaries 15 .. 17
    pool-full skips : 0  (FR-023's path)
    applied blur    : 0, layer latency 0 samples, freeze captured: no

F:\projects\iterum\dsp\tests\unit\systems\atmosphere_engine_perf_test.cpp(1335): warning:
  SC-004 (b - defaults, blur on at blurFftSize 1024, blur knob 1.0)
  AtmosphereEngine:
    measured        : 85917.8 ns/block (512 samples @ 48 kHz)
    block budget    : 1.06667e+07 ns
    % of one core   : 0.805479 %  (amended ceiling 2026-07-28: <= 1.5 % per
  voice)
    reference       : 160000 ns/block  (1.5 % of one core)
    checked-in base : 106666 ns/block  (gate: x1.5 = 159999 ns/block)
    population      : mean 15.248 grains in the winning trial; at trial
  boundaries 15 .. 17
    pool-full skips : 0  (FR-023's path)
    applied blur    : 1, layer latency 1024 samples, freeze captured: no

F:\projects\iterum\dsp\tests\unit\systems\atmosphere_engine_perf_test.cpp(1337): warning:
  SC-004 (c - pool saturated at 64, blur on, blurFftSize 256 (8 frames/block))
  AtmosphereEngine:
    measured        : 266838 ns/block (512 samples @ 48 kHz)
    block budget    : 1.06667e+07 ns
    % of one core   : 2.50161 %  (amended ceiling 2026-07-28: <= 1.5 % per
  voice)
    reference       : 160000 ns/block  (1.5 % of one core)
    checked-in base : 361000 ns/block  (gate: x1.5 = 541500 ns/block)
    population      : mean 64 grains in the winning trial; at trial boundaries
  63 .. 64
    pool-full skips : 3040  (FR-023's path)
    applied blur    : 1, layer latency 256 samples, freeze captured: no

F:\projects\iterum\dsp\tests\unit\systems\atmosphere_engine_perf_test.cpp(1339): warning:
  SC-004 (d - freezeMix 1.0 WITH the grain layer still running)
  AtmosphereEngine:
    measured        : 105092 ns/block (512 samples @ 48 kHz)
    block budget    : 1.06667e+07 ns
    % of one core   : 0.985241 %  (amended ceiling 2026-07-28: <= 1.5 % per
  voice)
    reference       : 160000 ns/block  (1.5 % of one core)
    checked-in base : 106666 ns/block  (gate: x1.5 = 159999 ns/block)
    population      : mean 15.656 grains in the winning trial; at trial
  boundaries 15 .. 17
    pool-full skips : 0  (FR-023's path)
    applied blur    : 1, layer latency 1024 samples, freeze captured: yes

F:\projects\iterum\dsp\tests\unit\systems\atmosphere_engine_perf_test.cpp(1341): warning:
  SC-004 (e - configuration (b) + alternating setGrainEnvelope once per block)
  AtmosphereEngine:
    measured        : 87533.6 ns/block (512 samples @ 48 kHz)
    block budget    : 1.06667e+07 ns
    % of one core   : 0.820628 %  (amended ceiling 2026-07-28: <= 1.5 % per
  voice)
    reference       : 160000 ns/block  (1.5 % of one core)
    checked-in base : 106666 ns/block  (gate: x1.5 = 159999 ns/block)
    population      : mean 15.898 grains in the winning trial; at trial
  boundaries 15 .. 17
    pool-full skips : 0  (FR-023's path)
    applied blur    : 1, layer latency 1024 samples, freeze captured: no

F:\projects\iterum\dsp\tests\unit\systems\atmosphere_engine_perf_test.cpp(1381): warning:
  SC-004 - THE FIVE FIGURES, ns per 512-sample block @ 48 kHz.
  RA-4: the roadmap's per-phase budgets sum to 45 % against its own 25 % Phase
  7
  ceiling, so Phase 7 needs five REAL numbers from this phase, not a ceiling
  nobody approached. Copy all five into the phase's compliance document and
  into
  this file's BASELINE PROVENANCE table VERBATIM.
    (a) defaults, blur off, freeze off  : 75969 ns/block  (0.712209 % of one
  core; baseline 91000, gate 136500)
    (b) defaults, blur on               : 85917.8 ns/block  (0.805479 % of one
  core; baseline 106666, gate 159999)
    (c) saturated 64, blur fft 256      : 266838 ns/block  (2.50161 % of one
  core; baseline 361000, gate 541500)
    (d) freezeMix 1.0 + grain layer     : 105092 ns/block  (0.985241 % of one
  core; baseline 106666, gate 159999)
    (e) (b) + envelope churn per block  : 87533.6 ns/block  (0.820628 % of one
  core; baseline 106666, gate 159999)
    reference                      : 160000 ns/block (1.5 % of one core,
  amended 2026-07-28)
    largest admissible baseline    : 106667 ns/block
    derived: blur stage (b) - (a)  : 9948.8 ns/block
    derived: freeze leg (d) - (b)  : 19174.6 ns/block
    derived: envelope regen (e)-(b): 1615.8 ns/block  (one 4096-entry
  regeneration per block)

-------------------------------------------------------------------------------
SeraphisEngine_FullPolyCpuBudget
-------------------------------------------------------------------------------
F:\projects\iterum\dsp\tests\unit\systems\seraphis_perf_test.cpp(1222)
...............................................................................

F:\projects\iterum\dsp\tests\unit\systems\seraphis_perf_test.cpp(1239): warning:
  SC-001 body-material survey (standalone ContinuousBody, the phase-4 perf
  configuration):
    Glass : 29835 ns/block
    Strings : 42725.5 ns/block
    MetalPlate : 33978 ns/block
    Chamber : 32601.5 ns/block
    Ice : 28229.5 ns/block
    worst material  : Strings  (the one SC-001 and SC-002 pin)

F:\projects\iterum\dsp\tests\unit\systems\seraphis_perf_test.cpp(1348): warning:
  SC-001 full-poly composed chain (polyphony 8, all sounding, atmosphere
  FROZEN,
          worst measured body material, 64 partials + drift, AetherReverb
  config (c)):
    block budget    : 1.06667e+07 ns  (512 samples @ 48 kHz)
    reference (25 %): 2.66667e+06 ns/block  (roadmap line 311, KEPT by RQ-1)
    measured        : 1.91553e+06 ns/block  (17.9581 % of one core)
    RA-1 prediction : 20.36 % of one core (before the voice sum, the spatial
  stage,
                      the output stage and the macro matrix)
    checked-in base : 2.24764e+06 ns/block  (MEASURED 2026-07-31; gate: x1.15 =
  2.58479e+06 ns/block)
    admissible base : 2.31884e+06 ns/block  (25 % / 1.15 = 21.74 %)
    headroom vs ref : 71.8323 % of the reference

-------------------------------------------------------------------------------
SeraphisVoice_CompositionOverhead
-------------------------------------------------------------------------------
F:\projects\iterum\dsp\tests\unit\systems\seraphis_perf_test.cpp(1360)
...............................................................................

F:\projects\iterum\dsp\tests\unit\systems\seraphis_perf_test.cpp(1467): warning:
  SC-002 per-voice composition overhead (512-sample blocks @ 48 kHz, best-of-16
  x 200,
          64 partials + drift, FR-019 defaults, worst body material (Strings),
  atmosphere UNFROZEN,
          Standard envelope gated on, spatial depth 0.5):
    HarmonicCloud       : 21686.5 ns/block
    SpectralMorphEngine : 10408.5 ns/block
    ContinuousBody      : 39630.5 ns/block
    AtmosphereEngine    : 83372 ns/block
    MultiStageEnvelope  : 1360 ns/block
    GrowthEnvelope      : 15.5 ns/block  (in the denominator by FR-002's eight;
  the
                          Standard-mode voice never advances it, so this term
  biases
                          the ratio DOWNWARD - see the ratio excluding it
  below)
    OrbitModulator      : 533 ns/block
    MidSideProcessor    : 1605 ns/block
    --- sum of eight    : 158611 ns/block  (printed, not gated)
    --- parts back-to-back: 158791 ns/block  (THE REFERENCE)
    SeraphisVoice       : 157898 ns/block
    ratio whole / parts : 0.994379   (bound <= 1.1, THE GATE - SC-002 as
  amended 2026-09-29)
    ratio whole / sum   : 0.995508   (printed, not gated - biased low, see the
  subject block)
    ratio excl. growth  : 0.995605   (reported for compliance.md, NOT the gate)

-------------------------------------------------------------------------------
SeraphisEngine_PerfObservables
-------------------------------------------------------------------------------
F:\projects\iterum\dsp\tests\unit\systems\seraphis_perf_test.cpp(1498)
...............................................................................

F:\projects\iterum\dsp\tests\unit\systems\seraphis_perf_test.cpp(1516): warning:
  T005 sizes on THIS toolchain (plan §6.3's stack rule is derived from them):
    sizeof(SeraphisVoice)  : 47072 B  (bound 50048 B)
    sizeof(SeraphisEngine) : 765632 B  (bound 866304 B)
    voices_ share          : 98.37 % of the engine object
    => every SeraphisEngine in every TU is heap-allocated; MSVC's default main-
  thread stack is 1 MiB

F:\projects\iterum\dsp\tests\unit\systems\seraphis_perf_test.cpp(1648): warning:
  plan §9 R14 - freeze fan-out burst (engine only, polyphony 8, best-of-5 arm/
  capture cycles):
    worst single chunk : 428500 ns  (32.1375 % of the 64-sample deadline 1.
  33333e+06 ns)
    mean of the maxima : 436060 ns
    quiet chunk (ref)  : 217987 ns
    chunks to fan out  : 16  (kFreezeRetriesPerChunk = 1, so >= kMaxVoices
  chunks by design)
    chunks to release  : 9  (the one-hop unfreeze fade, untimed)
    priced worst case  : 2 x FFT(freezeFftSize) - one per channel - in ONE
  chunk;
                         an un-staggered fan-out would be 16 x 2 = 32 in one
  chunk

-------------------------------------------------------------------------------
NoiseOrganism_LongRenderStationarity
-------------------------------------------------------------------------------
F:\projects\iterum\dsp\tests\unit\systems\noise_organism_spectral_test.cpp(1456)
...............................................................................

F:\projects\iterum\dsp\tests\unit\systems\noise_organism_spectral_test.cpp(1613): warning:
  SC-001 (10 min, SC-004 (c) reference): median -43.9151 dBFS, window range [-
  46.9035, -41.2948] dBFS, worst deviation 2.98845 dB (limit 4.5), drift -0.
  358726 dB / 10 min (limit +/-0.5), breathing factor [0.8875, 1.1125] (band
  [0.8875, 1.1125])

-------------------------------------------------------------------------------
NoiseOrganism_SpectralMotion
-------------------------------------------------------------------------------
F:\projects\iterum\dsp\tests\unit\systems\noise_organism_spectral_test.cpp(1635)
...............................................................................

F:\projects\iterum\dsp\tests\unit\systems\noise_organism_spectral_test.cpp(2001): warning:
  SC-002 (b) strongest-band CV: wander-on 2.59597, control-arm 0.778913, ratio
  = 3.33281 (needs >= 1.8); (c) spectral-over-level ratio = 18.2956 (needs >=
  5.0), from strongest band-fraction CV 2.59597 (floor 0.10) over level CV 0.
  141891 (cap 0.28); (d) realised comb excursion: comb 0 80.6282 %, comb 1 80.
  6282 % of the configured span (floor 25 %)

-------------------------------------------------------------------------------
NoiseOrganism_BoundedSoak
-------------------------------------------------------------------------------
F:\projects\iterum\dsp\tests\unit\systems\noise_organism_spectral_test.cpp(2021)
...............................................................................

F:\projects\iterum\dsp\tests\unit\systems\noise_organism_spectral_test.cpp(2110): warning:
  SC-005 (b) 30 min soak: peak 0.0899707 (bound 4), quietest 1 s window -45.
  9343 dBFS at t = 98 s (floor -60), first minute after settle -38.7467 dBFS,
  final minute -38.8585 dBFS, creep -0.111767 dB (limit +/-6)

-------------------------------------------------------------------------------
NoiseOrganism_SampleRateInvariance
-------------------------------------------------------------------------------
F:\projects\iterum\dsp\tests\unit\systems\noise_organism_spectral_test.cpp(2129)
...............................................................................

F:\projects\iterum\dsp\tests\unit\systems\noise_organism_spectral_test.cpp(2394): warning:
  SC-008: overall RMS 44.1/48/96/192 kHz = -48.5186 / -48.8098 / -48.3311 / -
  48.1889 dBFS (spread limit 1.0 dB vs 48 kHz); comb-lane r(0.5 s) = 0.867995 /
  0.867996 / 0.868011 / 0.867982 (max deviation vs 48 kHz 0.005); wake ramp =
  50 / 50 / 50.0104 / 50 ms (50 +/- 5)

-------------------------------------------------------------------------------
NoiseOrganism_NoZipperUnderDrift
-------------------------------------------------------------------------------
F:\projects\iterum\dsp\tests\unit\systems\noise_organism_spectral_test.cpp(2427)
...............................................................................

F:\projects\iterum\dsp\tests\unit\systems\noise_organism_spectral_test.cpp(2489): warning:
  SC-009 (b) 5 min, 25 ms frames: floor mean 1.16588 dB, sigma 0.969678 dB,
  worst step 9.38898 dB; threshold 14.0835 dB (>= mean + 3 sigma = 4.07491);
  wander-on worst step 10.9613 dB

-------------------------------------------------------------------------------
NoiseOrganism_StageCostProbe
-------------------------------------------------------------------------------
F:\projects\iterum\dsp\tests\unit\systems\noise_organism_perf_test.cpp(601)
...............................................................................

F:\projects\iterum\dsp\tests\unit\systems\noise_organism_perf_test.cpp(700): warning:
  
============================================================================
  =====
    NoiseOrganism T002 STAGE-COST PROBE - measured before the component exists
    (specs/vorago-phase2-noise-organism, plan S11, FR-095 / OQ-CPU-POLICY)
    48 kHz, 512-sample blocks, best-of-25 x 500 blocks after 400 warm-up
  =============================================================================
  ====
  1. NoiseGenerator (Brown only)                      6437.0 ns/block      0.
  0603 % of one core
  2. ResonatorBank (3 @ 70/140/260 Hz, 1.5 s)         6733.6 ns/block      0.
  0631 % of one core
  3. TimeVaryingCombBank, 2 combs, PER-SAMPLE        16169.6 ns/block      0.
  1516 % of one core
  4. TimeVaryingCombBank, 2 combs, HOISTED            3720.6 ns/block      0.
  0349 % of one core
  5. StochasticFilter (Walk, 0.03 Hz, 1 oct)         12807.8 ns/block      0.
  1201 % of one core
  6. dust loop, full 24-slot pool                    27469.8 ns/block      0.
  2575 % of one core
  -----------------------------------------------------------------------------
  ----
     shared 512-float refill (inside 2 and 5)           10.2 ns/block      0.
  0001 % of one core
     dust pool live slots at end of measurement : 20 / 24   (saturated pool =
  24)
     snapSmoothers() saving on the comb stage   : 4.35x
  -----------------------------------------------------------------------------
  ----
  per slot (hoisted combs)                           29699.0 ns/block      0.
  2784 % of one core
  SC-004 (c) = 4 x slot + dust  [HOISTED]           146265.8 ns/block      1.
  3712 % of one core
  SC-004 (c) = 4 x slot + dust  [PER-SAMPLE]        196061.8 ns/block      1.
  8381 % of one core
  FR-095 BUDGET (1.75 % of one core)                186666.0 ns/block      1.
  7500 % of one core
  =============================================================================
  ====
    WITHIN BUDGET: 40400.2 ns of headroom (78.36 % of the FR-095 ceiling).
    The reference configuration is feasible; proceed to T003. Note this
    projection EXCLUDES control-rate work (plan S11 estimates < 2,000
    ns/block) and the organism's own mix tail.
  =============================================================================
  ====

-------------------------------------------------------------------------------
NoiseOrganism_CpuBudget
-------------------------------------------------------------------------------
F:\projects\iterum\dsp\tests\unit\systems\noise_organism_perf_test.cpp(1803)
...............................................................................

F:\projects\iterum\dsp\tests\unit\systems\noise_organism_perf_test.cpp(1901): warning:
  
============================================================================
  =====
    NoiseOrganism SC-004 CPU BUDGET   (48 kHz, 512-sample blocks)
    specs/vorago-phase2-noise-organism, FR-095 / SC-004, tasks.md T020
    best-of-25 x 500 blocks after 400 warm-up, 200 settle blocks before each
  =============================================================================
  ====
  (a) 2 slots, Direct, 2 res + 2 combs               78153.4 ns/block      0.
  7327 % of one core
          baseline    62532.0   gate (x1.5)    93798.0   within baseline
  (b) 4 slots, Direct, 3 res + 2 combs              119053.6 ns/block      1.
  1161 % of one core
          baseline   124444.0   gate (x1.5)   186666.0   within baseline
  (c) ref: 4 slots, 4 models, 3 res + 2 combs       136204.2 ns/block      1.
  2769 % of one core
          baseline   124444.0   gate (x1.5)   186666.0   within baseline
  (d) max caps: 4 slots dust, 4 res + 4 combs       278957.4 ns/block      2.
  6152 % of one core
          baseline   282950.0   gate (x1.5)   424425.0   within baseline
  [out-of-region: own baseline only]
  (e) all dormant: (c) with every slot dormant       50838.0 ns/block      0.
  4766 % of one core
          baseline    56138.0   gate (x1.5)    84207.0   within baseline
  [out-of-region: own baseline only]
  -----------------------------------------------------------------------------
  ----
  FR-095 BUDGET (1.75 % of one core)                186666.0 ns/block      1.
  7500 % of one core
    FR-071 dormancy saving, (c) - (e)                  85366.2 ns/block   62.68
  % of (c)
  -----------------------------------------------------------------------------
  ----
    copy-pasteable baselines, MEASURED on this machine and this build:
        constexpr double kCpuBaselineNsA    =    78153.4;
        constexpr double kCpuBaselineNsB    =   119053.6;
        constexpr double kCpuBaselineNsC    =   136204.2;
        constexpr double kCpuBaselineNsD    =   278957.4;
        constexpr double kCpuBaselineNsE    =    50838.0;
    Transcribing a measured figure OVER a projection is always correct.
    RAISING one so a REQUIRE passes is forbidden (FR-095 / OQ-CPU-POLICY).
    A transcribed (a)/(b)/(c) baseline must still satisfy BOTH compile-time
    clauses; one that cannot is the stop-and-surface case, not a licence to
    weaken the clause.
  =============================================================================
  ====
    SC-004 (c) IS WITHIN BUDGET: 50461.8 ns of headroom (72.97 % of the FR-095
  ceiling).
  =============================================================================
  ====

-------------------------------------------------------------------------------
ResonanceDriftNetwork_StageCostProbe
-------------------------------------------------------------------------------
F:\projects\iterum\dsp\tests\unit\systems\resonance_drift_network_perf_test.cpp(706)
...............................................................................

F:\projects\iterum\dsp\tests\unit\systems\resonance_drift_network_perf_test.cpp(902): warning:
  
============================================================================
  =====
    ResonanceDriftNetwork T002 STAGE-COST PROBE - measured before the component
    exists (specs/vorago-phase3-resonance-drift, plan S10.2/S10.5, FR-060)
    48 kHz, 512-sample blocks, best-of-25 x 500 blocks after 400 warm-up
    RUN IN ISOLATION. A figure taken beside a build or another suite is not
    evidence.
  =============================================================================
  ====
    (a) ENGINE - both shapes, side by side
        (a1) 12 x single-resonator ResonatorBank             96240.4 ns/block
  0.9023 % of one core
        (a2) 1 x 12-resonator bank, raw                      22729.0 ns/block
  0.2131 % of one core
        (a2) 1 x 12-resonator bank, net of refill            22719.0 ns/block
  0.2130 % of one core
        (a2) is a LOWER BOUND on the Tier-1 engine: processIndividual would
  also
        write 12 floats per sample, which processBlock does not.
  -----------------------------------------------------------------------------
  ----
    (b) LANES - 48 BrownianDrift, processBlock(64), depth 1.0
        (b) 48 lanes, dec  1 (rate 1.0 Hz)                   12213.6 ns/block
  0.1145 % of one core
        (b) 48 lanes, dec  2 (rate 0.03 Hz, DEFAULT)          5683.4 ns/block
  0.0533 % of one core
        (b) 48 lanes, dec 17 (rate 0.002 Hz)                   707.6 ns/block
  0.0066 % of one core
        (b) 36 non-pan lanes, dec 2                           4265.2 ns/block
  0.0400 % of one core
        (b) 12 PAN lanes ISOLATED, dec  1                     3570.2 ns/block
  0.0335 % of one core
        (b) 12 PAN lanes ISOLATED, dec  2                     1611.2 ns/block
  0.0151 % of one core
        (b) 12 PAN lanes ISOLATED, dec 17                      226.6 ns/block
  0.0021 % of one core
  -----------------------------------------------------------------------------
  ----
    (c) CONTROL WRITES - 12 peaks, once per 64-sample chunk
        (c) no change detection                               3281.6 ns/block
  0.0308 % of one core
        (c) change detection, static (FR-034 off)              301.0 ns/block
  0.0028 % of one core
        (c) FR-015 OR-pair, freq+Q always together            2304.6 ns/block
  0.0216 % of one core
  -----------------------------------------------------------------------------
  ----
    (d) FR-044 per-sample tail (no banks)                    14294.0 ns/block
  0.1340 % of one core
  -----------------------------------------------------------------------------
  ----
    (e) FR-042 sleep edge: reset + re-apply + enable            49.4 ns/EDGE
        Amortised against a 20-90 s schedule (slow_event_scheduler.h:164-165)
  this
        is ~0 ns/block; it is reported, never added to the projection.
  -----------------------------------------------------------------------------
  ----
    shared 512-float refill (inside (a2) only)                  10.0 ns/block
  0.0001 % of one core
  =============================================================================
  ====
    GATE 1 - FR-013 Tier-1 trigger (spec.md:292-296). Stage (a1) ONLY.
  =============================================================================
  ====
    stage (a1) measured                                      96240.4 ns/block
  0.9023 % of one core
    FR-013 Tier-1 trigger (60 % of SC-004)                   48000.0 ns/block
  0.4500 % of one core
    *** VERDICT: (a1) EXCEEDS 48 000 ns -> FR-013 TIER 1 IS TAKEN.
    *** Groups C and D RUN, before the component is written:
    ***   T003 - failing tests for ResonatorBank::processIndividual
    ***          (+ resetResonatorState, OQ-1 option (i)),
    ***   T004 - the purely additive implementation, every existing method
    ***          byte-for-byte unchanged, behind the SC-013 consumer-suite
    ***          regression gate (membrum_tests, innexus_tests,
    ***          dsp_processors_tests, dsp_systems_tests, seraphis_tests
    ***          before AND after; any moved result is a regression to
    ***          surface, NEVER a golden to update).
    *** The projection below is re-computed on the (a2) net figure.
  =============================================================================
  ====
    GATE 2 - SC-004 budget, on the TOTAL (plan S10.4/S10.5)
  =============================================================================
  ====
    engine (a2 net, Tier 1 selected by gate 1)               22719.0 ns/block
  0.2130 % of one core
    + lanes (b), 48 @ decimation 2                            5683.4 ns/block
  0.0533 % of one core
    + control writes (c), FR-015 OR-pair                      2304.6 ns/block
  0.0216 % of one core
    + per-sample tail (d)                                    14294.0 ns/block
  0.1340 % of one core
    = SC-004 PROJECTION                                      45001.0 ns/block
  0.4219 % of one core
    SC-004 BUDGET (0.75 % of one core, per voice)            80000.0 ns/block
  0.7500 % of one core
    WITHIN BUDGET: 34999.0 ns of headroom (56.25 % of the SC-004 ceiling).
    Proceed. Note this projection EXCLUDES the sleep edge (amortised ~0) and
    any per-block harness overhead the component itself does not have.
  =============================================================================
  ====
    RECORD the full table above, BOTH gate verdicts and the chosen tier in the
    scratchpad log and, later, in compliance.md (T024).
  =============================================================================
  ====

-------------------------------------------------------------------------------
ResonanceDriftNetwork_CpuBudget
-------------------------------------------------------------------------------
F:\projects\iterum\dsp\tests\unit\systems\resonance_drift_network_perf_test.cpp(3189)
...............................................................................

F:\projects\iterum\dsp\tests\unit\systems\resonance_drift_network_perf_test.cpp(3314): warning:
  
============================================================================
  =====
    ResonanceDriftNetwork SC-004 CPU BUDGET   (48 kHz, 512-sample blocks)
    specs/vorago-phase3-resonance-drift, SC-004 / FR-060, tasks.md T020
    best-of-25 x 500 blocks after 400 warm-up, 200 settle blocks before each
    engine tier: FR-013 Tier 1 (one ResonatorBank, processIndividual)
  =============================================================================
  ====
  (a) reference: 12 peaks, Hybrid g=0.5, wander on           45663.8 ns/block
  0.4281 % of one core
          baseline    45771.0   gate (x1.5)    68656.5   within baseline
  (b) wander off: (a) + setWanderEnabled(false)              45693.2 ns/block
  0.4284 % of one core
          baseline    43562.4   gate (x1.5)    65343.6   within baseline
  (c) all dormant: (a) + every peak dormant                  23884.0 ns/block
  0.2239 % of one core
          baseline    20501.2   gate (x1.5)    30751.8   within baseline
  -----------------------------------------------------------------------------
  ----
  SC-004 BUDGET (0.75 % of one core)                         80000.0 ns/block
  0.7500 % of one core
    FR-015 change-detection saving, (a) - (b)            -29.4 ns/block   -0.06
  % of (a)   [SC-004 (b) needs >= 10 %]
    FR-042 dormancy saving,        (a) - (c)          21779.8 ns/block   47.70
  % of (a)   [SC-004 (c) needs >= 40 %]
  -----------------------------------------------------------------------------
  ----
    audio preconditions, measured over 40 fully-scanned blocks per arm (both
  channels):
        (a) engine-active peaks 12 / 12   RMS -13.55 dBFS   finite yes
        (b) engine-active peaks 12 / 12   RMS -13.98 dBFS   finite yes
        (c) engine-active peaks 0 / 12   exactly 0.0f on both channels
  throughout: yes
  -----------------------------------------------------------------------------
  ----
    copy-pasteable baselines, MEASURED on this machine and this build:
        constexpr double kBaselineReferenceNs     =    45663.8;
        constexpr double kBaselineWanderOffNs     =    45693.2;
        constexpr double kBaselineAllDormantNs    =    23884.0;
    Transcribing a measured figure OVER a projection is always correct; take it
    from the LOWEST of several isolated runs, never from one sample. RAISING
  one
    so a REQUIRE passes is forbidden. A transcribed baseline must still satisfy
    BOTH compile-time clauses (x1.5 <= 80000.0 and >= 1600.0); one that cannot
  is the
    stop-and-surface case, not a licence to weaken a clause.
  =============================================================================
  ====
    SC-004 (a) IS WITHIN BUDGET: 34336.2 ns of headroom (57.08 % of the
  ceiling).
  =============================================================================
  ====

F:\projects\iterum\dsp\tests\unit\systems\resonance_drift_network_perf_test.cpp(3374): FAILED:
  REQUIRE( nsWanderOff < nsRef )
with expansion:
  45693.2 < 45663.8
with messages:
  refCheck.activePeaks := 12
  refRmsDb := -13.5463043967
  refCheck.allFinite := true
  wanderCheck.activePeaks := 12
  wanderRmsDb := -13.9837855641
  wanderCheck.allFinite := true
  dormantCheck.activePeaks := 0
  dormantCheck.allExactZero := true
  dormantCheck.allFinite := true
  nsRef := 45663.8
  cpu::kBaselineReferenceNs := 45771.0
  kBudgetNs := 80000.0
  nsWanderOff := 45693.2
  cpu::kBaselineWanderOffNs := 43562.4
  nsDormant := 23884.0
  cpu::kBaselineAllDormantNs := 20501.2
  nsRef := 45663.8
  nsWanderOff := 45693.2
  wanderSavingNs := -29.4
  wanderSavingFraction := -0.000643836

-------------------------------------------------------------------------------
FeedbackEcology_CrossLoopTransfer
-------------------------------------------------------------------------------
F:\projects\iterum\dsp\tests\unit\systems\feedback_ecology_spectral_test.cpp(591)
...............................................................................

F:\projects\iterum\dsp\tests\unit\systems\feedback_ecology_spectral_test.cpp(645): warning:
  
SC-002 cross-loop transfer, 60 s per point at 48000 Hz, single-loop
  excitation (loop 0 tap = 1, loops 1-5 tap = 0)
  T(c) = 20*log10( pooled RMS of the taps of loops 1..5 / RMS of loop 0's tap )
    [fb]  c = 0   driven RMS 0.00361102   undriven RMS 0   T(c) -inf (the
  undriven taps are silent)   coherence 0   clamps 0   nonfinite resets 0
    [fb]  c = 0.01   driven RMS 0.00360802   undriven RMS 2.21139e-05   T(c) -
  44.2521 dB   coherence 0.035993   clamps 0   nonfinite resets 0
    [fb]  c = 0.02   driven RMS 0.00360451   undriven RMS 4.43203e-05   T(c) -
  38.2049 dB   coherence 0.0324793   clamps 0   nonfinite resets 0
    [fb]  c = 0.04   driven RMS 0.00359612   undriven RMS 8.89888e-05   T(c) -
  32.13 dB   coherence 0.0280635   clamps 0   nonfinite resets 0
    [fb]  c = 0.08   driven RMS 0.00357254   undriven RMS 0.000179111   T(c) -
  25.9971 dB   coherence 0.0259835   clamps 0   nonfinite resets 0
    [ff]  c = 0   driven RMS 0.00354396   undriven RMS 0   T(c) -inf (the
  undriven taps are silent)   coherence n/a   clamps 0   nonfinite resets 0
    [ff]  c = 0.01   driven RMS 0.00354411   undriven RMS 1.92217e-05   T(c) -
  45.3143 dB   coherence n/a   clamps 0   nonfinite resets 0
    [ff]  c = 0.02   driven RMS 0.00354392   undriven RMS 3.84756e-05   T(c) -
  39.286 dB   coherence n/a   clamps 0   nonfinite resets 0
    [ff]  c = 0.04   driven RMS 0.00354245   undriven RMS 7.70749e-05   T(c) -
  33.2478 dB   coherence n/a   clamps 0   nonfinite resets 0
    [ff]  c = 0.08   driven RMS 0.00353393   undriven RMS 0.000154533   T(c) -
  27.1848 dB   coherence n/a   clamps 0   nonfinite resets 0
    T(0.01) - T_ff(0.01) = 1.06222 dB
    T(0.02) - T_ff(0.02) = 1.0811 dB
    T(0.04) - T_ff(0.04) = 1.11783 dB
    T(0.08) - T_ff(0.08) = 1.18768 dB
    kInteractionMarginDb (O-1) = 0.5 dB

-------------------------------------------------------------------------------
FeedbackEcology_DelayDriftClickFree
-------------------------------------------------------------------------------
F:\projects\iterum\dsp\tests\unit\systems\feedback_ecology_spectral_test.cpp(745)
...............................................................................

F:\projects\iterum\dsp\tests\unit\systems\feedback_ecology_spectral_test.cpp(918): warning:
  
SC-003 delay-drift click freedom, 110 Hz sine at -12 dBFS, 300 s at 48000
  Hz, max delay wander at max wander rate
    peak |sample|             = 0.602439  (floor 0.05)
    max |first difference|    = 0.018725  (3.1082 % of peak, ceiling 5 %)
    median of the largest 1000 = 0.0153047  (ratio 1.22348, ceiling 8)
    click detections          = 0
    crossfade onsets, 6 loops = 35505  (floor 200)
    clamp engagements         = 0, nonfinite resets 0

-------------------------------------------------------------------------------
FeedbackEcology_BoundednessSoak
  (a) worst-case corner, wander on, governor off - bounded, decaying
-------------------------------------------------------------------------------
F:\projects\iterum\dsp\tests\unit\systems\feedback_ecology_spectral_test.cpp(1464)
...............................................................................

F:\projects\iterum\dsp\tests\unit\systems\feedback_ecology_spectral_test.cpp(1490): warning:
  
SC-001 (a) worst-case corner, 30 min at 48000 Hz, wander on at
  kMaxWanderRateHz, governor ratio 1 (off)
    60 s of drive, then 29 min of silence
    RMS of the 60 s ending at cut-off = -50.9932 dB
    RMS of the final 60 s             = -600 dB
    measured decay across the tail    = 549.007 dB  (floor 60 dB)
    peak |sample| 0.0149176, clamps 0, non-finite resets 0

-------------------------------------------------------------------------------
FeedbackEcology_BoundednessSoak
  (a2) contraction arm - wander off at cut-off, 60 dB of decay
-------------------------------------------------------------------------------
F:\projects\iterum\dsp\tests\unit\systems\feedback_ecology_spectral_test.cpp(1537)
...............................................................................

F:\projects\iterum\dsp\tests\unit\systems\feedback_ecology_spectral_test.cpp(1564): warning:
  
SC-001 (a2) contraction arm, 30 min at 48000 Hz, wander disabled at the
  input cut-off, governor off
    RMS of the 60 s ending at cut-off = -50.9932 dB
    RMS of the final 60 s             = -600 dB
    measured decay across the tail    = 549.007 dB  (floor 60 dB)
    peak |sample| 0.0149176, clamps 0, non-finite resets 0

-------------------------------------------------------------------------------
FeedbackEcology_BoundednessSoak
  (b) sustained drive, 30 min, governor on - bounded and stationary
-------------------------------------------------------------------------------
F:\projects\iterum\dsp\tests\unit\systems\feedback_ecology_spectral_test.cpp(1580)
...............................................................................

F:\projects\iterum\dsp\tests\unit\systems\feedback_ecology_spectral_test.cpp(1621): warning:
  
SC-001 (b) sustained drive, 30 min at 48000 Hz, worst-case corner, governor
  at defaults
    median window RMS = -56.8217 dB
    worst deviation   = 0.0629217 dB at window 2  (band +/-1.5 dB)
    peak |sample| 0.00818386, clamps 0, non-finite resets 0
    per-minute RMS (dB): -56.8661 -56.7728 -56.8846 -56.853 -56.8365 -56.7863 -
  56.802 -56.8731 -56.811 -56.8221 -56.8327 -56.8247 -56.8151 -56.8205 -56.8188
  -56.8249 -56.8061 -56.7852 -56.8437 -56.8456 -56.7832 -56.8114 -56.8454 -56.
  8168 -56.8678 -56.8236 -56.8622 -56.8134 -56.8214 -56.8141

-------------------------------------------------------------------------------
FeedbackEcology_BoundednessSoak
  (c) 256 randomised configurations, 60 s each - bounded
-------------------------------------------------------------------------------
F:\projects\iterum\dsp\tests\unit\systems\feedback_ecology_spectral_test.cpp(1640)
...............................................................................

F:\projects\iterum\dsp\tests\unit\systems\feedback_ecology_spectral_test.cpp(1678): warning:
  
SC-001 (c) randomised sweep: 256 configurations x 60 s at 48000 Hz, drive on
  for the first 10 s
    worst peak |sample| = 0.43502 at configuration 136  (ceiling 4)

-------------------------------------------------------------------------------
FeedbackEcology_BoundednessSoak
  (d) parameter jumps every 500 ms for 5 minutes - bounded and click-free
-------------------------------------------------------------------------------
F:\projects\iterum\dsp\tests\unit\systems\feedback_ecology_spectral_test.cpp(1690)
...............................................................................

F:\projects\iterum\dsp\tests\unit\systems\feedback_ecology_spectral_test.cpp(1910): warning:
  
SC-001 (d) parameter-jump arm, broadband pass: 600 jumps, one every 0.5 s
  over 300 s at 48000 Hz, every off-diagonal pair pre-seeded at 0.5
    peak |sample| 0.435072 (ceiling 4), clamps 0, non-finite resets 0
    click detections inside the 3360-sample jump window, non-exempt setters =
  21
    reported, NOT gated: later in the segment 42, inside the previous segment's
  lead-in 3
    jumps per setter:
      setLoopCutoffHz  35   violations 0
      setLoopFilterQ  27   violations 0
      setLoopDelayMs  26   violations 2
      setLoopGain  22   violations 0
      setLoopInputGain  22   violations 0
      setCoupling  31   violations 0
      setCouplingMatrix  29   violations 0
      setGovernorThresholdDb  24   violations 0
      setGovernorRatio  34   violations 0
      setLoopDelayWander  24   violations 0
      setLoopCutoffWander  29   violations 3
      setLoopWake  31   violations 0
      setLoopDormant  20   violations 0
      setNumLoops  37   violations 5
      setMix  25   violations 11
      setWetGain  29   violations 0
      setWanderRate  25   violations 0
      setLoopFilterMode  22   [click-exempt]   violations 0
      setLoopResonanceHz  29   [click-exempt]   violations 0
      setLoopResonanceRt60  24   [click-exempt]   violations 0
      setSeed  24   [click-exempt]   violations 0
      setWanderEnabled  31   [click-exempt]   violations 0
        jump 67 setMix offset 782 amp 0.124092
        jump 95 setMix offset 771 amp 0.140525
        jump 95 setMix offset 779 amp -0.139908
        jump 95 setMix offset 789 amp -0.13809
        jump 127 setMix offset 783 amp -0.142507
        jump 230 setLoopDelayMs offset 1027 amp -0.000632193
        jump 230 setLoopDelayMs offset 2501 amp -0.000692958
        jump 232 setLoopCutoffWander offset 1542 amp -0.0018215
        jump 232 setLoopCutoffWander offset 1860 amp -0.00171755
        jump 235 setLoopCutoffWander offset 1605 amp -0.00254181
        jump 256 setNumLoops offset 1823 amp -0.00126687
        jump 256 setNumLoops offset 2104 amp 0.000748409
        jump 256 setNumLoops offset 2313 amp -0.000156471
        jump 256 setNumLoops offset 2323 amp 0.00012686
        jump 256 setNumLoops offset 2329 amp -0.000107409
        jump 397 setMix offset 776 amp 0.148369
        jump 555 setMix offset 775 amp -0.127265
        jump 555 setMix offset 783 amp -0.129026
        jump 555 setMix offset 803 amp 0.127415
        jump 589 setMix offset 771 amp 0.123726
        jump 589 setMix offset 788 amp 0.138852

F:\projects\iterum\dsp\tests\unit\systems\feedback_ecology_spectral_test.cpp(1910): warning:
  
SC-001 (d) parameter-jump arm, 110 Hz sine pass: 600 jumps, one every 0.5 s
  over 300 s at 48000 Hz, every off-diagonal pair pre-seeded at 0.5
    peak |sample| 0.4325 (ceiling 4), clamps 0, non-finite resets 0
    click detections inside the 3360-sample jump window, non-exempt setters = 0
    reported, NOT gated: later in the segment 0, inside the previous segment's
  lead-in 0
    jumps per setter:
      setLoopCutoffHz  35   violations 0
      setLoopFilterQ  27   violations 0
      setLoopDelayMs  26   violations 0
      setLoopGain  22   violations 0
      setLoopInputGain  22   violations 0
      setCoupling  31   violations 0
      setCouplingMatrix  29   violations 0
      setGovernorThresholdDb  24   violations 0
      setGovernorRatio  34   violations 0
      setLoopDelayWander  24   violations 0
      setLoopCutoffWander  29   violations 0
      setLoopWake  31   violations 0
      setLoopDormant  20   violations 0
      setNumLoops  37   violations 0
      setMix  25   violations 0
      setWetGain  29   violations 0
      setWanderRate  25   violations 0
      setLoopFilterMode  22   [click-exempt]   violations 0
      setLoopResonanceHz  29   [click-exempt]   violations 0
      setLoopResonanceRt60  24   [click-exempt]   violations 0
      setSeed  24   [click-exempt]   violations 0
      setWanderEnabled  31   [click-exempt]   violations 0

-------------------------------------------------------------------------------
FeedbackEcology_LongEvolution
-------------------------------------------------------------------------------
F:\projects\iterum\dsp\tests\unit\systems\feedback_ecology_spectral_test.cpp(2117)
...............................................................................

F:\projects\iterum\dsp\tests\unit\systems\feedback_ecology_spectral_test.cpp(2351): warning:
  
SC-021 long evolution, 30 min at 48000 Hz, reference patch, 60 s of flat
  drive then a 0.05 Hz raised-cosine-modulated noise excitation
    windows                       = 180 x 10 s
    (a) centroid mean             = 790.047 Hz, sd 24.2804 Hz, cv 0.0307328
  (floor 0.03)
    (b) max cosine similarity     = 0.999995 between windows 20 and 134 over
  3660 pairs at lags 90-150 windows  (REPORTED; gated clause: 0 repeating
  cutoff-vector pair(s), tolerance 1e-06)
    (c) centroid median           = 789.904 Hz, min 730.771 Hz, max 850.387 Hz
  (band [394.952, 1579.81] Hz)
    (d) window-RMS trend          = -0.000222105 dB/s x 1800 s = -0.399789 dB
  (band +/-1 dB)
    log-band-energy vector of window 20: -12.1491 -9.52181 -6.16339 -0.608656
  0.074384 0.933244 -4.24919 -7.49888
    log-band-energy vector of window 134: -12.025 -9.43188 -6.13689 -0.610582
  0.10911 0.939605 -4.21322 -7.3968

F:\projects\iterum\dsp\tests\unit\systems\feedback_ecology_spectral_test.cpp(2374): warning:
  (b) REPORTED: max log-band cosine similarity 0.999995 between windows 20 and
  134 over 3660 compared pairs (drive-dominated, not gated)

-------------------------------------------------------------------------------
FeedbackEcology_StageCostProbe
-------------------------------------------------------------------------------
F:\projects\iterum\dsp\tests\unit\systems\feedback_ecology_perf_test.cpp(865)
...............................................................................

F:\projects\iterum\dsp\tests\unit\systems\feedback_ecology_perf_test.cpp(1075): warning:
  
============================================================================
  =====
    FeedbackEcology T004 STAGE-COST PROBE - measured BEFORE the component
  exists
    (specs/vorago-phase5-feedback-ecology, plan S14.1, FR-080)
    48 kHz, 512-sample blocks, best-of-25 x 500 blocks after 400 warm-up
    RUN IN ISOLATION. A figure taken beside a build or another suite is not
    evidence. Record this whole table in the build transcript and in plan S14.1
    as the measured row set (tasks.md T005).
  =============================================================================
  ====
    THE LOOP CHAIN - six instances of each, in loop position
        (a) SVF::process x 6, smoothing on            [D-1]     40084.8 ns/
  block      0.3758 % of one core
        (b) MultimodeFilter::processSample x 6        [D-1]     69423.6 ns/
  block      0.6508 % of one core
        (c) CrossfadingDelayLine::process x 6, 520 ms          30280.0 ns/block
  0.2839 % of one core
        (d) Biquad::process x 6, direct RBJ          [OQ-1]      4311.0 ns/
  block      0.0404 % of one core
        (g) 6 x single-slot ResonatorBank            [OQ-1]     35338.8 ns/
  block      0.3313 % of one core
        (e) DCBlocker::process x 6                              3607.6 ns/block
  0.0338 % of one core
        (f) std::tanh x 6                      [OQ-2 lvr 1]      9915.4 ns/
  block      0.0930 % of one core
        (f) FastMath::fastTanh x 6             [OQ-2 lvr 1]      6461.4 ns/
  block      0.0606 % of one core
  -----------------------------------------------------------------------------
  ----
    THE GOVERNOR AND THE LANES
        (h) EnvelopeFollower RMS, 1 sample/sample               2491.6 ns/block
  0.0234 % of one core
        (i) 12 lanes, dec  1 (rate 1.0 Hz)                      3426.0 ns/block
  0.0321 % of one core
        (i) 12 lanes, dec  2 (rate 0.03 Hz, DEFAULT)            1596.2 ns/block
  0.0150 % of one core
        (i) 12 lanes, dec 17 (rate 0.002 Hz)                     194.6 ns/block
  0.0018 % of one core
  -----------------------------------------------------------------------------
  ----
    THE FIXED PER-SAMPLE OVERHEAD
        (j) 15 LinearRamp, SETTLED (early-out)                  3629.4 ns/block
  0.0340 % of one core
        (j) 15 LinearRamp, MOVING  (projected)                 13294.0 ns/block
  0.1246 % of one core
        (j) 16 LinearRamp, MOVING  (enumeration)               18159.4 ns/block
  0.1702 % of one core
        tasks.md T004 and plan S14.1 both SAY fifteen and both ENUMERATE
  sixteen
        (mix + wet trim + 6 input gains + 6 gates + governor + normGain). Both
  are
        measured; the projection uses the stated fifteen. T006 settles the
  count
        when it writes the header's member list.
  -----------------------------------------------------------------------------
  ----
    (0) harness floor: 512-iteration loop + sink, no DSP          22.8 ns/block
  0.0002 % of one core
        REPORTED, NOT SUBTRACTED. The eight-term projection carries this floor
        eight times over, so the projection OVER-estimates - the correct
  direction
        for a budget probe.
  =============================================================================
  ====
    D-1 - the loop filter: SVF (a) vs MultimodeFilter (b)
  =============================================================================
  ====
    VERDICT: (a) SVF is cheaper by 29338.8 ns/block (1.73x). FR-011 STANDS AS
  WRITTEN, now with the evidence,
    and the roadmap line-272 write-back (T002) is confirmed by measurement.
  =============================================================================
  ====
    OQ-1 realisation - the resonator: direct Biquad (d) vs ResonatorBank (g)
  =============================================================================
  ====
    VERDICT: (d) the direct Biquad is cheaper by 31027.8 ns/block (8.20x), as
  D-3 predicts. FR-013's plain-Biquad realisation STANDS, and it is
    the only one of the two that reaches kMaxResonatorQ = 100 without routing
    through BiquadCoefficients::calculate's kMaxQ = 30 clamp.
  =============================================================================
  ====
    OQ-2 LEVER 1 and the FR-080 PROJECTION (tasks.md T004)
  =============================================================================
  ====
    (a) SVF x 6                                                40084.8 ns/block
  0.3758 % of one core
    + (c) CrossfadingDelayLine x 6                             30280.0 ns/block
  0.2839 % of one core
    + (d) Biquad x 6                                            4311.0 ns/block
  0.0404 % of one core
    + (e) DCBlocker x 6                                         3607.6 ns/block
  0.0338 % of one core
    + (f) std::tanh x 6                                         9915.4 ns/block
  0.0930 % of one core
    + (h) EnvelopeFollower                                      2491.6 ns/block
  0.0234 % of one core
    + (i) 12 lanes @ decimation 2                               1596.2 ns/block
  0.0150 % of one core
    + (j) 15 LinearRamp, moving                                13294.0 ns/block
  0.1246 % of one core
    = FR-080 PROJECTION, std::tanh                            105580.6 ns/block
  0.9898 % of one core
    = FR-080 PROJECTION, lever 1 (fastTanh)                   102126.6 ns/block
  0.9574 % of one core
    GATED BASELINE (160 000 / 1.5)                            106666.7 ns/block
  1.0000 % of one core
    ABSOLUTE CEILING (1.5 %/voice)                            160000.0 ns/block
  1.5000 % of one core
    per-sample: 206.21 ns measured vs 208.33 ns budgeted (plan S14.3's 139 ns)
    lever 1 saving: 3454.0 ns/block
    WITHIN THE GATED BASELINE AS WRITTEN: 1086.1 ns of headroom (98.98 % of the
  line). std::tanh stays;
    OQ-2 lever 1 is NOT taken, and T020's fastTanh error-bound test is NOT
    written. Note this projection EXCLUDES the coupling matrix, the control
    step's own arithmetic and the output stage, and INCLUDES the harness floor
    eight times - it is first-order in both directions.
    *** NO AGENT MAY lower kMaxLoops, raise the budget, relax a threshold, or
    *** shrink a workload to make this fit. Reduce cost, never move the line
    *** (resonance_drift_network_perf_test.cpp:59-65, inherited verbatim).
  =============================================================================
  ====
    RECORD the full table, all three verdicts and the chosen levers in the
  build
    transcript, in plan S14.1, and later in compliance.md.
  =============================================================================
  ====

-------------------------------------------------------------------------------
FeedbackEcology_CpuBudget
-------------------------------------------------------------------------------
F:\projects\iterum\dsp\tests\unit\systems\feedback_ecology_perf_test.cpp(1818)
...............................................................................

F:\projects\iterum\dsp\tests\unit\systems\feedback_ecology_perf_test.cpp(2050): warning:
  
============================================================================
  =====
    FeedbackEcology SC-004 CPU BUDGET   (48 kHz, 512-sample blocks)
    specs/vorago-phase5-feedback-ecology, SC-004 / FR-080, tasks.md T020
    best-of-25 x 500 blocks after 400 warm-up, 200 settle blocks before each
    reference patch: 6 loops, default tables, wander on, mix 1, wetGain 0 dB,
    drive white noise at -12.0 dBFS RMS on both channels, seed 0x5EED
  =============================================================================
  ====
  (a) reference: 6 loops awake, wander on, mix 1              120087.0 ns/block
  1.1258 % of one core
          baseline    94106.4   gate (x1.5)   141159.6   within baseline
  (b) wander off: (a) + setWanderEnabled(false)                82591.6 ns/block
  0.7743 % of one core
          baseline    77370.6   gate (x1.5)   116055.9   within baseline
  (c) all dormant: (a) + every loop dormant                    12155.8 ns/block
  0.1140 % of one core
          baseline     9873.0   gate (x1.5)    14809.5   within baseline
  (d) numLoops = 1: the per-loop marginal cost                 20937.2 ns/block
  0.1963 % of one core
          reported only - SC-004 (d) sets the per-loop marginal cost
  -----------------------------------------------------------------------------
  ----
    SC-004 GATED LINE (160 000 / 1.5)                         106666.7 ns/block
  1.0000 % of one core
    SC-004 ABSOLUTE CEILING (1.5 %/voice)                     160000.0 ns/block
  1.5000 % of one core
    (b) wander-off delta,       (b) - (a)         -37495.4 ns/block   -31.22 %
  of (a)   [SC-004 (b) band: <= +2.00 %]
    (c) dormancy saving,        (a) - (c)         107931.2 ns/block   89.88 %
  of (a)   [SC-004 (c) needs >= 40.00 %]
    (d) marginal cost per loop, ((a)-(d))/5        19830.0 ns/block
  [reported]
  -----------------------------------------------------------------------------
  ----
    audio preconditions, measured over 40 fully-scanned blocks per arm (both
  channels):
        (a) engine-active loops 6 / 6   RMS -56.06 dBFS   finite yes   clamps 0
  non-finite resets 0
        (b) engine-active loops 6 / 6   RMS -55.96 dBFS   finite yes
        (c) engine-active loops 0 / 6   exactly 0.0f on both channels
  throughout: yes
        (d) engine-active loops 1 / 6   RMS -56.09 dBFS   finite yes
        the measured reference level is expected near -56.7 dBFS: this patch is
        quiet BY DESIGN (six Q ~ 100 resonators, 3.3-18.8 Hz of noise bandwidth
        out of 24 kHz), so the precondition below is an ANTI-SILENCE floor at -
  80.0 dBFS,
        not a level assertion.
  =============================================================================
  ====
    SC-004 (f) - THE TRANSITION BLOCKS, gated at each rate against (1) the
  steady
    block in the same state x 1.1 (the O(buffer) detector) and (2) the same
  ABSOLUTE
    per-block ceiling as 48 kHz (NOT against kBaseline). Best of 25 trials,
    each re-established from 2.0 s of settled render. This is FR-019's O(1)
  detector.
  =============================================================================
  ====
    48 kHz  (f1) simultaneous 5-loop sleep edge, setNumLoops(6->1)
        transition block                                       81600.0 ns/block
  0.7650 % of one core   within ceiling
        steady block, same rate and state                      98900.0 ns/block
  0.9272 % of one core
        transition OVERHEAD (transition - steady)       -17300.0 ns
        ceiling 160000.0 ns   trials found 25 / 25   edge at block +4   active
  6 -> 1   non-finite resets in the block [0, 0]   finite yes
    48 kHz  (f2) rung-5 trap fire, FR-048 probe on loop 2
        transition block                                       98400.0 ns/block
  0.9225 % of one core   within ceiling
        steady block, same rate and state                     102700.0 ns/block
  0.9628 % of one core
        transition OVERHEAD (transition - steady)        -4300.0 ns
        ceiling 160000.0 ns   trials found 25 / 25   edge at block +0   active
  6 -> 6   non-finite resets in the block [1, 1]   finite yes
    192 kHz  (f1) simultaneous 5-loop sleep edge, setNumLoops(6->1)
        transition block                                       67500.0 ns/block
  2.5312 % of one core   within ceiling
        steady block, same rate and state                      84000.0 ns/block
  3.1500 % of one core
        transition OVERHEAD (transition - steady)       -16500.0 ns
        ceiling 160000.0 ns   trials found 25 / 25   edge at block +18   active
  6 -> 1   non-finite resets in the block [0, 0]   finite yes
    192 kHz  (f2) rung-5 trap fire, FR-048 probe on loop 2
        transition block                                       76900.0 ns/block
  2.8838 % of one core   within ceiling
        steady block, same rate and state                      82800.0 ns/block
  3.1050 % of one core
        transition OVERHEAD (transition - steady)        -5900.0 ns
        ceiling 160000.0 ns   trials found 25 / 25   edge at block +0   active
  6 -> 6   non-finite resets in the block [1, 1]   finite yes
  =============================================================================
  ====
    copy-pasteable baselines, MEASURED on this machine and this build:
        constexpr double kBaselineReferenceNs     =   120087.0;
        constexpr double kBaselineWanderOffNs     =    82591.6;
        constexpr double kBaselineAllDormantNs    =    12155.8;
    Transcribing a measured figure OVER a projection is always correct; take it
    from the LOWEST of several isolated runs, never from one sample. RAISING
  one
    so a REQUIRE passes is forbidden. A transcribed baseline must still satisfy
    BOTH compile-time clauses (x1.5 <= 160000.0 and >= 3200.0); one that
    cannot is the stop-and-surface case, not a licence to weaken a clause.
  =============================================================================
  ====
    *** SC-004 (a) IS OVER THE GATED LINE BY 13420.3 ns (1.13x). NO ADMISSIBLE
  BASELINE CAN BE
    *** TRANSCRIBED FROM THIS RUN: 120087.0 x 1.5 = 180130.5 exceeds the
  160000.0 ns ceiling.
    *** TAKE THE PRE-AUTHORISED LADDER IN ORDER (plan S14.3, tasks.md T020):
    ***   1. OQ-2 LEVER 1 - std::tanh -> FastMath::fastTanh (core/fast_math.h:
  65)
    ***      at feedback_ecology.h:1995, WITH its own error-bound test added to
    ***      this TU: |fastTanh(x) - std::tanh(x)| < 5e-4 over x in [-6, 6] on
  a
    ***      10 001-point grid, and |fastTanh(x)| <= 1 everywhere. FR-042's
    ***      bound is preserved EXACTLY, so rung 2 is unchanged.
    ***   2. Stepped resonator retunes - ALREADY the default (FR-076), banked.
    ***   3. The settled-coupling-smoother carve-out - already in
    ***      updateControl(). Compare the stage table above to see whether the
    ***      remaining cost is the tanh term, the delay term or the ramp bank.
    *** THEN STOP AND SURFACE. Levers 4 (resonator -> a second SVF in Bandpass,
    *** losing the RT60 surface, kMaxResonatorQ = 100 and SC-023 entirely) and
  5
    *** (default numLoops 6 -> 5) are USER DECISIONS taken from this table.
    *** NO AGENT MAY lower kMaxLoops, raise a budget, relax a threshold, or
  shrink
    *** a workload to make this fit. Reduce cost, never move the line
    *** (resonance_drift_network_perf_test.cpp:59-65, inherited verbatim).
    RUN IT ALONE: node tools/run-cpu-tests.js dsp_systems_tests. A verdict that
    flips between runs is measuring the machine, not the code.
    RECORD the whole table in the build transcript and in plan S14.2.
  =============================================================================
  ====

F:\projects\iterum\dsp\tests\unit\systems\feedback_ecology_perf_test.cpp(2102): FAILED:
  REQUIRE( nsRef * kRegressionFactor <= kAbsoluteCeilingNs )
with expansion:
  180130.5 <= 160000.0
with messages:
  refCheck.activeLoops := 6
  refRmsDb := -56.0592250099
  refCheck.allFinite := true
  refCheck.nonFiniteResets := 0
  wanderCheck.activeLoops := 6
  wanderRmsDb := -55.9593831414
  wanderCheck.allFinite := true
  dormantCheck.activeLoops := 0
  dormantCheck.allExactZero := true
  dormantCheck.allFinite := true
  oneLoopCheck.activeLoops := 1
  oneLoopRmsDb := -56.0924164641
  oneLoopCheck.allFinite := true
  nsRef := 120087.0
  cpu::kBaselineReferenceNs := 94106.4
  kGatedBaselineNs := 106666.6666666667
  kAbsoluteCeilingNs := 160000.0

-------------------------------------------------------------------------------
SubharmonicEngine_LongRenderStationarity
-------------------------------------------------------------------------------
F:\projects\iterum\dsp\tests\unit\systems\subharmonic_engine_spectral_test.cpp(1799)
...............................................................................

F:\projects\iterum\dsp\tests\unit\systems\subharmonic_engine_spectral_test.cpp(1816): warning:
  SC-017 (A) defaults, 10 min @ 48 kHz: per-minute sub-band RMS (dBFS) = [1:-
  22.293962, 2:-22.284029, 3:-22.285217, 4:-22.392616, 5:-22.433977, 6:-22.
  364693, 7:-22.300056, 8:-22.324381, 9:-22.250616, 10:-22.318829], peak-to-
  peak = 0.183361 dB, trend = 0.000977221 dB/min, clamp engagements = 0

F:\projects\iterum\dsp\tests\unit\systems\subharmonic_engine_spectral_test.cpp(1851): warning:
  SC-017 (B) worst case, 10 min @ 48 kHz: per-minute sub-band RMS (dBFS) = [1:-
  8.988070, 2:-9.147004, 3:-8.841772, 4:-9.353759, 5:-9.031337, 6:-9.025724, 7:
  -8.943830, 8:-9.036258, 9:-8.984196, 10:-9.275541], peak-to-peak = 0.511987
  dB, trend = -0.00717943 dB/min, clamp engagements (TRANSCRIBED, not gated) =
  0

-------------------------------------------------------------------------------
SubharmonicEngine_LongRenderStationarity_GateFalsification
-------------------------------------------------------------------------------
F:\projects\iterum\dsp\tests\unit\systems\subharmonic_engine_spectral_test.cpp(1915)
...............................................................................

F:\projects\iterum\dsp\tests\unit\systems\subharmonic_engine_spectral_test.cpp(1945): warning:
  T018 falsification part 1a (+6 dB drift): per-minute sub-band RMS (dBFS) =
  [1:-22.639391, 2:-21.849028, 3:-21.128008, 4:-20.462250, 5:-19.843889, 6:-19.
  266623, 7:-18.725327, 8:-18.215801, 9:-17.734495, 10:-17.278460], peak-to-
  peak = 5.36093 dB, trend = 0.590298 dB/min

F:\projects\iterum\dsp\tests\unit\systems\subharmonic_engine_spectral_test.cpp(1974): warning:
  T018 falsification part 1b (4 dB alternation): per-minute sub-band RMS (dBFS)
  = [1:-23.064068, 2:-27.053280, 3:-23.062162, 4:-27.053280, 5:-23.062162, 6:-
  27.053280, 7:-23.062162, 8:-27.053280, 9:-23.062162, 10:-27.053280], peak-to-
  peak = 3.99112 dB, trend = -0.120839 dB/min

F:\projects\iterum\dsp\tests\unit\systems\subharmonic_engine_spectral_test.cpp(2004): warning:
  T018 falsification part 2: at f = 20 Hz the tone frequencies are Div2 10 Hz,
  Div4 5 Hz, FifthBelow 13.3333 Hz

F:\projects\iterum\dsp\tests\unit\systems\subharmonic_engine_spectral_test.cpp(2017): warning:
  T018 falsification part 2: after the render, isToneInfrasonicFloored = 1
  (Div2), 1 (Div4), 0 (FifthBelow)

F:\projects\iterum\dsp\tests\unit\systems\subharmonic_engine_spectral_test.cpp(2022): warning:
  T018 falsification part 2 (arm B @ f = 20 Hz): per-minute sub-band RMS (dBFS)
  = [1:-12.378246, 2:-12.476525, 3:-12.525941, 4:-12.550437, 5:-12.555256, 6:-
  12.494950, 7:-12.317502, 8:-12.531925, 9:-12.569857, 10:-12.546707], peak-to-
  peak = 0.252355 dB, trend = -0.00872896 dB/min, clamp engagements = 0

-------------------------------------------------------------------------------
SubharmonicEngine_StageCostProbe
-------------------------------------------------------------------------------
F:\projects\iterum\dsp\tests\unit\systems\subharmonic_engine_perf_test.cpp(1152)
...............................................................................

F:\projects\iterum\dsp\tests\unit\systems\subharmonic_engine_perf_test.cpp(1279): warning:
  
============================================================================
  =====
    SubharmonicEngine T004 STAGE-COST PROBE - measured before the component
    exists (specs/vorago-phase6-subharmonic, plan S12.2/S12.4, FR-071 arms a-h)
    48 kHz, 512-sample blocks, best-of-25 x 500 blocks after 400 warm-up
    RUN IN ISOLATION. A figure taken beside a build or another suite is not
    evidence.
  =============================================================================
  ====
    THE GENERATORS
        (a) two PhaseAccumulators, advance() x2/sample           962.6 ns/block
  0.0090 % of one core
        (b) ONE SubOscillator, Sine (has 1 advance in it)       4476.0 ns/block
  0.0420 % of one core
        (c) ONE SubOscillator, Square (minBLEP, no sin)         2482.4 ns/block
  0.0233 % of one core
        (d) THREE tones + 3 LinearRamp + held breath           12527.0 ns/block
  0.1174 % of one core
        (c) - (b) is the honest price of D-6's waveform choice; (d) against
        3 x (b) is where a superlinear surprise would show.
  -----------------------------------------------------------------------------
  ----
    THE CHAIN, IN FR-040 ORDER
        (e) EnvelopeFollower RMS + S7.6 isFinite guard          2106.6 ns/block
  0.0197 % of one core
        (f) TwoPoleLP/sample + glide exp2+compare/64            1728.4 ns/block
  0.0162 % of one core
        (g) SaturationProcessor::processSample, Tape            2022.4 ns/block
  0.0190 % of one core
        (h) DCBlocker2::process at 18 Hz                        1688.2 ns/block
  0.0158 % of one core
  -----------------------------------------------------------------------------
  ----
    THE TAIL
        (r) 8 parked LinearRamp::process()/sample               1852.6 ns/block
  0.0174 % of one core
        Supplementary, not an FR-071 letter: T005's formula names this term and
        no lettered arm contains it.
  =============================================================================
  ====
    T005 PREDICTION: (a) + 3 x (b) + (e) + (f) + (g) + (h) + (r)
  =============================================================================
  ====
    predicted engine total at defaults                         23788.8 ns/block
  0.2230 % of one core
    SC-013 BUDGET (0.5 % of one core, per voice)               53333.0 ns/block
  0.5000 % of one core
    UNDER the ceiling by 29544.2 ns (44.60 % of the SC-013 line).
    T005 records the eight figures, this total and this margin, then Group D
    proceeds unchanged. NO LEVER IS TAKEN on a prediction that fits.
  -----------------------------------------------------------------------------
  ----
    HONESTY NOTES that must travel with T005's transcription:
     * OVER-counts: arm (b) contains one PhaseAccumulator::advance, so 3 x (b)
       charges three master advances on top of arm (a)'s two.
     * UNDER-counts: no BreathingModulator::processBlock(64), no three-virtual
       getCurrentValue refresh, no per-sample summing/multiplying tail, no
       dormancy branch, no FR-026 sleep-edge memset. Only the whole-engine arms
       (i)-(n) in T020 can settle SC-013.
     * Arm (r) is a FLOOR: every ramp is parked, LinearRamp::process() early-
  outs
       at smoother.h:371-373, and the compiler may hoist the load out of the
       inner loop. It is measured parked anyway because parked is the shape the
       component holds at steady state (plan S12.4).
     * The FR-041 default drive is +3.0 dB in / -3.0 dB out, and the follower
       reference is -18.0 dBFS; the body driving
       arms (e)-(h) is a 55.0 Hz sine at -12.0 dBFS.
  =============================================================================
  ====
    RECORD the full table above and the verdict in the scratchpad log and, at
    T005, in the phase's compliance notes.
  =============================================================================
  ====

-------------------------------------------------------------------------------
SubharmonicEngine_CpuBudget
-------------------------------------------------------------------------------
F:\projects\iterum\dsp\tests\unit\systems\subharmonic_engine_perf_test.cpp(1290)
...............................................................................

F:\projects\iterum\dsp\tests\unit\systems\subharmonic_engine_perf_test.cpp(1417): warning:
  
============================================================================
  =====
    SubharmonicEngine T020 CPU BUDGET - the whole-engine arms (i)-(n)
    specs/vorago-phase6-subharmonic: SC-013 (a)-(d), FR-076 / SC-018, plan S12.
  3
    48 kHz, 512-sample blocks, best-of-25 x 500 blocks after 400 warm-up
    RUN IN ISOLATION - nothing else executing, and not back-to-back. A figure
    taken beside a build, a lint or another suite is not evidence.
  =============================================================================
  ====
    THE GATED ARMS
        (i) whole engine, defaults, live body                  20753.0 ns/block
  0.1946 % of one core
        (j) whole engine, all three tones Square               15818.0 ns/block
  0.1483 % of one core
        (k) whole engine dormant (FR-025 skip)                  6509.8 ns/block
  0.0610 % of one core
        SC-013 BUDGET (0.5 % of one core, /voice)              53333.0 ns/block
  0.5000 % of one core
  -----------------------------------------------------------------------------
  ----
    SC-013 (c): the dormancy saving
        (i) - (k) = 14243.2 ns/block, i.e. 68.63 % cheaper
        required: at least 15.0 % - NOT NEGOTIABLE, and never lowered to fit a
  figure.
  -----------------------------------------------------------------------------
  ----
    THE REPORTED ARMS
        (n) f = 40 Hz, Div4 floored, 2 tones awake             20974.6 ns/block
  0.1966 % of one core
        (l) ONE instance at defaults                           20696.4 ns/block
  0.1940 % of one core
        (m) EIGHT instances at defaults                       174444.8 ns/block
  1.6354 % of one core
        (i) vs (l) - the same workload measured twice - differ by 0.27 %.
        That spread IS this run's noise floor: read every margin below against
        it before treating a difference as a property of the code.
  =============================================================================
  ====
    FR-076 / SC-018 - THE PLACEMENT TABLE (plan S12.3). T021 transcribes this
    and PRESENTS IT TO THE USER; the roadmap Open Question 4 ruling is theirs.
    Placement                       inst      cost/block    % core   % per
  voice
  -----------------------------------------------------------------------------
  ----
    global (post-voice-sum)            1       20696.4 ns     0.194 %     0.194
  %/voice
    per-voice, 4 voices                4       82785.6 ns     0.776 %     0.194
  %/voice
    per-voice, 6 voices                6      124178.4 ns     1.164 %     0.194
  %/voice
    per-voice, 8 voices (measured)     8      174444.8 ns     1.635 %     0.204
  %/voice
    per-voice, 8, 6 dormant            8       80451.6 ns     0.754 %     0.094
  %/voice
  -----------------------------------------------------------------------------
  ----
    Set the per-voice column against the roadmap's 4-5 % per-voice envelope
    (roadmap line 92) NET of what phases 2, 3 and 5 have already spent -
    1.75 % + 0.75 % + 1.5 % = 4.0 % - so the per-voice placement has about
    0.5-1.0 % of headroom left, and a 0.5 % component fits only at the top of
    that range. The global row is measured against the GLOBAL budget, not the
    per-voice line.
  =============================================================================
  ====
    CHECKED-IN BASELINES - copy these over the constants in this file's
    baseline block, taking the LOWEST of several isolated runs. Transcribing a
    MEASUREMENT over a PROJECTION is always correct; RAISING one so a gate
    passes is forbidden.
  -----------------------------------------------------------------------------
  ----
      constexpr double kBaselineDefaultsNs          = 20753.0;
      constexpr double kBaselineAllSquareNs         = 15818.0;
      constexpr double kBaselineDormantNs           = 6509.8;
      constexpr double kBaselineOneInstanceNs       = 20696.4;
      constexpr double kBaselineEightInstancesNs    = 174444.8;
  -----------------------------------------------------------------------------
  ----
    The currently checked-in values (PROJECTIONS until transcribed):
      constexpr double kBaselineDefaultsNs          = 19591.6;
      constexpr double kBaselineAllSquareNs         = 13312.6;
      constexpr double kBaselineDormantNs           = 6999.4;
      constexpr double kBaselineOneInstanceNs       = 19925.6;
      constexpr double kBaselineEightInstancesNs    = 163104.2;
    Regression readout (reported, NOT gated - see kRegressionFactor): measured
    against baseline x 1.5 gives (i) within, (j) within, (k) within, (l)
  within, (m) within.
  =============================================================================
  ====
    IF A GATE BELOW FAILS: REDUCE COST, NEVER MOVE THE LINE.
     * (a)/(b) over kBudgetNs -> plan S12.4's levers, IN ORDER. Lever 1
  replaces
       the SaturationProcessor stage with a direct Sigmoid::tanh and is A
       DEPARTURE FROM FR-041 that must be raised as a spec question, never
  taken
       silently. If (j) alone misses, the WAVEFORM OPTION is what is
       reconsidered - roadmap line 321's budget is unqualified.
     * (c) below 15 % -> stop and surface, and reconsider what FR-025 skips.
       DO NOT LOWER kDormancyMinSaving.
     * A verdict that flips between runs is measuring the machine. Confirm
       nothing else was running, let the machine idle, re-run this suite alone,
       and only then treat it as a defect.
  =============================================================================
  ====

-------------------------------------------------------------------------------
BloomEngine_SampleRateIndependence
  SC-010 falsification: accumulated float seconds vs the integer step clock
-------------------------------------------------------------------------------
F:\projects\iterum\dsp\tests\unit\systems\bloom_engine_spectral_test.cpp(1887)
...............................................................................

F:\projects\iterum\dsp\tests\unit\systems\bloom_engine_spectral_test.cpp(1946): warning:
  SC-010 falsification @ 44100 Hz: 206719 steps, derived = 300 s (1.13305e-06
  %), accumulated = 300.157 s (0.0521454 %)

F:\projects\iterum\dsp\tests\unit\systems\bloom_engine_spectral_test.cpp(1946): warning:
  SC-010 falsification @ 48000 Hz: 225000 steps, derived = 300 s (0 %),
  accumulated = 299.875 s (0.0415141 %)

F:\projects\iterum\dsp\tests\unit\systems\bloom_engine_spectral_test.cpp(1946): warning:
  SC-010 falsification @ 88200 Hz: 413438 steps, derived = 300 s (1.13305e-06
  %), accumulated = 301.484 s (0.494518 %)

F:\projects\iterum\dsp\tests\unit\systems\bloom_engine_spectral_test.cpp(1946): warning:
  SC-010 falsification @ 96000 Hz: 450000 steps, derived = 300 s (0 %),
  accumulated = 301 s (0.333242 %)

F:\projects\iterum\dsp\tests\unit\systems\bloom_engine_spectral_test.cpp(1946): warning:
  SC-010 falsification @ 192000 Hz: 900000 steps, derived = 300 s (0 %),
  accumulated = 301.562 s (0.52062 %)

-------------------------------------------------------------------------------
BloomEngine_ThirtyMinuteEvolutionTrajectory
-------------------------------------------------------------------------------
F:\projects\iterum\dsp\tests\unit\systems\bloom_engine_spectral_test.cpp(2044)
...............................................................................

F:\projects\iterum\dsp\tests\unit\systems\bloom_engine_spectral_test.cpp(2302): warning:
  SC-004 (a) differential: reference mean centroid = 170.735 Hz, 5 % threshold
  = 8.53676 Hz, max |diff| after the first spawn = 10.6504 Hz, longest
  sustained run = 235 s (from second 853), floor = 60 s; partial count max
  bloom / reference = 39 / 31

F:\projects\iterum\dsp\tests\unit\systems\bloom_engine_spectral_test.cpp(2327): warning:
  SC-004 (b) boundedness: bloom RMS minutes 5-10 = -8.99151 dBFS, last 5
  minutes = -9.05524 dBFS, drift = -0.0637318 dB (band +-1.5); reference -9.
  05796 -> -9.05799 dBFS; peak bloom / reference = 1.02395 / 0.733417

F:\projects\iterum\dsp\tests\unit\systems\bloom_engine_spectral_test.cpp(2371): warning:
  SC-004 (c) seed 1543520257 (engine-only, 30 min): 11 spawn events

F:\projects\iterum\dsp\tests\unit\systems\bloom_engine_spectral_test.cpp(2371): warning:
  SC-004 (c) seed 1543520258 (engine-only, 30 min): 6 spawn events

F:\projects\iterum\dsp\tests\unit\systems\bloom_engine_spectral_test.cpp(2371): warning:
  SC-004 (c) seed 1543520259 (engine-only, 30 min): 8 spawn events

F:\projects\iterum\dsp\tests\unit\systems\bloom_engine_spectral_test.cpp(2371): warning:
  SC-004 (c) seed 1543520260 (engine-only, 30 min): 9 spawn events

F:\projects\iterum\dsp\tests\unit\systems\bloom_engine_spectral_test.cpp(2371): warning:
  SC-004 (c) seed 1543520261 (engine-only, 30 min): 5 spawn events

F:\projects\iterum\dsp\tests\unit\systems\bloom_engine_spectral_test.cpp(2376): warning:
  SC-004 (c) pooled over 5 seeds: 39 events against lambda_total = 37.5, floor
  = 30

-------------------------------------------------------------------------------
BloomEngine_EightHourAcceleratedSoak
-------------------------------------------------------------------------------
F:\projects\iterum\dsp\tests\unit\systems\bloom_engine_spectral_test.cpp(2491)
...............................................................................

F:\projects\iterum\dsp\tests\unit\systems\bloom_engine_spectral_test.cpp(2772): warning:
  SC-015 seed 1543589889: events = 1445 (expected 1440 +-25 %), offered = 5780,
  spawned = 1261, refused = 4519, completed = 1245 (expected 1335.65 +-25 %,
  min branch = SLOT-LIMITED; slot branch = 1335.65, offer branch = 5780);
  maxLive = 16/16, ratio span = [0.972454, 3.05781], worst target error = 0,
  worst amp overshoot = 0, longest live hold = 4.52578 min, longest event gap =
  3.20258 min (both bounded by 60 min)

F:\projects\iterum\dsp\tests\unit\systems\bloom_engine_spectral_test.cpp(2772): warning:
  SC-015 seed 1543589890: events = 1394 (expected 1440 +-25 %), offered = 5576,
  spawned = 1258, refused = 4318, completed = 1245 (expected 1335.65 +-25 %,
  min branch = SLOT-LIMITED; slot branch = 1335.65, offer branch = 5576);
  maxLive = 16/16, ratio span = [0.972018, 3.11727], worst target error = 0,
  worst amp overshoot = 0, longest live hold = 4.24911 min, longest event gap =
  2.87951 min (both bounded by 60 min)

F:\projects\iterum\dsp\tests\unit\systems\bloom_engine_spectral_test.cpp(2772): warning:
  SC-015 seed 1543589891: events = 1415 (expected 1440 +-25 %), offered = 5660,
  spawned = 1267, refused = 4393, completed = 1251 (expected 1335.65 +-25 %,
  min branch = SLOT-LIMITED; slot branch = 1335.65, offer branch = 5660);
  maxLive = 16/16, ratio span = [0.97204, 3.05781], worst target error = 0,
  worst amp overshoot = 0, longest live hold = 4.90967 min, longest event gap =
  2.30927 min (both bounded by 60 min)

F:\projects\iterum\dsp\tests\unit\systems\bloom_engine_spectral_test.cpp(2772): warning:
  SC-015 seed 1543589892: events = 1458 (expected 1440 +-25 %), offered = 5832,
  spawned = 1267, refused = 4565, completed = 1251 (expected 1335.65 +-25 %,
  min branch = SLOT-LIMITED; slot branch = 1335.65, offer branch = 5832);
  maxLive = 16/16, ratio span = [0.971957, 3.12124], worst target error = 0,
  worst amp overshoot = 0, longest live hold = 4.70524 min, longest event gap =
  2.40976 min (both bounded by 60 min)

F:\projects\iterum\dsp\tests\unit\systems\bloom_engine_spectral_test.cpp(2772): warning:
  SC-015 seed 1543589893: events = 1427 (expected 1440 +-25 %), offered = 5708,
  spawned = 1254, refused = 4454, completed = 1238 (expected 1335.65 +-25 %,
  min branch = SLOT-LIMITED; slot branch = 1335.65, offer branch = 5708);
  maxLive = 16/16, ratio span = [0.973261, 3.05781], worst target error = 0,
  worst amp overshoot = 0, longest live hold = 2.32296 min, longest event gap =
  2.59767 min (both bounded by 60 min)

F:\projects\iterum\dsp\tests\unit\systems\bloom_engine_spectral_test.cpp(2772): warning:
  SC-015 seed 286331153: events = 1474 (expected 1440 +-25 %), offered = 5896,
  spawned = 1267, refused = 4629, completed = 1252 (expected 1335.65 +-25 %,
  min branch = SLOT-LIMITED; slot branch = 1335.65, offer branch = 5896);
  maxLive = 16/16, ratio span = [0.972057, 3.05781], worst target error = 0,
  worst amp overshoot = 0, longest live hold = 2.49436 min, longest event gap =
  2.58038 min (both bounded by 60 min)

F:\projects\iterum\dsp\tests\unit\systems\bloom_engine_spectral_test.cpp(2772): warning:
  SC-015 seed 572662306: events = 1387 (expected 1440 +-25 %), offered = 5548,
  spawned = 1268, refused = 4280, completed = 1252 (expected 1335.65 +-25 %,
  min branch = SLOT-LIMITED; slot branch = 1335.65, offer branch = 5548);
  maxLive = 16/16, ratio span = [0.971954, 3.05781], worst target error = 0,
  worst amp overshoot = 0, longest live hold = 2.86616 min, longest event gap =
  3.04416 min (both bounded by 60 min)

F:\projects\iterum\dsp\tests\unit\systems\bloom_engine_spectral_test.cpp(2772): warning:
  SC-015 seed 858993459: events = 1441 (expected 1440 +-25 %), offered = 5764,
  spawned = 1265, refused = 4499, completed = 1249 (expected 1335.65 +-25 %,
  min branch = SLOT-LIMITED; slot branch = 1335.65, offer branch = 5764);
  maxLive = 16/16, ratio span = [0.97309, 3.05781], worst target error = 0,
  worst amp overshoot = 0, longest live hold = 4.47889 min, longest event gap =
  2.80267 min (both bounded by 60 min)

F:\projects\iterum\dsp\tests\unit\systems\bloom_engine_spectral_test.cpp(2772): warning:
  SC-015 seed 1145324612: events = 1414 (expected 1440 +-25 %), offered = 5656,
  spawned = 1266, refused = 4390, completed = 1251 (expected 1335.65 +-25 %,
  min branch = SLOT-LIMITED; slot branch = 1335.65, offer branch = 5656);
  maxLive = 16/16, ratio span = [0.971619, 3.10703], worst target error = 0,
  worst amp overshoot = 0, longest live hold = 4.35298 min, longest event gap =
  3.04587 min (both bounded by 60 min)

F:\projects\iterum\dsp\tests\unit\systems\bloom_engine_spectral_test.cpp(2772): warning:
  SC-015 seed 1431655765: events = 1453 (expected 1440 +-25 %), offered = 5812,
  spawned = 1260, refused = 4552, completed = 1244 (expected 1335.65 +-25 %,
  min branch = SLOT-LIMITED; slot branch = 1335.65, offer branch = 5812);
  maxLive = 16/16, ratio span = [0.972361, 3.05781], worst target error = 0,
  worst amp overshoot = 0, longest live hold = 4.40031 min, longest event gap =
  2.82158 min (both bounded by 60 min)

F:\projects\iterum\dsp\tests\unit\systems\bloom_engine_spectral_test.cpp(2772): warning:
  SC-015 seed 1717986918: events = 1437 (expected 1440 +-25 %), offered = 5748,
  spawned = 1266, refused = 4482, completed = 1251 (expected 1335.65 +-25 %,
  min branch = SLOT-LIMITED; slot branch = 1335.65, offer branch = 5748);
  maxLive = 16/16, ratio span = [0.971561, 3.11884], worst target error = 0,
  worst amp overshoot = 0, longest live hold = 4.06436 min, longest event gap =
  2.912 min (both bounded by 60 min)

F:\projects\iterum\dsp\tests\unit\systems\bloom_engine_spectral_test.cpp(2772): warning:
  SC-015 seed 2004318071: events = 1479 (expected 1440 +-25 %), offered = 5916,
  spawned = 1267, refused = 4649, completed = 1251 (expected 1335.65 +-25 %,
  min branch = SLOT-LIMITED; slot branch = 1335.65, offer branch = 5916);
  maxLive = 16/16, ratio span = [0.971973, 3.05781], worst target error = 0,
  worst amp overshoot = 0, longest live hold = 3.81893 min, longest event gap =
  2.2268 min (both bounded by 60 min)

F:\projects\iterum\dsp\tests\unit\systems\bloom_engine_spectral_test.cpp(2772): warning:
  SC-015 seed 2290649224: events = 1394 (expected 1440 +-25 %), offered = 5576,
  spawned = 1269, refused = 4307, completed = 1254 (expected 1335.65 +-25 %,
  min branch = SLOT-LIMITED; slot branch = 1335.65, offer branch = 5576);
  maxLive = 16/16, ratio span = [0.971913, 3.05781], worst target error = 0,
  worst amp overshoot = 0, longest live hold = 4.767 min, longest event gap =
  2.14264 min (both bounded by 60 min)

F:\projects\iterum\dsp\tests\unit\systems\bloom_engine_spectral_test.cpp(2772): warning:
  SC-015 seed 2576980377: events = 1445 (expected 1440 +-25 %), offered = 5780,
  spawned = 1268, refused = 4512, completed = 1252 (expected 1335.65 +-25 %,
  min branch = SLOT-LIMITED; slot branch = 1335.65, offer branch = 5780);
  maxLive = 16/16, ratio span = [0.971765, 3.05781], worst target error = 0,
  worst amp overshoot = 0, longest live hold = 3.59407 min, longest event gap =
  2.27538 min (both bounded by 60 min)

F:\projects\iterum\dsp\tests\unit\systems\bloom_engine_spectral_test.cpp(2772): warning:
  SC-015 seed 2863311530: events = 1388 (expected 1440 +-25 %), offered = 5552,
  spawned = 1263, refused = 4289, completed = 1250 (expected 1335.65 +-25 %,
  min branch = SLOT-LIMITED; slot branch = 1335.65, offer branch = 5552);
  maxLive = 16/16, ratio span = [0.971632, 3.05781], worst target error = 0,
  worst amp overshoot = 0, longest live hold = 3.95887 min, longest event gap =
  2.5072 min (both bounded by 60 min)

F:\projects\iterum\dsp\tests\unit\systems\bloom_engine_spectral_test.cpp(2772): warning:
  SC-015 seed 3149642683: events = 1416 (expected 1440 +-25 %), offered = 5664,
  spawned = 1258, refused = 4406, completed = 1242 (expected 1335.65 +-25 %,
  min branch = SLOT-LIMITED; slot branch = 1335.65, offer branch = 5664);
  maxLive = 16/16, ratio span = [0.971604, 3.11222], worst target error = 0,
  worst amp overshoot = 0, longest live hold = 4.36411 min, longest event gap =
  2.788 min (both bounded by 60 min)

F:\projects\iterum\dsp\tests\unit\systems\bloom_engine_spectral_test.cpp(2772): warning:
  SC-015 seed 3435973836: events = 1450 (expected 1440 +-25 %), offered = 5800,
  spawned = 1260, refused = 4540, completed = 1244 (expected 1335.65 +-25 %,
  min branch = SLOT-LIMITED; slot branch = 1335.65, offer branch = 5800);
  maxLive = 16/16, ratio span = [0.971789, 3.12043], worst target error = 0,
  worst amp overshoot = 0, longest live hold = 4.04736 min, longest event gap =
  2.51049 min (both bounded by 60 min)

F:\projects\iterum\dsp\tests\unit\systems\bloom_engine_spectral_test.cpp(2772): warning:
  SC-015 seed 3722304989: events = 1443 (expected 1440 +-25 %), offered = 5772,
  spawned = 1271, refused = 4501, completed = 1255 (expected 1335.65 +-25 %,
  min branch = SLOT-LIMITED; slot branch = 1335.65, offer branch = 5772);
  maxLive = 16/16, ratio span = [0.973281, 3.12036], worst target error = 0,
  worst amp overshoot = 0, longest live hold = 3.6716 min, longest event gap =
  2.38544 min (both bounded by 60 min)

F:\projects\iterum\dsp\tests\unit\systems\bloom_engine_spectral_test.cpp(2772): warning:
  SC-015 seed 4008636142: events = 1495 (expected 1440 +-25 %), offered = 5980,
  spawned = 1270, refused = 4710, completed = 1258 (expected 1335.65 +-25 %,
  min branch = SLOT-LIMITED; slot branch = 1335.65, offer branch = 5980);
  maxLive = 16/16, ratio span = [0.971956, 3.05781], worst target error = 0,
  worst amp overshoot = 0, longest live hold = 3.87078 min, longest event gap =
  2.17267 min (both bounded by 60 min)

F:\projects\iterum\dsp\tests\unit\systems\bloom_engine_spectral_test.cpp(2772): warning:
  SC-015 seed 4294967295: events = 1437 (expected 1440 +-25 %), offered = 5748,
  spawned = 1262, refused = 4486, completed = 1246 (expected 1335.65 +-25 %,
  min branch = SLOT-LIMITED; slot branch = 1335.65, offer branch = 5748);
  maxLive = 16/16, ratio span = [0.971542, 3.05781], worst target error = 0,
  worst amp overshoot = 0, longest live hold = 3.49109 min, longest event gap =
  2.36867 min (both bounded by 60 min)

F:\projects\iterum\dsp\tests\unit\systems\bloom_engine_spectral_test.cpp(2772): warning:
  SC-015 seed 1: events = 1600 (expected 1440 +-25 %), offered = 6400, spawned
  = 1272, refused = 5128, completed = 1257 (expected 1335.65 +-25 %, min branch
  = SLOT-LIMITED; slot branch = 1335.65, offer branch = 6400); maxLive = 16/16,
  ratio span = [0.971772, 3.10485], worst target error = 0, worst amp overshoot
  = 0, longest live hold = 4.67958 min, longest event gap = 2.34867 min (both
  bounded by 60 min)

F:\projects\iterum\dsp\tests\unit\systems\bloom_engine_spectral_test.cpp(2772): warning:
  SC-015 seed 65535: events = 1505 (expected 1440 +-25 %), offered = 6020,
  spawned = 1266, refused = 4754, completed = 1250 (expected 1335.65 +-25 %,
  min branch = SLOT-LIMITED; slot branch = 1335.65, offer branch = 6020);
  maxLive = 16/16, ratio span = [0.971916, 3.11718], worst target error = 0,
  worst amp overshoot = 0, longest live hold = 2.07913 min, longest event gap =
  2.05004 min (both bounded by 60 min)

F:\projects\iterum\dsp\tests\unit\systems\bloom_engine_spectral_test.cpp(2772): warning:
  SC-015 seed 2147483647: events = 1438 (expected 1440 +-25 %), offered = 5752,
  spawned = 1250, refused = 4502, completed = 1237 (expected 1335.65 +-25 %,
  min branch = SLOT-LIMITED; slot branch = 1335.65, offer branch = 5752);
  maxLive = 16/16, ratio span = [0.972013, 3.05781], worst target error = 0,
  worst amp overshoot = 0, longest live hold = 4.42413 min, longest event gap =
  2.51049 min (both bounded by 60 min)

F:\projects\iterum\dsp\tests\unit\systems\bloom_engine_spectral_test.cpp(2772): warning:
  SC-015 seed 2147483648: events = 1484 (expected 1440 +-25 %), offered = 5936,
  spawned = 1269, refused = 4667, completed = 1253 (expected 1335.65 +-25 %,
  min branch = SLOT-LIMITED; slot branch = 1335.65, offer branch = 5936);
  maxLive = 16/16, ratio span = [0.971621, 3.11562], worst target error = 0,
  worst amp overshoot = 0, longest live hold = 4.09207 min, longest event gap =
  2.45807 min (both bounded by 60 min)

F:\projects\iterum\dsp\tests\unit\systems\bloom_engine_spectral_test.cpp(2772): warning:
  SC-015 seed 2969581037: events = 1415 (expected 1440 +-25 %), offered = 5660,
  spawned = 1269, refused = 4391, completed = 1253 (expected 1335.65 +-25 %,
  min branch = SLOT-LIMITED; slot branch = 1335.65, offer branch = 5660);
  maxLive = 16/16, ratio span = [0.971618, 3.11802], worst target error = 0,
  worst amp overshoot = 0, longest live hold = 4.14918 min, longest event gap =
  2.45182 min (both bounded by 60 min)

F:\projects\iterum\dsp\tests\unit\systems\bloom_engine_spectral_test.cpp(2821): warning:
  SC-015 (e) min() branch over 25 seeds: 25 slot-limited, 0 offer-limited (slot
  branch = 1335.65 completions in 28800 s at a 345 s lifetime)

-------------------------------------------------------------------------------
BloomEngine_CpuBudget
-------------------------------------------------------------------------------
F:\projects\iterum\dsp\tests\unit\systems\bloom_engine_perf_test.cpp(682)
...............................................................................

F:\projects\iterum\dsp\tests\unit\systems\bloom_engine_perf_test.cpp(789): warning:
  
============================================================================
  =====
    BloomEngine SC-011 CPU BUDGET (FR-072) - tasks.md T020
    48 kHz, 512-sample blocks, best-of-25 x 500 blocks after 400 warm-up
    Worst case: numChildSlots = 16 ALL LIVE, parentCount = 48, K = 8,
    childrenPerEvent = 4, spawn rate = 0.05 Hz (maximum).
    RUN IN ISOLATION. A figure taken beside a build or another suite is not
    evidence.
  =============================================================================
  ====
    WORST CASE  (8 x 64-sample processChunk calls)             415.6 ns/block
  0.0039 % of one core
    FR-072 BUDGET (0.1 % of one core)                        10667.0 ns/block
  0.1000 % of one core
    baseline x 1.5                                            3750.0 ns/block
  0.0352 % of one core
      worst case as a fraction of the budget: 3.90 %
  -----------------------------------------------------------------------------
  ----
    PLAN S12.2 LEVER 1 (1 x 512-sample call)                   236.8 ns/block
  0.0022 % of one core
        Output-identical by FR-006 / SC-008 (b). Saving against the worst case:
  43.0 %.
        This is the FIRST lever if a future change misses the ceiling, and it
  is
        CALLER-SIDE: Phase 10's voice chooses it, and it costs this component
        nothing. The second is a narrower capacity - parentCount. The DIRTY-
  FLAG
        SKIP IS UNAVAILABLE (plan S12.2, normative) and must not be
  implemented.
  =============================================================================
  ====
    BASELINE TRANSCRIPTION (copy-paste over the PROVISIONAL projection)
  =============================================================================
  ====
      constexpr double kBaselineWorstCaseNs = 415.6;
      A transcribed baseline must satisfy BOTH compile-time clauses: <= 7111.0
  (ceiling)
      and >= 100.0 (anti-no-op floor). One that cannot is the
      STOP-AND-SURFACE case, never a licence to weaken a clause.
      Take it from the LOWEST of several ISOLATED runs - this repo has measured
  a
      6.4 % run-to-run spread and ~14 % session drift on unchanged code.
    WITHIN BUDGET: 10251.4 ns of headroom (3.90 % of the ceiling).
    *** NO AGENT MAY lower kMaxChildren, raise kBudgetNs, raise a baseline to
    *** make a REQUIRE pass, relax a threshold, shrink a workload, or widen a
    *** tolerance. Reduce cost, never move the line
    *** (resonance_drift_network_perf_test.cpp:57-64, inherited verbatim).
  =============================================================================
  ====

-------------------------------------------------------------------------------
BloomEngine_StageCostProbe
-------------------------------------------------------------------------------
F:\projects\iterum\dsp\tests\unit\systems\bloom_engine_perf_test.cpp(813)
...............................................................................

F:\projects\iterum\dsp\tests\unit\systems\bloom_engine_perf_test.cpp(989): warning:
  
============================================================================
  =====
    BloomEngine FR-073 STAGE-COST PROBE - RE-POINTED AT THE REAL ENGINE (T020)
    (specs/vorago-phase7-harmonic-bloom, plan S12.2/S12.3)
    48 kHz, 512-sample blocks, best-of-25 x 500 blocks after 400 warm-up
    Every arm drives the REAL BloomEngine through processChunk(). The private
    stages cannot be called directly (advanceChildren/applyOutput/runEvent are
    private and the header is read-only in T020), so each arm is a
  CONFIGURATION
    minus the configuration one rung below it. Compare against T003's STAND-IN
    table in the compliance notes - same basis, same trial shape.
    RUN IN ISOLATION. A figure taken beside a build or another suite is not
    evidence.
  =============================================================================
  ====
    RAW CONFIGURATION FIGURES (what the clock actually saw)
  -----------------------------------------------------------------------------
  ----
    disengaged, numChildSlots = 0                               85.6 ns/block
  0.0008 % of one core
    engaged, table EMPTY, clock off                            197.8 ns/block
  0.0019 % of one core
    engaged, 16 children LIVE, clock off                       416.0 ns/block
  0.0039 % of one core
    engaged, 16 LIVE, one event per call                      3298.4 ns/block
  0.0309 % of one core
  =============================================================================
  ====
    THE FOUR ARMS
  =============================================================================
  ====
    (a) child bookkeeping + live-child writes                  218.2 ns/block
  0.0020 % of one core
        = (16 live) - (table empty). advanceChildren() over 16 children in
        Phase::FadeIn - one double division plus one smoothstep each, 16 x 8
  per
        block - PLUS applyOutput()'s live-child loop (2 stores + flushDenormal
  per
        child per call). Those two cannot be separated through the public
  surface.
  -----------------------------------------------------------------------------
  ----
    (b) owned-slot write phase                                 112.2 ns/block
  0.0011 % of one core
        = (engaged, empty) - (disengaged). *** PLAN S12.2 PREDICTS THIS ARM
        DOMINATES. *** 32 stores per call x 8 calls = 256 stores/block.
        FINDING, recorded rather than silently resolved: plan S12.3 prices this
  at
        (capacity - parentCount) + 2*numChildSlots = (64-48) + 2*16 = 48 stores
  per
        call. IN THE SC-011 WORST CASE THAT DOUBLE-COUNTS: parentCount (48) IS
        reserveBase(), so the FR-051 gap loop [pc, base) is EMPTY and the
  region
        [48, 64) is written exactly once, by the owned-region loop - 2 floats
  per
        slot, 32 stores per call. Plan S3.4's 1 152-store/block ceiling needs a
        SHORTER parentCount, which is plan S12.2's lever 2 in reverse.
  -----------------------------------------------------------------------------
  ----
    (c) one full spawn event, RAW                              360.3 ns/EVENT
    (c) amortised / 1875 blocks  (plan S12.2)                    0.2 ns/block
  0.0000 % of one core
    (c) amortised / 15000 blocks (tasks.md T003)                 0.0 ns/block
  0.0000 % of one core
        = ((one event per call) - (16 live, no events)) / 8 calls per block.
        THE EVENT SHAPE THE SC-011 CONFIGURATION ACTUALLY RUNS: the strongest-K
        scan over 48 parents, the 48-entry occupied set (one std::log2 each)
        plus one per live child, then 4 slot-exhausted refusals - with all 16
        owned slots live, peekSlot() fails BEFORE any draw (FR-025), so the
        candidate-draw path is NOT in this figure. It cannot be: a steady state
        with free slots is a steady state whose child count is not 16.
        Max rate 0.05 Hz => p = rate * 64 / 48000 => a mean interval of
        15000 CONTROL STEPS = 1875 blocks. plan S12.2 says 15 000 control
        steps; tasks.md T003's arm table says 15 000 BLOCKS (8x more generous).
        BOTH are printed; the CONSERVATIVE one enters the sum.
  -----------------------------------------------------------------------------
  ----
    (d) disengaged clock                                        85.6 ns/block
  0.0008 % of one core
        The floor a caller pays for having the component in the chain at all:
        the unconditional clock draw and depth-ramp step of plan S3.3 (1)-(2),
  the
        all-Idle advanceChildren() walk, and applyOutput()'s !engaged_ early
        return. NOTE vs T003's stand-in (d): the real depth ramp is SETTLED
  here
        (prepare() snaps it, SC-014 (a)), so LinearRamp::process() takes its
        early-out; T003 deliberately held a stand-in ramp in flight.
  =============================================================================
  ====
    ORDERING CHECK - plan S12.2 predicts (b) >> (a) >> (d) >> amortised (c)
  =============================================================================
  ====
      (b) > (a)                : NO
      (a) > (d)                : yes
      (d) > amortised (c)      : yes
      *** THE PREDICTED ORDERING DOES NOT HOLD. This is INFORMATION, not a
      *** failure: it says the cost is somewhere plan S12.2 did not expect,
      *** and the caller-side levers named there may not be the right ones.
      *** RECORD IT and re-read plan S12.3 before choosing a lever.
  =============================================================================
  ====
    CROSS-CHECK against the FR-072 ceiling
  =============================================================================
  ====
    = FR-073 SUM (a)+(b)+amortised(c)+(d)                      416.2 ns/block
  0.0039 % of one core
    engaged, 16 live (the same thing, measured)                416.0 ns/block
  0.0039 % of one core
    FR-072 BUDGET (0.1 % of one core)                        10667.0 ns/block
  0.1000 % of one core
      The sum telescopes back to the raw 16-live figure by construction; a
  large
      divergence between those two lines means measurement noise is the same
  size
      as an arm, and the table should be re-taken on an idle machine.
      sum as a fraction of the budget: 3.90 %
    *** NO AGENT MAY lower kMaxChildren, raise kBudgetNs, relax a threshold,
    *** shrink a workload, or widen a tolerance to make a figure fit. Reduce
    *** cost, never move the line (resonance_drift_network_perf_test.cpp:57-64,
    *** inherited verbatim).
  =============================================================================
  ====
    RECORD the four arm figures and the sum in compliance.md, beside T003's
    stand-in table. The two are directly comparable: same basis, same trial
  shape.
  =============================================================================
  ====

-------------------------------------------------------------------------------
EcosystemEngine_HostileFuzzStaysBounded
-------------------------------------------------------------------------------
F:\projects\iterum\dsp\tests\unit\systems\ecosystem_engine_longrun_test.cpp(888)
...............................................................................

F:\projects\iterum\dsp\tests\unit\systems\ecosystem_engine_longrun_test.cpp(979): warning:
  
============================================================================
  =
  SC-001 (a)-(d) hostile fuzz - MEASURED
  -----------------------------------------------------------------------------
    main batch            : 1000 / 1000 configs x 900 s (84375 steps each)
    sub-batch             : 50 / 50 configs x 1800 s (168750 steps each)
    control steps run     : 92812500 of 92812500 scheduled
    sampled steps         : 998750 (every 93 steps, ~1 Hz)
    worst relative drift  : 2.815e-12  (bound 1.000e-09, prototype 2.4e-15 - 1.
  9e-13)
    conservation violations (max over configs): 0
    non-finite containments (max over configs): 0
    perturb schedule      : 998750 calls - 375290 in range, 623460 out of
  range, 124016 non-finite amounts, 218793 above +1, 218624 below -1
    wall clock            : 1354.8 s (22.58 min), budget 60.00 min
  =============================================================================

-------------------------------------------------------------------------------
EcosystemEngine_LivenessIsDurationStable
-------------------------------------------------------------------------------
F:\projects\iterum\dsp\tests\unit\systems\ecosystem_engine_longrun_test.cpp(1217)
...............................................................................

F:\projects\iterum\dsp\tests\unit\systems\ecosystem_engine_longrun_test.cpp(1322): warning:
  
============================================================================
  =
  SC-003 duration stability - MEASURED (defaults, 15 cells)
  -----------------------------------------------------------------------------
    seed             600 s      900 s     1200 s     1800 s     3600 s   (max-
  min)/mean
    0xc0ffee  act      0.4404     0.4243     0.4420     0.4419     0.4587
  0.0779
              frz           0          0          0          0          0
              alv         yes        yes        yes        yes        yes
              cor      0.1791     0.1690     0.1706     0.1953     0.1872
    0xc0ffef  act      0.4447     0.4396     0.4402     0.4501     0.4756
  0.0800
              frz           0          0          0          0          0
              alv         yes        yes        yes        yes        yes
              cor      0.1618     0.1692     0.1797     0.1806     0.1910
    0x5eed  act      0.4164     0.4410     0.4371     0.4589     0.4661
  0.1121
              frz           0          0          0          0          0
              alv         yes        yes        yes        yes        yes
              cor      0.1541     0.1685     0.1730     0.1936     0.1959
    seed-mean        0.4338     0.4350     0.4398     0.4503     0.4668
  0.0741  (reported, not gated)
  -----------------------------------------------------------------------------
    gate: verdictAlive true in all 15 cells; per-seed (max-min)/mean < 0.2000
    prototype: 0.4300 0.4340 0.4330 0.4420 0.4590 -> 0.066, 0 frozen at every
  length
    wall clock: 17.8 s
  =============================================================================

-------------------------------------------------------------------------------
EcosystemEngine_NoShortLimitCycle
-------------------------------------------------------------------------------
F:\projects\iterum\dsp\tests\unit\systems\ecosystem_engine_longrun_test.cpp(1387)
...............................................................................

F:\projects\iterum\dsp\tests\unit\systems\ecosystem_engine_longrun_test.cpp(1482): warning:
  
============================================================================
  =
  SC-005 recurrence scan - MEASURED (defaults, 1800 s, seed 0xc0ffee)
  -----------------------------------------------------------------------------
    grid                  : 0.99734 Hz x 1795 samples (1.0027 s per lag)
    THE GATE - population-mean output (ruling 2026-09-16):
      cycled              : no (gate no)
      late window constant: no (gate no - the guarded escape)
      decorrLag           : 17 (17.0453 s)
      post-decay peak     : 0.1878 at lag 17 (17.0453 s)
    REPORTED - per agent (intrinsic-period recurrence is FR-050's design):
      agents scanned      : 32
      agents recurring    : 3 (not gated)
      late window constant: 0 (gate 0)
      never decorrelated  : 0 of 32 (one slow trend)
      worst post-decay peak: 0.8484 at lag 109 (109.2907 s), agent 1, decorrLag
  25 (25.0667 s)
    bound                 : <= 0.8000  (prototype 0.175 at 557 s, population-
  level on entropy)
    wall clock            : 1.4 s
  =============================================================================

-------------------------------------------------------------------------------
EcosystemEngine_SaneBoxLiveness
-------------------------------------------------------------------------------
F:\projects\iterum\dsp\tests\unit\systems\ecosystem_engine_longrun_test.cpp(1532)
...............................................................................

F:\projects\iterum\dsp\tests\unit\systems\ecosystem_engine_longrun_test.cpp(1648): warning:
  
============================================================================
  =
  SC-013 sane-box liveness - MEASURED (500 configs x 900 s)
  -----------------------------------------------------------------------------
    alive                 : 391 / 500 = 78.2 %  (gate >= 70.0 %)
    prototype baseline    : 83.0 % (415/500) - measured with the ENTROPY-based
                            cycle clause, NOT the output-based verdict this
  case
                            uses (Clarification Q3). A divergence is a FINDING
  to
                            surface under FR-085, not a threshold to move.
                            First C++ figure, clause on PER-AGENT output: 52.8
  %
                            (127 cycle deaths = FR-050's own oscillation); the
                            2026-09-16 ruling moved it to the POPULATION MEAN.
    deaths by clause      : 53 too quiet (activity < 0.10), 56 too frozen (>
  25.00 %), 0 short cycle on the population-mean output
    mean lateActivity     : 0.3024
    unbounded             : 0 (gate 0)
    worst relative drift  : 5.107e-14 (bound 1.000e-09)
    wall clock            : 421.7 s (7.03 min)
  =============================================================================

F:\projects\iterum\dsp\tests\unit\systems\ecosystem_engine_longrun_test.cpp(1693): warning:
  
============================================================================
  =
  SC-013 alive fraction per tercile of each sane-box knob (REPORTED, NOT GATED)
    Phase 10 inherits the death predictors from this table rather than
    rediscovering them. The three knobs the sane box pins (energyBudget,
    stepIntervalChunks, feedRate) are exempt there and are omitted here.
  -----------------------------------------------------------------------------
    agentCount            24.0000..32.0000    140/166  32.0000..40.0000    133/
  167  40.0000..48.0000    118/167
    resourceCells         32.0000..53.0000    134/166  53.0000..74.0000    139/
  167  74.0000..96.0000    118/167
    initialPoolFraction   0.3007..0.4318      128/166  0.4318..0.5589      126/
  167  0.5599..0.6990      137/167
    kernelSigma           0.0201..0.0332      142/166  0.0333..0.0460      130/
  167  0.0460..0.0599      119/167
    exchangeRate          0.0017..0.3296      131/166  0.3321..0.6505      129/
  167  0.6519..0.9974      131/167
    predation             0.0017..0.3296      134/166  0.3296..0.6505      136/
  167  0.6519..0.9974      121/167
    preyFloor             0.0650..0.2671      131/166  0.2712..0.4625      124/
  167  0.4625..0.6385      136/167
    capacity              1.6502..11.6180     132/166  11.6191..21.3549    129/
  167  21.3752..31.9222    130/167
    leakRate              0.0202..0.0628      119/166  0.0632..0.1054      131/
  167  0.1061..0.1497      141/167
    leakExponent          1.0005..1.0989      142/166  1.0989..1.1949      127/
  167  1.1951..1.2992      122/167
    moveRate              0.0008..0.1635      131/166  0.1648..0.3249      136/
  167  0.3252..0.4987      124/167
    maxSpeed              0.0101..0.0231      132/166  0.0232..0.0360      135/
  167  0.0361..0.0499      124/167
    forageRate            0.0000..0.0098      132/166  0.0099..0.0195      120/
  167  0.0196..0.0299      139/167
    crowding              0.0251..0.0506      122/166  0.0508..0.0740      135/
  167  0.0743..0.0998      134/167
    crowdingRadius        0.0100..0.0202      128/166  0.0202..0.0297      128/
  167  0.0297..0.0399      135/167
    syncRate              0.0002..0.0330      133/166  0.0330..0.0652      128/
  167  0.0653..0.0997      130/167
    cellCapacity          1.2885..2.9676      129/166  2.9804..4.6438      128/
  167  4.6727..6.3869      134/167
    regenRate             0.0203..0.0798      134/166  0.0803..0.1393      137/
  167  0.1400..0.1995      120/167
    grazeRate             0.5041..1.3303      144/166  1.3372..2.1425      129/
  167  2.1566..2.9936      118/167
    satiation             0.0000..0.0000      150/166  0.0000..0.0000      143/
  167  0.0000..1.9167       98/167
    appetiteDepth         0.6007..0.7353      119/166  0.7356..0.8630      132/
  167  0.8651..0.9990      140/167
    freqLo                0.0010..0.0017      130/166  0.0017..0.0023      135/
  167  0.0023..0.0030      126/167
    freqHi                0.0100..0.0167      134/166  0.0168..0.0233      136/
  167  0.0233..0.0299      121/167
    freqDrift             0.0000..0.0000      134/166  0.0000..0.0001      129/
  167  0.0001..0.0001      128/167
    affinity              1.0825..1.3942      130/166  1.3942..1.4484      137/
  167  1.4518..1.4950      124/167
  =============================================================================

-------------------------------------------------------------------------------
EcosystemEngine_RefugeFloorPreventsPredationCliff
-------------------------------------------------------------------------------
F:\projects\iterum\dsp\tests\unit\systems\ecosystem_engine_longrun_test.cpp(1741)
...............................................................................

F:\projects\iterum\dsp\tests\unit\systems\ecosystem_engine_longrun_test.cpp(1876): warning:
  
============================================================================
  =
  SC-017 refuge floor vs the predation cliff - MEASURED (1800 s per cell)
  -----------------------------------------------------------------------------
    bound: lateFrozen == 0 AND no agent's late-window energy <= 1.0e-03 shares
  -- defaults arm (preyFloor 0.5 shares) - every cell must PASS ---------------
  -
    predation 0.60  preyFloor 0.50  seed 0xc0ffee  activity   0.3851  frozen
  0  min energy   2.133e-01 shares  atZero   0   PASSES
    predation 0.60  preyFloor 0.50  seed 0xc0ffef  activity   0.4600  frozen
  0  min energy   2.179e-01 shares  atZero   0   PASSES
    predation 0.60  preyFloor 0.50  seed 0x5eed  activity   0.3286  frozen   0
  min energy   1.641e-01 shares  atZero   0   PASSES
    predation 0.70  preyFloor 0.50  seed 0xc0ffee  activity   0.2792  frozen
  0  min energy   1.854e-01 shares  atZero   0   PASSES
    predation 0.70  preyFloor 0.50  seed 0xc0ffef  activity   0.2777  frozen
  0  min energy   1.833e-01 shares  atZero   0   PASSES
    predation 0.70  preyFloor 0.50  seed 0x5eed  activity   0.2924  frozen   0
  min energy   1.935e-01 shares  atZero   0   PASSES
    predation 0.85  preyFloor 0.50  seed 0xc0ffee  activity   0.2596  frozen
  0  min energy   1.700e-01 shares  atZero   0   PASSES
    predation 0.85  preyFloor 0.50  seed 0xc0ffef  activity   0.3348  frozen
  0  min energy   1.945e-01 shares  atZero   0   PASSES
    predation 0.85  preyFloor 0.50  seed 0x5eed  activity   0.3767  frozen   0
  min energy   1.775e-01 shares  atZero   0   PASSES
  -- control arm (preyFloor 0, FR-022 REMOVED) - must FAIL --------------------
  -
    predation 0.70  preyFloor 0.00  seed 0xc0ffee  activity   0.3226  frozen
  10  min energy   9.937e-05 shares  atZero  19   FAILS
    predation 0.70  preyFloor 0.00  seed 0xc0ffef  activity   0.3405  frozen
  10  min energy   8.447e-05 shares  atZero  23   FAILS
    predation 0.70  preyFloor 0.00  seed 0x5eed  activity   0.2729  frozen  11
  min energy   9.586e-05 shares  atZero  15   FAILS
  -----------------------------------------------------------------------------
    control arm failed the bound at 3 of 3 seeds (gate >= 1 - the metric must
  be SHOWN to
    discriminate FR-022; prototype: about a third of the agents parked at zero
    permanently at predation 0.7, a cliff 0.05 away from the default)
    wall clock            : 15.3 s
  =============================================================================

-------------------------------------------------------------------------------
EcosystemEngine_OvernightSoak
-------------------------------------------------------------------------------
F:\projects\iterum\dsp\tests\unit\systems\ecosystem_engine_longrun_test.cpp(1931)
...............................................................................

F:\projects\iterum\dsp\tests\unit\systems\ecosystem_engine_longrun_test.cpp(2112): warning:
  
============================================================================
  =
  SC-018 overnight soak - MEASURED (28800 s = 8 h x 3 seeds, defaults)
  -----------------------------------------------------------------------------
    seed 0xc0ffee: 2700000 / 2700000 control steps, 29033 sampled points, 606
  tail samples
        worst relative drift 1.066e-14 (bound 1.000e-09),
  conservationViolations 0, nonFiniteContainments 0
        final 600 s: lateActivity 0.5038 (gate >= 0.30), lateFrozen 0 (gate ==
  0), latePairCorr 0.2187
    seed 0xc0ffef: 2700000 / 2700000 control steps, 29033 sampled points, 606
  tail samples
        worst relative drift 2.931e-14 (bound 1.000e-09),
  conservationViolations 0, nonFiniteContainments 0
        final 600 s: lateActivity 0.5074 (gate >= 0.30), lateFrozen 0 (gate ==
  0), latePairCorr 0.1937
    seed 0x5eed: 2700000 / 2700000 control steps, 29033 sampled points, 606
  tail samples
        worst relative drift 2.287e-14 (bound 1.000e-09),
  conservationViolations 0, nonFiniteContainments 0
        final 600 s: lateActivity 0.5198 (gate >= 0.30), lateFrozen 0 (gate ==
  0), latePairCorr 0.2001
  -----------------------------------------------------------------------------
    statistics are STREAMING: only the final 600 s is materialised
    wall clock            : 61.2 s (1.02 min)
  =============================================================================

-------------------------------------------------------------------------------
EcosystemEngine_SampleRateIndependent
-------------------------------------------------------------------------------
F:\projects\iterum\dsp\tests\unit\systems\ecosystem_engine_longrun_test.cpp(2185)
...............................................................................

F:\projects\iterum\dsp\tests\unit\systems\ecosystem_engine_longrun_test.cpp(2318): warning:
  
============================================================================
  =
  SC-010 (a)+(c) cross-dt liveness - MEASURED (18 cells x 1800 s)
    FIRST cross-dt measurement of this rule set. Clause (a) gates the verdict
    column; the activity figures and the cross-seed spread are clause (c) and
    are NOT gated - no band has ever been measured (spec SC-010 (c)).
  -----------------------------------------------------------------------------
    arm       rate  chunks   dt (ms)   grid (Hz)     steps   activity  frozen
  corr  cycle  alive
    rate     44100       8    11.610     1.00154    155058     0.4335       0
  0.176     no    yes
    rate     44100       8    11.610     1.00154    155058     0.4377       0
  0.179     no    yes
    rate     44100       8    11.610     1.00154    155058     0.4726       0
  0.199     no    yes
    rate     48000       8    10.667     0.99734    168730     0.4419       0
  0.195     no    yes
    rate     48000       8    10.667     0.99734    168730     0.4501       0
  0.181     no    yes
    rate     48000       8    10.667     0.99734    168730     0.4589       0
  0.194     no    yes
    rate     96000       8     5.333     0.99734    337460     0.4442       0
  0.193     no    yes
    rate     96000       8     5.333     0.99734    337460     0.4649       0
  0.179     no    yes
    rate     96000       8     5.333     0.99734    337460     0.4526       0
  0.182     no    yes
    chunks   48000       8    10.667     0.99734    168730     0.4419       0
  0.195     no    yes
    chunks   48000       8    10.667     0.99734    168730     0.4501       0
  0.181     no    yes
    chunks   48000       8    10.667     0.99734    168730     0.4589       0
  0.194     no    yes
    chunks   48000      16    21.333     0.99734     84365     0.4510       0
  0.201     no    yes
    chunks   48000      16    21.333     0.99734     84365     0.4773       0
  0.177     no    yes
    chunks   48000      16    21.333     0.99734     84365     0.4501       0
  0.167     no    yes
    chunks   48000      32    42.667     1.01902     42182     0.4462       0
  0.196     no    yes
    chunks   48000      32    42.667     1.01902     42182     0.4510       0
  0.180     no    yes
    chunks   48000      32    42.667     1.01902     42182     0.4314       0
  0.166     no    yes
  -----------------------------------------------------------------------------
    per-cell cross-seed spread of lateActivity, (max - min) / mean
    rate     44100       8   mean    0.4479   min    0.4335   max    0.4726
  spread    0.0873
    rate     48000       8   mean    0.4503   min    0.4419   max    0.4589
  spread    0.0378
    rate     96000       8   mean    0.4539   min    0.4442   max    0.4649
  spread    0.0457
    chunks   48000       8   mean    0.4503   min    0.4419   max    0.4589
  spread    0.0378
    chunks   48000      16   mean    0.4594   min    0.4501   max    0.4773
  spread    0.0592
    chunks   48000      32   mean    0.4429   min    0.4314   max    0.4510
  spread    0.0441
    worst cross-seed spread: 0.0873  (REPORTED - SC-010 (c) states no band; one
  derived from this
     table may be added by amendment, per the criterion's own last sentence)
    wall clock             : 21.8 s (0.36 min)
  =============================================================================

-------------------------------------------------------------------------------
EcosystemEngine_CpuBudget
-------------------------------------------------------------------------------
F:\projects\iterum\dsp\tests\unit\systems\ecosystem_engine_perf_test.cpp(482)
...............................................................................

F:\projects\iterum\dsp\tests\unit\systems\ecosystem_engine_perf_test.cpp(559): warning:
  
============================================================================
  =====
    EcosystemEngine SC-011 CPU BUDGET   (48 kHz, 512-sample blocks)
    specs/vorago-phase8-ecosystem, SC-011 / FR-085, tasks.md T015
    best-of-25 x 500 blocks after 400 warm-up blocks
    worst-case rule configuration: agents 48, cells 96, kernelSigma 0.35,
  syncRate 0.50, leakExponent 2.50
    (every other knob at its Appendix-A default)
  =============================================================================
  ====
    (a) worst case, stepIntervalChunks = 8 (floor)      30089.2 ns/block     0.
  282 % core
          pairs 1128   live cells 96 / 96   steps/8 blocks 8 (expected 8)
  finite yes   any output > 0 yes
    (b) worst case, stepIntervalChunks = 64            4150.4 ns/block     0.
  039 % core
          pairs 1128   live cells 27 / 96   steps/8 blocks 1 (expected 1)
  finite yes   any output > 0 yes
  -----------------------------------------------------------------------------
  ----
    FR-085 CEILING (0.5 % of one core)                53333.0 ns/block     0.
  500 % core
    (a) / (b) step-rate scaling                           7.25x         [1
  step/block vs 1 per 8 blocks; <= 8x expected]
    measured 2026-09-16 before any ruling (plan S12.2):  (a) 55 275   (at 1)
  404 614 ns
    measured after E-1/E-2/E-3, floor 4 (2nd ruling):   (a) 27 224   (at 4)  60
  176 ns
  =============================================================================
  ====
    SC-011 (a) IS WITHIN BUDGET: 23243.8 ns of headroom (56.42 % of the
  ceiling).
    SC-011 (b) IS WITHIN BUDGET: 49182.6 ns of headroom (7.78 % of the ceiling)
  .

-------------------------------------------------------------------------------
EcosystemEngine_StageCostProbe
-------------------------------------------------------------------------------
F:\projects\iterum\dsp\tests\unit\systems\ecosystem_engine_perf_test.cpp(609)
...............................................................................

F:\projects\iterum\dsp\tests\unit\systems\ecosystem_engine_perf_test.cpp(718): warning:
  
============================================================================
  =====
    EcosystemEngine STAGE COST PROBE   (48 kHz, 512-sample blocks)   NOT A GATE
    specs/vorago-phase8-ecosystem, SC-011's non-gating table / FR-072, tasks.md
  T015
    best-of-25 x 500 blocks after 400 warm-up blocks
  =============================================================================
  ====
    THE LADDER (each rung changes exactly one axis from the one above it)
    F0  1 agent, 1 cell, sigma 0.01 (floor)              45.4 ns/block     0.
  000 % core
          pairs 0   live cells 1 / 1   steps/8 blocks 8 (expected 8)   finite
  yes   any output > 0 yes
    F   48 agents, 1 cell, sigma 0.01                  4271.4 ns/block     0.
  040 % core
          pairs 8   live cells 1 / 1   steps/8 blocks 8 (expected 8)   finite
  yes   any output > 0 yes
    T1  F + sigma 0.35 (pair kernel survives)         11981.0 ns/block     0.
  112 % core
          pairs 1128   live cells 1 / 1   steps/8 blocks 8 (expected 8)
  finite yes   any output > 0 yes
    T2  T1 + 96 cells (grazing loop)                  26066.0 ns/block     0.
  244 % core
          pairs 1128   live cells 96 / 96   steps/8 blocks 8 (expected 8)
  finite yes   any output > 0 yes
    T3  T2 + syncRate 0.5 (Kuramoto sin)              26140.2 ns/block     0.
  245 % core
          pairs 1128   live cells 96 / 96   steps/8 blocks 8 (expected 8)
  finite yes   any output > 0 yes
    W8  T3 + leakExponent 2.5  == SC-011 (a)          26188.6 ns/block     0.
  246 % core
          pairs 1128   live cells 96 / 96   steps/8 blocks 8 (expected 8)
  finite yes   any output > 0 yes
    W64 W8 at stepIntervalChunks = 64                  5487.2 ns/block     0.
  051 % core
          pairs 1128   live cells 27 / 96   steps/8 blocks 1 (expected 1)
  finite yes   any output > 0 yes
    D   Appendix-A defaults                            6266.2 ns/block     0.
  059 % core
          pairs 32   live cells 64 / 64   steps/8 blocks 8 (expected 8)
  finite yes   any output > 0 yes
    Z   W8 with EVERY agent dormant                   27484.4 ns/block     0.
  258 % core
          pairs 1128   live cells 96 / 96   steps/8 blocks 8 (expected 8)
  finite yes   any output > 0 no
  -----------------------------------------------------------------------------
  ----
    STAGE ATTRIBUTION, BY DIFFERENCING THE LADDER
    pair kernel work, 1 128 pairs (T1 - F)             7709.6 ns/block    64.35
  % of its rung
          + 48 cell visits at C = 1 (each seeding an E-1 run: 2 exps)
    grazing loop, 95 of 96 cells (T2 - T1)            14085.0 ns/block    54.04
  % of its rung
          extrapolated to all 96 cells: 14233.3 ns/block
          (4 608 visits: ~192 exps by lever E-1's recurrence, was 4 608)
    Kuramoto term, 1 128 pairs (T3 - T2)                 74.2 ns/block     0.28
  % of its rung
          (96 sin/cos by lever E-2's table, was 1 128 sin)
    nonlinear leak, 48 pow (W8 - T3)                     48.4 ns/block     0.18
  % of its rung
    traversal + per-agent tail (F itself)              4271.4 ns/block
          stages 4 and 8-13 for 48 agents, PLUS 1 128 pairs and 48 cell visits
          rejected by the exp-free pre-test. NOT splittable through the public
          API: moveRate 0 still pays the sqrt, freqDrift 0 still draws (A-8),
          and publish() is unconditional. F0 (45.4 ns/block) is the same tail
  for ONE agent.
  -----------------------------------------------------------------------------
  ----
    STEP-RATE SCALING (FR-082's range [8, 64], at the worst case)
    W8 / W64 4.77x   [1 step/block vs 1 per 8 blocks; ~8x expected]
    defaults D as a fraction of W8: 23.93 %
  -----------------------------------------------------------------------------
  ----
    FR-072's PREDICTION: all-dormant is NOT cheaper (dormancy gates the OUTPUT,
    not the simulation - ecosystem_engine.h:737-752).
    Z - W8 = 1295.8 ns/block (4.95 % of W8).  A saving materially larger than
  run-to-run noise would mean the
    prediction is WRONG and FR-072's rationale needs re-reading - a finding to
    surface, not a number to absorb.
  -----------------------------------------------------------------------------
  ----
    FR-085 CEILING (0.5 % of one core)                53333.0 ns/block     0.
  500 % core
    This case asserts NOTHING about any of the figures above beyond finiteness
    and positivity. The gate is EcosystemEngine_CpuBudget; the response to a
    miss is plan S12.3's ladder, taken IN ORDER (L1-L3 and E-1/E-2 are in),
    with L4/L5 and any further L6 narrowing going to the USER.
    NO AGENT MAY relax a threshold or shrink a workload from this table.
  =============================================================================
  ====

-------------------------------------------------------------------------------
VoragoVoice_BloomSlotAccounting
-------------------------------------------------------------------------------
F:\projects\iterum\dsp\tests\unit\systems\vorago_voice_longrun_test.cpp(518)
...............................................................................

F:\projects\iterum\dsp\tests\unit\systems\vorago_voice_longrun_test.cpp(605): warning:
  SC-018 bloom accounting: A = 10, 30 equivalent minutes, 135000 control steps
  (180 s of audio), wall clock 8.00212 s; capacity 14..64, min reserveBase 8,
  max live children 10

F:\projects\iterum\dsp\tests\unit\systems\vorago_voice_longrun_test.cpp(608): FAILED:
  REQUIRE_FALSE( violation.hit )
with expansion:
  !true
with message:
  first violation at control step 0: hasSpectralTarget 1 but liveChildCount 0
  (capacity 18, reserveBase 12)

-------------------------------------------------------------------------------
VoragoVoice_EcosystemRouting
-------------------------------------------------------------------------------
F:\projects\iterum\dsp\tests\unit\systems\vorago_voice_longrun_test.cpp(630)
...............................................................................

F:\projects\iterum\dsp\tests\unit\systems\vorago_voice_longrun_test.cpp(703): warning:
  SC-019 (1) baseline: 11 scheduler onsets at depth 0, max agent output 1

F:\projects\iterum\dsp\tests\unit\systems\vorago_voice_longrun_test.cpp(794): warning:
  SC-019 (3) Partial: 1945 ecosystem-attributable changes over 10 equivalent
  minutes = 194.5 per minute; max (eco - scheduler) excess 0.85

F:\projects\iterum\dsp\tests\unit\systems\vorago_voice_longrun_test.cpp(794): warning:
  SC-019 (3) Resonator: 5504 ecosystem-attributable changes over 10 equivalent
  minutes = 550.4 per minute; max (eco - scheduler) excess 0.368166

F:\projects\iterum\dsp\tests\unit\systems\vorago_voice_longrun_test.cpp(794): warning:
  SC-019 (3) Noise: 5423 ecosystem-attributable changes over 10 equivalent
  minutes = 542.3 per minute; max (eco - scheduler) excess 0.65

F:\projects\iterum\dsp\tests\unit\systems\vorago_voice_longrun_test.cpp(794): warning:
  SC-019 (3) Feedback: 5448 ecosystem-attributable changes over 10 equivalent
  minutes = 544.8 per minute; max (eco - scheduler) excess 0.326551

F:\projects\iterum\dsp\tests\unit\systems\vorago_voice_longrun_test.cpp(794): warning:
  SC-019 (3) Ghost: 5501 ecosystem-attributable changes over 10 equivalent
  minutes = 550.1 per minute; max (eco - scheduler) excess 0.939933

F:\projects\iterum\dsp\tests\unit\systems\vorago_voice_longrun_test.cpp(886): warning:
  SC-019 (3) dormancy Partial: 987 scheduler-arm changes across the measurement
  window

F:\projects\iterum\dsp\tests\unit\systems\vorago_voice_longrun_test.cpp(886): warning:
  SC-019 (3) dormancy Resonator: 208 scheduler-arm changes across the
  measurement window

F:\projects\iterum\dsp\tests\unit\systems\vorago_voice_longrun_test.cpp(886): warning:
  SC-019 (3) dormancy Noise: 1902 scheduler-arm changes across the measurement
  window

F:\projects\iterum\dsp\tests\unit\systems\vorago_voice_longrun_test.cpp(886): warning:
  SC-019 (3) dormancy Feedback: 709 scheduler-arm changes across the
  measurement window

F:\projects\iterum\dsp\tests\unit\systems\vorago_voice_longrun_test.cpp(886): warning:
  SC-019 (3) dormancy Ghost: 926 scheduler-arm changes across the measurement
  window

F:\projects\iterum\dsp\tests\unit\systems\vorago_voice_longrun_test.cpp(904): warning:
  SC-019 ecosystem routing: A = 10, 10 equivalent minutes per arm, wall clock
  16.5087 s

-------------------------------------------------------------------------------
VoragoVoice_SlowEventRouting
-------------------------------------------------------------------------------
F:\projects\iterum\dsp\tests\unit\systems\vorago_voice_longrun_test.cpp(931)
...............................................................................

F:\projects\iterum\dsp\tests\unit\systems\vorago_voice_longrun_test.cpp(1081): warning:
  SC-020 slow events: A = 10, 30 equivalent minutes, 135000 control steps, wall
  clock 9.55479 s; 35 events, draws per family {6, 4, 5, 11, 9}, observed
  changes {0, 4, 5, 11, 7}, bloom triggers 6, silent-above-base 0, silent-
  below-base 0, boundary 0, intervals 33 (worst 54.9987 s)

-------------------------------------------------------------------------------
VoragoEngine_OvernightSoak
-------------------------------------------------------------------------------
F:\projects\iterum\dsp\tests\unit\systems\vorago_engine_longrun_test.cpp(797)
...............................................................................

F:\projects\iterum\dsp\tests\unit\systems\vorago_engine_longrun_test.cpp(813): warning:
  SC-004b / SC-005 shared render (R-9): 8.0 h of audio x 3 seeds, UNACCELERATED
  (FR-086), T_settle = 120.0 s, block = 512, wall clock = 2.6 h
    seed 1: 0.8 h, 2700000 blocks, 956 centroid samples, peak 0.6156
    seed 20260917: 0.9 h, 2700000 blocks, 956 centroid samples, peak 0.6345
    seed 4242: 0.9 h, 2700000 blocks, 956 centroid samples, peak 0.6848

-------------------------------------------------------------------------------
VoragoEngine_OvernightEvolution
-------------------------------------------------------------------------------
F:\projects\iterum\dsp\tests\unit\systems\vorago_engine_longrun_test.cpp(902)
...............................................................................

F:\projects\iterum\dsp\tests\unit\systems\vorago_engine_longrun_test.cpp(973): warning:
  SC-005 evolution over the shared 8 h render, per seed:
    seed 1: CV = 0.1460, max autocorrelation = 0.4881 at lag 60 s
    seed 20260917: CV = 0.1472, max autocorrelation = 0.5189 at lag 60 s
    seed 4242: CV = 0.1562, max autocorrelation = 0.5303 at lag 60 s
    mean CV = 0.1498 (bar 0.0500), worst mean autocorrelation = 0.5124 at lag
  60 s (bar 0.9000)

-------------------------------------------------------------------------------
VoragoEngine_ConfigurationFuzz
-------------------------------------------------------------------------------
F:\projects\iterum\dsp\tests\unit\systems\vorago_engine_longrun_test.cpp(988)
...............................................................................

F:\projects\iterum\dsp\tests\unit\systems\vorago_engine_longrun_test.cpp(996): warning:
  SC-013b: configurations [32, 1000) = 968 renders x 10.0 s, accelerated per
  FR-086 with A = 100.0 on the engine's envelope and growth clocks

F:\projects\iterum\dsp\tests\unit\systems\vorago_engine_longrun_test.cpp(1040): warning:
  SC-013b: 968 configurations rendered in 39.1 min; worst |out| = 0.9661 at
  configuration 127

-------------------------------------------------------------------------------
VoragoEngine_SampleRateSweep
-------------------------------------------------------------------------------
F:\projects\iterum\dsp\tests\unit\systems\vorago_engine_longrun_test.cpp(1061)
...............................................................................

F:\projects\iterum\dsp\tests\unit\systems\vorago_engine_longrun_test.cpp(1089): warning:
  SC-021b: 10.00 s full-polyphony renders, kFastAttackEnvelopeConfig (FR-014a);
  reference 48 kHz RMS = -22.41 dBFS, peak 0.42
    44.1 kHz: RMS = -22.22 dBFS (0.19 dB vs reference), peak 0.43
    88.2 kHz: RMS = -22.54 dBFS (-0.12 dB vs reference), peak 0.38
    96.0 kHz: RMS = -22.67 dBFS (-0.25 dB vs reference), peak 0.37
    176.4 kHz: RMS = -21.04 dBFS (1.37 dB vs reference), peak 0.43

-------------------------------------------------------------------------------
VoragoMacro_SweepAxes
-------------------------------------------------------------------------------
F:\projects\iterum\dsp\tests\unit\systems\vorago_macro_test.cpp(1211)
...............................................................................

F:\projects\iterum\dsp\tests\unit\systems\vorago_macro_test.cpp(1289): warning:
  SC-008 macro sweeps (3 seeds x 5 points x 60 s; window [10 s, 60 s] = samples
  [480000, 2880000); C1 unless the row says @C3 / @C4; Life renders 210.0000 s
  and counts edges over [90.0000 s, 210.0000 s])
    Darkness  energy >4f0 rel. <4f0 (dB)  rho=-1.0000  endpoint=9.4982  [-55.
  7307, -58.5604, -61.1309, -63.4158, -65.2289]
    Age       HF energy > 4 kHz (dB) @C4  rho=-1.0000  endpoint=11.4136  [-111.
  7709, -115.0457, -118.1529, -120.9241, -123.1844]
    Density   partials + awake sources  rho=1.0000  endpoint=2.1578  [19.9507,
  26.9507, 37.0000, 48.0000, 63.0000]
    Movement  per-band total variation  rho=0.8333  endpoint=0.2213  [1.2865,
  1.3458, 1.4062, 1.5608, 1.5713]
    Gravity   mean |log2(ratio) - int|  rho=-1.0000  endpoint=0.6465  [0.2686,
  0.2558, 0.2396, 0.1617, 0.0950]
    Entropy   spectral flatness [f0, 20 f0]  rho=1.0000  endpoint=109.9720  [0.
  0000, 0.0000, 0.0000, 0.0000, 0.0000]
    Pressure  crest factor (dB)  rho=-1.0000  endpoint=4.7684  [9.3020, 8.6362,
  7.5373, 6.1876, 4.5337]
    Weight    energy < 80 Hz (dB) @C3  rho=1.0000  endpoint=7.9607  [-22.1254,
  -19.9782, -17.9768, -16.0528, -14.1646]
    Fog       spectral flatness [f0, 20 f0]  rho=1.0000  endpoint=39.1993  [0.
  0000, 0.0000, 0.0000, 0.0000, 0.0000]
    Life      wake/sleep edges per min [90 s, 210 s]  rho=1.0000  endpoint=14.
  6667  [1.5000, 6.8333, 12.6667, 16.8333, 22.0000]
    Mass      energy < 80 Hz (dB) @C3  rho=1.0000  endpoint=4.0358  [-22.1254,
  -20.9675, -19.8133, -18.8146, -18.0896]
    all-macros-at-zero broadband RMS = -15.7186 dBFS

F:\projects\iterum\dsp\tests\unit\systems\vorago_macro_test.cpp(1318): FAILED:
  CHECK( (result.rho * expectedRhoSign(row.kind)) >= 0.9 )
with expansion:
  0.8333333333 >= 0.9
with message:
  Movement  per-band total variation  rho=0.833333  endpoint=0.221348
  threshold=0.2

-------------------------------------------------------------------------------
VoragoMacro_NoZipper
-------------------------------------------------------------------------------
F:\projects\iterum\dsp\tests\unit\systems\vorago_macro_test.cpp(1514)
...............................................................................

F:\projects\iterum\dsp\tests\unit\systems\vorago_macro_test.cpp(1580): warning:
  SC-010 zipper statistic (20 ms window; reference 64 ms clear of the ramp)
    macro 0  ramp=3.1549e-03  reference=2.8798e-03  ratio=1.0955e+00
    macro 1  ramp=3.0745e-03  reference=2.8849e-03  ratio=1.0657e+00
    macro 2  ramp=2.6683e-03  reference=2.1751e-03  ratio=1.2267e+00
    macro 3  ramp=2.5223e-03  reference=3.1839e-03  ratio=7.9222e-01
    macro 4  ramp=3.7170e-03  reference=3.3962e-03  ratio=1.0945e+00
    macro 5  ramp=2.3309e-03  reference=2.1162e-03  ratio=1.1015e+00
    macro 6  ramp=2.4949e-03  reference=2.2981e-03  ratio=1.0856e+00
    macro 7  ramp=3.3071e-03  reference=3.3914e-03  ratio=9.7514e-01
    macro 8  ramp=3.3918e-03  reference=4.1577e-03  ratio=8.1578e-01
    macro 9  ramp=2.9540e-03  reference=2.6821e-03  ratio=1.1014e+00
    macro 10  ramp=2.9354e-03  reference=2.7740e-03  ratio=1.0582e+00
    macro 11  ramp=2.7838e-03  reference=2.5177e-03  ratio=1.1057e+00

-------------------------------------------------------------------------------
ContinuousBody_DarkMaterialsSpectral
-------------------------------------------------------------------------------
F:\projects\iterum\dsp\tests\unit\systems\vorago_dark_materials_test.cpp(413)
...............................................................................

F:\projects\iterum\dsp\tests\unit\systems\vorago_dark_materials_test.cpp(474): warning:
  SC-015 steady-state spectral centroid, all eleven materials.
    f_body = 110 Hz (keyTracking 1), resonance = 0.7, damping = 0, cloud off,
  AGC off;
    identical pink-noise excitation from seed 0x5eedda12, measured over the
  last 20 s of a 50 s render.
    [shipped] Glass : centroid 899.60 Hz  (alpha = 1.00, b1 = 0.50, modes = 32,
  finite = yes)
    [shipped] Strings : centroid 3411.63 Hz  (alpha = 0.00, b1 = 0.00, modes =
  0, finite = yes)
    [shipped] MetalPlate : centroid 1124.78 Hz  (alpha = 0.70, b1 = 0.30, modes
  = 32, finite = yes)
    [shipped] Chamber : centroid 3008.45 Hz  (alpha = 0.00, b1 = 0.00, modes =
  0, finite = yes)
    [shipped] Ice : centroid 1048.06 Hz  (alpha = 0.90, b1 = 0.60, modes = 32,
  finite = yes)
    [new]     StoneChamber : centroid 569.34 Hz  (alpha = 1.30, b1 = 0.90,
  modes = 32, finite = yes)
    [new]     SteelTank : centroid 625.66 Hz  (alpha = 1.20, b1 = 0.45, modes =
  32, finite = yes)
    [new]     WoodenHull : centroid 687.09 Hz  (alpha = 1.35, b1 = 1.40, modes
  = 24, finite = yes)
    [new]     CathedralColumn : centroid 757.74 Hz  (alpha = 1.20, b1 = 0.60,
  modes = 32, finite = yes)
    [new]     CavernWall : centroid 522.21 Hz  (alpha = 1.65, b1 = 1.10, modes
  = 32, finite = yes)
    [new]     GlassSphere : centroid 472.09 Hz  (alpha = 3.00, b1 = 1.60, modes
  = 20, finite = yes)
    shipped minimum = 899.60 Hz (Glass) - every [new] centroid must sit below
  it.
    pairwise separation of the six new materials, |a-b| / max(a,b) (required: >
  = 0.05):
      StoneChamber vs SteelTank : 0.09
      StoneChamber vs WoodenHull : 0.17
      StoneChamber vs CathedralColumn : 0.25
      StoneChamber vs CavernWall : 0.08
      StoneChamber vs GlassSphere : 0.17
      SteelTank vs WoodenHull : 0.09
      SteelTank vs CathedralColumn : 0.17
      SteelTank vs CavernWall : 0.17
      SteelTank vs GlassSphere : 0.25
      WoodenHull vs CathedralColumn : 0.09
      WoodenHull vs CavernWall : 0.24
      WoodenHull vs GlassSphere : 0.31
      CathedralColumn vs CavernWall : 0.31
      CathedralColumn vs GlassSphere : 0.38
      CavernWall vs GlassSphere : 0.10

-------------------------------------------------------------------------------
VoragoEngine_CpuSurvey
-------------------------------------------------------------------------------
F:\projects\iterum\dsp\tests\unit\systems\vorago_perf_test.cpp(812)
...............................................................................

F:\projects\iterum\dsp\tests\unit\systems\vorago_perf_test.cpp(873): warning:
  SC-001a - VoragoEngine polyphony survey, ns per 512-sample block @ 48 kHz
    block budget         : 1.06667e+07 ns
    reference (30 %)     : 3.2e+06 ns/block   (roadmap line 470, GLOBAL)
    regression-gated line: 2.13333e+06 ns/block   (reference / 1.5)
    kMaxVoices (compiled): 6   - a COMPILE-TIME constant, so its cost is
  evaluated arithmetically below
    V (voice, standalone): 599252 ns/block
    L (advanceLifeOnly)  : 12460.2 ns/block   (B-6's spare-slot term)
    Cavern (arithmetic)  : 124497 ns/block   (measured, phase9 compliance.md:
  123; checked-in baseline 129150)

F:\projects\iterum\dsp\tests\unit\systems\vorago_perf_test.cpp(895): warning:
  SC-001a  polyphony 1  (kMaxVoices = 6)
      engine measured    : 968725 ns/block  (9.08179 % of one core)
      + Cavern           : 1.09322e+06 ns/block  (10.249 % of one core)
      vs reference       : 34.1632 % of 3.2e+06
      vs gated line      : 51.2448 % of 2.13333e+06
      split  N*V         : 599252
      split  spare*L     : 62301  (5 spare slots)
      G derived          : 307172  (measured - N*V - spare*L; a LOWER bound,
  see the case banner)

F:\projects\iterum\dsp\tests\unit\systems\vorago_perf_test.cpp(895): warning:
  SC-001a  polyphony 2  (kMaxVoices = 6)
      engine measured    : 1.66106e+06 ns/block  (15.5725 % of one core)
      + Cavern           : 1.78556e+06 ns/block  (16.7396 % of one core)
      vs reference       : 55.7988 % of 3.2e+06
      vs gated line      : 83.6982 % of 2.13333e+06
      split  N*V         : 1.1985e+06
      split  spare*L     : 49840.8  (4 spare slots)
      G derived          : 412720  (measured - N*V - spare*L; a LOWER bound,
  see the case banner)

F:\projects\iterum\dsp\tests\unit\systems\vorago_perf_test.cpp(895): warning:
  SC-001a  polyphony 4  (kMaxVoices = 6)
      engine measured    : 3.00013e+06 ns/block  (28.1262 % of one core)
      + Cavern           : 3.12463e+06 ns/block  (29.2934 % of one core)
      vs reference       : 97.6446 % of 3.2e+06
      vs gated line      : 146.467 % of 2.13333e+06
      split  N*V         : 2.39701e+06
      split  spare*L     : 24920.4  (2 spare slots)
      G derived          : 578203  (measured - N*V - spare*L; a LOWER bound,
  see the case banner)

F:\projects\iterum\dsp\tests\unit\systems\vorago_perf_test.cpp(895): warning:
  SC-001a  polyphony 6  (kMaxVoices = 6)
      engine measured    : 4.52731e+06 ns/block  (42.4435 % of one core)
      + Cavern           : 4.6518e+06 ns/block  (43.6107 % of one core)
      vs reference       : 145.369 % of 3.2e+06
      vs gated line      : 218.053 % of 2.13333e+06
      split  N*V         : 3.59551e+06
      split  spare*L     : 0  (0 spare slots)
      G derived          : 931795  (measured - N*V - spare*L; a LOWER bound,
  see the case banner)

F:\projects\iterum\dsp\tests\unit\systems\vorago_perf_test.cpp(937): warning:
  SC-001a / FR-081 ladder  -  kMaxVoices = 4   (solve: N*V + (kMaxVoices - N)*L
  + G + Cavern <= budget)
      using V = 599252, L = 12460.2, G = 578203 (median of the five estimates),
  Cavern = 124497
        N = 1  bare 1.33933e+06 ns (41.8541 % of ref, 62.7812 % of gated)   x1.
  15 1.42922e+06 ns (44.6631 % of ref, 66.9947 % of gated)
        N = 2  bare 1.92612e+06 ns (60.1914 % of ref, 90.2871 % of gated)   x1.
  15 2.1059e+06 ns (65.8094 % of ref, 98.7141 % of gated)
        N = 4  bare 3.09971e+06 ns (96.8659 % of ref, 145.299 % of gated)   x1.
  15 3.45926e+06 ns (108.102 % of ref, 162.153 % of gated)
        N_ref  bare = 4 / x1.15 = 3
        N_gate bare = 2 / x1.15 = 2
        (0 means not even one voice fits that budget at this ceiling)

F:\projects\iterum\dsp\tests\unit\systems\vorago_perf_test.cpp(937): warning:
  SC-001a / FR-081 ladder  -  kMaxVoices = 6   (solve: N*V + (kMaxVoices - N)*L
  + G + Cavern <= budget)
      using V = 599252, L = 12460.2, G = 578203 (median of the five estimates),
  Cavern = 124497
        N = 1  bare 1.36425e+06 ns (42.6329 % of ref, 63.9494 % of gated)   x1.
  15 1.45414e+06 ns (45.4419 % of ref, 68.1628 % of gated)
        N = 2  bare 1.95104e+06 ns (60.9701 % of ref, 91.4552 % of gated)   x1.
  15 2.13082e+06 ns (66.5881 % of ref, 99.8822 % of gated)
        N = 4  bare 3.12463e+06 ns (97.6446 % of ref, 146.467 % of gated)   x1.
  15 3.48418e+06 ns (108.881 % of ref, 163.321 % of gated)
        N = 6  bare 4.29821e+06 ns (134.319 % of ref, 201.479 % of gated)   x1.
  15 4.83754e+06 ns (151.173 % of ref, 226.76 % of gated)
        N_ref  bare = 4 / x1.15 = 3
        N_gate bare = 2 / x1.15 = 2
        (0 means not even one voice fits that budget at this ceiling)

F:\projects\iterum\dsp\tests\unit\systems\vorago_perf_test.cpp(937): warning:
  SC-001a / FR-081 ladder  -  kMaxVoices = 8   (solve: N*V + (kMaxVoices - N)*L
  + G + Cavern <= budget)
      using V = 599252, L = 12460.2, G = 578203 (median of the five estimates),
  Cavern = 124497
        N = 1  bare 1.38917e+06 ns (43.4117 % of ref, 65.1175 % of gated)   x1.
  15 1.47906e+06 ns (46.2207 % of ref, 69.331 % of gated)
        N = 2  bare 1.97596e+06 ns (61.7489 % of ref, 92.6234 % of gated)   x1.
  15 2.15574e+06 ns (67.3669 % of ref, 101.05 % of gated)
        N = 4  bare 3.14955e+06 ns (98.4234 % of ref, 147.635 % of gated)   x1.
  15 3.5091e+06 ns (109.659 % of ref, 164.489 % of gated)
        N = 6  bare 4.32313e+06 ns (135.098 % of ref, 202.647 % of gated)   x1.
  15 4.86246e+06 ns (151.952 % of ref, 227.928 % of gated)
        N_ref  bare = 4 / x1.15 = 3
        N_gate bare = 2 / x1.15 = 1
        (0 means not even one voice fits that budget at this ceiling)

-------------------------------------------------------------------------------
VoragoEngine_CpuBudget
-------------------------------------------------------------------------------
F:\projects\iterum\dsp\tests\unit\systems\vorago_perf_test.cpp(971)
...............................................................................

F:\projects\iterum\dsp\tests\unit\systems\vorago_perf_test.cpp(1006): warning:
  SC-001b - VoragoEngine CPU gate, ns per 512-sample block @ 48 kHz
    configuration        : polyphony 4 of kMaxVoices 6, FR-090 defaults, macros
  neutral, no voicing levers (Q-H)
    engine measured      : 3.15757e+06 ns/block  (29.6022 % of one core)
    + Cavern (arithmetic): 3.28206e+06 ns/block  (30.7693 % of one core)
    clause (i)  ceiling  : 3.28206e+06 <= 3.2e+06  (102.564 % of the reference)
    clause (ii) baseline : 3.15757e+06 <= 4.04172e+06  (baseline 2.69448e+06 x
  1.5; 117.187 % of the baseline)
    headroom available   : 1.14141x of the baseline before clause (i) trips
  (the ceiling binds first; kMaxAdmissibleNs 2.13333e+06 is not met by ruling)

F:\projects\iterum\dsp\tests\unit\systems\vorago_perf_test.cpp(1011): FAILED:
  REQUIRE( withCavern <= kReferenceNs )
with expansion:
  3282063.0 <= 3199999.9999999995

-------------------------------------------------------------------------------
VoragoVoice_StageCostProbe
-------------------------------------------------------------------------------
F:\projects\iterum\dsp\tests\unit\systems\vorago_perf_test.cpp(1033)
...............................................................................

F:\projects\iterum\dsp\tests\unit\systems\vorago_perf_test.cpp(1377): warning:
  SC-002 - Vorago per-stage breakdown, ns per 512-sample block @ 48 kHz
    measured whole (VoragoVoice): 607036 ns/block
    VOICE COLUMN (rows marked [sum] are the terms SC-003 adds up)
      [sum] cloud : 69092 ns  (11.3819 % of the measured whole)
      [sum] noise + decorrelation : 186458 ns  (30.7162 % of the measured
  whole)
      [sum] resonance : 79197.5 ns  (13.0466 % of the measured whole)
      [sum] ecology : 145486 ns  (23.9667 % of the measured whole)
      [sum] bloom (step 2) : 223 ns  (0.0367359 % of the measured whole)
      [----] ecosystem (inside L, NOT summed) : 5547 ns  (0.913785 % of the
  measured whole)
      [sum] body A (StoneChamber) : 39772.5 ns  (6.55192 % of the measured
  whole)
      [sum] body B (SteelTank) : 37419.5 ns  (6.1643 % of the measured whole)
      [sum] envelope + blend : 2808 ns  (0.462576 % of the measured whole)
      [sum] L = advanceLifeOnly (step 1 in full) : 10367.5 ns  (1.70789 % of
  the measured whole)
      sum of [sum] rows : 570825 ns  (94.0349 % of the measured whole)
    ENGINE COLUMN (G's stages; each is paid ONCE, not N times)
      voice sum (V, per sounding slot) : 688814 ns
      atmosphere (A-6: ENGINE column, ACTIVE ghost) : 47874.5 ns
      subharmonic : 29523 ns
      smear : 23677 ns
      output stage (2x saturator + limiter) : 157119 ns
      engine column sum : 947008 ns
    NOTE: the atmosphere row is the ACTIVE ghost (setLevel = kGhostBurstPeak),
  the worst case. VoragoEngine_CpuSurvey's measured totals see it mostly idle,
  because a ghost is an event on a 20-90 s scheduler.
    NOTE: there is NO closure bound here (spec SC-002). Composition is gated
  once, by SC-003, at 1.15.

-------------------------------------------------------------------------------
VoragoVoice_CompositionOverhead
-------------------------------------------------------------------------------
F:\projects\iterum\dsp\tests\unit\systems\vorago_perf_test.cpp(1424)
...............................................................................

F:\projects\iterum\dsp\tests\unit\systems\vorago_perf_test.cpp(1632): warning:
  SC-003 - VoragoVoice composition overhead, ns per 512-sample block @ 48 kHz
      cloud                 : 68498.2
      noise + decorrelation : 153502
      resonance             : 65347
      ecology               : 116039
      bloom (step 2)        : 305.4
      body A                : 32740.4
      body B                : 33364.4
      envelope + blend      : 2578
      L (step 1 in full)    : 14410
      ------------------------------------------
      sum of standalone     : 486785   (nine independent minima; printed, not
  gated)
      ratio whole / sum     : 1.1394   (printed, not gated - biased low, see
  comment)
      parts back-to-back    : 577846   (one timed block, same statistic as the
  whole)
      measured VoragoVoice  : 554641
      ratio whole / parts   : 0.959842   (bound 1.15, THE GATE)
      bound in ns           : 664523   - if this is exceeded, fix the
  COMPOSITION, never the 1.15 (FR-082)

-------------------------------------------------------------------------------
VoragoVoice_ClearingPathCost
-------------------------------------------------------------------------------
F:\projects\iterum\dsp\tests\unit\systems\vorago_perf_test.cpp(1669)
...............................................................................

F:\projects\iterum\dsp\tests\unit\systems\vorago_perf_test.cpp(1747): warning:
  B-7 clearing-path cost @ 48000 Hz, ns per call
      reset()            : 41197   (CONTROL THREAD ONLY - reaches
  FeedbackEcology::reset()'s O(buffer) wipe)
      resetForRecovery() : 21171   (RT-safe; x1.94592 cheaper than reset())
      resetForSteal()    : 20593   (RT-safe; x2.00053 cheaper)
      silence()          : 21881   (RT-safe; x1.88278 cheaper)
      silence() + resetForSteal() = ONE STEAL : 47317 ns
      one 64-sample control chunk             : 1.33333e+06 ns  (3.54878 % of
  it)  <- kResetsPerControlChunk (= 1) is sized against this

F:\projects\iterum\dsp\tests\unit\systems\vorago_perf_test.cpp(1748): warning:
  B-7 clearing-path cost @ 192000 Hz, ns per call
      reset()            : 156477   (CONTROL THREAD ONLY - reaches
  FeedbackEcology::reset()'s O(buffer) wipe)
      resetForRecovery() : 87035   (RT-safe; x1.79786 cheaper than reset())
      resetForSteal()    : 93415   (RT-safe; x1.67507 cheaper)
      silence()          : 87483   (RT-safe; x1.78866 cheaper)
      silence() + resetForSteal() = ONE STEAL : 184238 ns
      one 64-sample control chunk             : 333333 ns  (55.2714 % of it)
  <- kResetsPerControlChunk (= 1) is sized against this

-------------------------------------------------------------------------------
VoragoVoice_CloudFloorCpuProbe
-------------------------------------------------------------------------------
F:\projects\iterum\dsp\tests\unit\systems\vorago_perf_test.cpp(1794)
...............................................................................

F:\projects\iterum\dsp\tests\unit\systems\vorago_perf_test.cpp(1833): warning:
  VoragoVoice_CloudFloorCpuProbe r 0.4 bloomDepth 0 richnessRead 0.4
  activePartials 14 : 76025 ns/block (64-sample blocks, 22500 timed after 750
  warm-up; 5.70188 % of one block's audio time; output finite y)

F:\projects\iterum\dsp\tests\unit\systems\vorago_perf_test.cpp(1833): warning:
  VoragoVoice_CloudFloorCpuProbe r 0.7 bloomDepth 0 richnessRead 0.7
  activePartials 18 : 92457.5 ns/block (64-sample blocks, 22500 timed after 750
  warm-up; 6.93431 % of one block's audio time; output finite y)

-------------------------------------------------------------------------------
AtmosphereGhost_CpuDelta
-------------------------------------------------------------------------------
F:\projects\iterum\dsp\tests\unit\systems\atmosphere_ghost_perf_test.cpp(404)
...............................................................................

F:\projects\iterum\dsp\tests\unit\systems\atmosphere_ghost_perf_test.cpp(539): warning:
  SC-009 - AtmosphereEngine ghost CPU delta, ns per 512-sample block @ 48 kHz
    SHAPE (pinned to the STAGE PROBE, vorago_perf_test.cpp:302-304, :1266-1279)
  : 300 warm-up blocks, best-of-12 x 200 blocks, each block driven as 8 x 64-
  sample processStereoBlock calls. 2700 blocks per arm = 28.8 s of audio.
    REFERENCE (artifact log, WARN-only - perf.log:68): 28285.5 ns/block
  
  ARM 1 inert (probability 0, no triggers)
      measured        : 41772 ns/block
      ratio vs arm 1  : 1x
      absolute bound  : 31114 ns/block (WARN ONLY, never a REQUIRE - Q6) :
  ABOVE
      grains born     : 8  (of which triggered: 0)
      triggers dropped: 0   births skipped, pool full: 0   active at end: 3
    ARM 2 reverse engaged (probability 1.0, no triggers)
      measured        : 37261.5 ns/block
      ratio vs arm 1  : 0.892021x
      absolute bound  : 31114 ns/block (WARN ONLY, never a REQUIRE - Q6) :
  ABOVE
      grains born     : 6  (of which triggered: 0)
      triggers dropped: 0   births skipped, pool full: 0   active at end: 3
    ARM 3 triggers, realistic (one per 8.33 s)
      measured        : 40470.5 ns/block
      ratio vs arm 1  : 0.968843x
      absolute bound  : 42428 ns/block (WARN ONLY, never a REQUIRE - Q6) :
  within
      grains born     : 11  (of which triggered: 3)
      triggers dropped: 0   births skipped, pool full: 0   active at end: 4
    ARM 4 triggers, stress (one per 0.833 s)
      measured        : 93993 ns/block
      ratio vs arm 1  : 2.25014x
      absolute bound  : 70714 ns/block (WARN ONLY, never a REQUIRE - Q6) :
  ABOVE
      grains born     : 42  (of which triggered: 34)
      triggers dropped: 0   births skipped, pool full: 0   active at end: 17
    ARM 5 saturated drain (kMinGrainSeconds, queue at the FR-019 cap)
      measured        : 395780 ns/block
      ratio vs arm 1  : 9.47478x
      absolute bound  : none - arm 5's recorded figure IS the measurement (and
  'triggers dropped' is 0 BY ARITHMETIC: the cap is reached, never exceeded)
      grains born     : 36689  (of which triggered: 36689)
      triggers dropped: 0   births skipped, pool full: 1331661   active at end:
  64
  
  IN-RUN GATES (the ONLY REQUIREs - Q6). Arm 1 carries NO REQUIRE: it IS the
  reference.
      arm2 <= arm1 x 1.1   -> 37261.5 vs 45949.2
      arm3 <= arm1 x 1.5   -> 40470.5 vs 62658
      arm4 <= arm1 x 2.5   -> 93993 vs 104430
      arm5 <= arm1 x 11.239  -> 395780 vs 469476
      kSaturatedDrainFactor IS TRANSCRIBED AND FROZEN (11.239), measured 2026-
  09-24 pinned and alone.
        this run's own quotient, recomputed so a drift is visible: 10.186   ( =
  ceil(arm5/arm1 x 1.075 x 1000) / 1000 )
        The frozen bar is NOT re-derived from that figure. Widening it to make
  a later run pass is forbidden; a measurement above it is a FINDING.
  
  CLAUSE 5 - COMPUTED AND PRINTED, NEVER REQUIREd (Q6). DOMINATED.
      ceil((kEngineMeasuredNsAtPoly4 + delta) x 1.05) +
  kCavernMeasuredNsPerBlock <= kReferenceNs
      ceil((2.56617e+06 + delta) x 1.05) + 124497 <= 3.2e+06   <=>   delta <=
  362880 ns/block
      (checked-in baseline, read and NOT edited: kEngineBaselineNsAtPoly4 = 2.
  69448e+06 = ceil(2.56617e+06 x 1.05))
      delta(arm3 - arm1) = -1301.5  ->  lhs = 2.81761e+06  <= 3.2e+06 ? yes
      delta(arm4 - arm1) = 52221  ->  lhs = 2.87381e+06  <= 3.2e+06 ? yes
      DOMINATED: arm 4's own in-run bound caps delta at (2.5 - 1) x arm1 =
  62658 ns/block, about 5.79144x tighter than clause 5. The binding clauses are
  arms 2, 3, 4 and 5.
  
  NOTE - arm 3 reads LOW BY CONSTRUCTION, and that is the pinned shape, not
  a defect. One event per 8.33 s over a 28.8 s arm is ~3.456 events, and best-
  of-12 selects the MINIMUM trial - typically an early one, before the extra 12
  s grains have accumulated. Arm 3's figure is therefore a LOWER bound on the
  realistic cost; arm 4, at ten times the cadence, is the arm that actually
  resolves the trigger delta. Both are reported.
    NOTE - arm 5 bounds the SHARED COMPONENT'S PUBLIC CONTRACT, not Vorago's
  operating point: VoragoEngine runs one pre-render control step per 64-sample
  control chunk (vorago_engine.h:904-908), so it could issue at most one
  trigger per chunk even if the wiring were on - and it is not, OQ-1 is closed
  inert. Arm 5 issues 64 per chunk, the FR-019 cap, i.e. 48 000 birth attempts
  per second.
    NOTE - run ALONE (node tools/run-cpu-tests.js dsp_systems_tests), after a
  cool-down, P-core-pinned. A case that flips verdicts between runs is
  measuring the machine, not the code.

[LeverClickFreeNatural] fs=48000 seed=0x925863E5 render=28800000 samples (600 s) step boundaries=56250
[LeverClickFreeNatural] depth1 clicks L=0 (on-boundary 0, off 0) R=0 (on-boundary 0, off 0) peak=1.2329 non-finite=0
[LeverClickFreeNatural] depth0 twin clicks L=0 R=0 peak=0.6402 non-finite=0 (record only)
===============================================================================
test cases:     97 |     92 passed | 5 failed
assertions: 442636 | 442631 passed | 5 failed

