START 2026-10-03 08:26:56 factory preset tests after regenerating the tree for the Feedback Mire def edit (B-12) exe=2026-10-03 08:04:38
Filters: [preset]
Randomness seeded to: 292364364

~~~~~~~~~~~~~~~~~~~~~~~~~~~~~~~~~~~~~~~~~~~~~~~~~~~~~~~~~~~~~~~~~~~~~~~~~~~~~~~
vorago_tests.exe is a Catch2 v3.4.0 host application.
Run with -? for options

-------------------------------------------------------------------------------
Vorago_FactoryPresets_TreeMatchesGenerator
-------------------------------------------------------------------------------
F:\projects\iterum\plugins\vorago\tests\unit\preset\factory_preset_test.cpp(1807)
...............................................................................

F:\projects\iterum\plugins\vorago\tests\unit\preset\factory_preset_test.cpp(1845): warning:
  tree vs generator over 42 preset(s); per float field worst |c - r| / max(|c|,
  1e-30) (tolerance 1.19e-07):
    86 float field(s) bit-identical on every preset
    overall worst 0

-------------------------------------------------------------------------------
Vorago_PresetMatrix_ParameterSpaceDistinct
-------------------------------------------------------------------------------
F:\projects\iterum\plugins\vorago\tests\unit\preset\factory_preset_test.cpp(1856)
...............................................................................

F:\projects\iterum\plugins\vorago\tests\unit\preset\factory_preset_test.cpp(1917): warning:
  parameter-space minimum: 9 differing IDs (Drones/Slow Bloom vs default
  surface); floor 8

shard 0/1: 42 of 42 indices (N = 42)

=== Vorago_PresetSweep_LongRender (FR-033, SC-012; K = 4) ===
[sweep] index 0: computing / loading record...

Wind Through Basalt (index 0): A 155.00 s  Rel 45.00 s  RT60 6.00 s  H 340.00 s  Tail [396.00, 406.00]  Total 406.00 s  freeze tail Off
  take 0 seed  2: finite yes  peak 0.3327  arm1 hi -21.96 dB [yes]  arm2 lo -25.92 dB [yes]  arm3 late-sus +0.87 dB [yes]  arm4 tail -130.30 dB [yes]
  take 1 seed  3: finite yes  peak 0.3087  arm1 hi -22.03 dB [yes]  arm2 lo -29.70 dB [yes]  arm3 late-sus -0.43 dB [yes]  arm4 tail -119.55 dB [yes]
  take 2 seed  4: finite yes  peak 0.3369  arm1 hi -21.85 dB [yes]  arm2 lo -29.01 dB [yes]  arm3 late-sus +2.31 dB [yes]  arm4 tail -132.85 dB [yes]
  take 3 seed  5: finite yes  peak 0.3683  arm1 hi -21.97 dB [yes]  arm2 lo -29.71 dB [yes]  arm3 late-sus +1.73 dB [yes]  arm4 tail -132.82 dB [yes]
[sweep] index 1: computing / loading record...

Resonant Shaft (index 1): A 155.00 s  Rel 45.00 s  RT60 37.50 s  H 340.00 s  Tail [427.50, 437.50]  Total 437.50 s  freeze tail Off
  take 0 seed  3: finite yes  peak 0.9661  arm1 hi -8.86 dB [yes]  arm2 lo -25.13 dB [yes]  arm3 late-sus +7.44 dB [yes]  arm4 tail -216.96 dB [yes]
  take 1 seed  4: finite yes  peak 0.9661  arm1 hi -6.69 dB [yes]  arm2 lo -15.82 dB [yes]  arm3 late-sus +2.64 dB [yes]  arm4 tail -220.10 dB [yes]
  take 2 seed  5: finite yes  peak 0.9661  arm1 hi -6.70 dB [yes]  arm2 lo -17.89 dB [yes]  arm3 late-sus +0.12 dB [yes]  arm4 tail -220.46 dB [yes]
  take 3 seed  6: finite yes  peak 0.9661  arm1 hi -7.18 dB [yes]  arm2 lo -20.75 dB [yes]  arm3 late-sus -3.40 dB [yes]  arm4 tail -223.86 dB [yes]
[sweep] index 2: computing / loading record...

Smeared Horizon (index 2): A 155.00 s  Rel 45.00 s  RT60 16.50 s  H 340.00 s  Tail [406.50, 416.50]  Total 416.50 s  freeze tail Off
  take 0 seed  4: finite yes  peak 0.9661  arm1 hi -10.66 dB [yes]  arm2 lo -17.48 dB [yes]  arm3 late-sus +0.50 dB [yes]  arm4 tail -145.64 dB [yes]
  take 1 seed  5: finite yes  peak 0.9661  arm1 hi -10.98 dB [yes]  arm2 lo -17.79 dB [yes]  arm3 late-sus +0.47 dB [yes]  arm4 tail -145.07 dB [yes]
  take 2 seed  6: finite yes  peak 0.9661  arm1 hi -11.11 dB [yes]  arm2 lo -19.60 dB [yes]  arm3 late-sus -2.81 dB [yes]  arm4 tail -126.07 dB [yes]
  take 3 seed  7: finite yes  peak 0.9661  arm1 hi -11.64 dB [yes]  arm2 lo -18.96 dB [yes]  arm3 late-sus +1.15 dB [yes]  arm4 tail -140.64 dB [yes]
[sweep] index 3: computing / loading record...

Feedback Mire (index 3): A 155.00 s  Rel 45.00 s  RT60 3.00 s  H 340.00 s  Tail [393.00, 403.00]  Total 403.00 s  freeze tail Off
  take 0 seed  6: finite yes  peak 0.5543  arm1 hi -20.09 dB [yes]  arm2 lo -40.55 dB [yes]  arm3 late-sus +5.89 dB [yes]  arm4 tail -130.90 dB [yes]
  take 1 seed  7: finite yes  peak 0.5291  arm1 hi -19.44 dB [yes]  arm2 lo -37.34 dB [yes]  arm3 late-sus -0.72 dB [yes]  arm4 tail -154.70 dB [yes]
  take 2 seed  8: finite yes  peak 0.4329  arm1 hi -20.18 dB [yes]  arm2 lo -41.33 dB [yes]  arm3 late-sus +1.68 dB [yes]  arm4 tail -162.71 dB [yes]
  take 3 seed  9: finite yes  peak 0.2915  arm1 hi -23.78 dB [yes]  arm2 lo -41.75 dB [yes]  arm3 late-sus -6.21 dB [yes]  arm4 tail -165.35 dB [yes]
[sweep] index 4: computing / loading record...

Tectonic Floor (index 4): A 155.00 s  Rel 45.00 s  RT60 12.00 s  H 340.00 s  Tail [402.00, 412.00]  Total 412.00 s  freeze tail Off
  take 0 seed  1: finite yes  peak 0.5048  arm1 hi -16.47 dB [yes]  arm2 lo -20.25 dB [yes]  arm3 late-sus +0.89 dB [yes]  arm4 tail -192.95 dB [yes]
  take 1 seed  2: finite yes  peak 0.5801  arm1 hi -15.81 dB [yes]  arm2 lo -18.29 dB [yes]  arm3 late-sus +0.19 dB [yes]  arm4 tail -240.00 dB [yes]
  take 2 seed  3: finite yes  peak 0.5130  arm1 hi -16.06 dB [yes]  arm2 lo -19.66 dB [yes]  arm3 late-sus -0.40 dB [yes]  arm4 tail -225.72 dB [yes]
  take 3 seed  4: finite yes  peak 0.5695  arm1 hi -16.44 dB [yes]  arm2 lo -20.83 dB [yes]  arm3 late-sus +1.53 dB [yes]  arm4 tail -240.00 dB [yes]
[sweep] index 5: computing / loading record...

Slow Bloom (index 5): A 115.00 s  Rel 40.00 s  RT60 15.00 s  H 300.00 s  Tail [360.00, 370.00]  Total 370.00 s  freeze tail Off
  take 0 seed  7: finite yes  peak 0.3488  arm1 hi -20.52 dB [yes]  arm2 lo -27.43 dB [yes]  arm3 late-sus +0.36 dB [yes]  arm4 tail -185.54 dB [yes]
  take 1 seed  8: finite yes  peak 0.4352  arm1 hi -21.07 dB [yes]  arm2 lo -25.25 dB [yes]  arm3 late-sus -0.74 dB [yes]  arm4 tail -184.14 dB [yes]
  take 2 seed  9: finite yes  peak 0.4952  arm1 hi -20.09 dB [yes]  arm2 lo -26.52 dB [yes]  arm3 late-sus +1.86 dB [yes]  arm4 tail -179.46 dB [yes]
  take 3 seed 10: finite yes  peak 0.3835  arm1 hi -20.46 dB [yes]  arm2 lo -24.71 dB [yes]  arm3 late-sus +0.63 dB [yes]  arm4 tail -183.52 dB [yes]
[sweep] index 6: computing / loading record...

Colony Pulse (index 6): A 155.00 s  Rel 45.00 s  RT60 9.00 s  H 340.00 s  Tail [399.00, 409.00]  Total 409.00 s  freeze tail Off
  take 0 seed  8: finite yes  peak 0.9661  arm1 hi -14.69 dB [yes]  arm2 lo -26.56 dB [yes]  arm3 late-sus -1.43 dB [yes]  arm4 tail -151.31 dB [yes]
  take 1 seed  9: finite yes  peak 0.9661  arm1 hi -16.78 dB [yes]  arm2 lo -26.71 dB [yes]  arm3 late-sus +2.00 dB [yes]  arm4 tail -141.99 dB [yes]
  take 2 seed 10: finite yes  peak 0.7117  arm1 hi -18.21 dB [yes]  arm2 lo -24.15 dB [yes]  arm3 late-sus -1.77 dB [yes]  arm4 tail -144.21 dB [yes]
  take 3 seed 11: finite yes  peak 0.7497  arm1 hi -18.54 dB [yes]  arm2 lo -24.62 dB [yes]  arm3 late-sus +0.91 dB [yes]  arm4 tail -132.61 dB [yes]
[sweep] index 7: computing / loading record...

Cathedral Void (index 7): A 155.00 s  Rel 30.00 s  RT60 55.00 s  H 340.00 s  Tail [430.00, 440.00]  Total 440.00 s  freeze tail Off
  take 0 seed  5: finite yes  peak 0.1192  arm1 hi -32.42 dB [yes]  arm2 lo -34.85 dB [yes]  arm3 late-sus -0.18 dB [yes]  arm4 tail -205.06 dB [yes]
  take 1 seed  6: finite yes  peak 0.1148  arm1 hi -31.62 dB [yes]  arm2 lo -37.21 dB [yes]  arm3 late-sus +0.33 dB [yes]  arm4 tail -201.72 dB [yes]
  take 2 seed  7: finite yes  peak 0.1201  arm1 hi -32.02 dB [yes]  arm2 lo -35.54 dB [yes]  arm3 late-sus -0.06 dB [yes]  arm4 tail -196.71 dB [yes]
  take 3 seed  8: finite yes  peak 0.1129  arm1 hi -31.64 dB [yes]  arm2 lo -34.76 dB [yes]  arm3 late-sus -0.60 dB [yes]  arm4 tail -202.16 dB [yes]
[sweep] index 8: computing / loading record...

Choir of Absence (index 8): A 155.00 s  Rel 45.00 s  RT60 20.00 s  H 340.00 s  Tail [410.00, 420.00]  Total 420.00 s  freeze tail Off
  take 0 seed 10: finite yes  peak 0.9661  arm1 hi -6.56 dB [yes]  arm2 lo -10.86 dB [yes]  arm3 late-sus -0.86 dB [yes]  arm4 tail -153.95 dB [yes]
  take 1 seed 11: finite yes  peak 0.9661  arm1 hi -6.80 dB [yes]  arm2 lo -14.34 dB [yes]  arm3 late-sus +1.77 dB [yes]  arm4 tail -144.69 dB [yes]
  take 2 seed 12: finite yes  peak 0.9661  arm1 hi -6.27 dB [yes]  arm2 lo -11.50 dB [yes]  arm3 late-sus -1.28 dB [yes]  arm4 tail -154.67 dB [yes]
  take 3 seed 13: finite yes  peak 0.9661  arm1 hi -5.58 dB [NO]  arm2 lo -8.61 dB [yes]  arm3 late-sus -0.41 dB [yes]  arm4 tail -156.71 dB [yes]
-------------------------------------------------------------------------------
Vorago_PresetSweep_LongRender
-------------------------------------------------------------------------------
F:\projects\iterum\plugins\vorago\tests\integration\preset_sweep_test.cpp(1047)
...............................................................................

F:\projects\iterum\plugins\vorago\tests\integration\preset_sweep_test.cpp(1070): FAILED:
  CHECK( t.armPass[0] )
with expansion:
  false
with message:
  Choir of Absence take 3 (seed 13): peak 0.966051, hi -5.57553, lo -8.61327,
  late-sus -0.407648, tail -156.711

[sweep] index 9: computing / loading record...

Hull Resonance (index 9): A 155.00 s  Rel 45.00 s  RT60 4.00 s  H 340.00 s  Tail [394.00, 404.00]  Total 404.00 s  freeze tail Off
  take 0 seed 11: finite yes  peak 0.3590  arm1 hi -21.36 dB [yes]  arm2 lo -27.61 dB [yes]  arm3 late-sus -0.36 dB [yes]  arm4 tail -151.91 dB [yes]
  take 1 seed 12: finite yes  peak 0.3743  arm1 hi -22.32 dB [yes]  arm2 lo -27.98 dB [yes]  arm3 late-sus +0.77 dB [yes]  arm4 tail -139.77 dB [yes]
  take 2 seed 13: finite yes  peak 0.4112  arm1 hi -21.70 dB [yes]  arm2 lo -27.74 dB [yes]  arm3 late-sus +1.66 dB [yes]  arm4 tail -130.52 dB [yes]
  take 3 seed 14: finite yes  peak 0.2982  arm1 hi -23.47 dB [yes]  arm2 lo -28.87 dB [yes]  arm3 late-sus +1.16 dB [yes]  arm4 tail -161.52 dB [yes]
[sweep] index 10: computing / loading record...

Lightless (index 10): A 155.00 s  Rel 45.00 s  RT60 10.00 s  H 340.00 s  Tail [400.00, 410.00]  Total 410.00 s  freeze tail Off
  take 0 seed 13: finite yes  peak 0.1918  arm1 hi -25.13 dB [yes]  arm2 lo -30.72 dB [yes]  arm3 late-sus -1.76 dB [yes]  arm4 tail -154.47 dB [yes]
  take 1 seed 14: finite yes  peak 0.1758  arm1 hi -25.28 dB [yes]  arm2 lo -28.69 dB [yes]  arm3 late-sus +0.24 dB [yes]  arm4 tail -171.00 dB [yes]
  take 2 seed 15: finite yes  peak 0.1734  arm1 hi -25.49 dB [yes]  arm2 lo -34.59 dB [yes]  arm3 late-sus +1.37 dB [yes]  arm4 tail -163.95 dB [yes]
  take 3 seed  0: finite yes  peak 0.1887  arm1 hi -24.63 dB [yes]  arm2 lo -29.26 dB [yes]  arm3 late-sus +0.80 dB [yes]  arm4 tail -164.91 dB [yes]
[sweep] index 11: computing / loading record...

Erosion (index 11): A 155.00 s  Rel 45.00 s  RT60 16.00 s  H 340.00 s  Tail [406.00, 416.00]  Total 416.00 s  freeze tail Off
  take 0 seed 14: finite yes  peak 0.2096  arm1 hi -26.12 dB [yes]  arm2 lo -34.30 dB [yes]  arm3 late-sus +0.02 dB [yes]  arm4 tail -191.38 dB [yes]
  take 1 seed 15: finite yes  peak 0.2246  arm1 hi -23.33 dB [yes]  arm2 lo -38.18 dB [yes]  arm3 late-sus +1.55 dB [yes]  arm4 tail -194.79 dB [yes]
  take 2 seed  0: finite yes  peak 0.2495  arm1 hi -24.26 dB [yes]  arm2 lo -32.96 dB [yes]  arm3 late-sus +0.63 dB [yes]  arm4 tail -179.62 dB [yes]
  take 3 seed  1: finite yes  peak 0.2487  arm1 hi -23.60 dB [yes]  arm2 lo -33.90 dB [yes]  arm3 late-sus -0.70 dB [yes]  arm4 tail -168.31 dB [yes]
[sweep] index 12: computing / loading record...

Crowded Dark (index 12): A 155.00 s  Rel 45.00 s  RT60 20.00 s  H 340.00 s  Tail [410.00, 420.00]  Total 420.00 s  freeze tail Off
  take 0 seed 15: finite yes  peak 0.8784  arm1 hi -15.31 dB [yes]  arm2 lo -29.12 dB [yes]  arm3 late-sus +1.31 dB [yes]  arm4 tail -179.19 dB [yes]
  take 1 seed  0: finite yes  peak 0.7324  arm1 hi -15.59 dB [yes]  arm2 lo -23.44 dB [yes]  arm3 late-sus -0.68 dB [yes]  arm4 tail -180.21 dB [yes]
  take 2 seed  1: finite yes  peak 0.6884  arm1 hi -17.05 dB [yes]  arm2 lo -23.17 dB [yes]  arm3 late-sus -0.66 dB [yes]  arm4 tail -161.93 dB [yes]
  take 3 seed  2: finite yes  peak 0.7929  arm1 hi -15.56 dB [yes]  arm2 lo -24.17 dB [yes]  arm3 late-sus -0.64 dB [yes]  arm4 tail -186.68 dB [yes]
[sweep] index 13: computing / loading record...

Drifting Strata (index 13): A 155.00 s  Rel 45.00 s  RT60 20.00 s  H 340.00 s  Tail [410.00, 420.00]  Total 420.00 s  freeze tail Off
  take 0 seed  3: finite yes  peak 0.9661  arm1 hi -14.29 dB [yes]  arm2 lo -21.93 dB [yes]  arm3 late-sus -1.70 dB [yes]  arm4 tail -162.31 dB [yes]
  take 1 seed  4: finite yes  peak 0.9661  arm1 hi -15.01 dB [yes]  arm2 lo -21.92 dB [yes]  arm3 late-sus +2.08 dB [yes]  arm4 tail -185.35 dB [yes]
  take 2 seed  5: finite yes  peak 0.9661  arm1 hi -14.32 dB [yes]  arm2 lo -21.61 dB [yes]  arm3 late-sus +0.61 dB [yes]  arm4 tail -187.02 dB [yes]
  take 3 seed  6: finite yes  peak 0.9661  arm1 hi -13.71 dB [yes]  arm2 lo -21.22 dB [yes]  arm3 late-sus +0.98 dB [yes]  arm4 tail -181.59 dB [yes]
[sweep] index 14: computing / loading record...

Stone Gravity (index 14): A 155.00 s  Rel 45.00 s  RT60 30.00 s  H 340.00 s  Tail [420.00, 430.00]  Total 430.00 s  freeze tail Off
  take 0 seed  1: finite yes  peak 0.9661  arm1 hi -7.20 dB [yes]  arm2 lo -22.87 dB [yes]  arm3 late-sus +1.12 dB [yes]  arm4 tail -219.91 dB [yes]
  take 1 seed  2: finite yes  peak 0.9661  arm1 hi -6.20 dB [yes]  arm2 lo -26.67 dB [yes]  arm3 late-sus +2.26 dB [yes]  arm4 tail -226.43 dB [yes]
  take 2 seed  3: finite yes  peak 0.9661  arm1 hi -10.42 dB [yes]  arm2 lo -25.16 dB [yes]  arm3 late-sus +3.90 dB [yes]  arm4 tail -222.18 dB [yes]
  take 3 seed  4: finite yes  peak 0.9661  arm1 hi -6.95 dB [yes]  arm2 lo -16.90 dB [yes]  arm3 late-sus +2.14 dB [yes]  arm4 tail -223.98 dB [yes]
[sweep] index 15: computing / loading record...

Entropic Hum (index 15): A 155.00 s  Rel 45.00 s  RT60 4.00 s  H 340.00 s  Tail [394.00, 404.00]  Total 404.00 s  freeze tail Off
  take 0 seed  5: finite yes  peak 0.4507  arm1 hi -20.06 dB [yes]  arm2 lo -26.02 dB [yes]  arm3 late-sus -0.22 dB [yes]  arm4 tail -118.77 dB [yes]
  take 1 seed  6: finite yes  peak 0.5002  arm1 hi -19.37 dB [yes]  arm2 lo -27.80 dB [yes]  arm3 late-sus -2.17 dB [yes]  arm4 tail -114.89 dB [yes]
  take 2 seed  7: finite yes  peak 0.4064  arm1 hi -20.98 dB [yes]  arm2 lo -27.61 dB [yes]  arm3 late-sus -1.47 dB [yes]  arm4 tail -113.82 dB [yes]
  take 3 seed  8: finite yes  peak 0.5176  arm1 hi -19.83 dB [yes]  arm2 lo -27.77 dB [yes]  arm3 late-sus +0.32 dB [yes]  arm4 tail -120.49 dB [yes]
[sweep] index 16: computing / loading record...

Pressure Front (index 16): A 155.00 s  Rel 45.00 s  RT60 20.00 s  H 340.00 s  Tail [410.00, 420.00]  Total 420.00 s  freeze tail Off
  take 0 seed  6: finite yes  peak 0.1628  arm1 hi -22.86 dB [yes]  arm2 lo -28.79 dB [yes]  arm3 late-sus +0.27 dB [yes]  arm4 tail -182.38 dB [yes]
  take 1 seed  7: finite yes  peak 0.1552  arm1 hi -23.30 dB [yes]  arm2 lo -28.21 dB [yes]  arm3 late-sus +0.28 dB [yes]  arm4 tail -202.57 dB [yes]
  take 2 seed  8: finite yes  peak 0.1655  arm1 hi -23.04 dB [yes]  arm2 lo -26.74 dB [yes]  arm3 late-sus -0.15 dB [yes]  arm4 tail -210.67 dB [yes]
  take 3 seed  9: finite yes  peak 0.1646  arm1 hi -22.67 dB [yes]  arm2 lo -28.49 dB [yes]  arm3 late-sus -0.25 dB [yes]  arm4 tail -201.18 dB [yes]
[sweep] index 17: computing / loading record...

Weighted Deep (index 17): A 155.00 s  Rel 45.00 s  RT60 15.00 s  H 340.00 s  Tail [405.00, 415.00]  Total 415.00 s  freeze tail Off
  take 0 seed  7: finite yes  peak 0.8485  arm1 hi -11.41 dB [yes]  arm2 lo -14.34 dB [yes]  arm3 late-sus -0.05 dB [yes]  arm4 tail -193.51 dB [yes]
  take 1 seed  8: finite yes  peak 0.9501  arm1 hi -11.43 dB [yes]  arm2 lo -13.75 dB [yes]  arm3 late-sus -0.00 dB [yes]  arm4 tail -203.57 dB [yes]
  take 2 seed  9: finite yes  peak 0.7848  arm1 hi -11.37 dB [yes]  arm2 lo -14.48 dB [yes]  arm3 late-sus -0.16 dB [yes]  arm4 tail -193.34 dB [yes]
  take 3 seed 10: finite yes  peak 0.8673  arm1 hi -11.53 dB [yes]  arm2 lo -13.80 dB [yes]  arm3 late-sus -0.17 dB [yes]  arm4 tail -185.17 dB [yes]
[sweep] index 18: computing / loading record...

Fogbound (index 18): A 155.00 s  Rel 45.00 s  RT60 20.00 s  H 340.00 s  Tail [410.00, 420.00]  Total 420.00 s  freeze tail Off
  take 0 seed  9: finite yes  peak 0.2346  arm1 hi -24.27 dB [yes]  arm2 lo -30.41 dB [yes]  arm3 late-sus -0.80 dB [yes]  arm4 tail -166.47 dB [yes]
  take 1 seed 10: finite yes  peak 0.2976  arm1 hi -22.76 dB [yes]  arm2 lo -28.33 dB [yes]  arm3 late-sus -0.48 dB [yes]  arm4 tail -162.13 dB [yes]
  take 2 seed 11: finite yes  peak 0.2601  arm1 hi -24.41 dB [yes]  arm2 lo -31.92 dB [yes]  arm3 late-sus +3.43 dB [yes]  arm4 tail -150.15 dB [yes]
  take 3 seed 12: finite yes  peak 0.2886  arm1 hi -21.78 dB [yes]  arm2 lo -31.23 dB [yes]  arm3 late-sus -1.00 dB [yes]  arm4 tail -162.05 dB [yes]
[sweep] index 19: computing / loading record...

Teeming (index 19): A 155.00 s  Rel 45.00 s  RT60 6.00 s  H 340.00 s  Tail [396.00, 406.00]  Total 406.00 s  freeze tail Off
  take 0 seed 11: finite yes  peak 0.2801  arm1 hi -23.08 dB [yes]  arm2 lo -31.95 dB [yes]  arm3 late-sus +2.24 dB [yes]  arm4 tail -132.79 dB [yes]
  take 1 seed 12: finite yes  peak 0.3506  arm1 hi -21.67 dB [yes]  arm2 lo -30.46 dB [yes]  arm3 late-sus +1.06 dB [yes]  arm4 tail -130.80 dB [yes]
  take 2 seed 13: finite yes  peak 0.3604  arm1 hi -21.82 dB [yes]  arm2 lo -28.68 dB [yes]  arm3 late-sus -0.25 dB [yes]  arm4 tail -118.45 dB [yes]
  take 3 seed 14: finite yes  peak 0.3089  arm1 hi -22.42 dB [yes]  arm2 lo -27.88 dB [yes]  arm3 late-sus +1.21 dB [yes]  arm4 tail -157.36 dB [yes]
[sweep] index 20: computing / loading record...

Endless Descent (index 20): A 155.00 s  Rel 40.00 s  RT60 27.00 s  H 340.00 s  Tail [412.00, 422.00]  Total 422.00 s  freeze tail Off
  take 0 seed 12: finite yes  peak 0.1198  arm1 hi -31.50 dB [yes]  arm2 lo -36.54 dB [yes]  arm3 late-sus +0.23 dB [yes]  arm4 tail -215.18 dB [yes]
  take 1 seed 13: finite yes  peak 0.1662  arm1 hi -30.79 dB [yes]  arm2 lo -37.72 dB [yes]  arm3 late-sus -0.29 dB [yes]  arm4 tail -212.97 dB [yes]
  take 2 seed 14: finite yes  peak 0.1253  arm1 hi -30.94 dB [yes]  arm2 lo -35.50 dB [yes]  arm3 late-sus +1.18 dB [yes]  arm4 tail -225.67 dB [yes]
  take 3 seed 15: finite yes  peak 0.1200  arm1 hi -32.66 dB [yes]  arm2 lo -41.24 dB [yes]  arm3 late-sus +0.94 dB [yes]  arm4 tail -222.63 dB [yes]
[sweep] index 21: computing / loading record...

Monolith (index 21): A 155.00 s  Rel 45.00 s  RT60 20.00 s  H 340.00 s  Tail [410.00, 420.00]  Total 420.00 s  freeze tail Off
  take 0 seed  4: finite yes  peak 0.9661  arm1 hi -8.74 dB [yes]  arm2 lo -13.98 dB [yes]  arm3 late-sus +1.89 dB [yes]  arm4 tail -212.12 dB [yes]
  take 1 seed  5: finite yes  peak 0.9661  arm1 hi -8.65 dB [yes]  arm2 lo -10.65 dB [yes]  arm3 late-sus -0.07 dB [yes]  arm4 tail -211.45 dB [yes]
  take 2 seed  6: finite yes  peak 0.9661  arm1 hi -8.86 dB [yes]  arm2 lo -15.57 dB [yes]  arm3 late-sus -0.40 dB [yes]  arm4 tail -183.46 dB [yes]
  take 3 seed  7: finite yes  peak 0.9661  arm1 hi -8.82 dB [yes]  arm2 lo -11.63 dB [yes]  arm3 late-sus -0.50 dB [yes]  arm4 tail -197.01 dB [yes]
[sweep] index 22: computing / loading record...

Bloom Colony (index 22): A 155.00 s  Rel 45.00 s  RT60 15.00 s  H 340.00 s  Tail [405.00, 415.00]  Total 415.00 s  freeze tail Off
  take 0 seed  0: finite yes  peak 0.3345  arm1 hi -20.34 dB [yes]  arm2 lo -26.05 dB [yes]  arm3 late-sus +0.22 dB [yes]  arm4 tail -211.98 dB [yes]
  take 1 seed  1: finite yes  peak 0.3184  arm1 hi -21.08 dB [yes]  arm2 lo -25.04 dB [yes]  arm3 late-sus -0.05 dB [yes]  arm4 tail -208.48 dB [yes]
  take 2 seed  2: finite yes  peak 0.3664  arm1 hi -19.80 dB [yes]  arm2 lo -21.60 dB [yes]  arm3 late-sus +0.59 dB [yes]  arm4 tail -229.08 dB [yes]
  take 3 seed  3: finite yes  peak 0.3573  arm1 hi -20.03 dB [yes]  arm2 lo -24.79 dB [yes]  arm3 late-sus -1.92 dB [yes]  arm4 tail -222.22 dB [yes]
[sweep] index 23: computing / loading record...

Singing Colony (index 23): A 155.00 s  Rel 45.00 s  RT60 25.00 s  H 340.00 s  Tail [415.00, 425.00]  Total 425.00 s  freeze tail Off
  take 0 seed  2: finite yes  peak 0.9661  arm1 hi -8.35 dB [yes]  arm2 lo -22.90 dB [yes]  arm3 late-sus +2.44 dB [yes]  arm4 tail -240.00 dB [yes]
  take 1 seed  3: finite yes  peak 0.9661  arm1 hi -9.43 dB [yes]  arm2 lo -25.10 dB [yes]  arm3 late-sus +3.27 dB [yes]  arm4 tail -237.58 dB [yes]
  take 2 seed  4: finite yes  peak 0.9661  arm1 hi -6.68 dB [yes]  arm2 lo -18.32 dB [yes]  arm3 late-sus +1.07 dB [yes]  arm4 tail -240.00 dB [yes]
  take 3 seed  5: finite yes  peak 0.9661  arm1 hi -6.99 dB [yes]  arm2 lo -21.80 dB [yes]  arm3 late-sus +5.05 dB [yes]  arm4 tail -240.00 dB [yes]
[sweep] index 24: computing / loading record...

Swarm Breath (index 24): A 155.00 s  Rel 45.00 s  RT60 5.00 s  H 340.00 s  Tail [395.00, 405.00]  Total 405.00 s  freeze tail Off
  take 0 seed  5: finite yes  peak 0.1759  arm1 hi -25.84 dB [yes]  arm2 lo -30.53 dB [yes]  arm3 late-sus +0.60 dB [yes]  arm4 tail -159.02 dB [yes]
  take 1 seed  6: finite yes  peak 0.1797  arm1 hi -25.59 dB [yes]  arm2 lo -31.23 dB [yes]  arm3 late-sus -1.03 dB [yes]  arm4 tail -149.15 dB [yes]
  take 2 seed  7: finite yes  peak 0.1780  arm1 hi -25.22 dB [yes]  arm2 lo -28.16 dB [yes]  arm3 late-sus -0.70 dB [yes]  arm4 tail -187.99 dB [yes]
  take 3 seed  8: finite yes  peak 0.1887  arm1 hi -24.85 dB [yes]  arm2 lo -28.49 dB [yes]  arm3 late-sus -0.10 dB [yes]  arm4 tail -173.78 dB [yes]
[sweep] index 25: computing / loading record...

Feeding Loops (index 25): A 155.00 s  Rel 45.00 s  RT60 4.00 s  H 340.00 s  Tail [394.00, 404.00]  Total 404.00 s  freeze tail Off
  take 0 seed  8: finite yes  peak 0.1966  arm1 hi -25.65 dB [yes]  arm2 lo -40.62 dB [yes]  arm3 late-sus +4.63 dB [yes]  arm4 tail -206.86 dB [yes]
  take 1 seed  9: finite yes  peak 0.1769  arm1 hi -26.08 dB [yes]  arm2 lo -36.77 dB [yes]  arm3 late-sus -4.30 dB [yes]  arm4 tail -201.80 dB [yes]
  take 2 seed 10: finite yes  peak 0.1830  arm1 hi -26.35 dB [yes]  arm2 lo -37.93 dB [yes]  arm3 late-sus +2.02 dB [yes]  arm4 tail -187.17 dB [yes]
  take 3 seed 11: finite yes  peak 0.2028  arm1 hi -25.15 dB [yes]  arm2 lo -35.57 dB [yes]  arm3 late-sus +0.30 dB [yes]  arm4 tail -188.51 dB [yes]
[sweep] index 26: computing / loading record...

Haunted Colony (index 26): A 155.00 s  Rel 45.00 s  RT60 7.00 s  H 340.00 s  Tail [397.00, 407.00]  Total 407.00 s  freeze tail Off
  take 0 seed 12: finite yes  peak 0.4291  arm1 hi -19.59 dB [yes]  arm2 lo -23.31 dB [yes]  arm3 late-sus -0.04 dB [yes]  arm4 tail -158.58 dB [yes]
  take 1 seed 13: finite yes  peak 0.7090  arm1 hi -18.13 dB [yes]  arm2 lo -22.96 dB [yes]  arm3 late-sus -1.10 dB [yes]  arm4 tail -157.44 dB [yes]
  take 2 seed 14: finite yes  peak 0.4982  arm1 hi -18.35 dB [yes]  arm2 lo -22.90 dB [yes]  arm3 late-sus +2.25 dB [yes]  arm4 tail -169.16 dB [yes]
  take 3 seed 15: finite yes  peak 0.4185  arm1 hi -19.86 dB [yes]  arm2 lo -24.51 dB [yes]  arm3 late-sus +0.55 dB [yes]  arm4 tail -163.03 dB [yes]
[sweep] index 27: computing / loading record...
  attack window (D8.2 envelope Growth primary, W_end registered 65.0 s, measured 27.0 s): d_att 8.8756, d_Sus 2.8034
    P: first reaches RMS(Sus) - 6 dB at 22 s
    P_rev: first reaches RMS(Sus) - 6 dB at 6 s

Growth Ring (index 27): A 60.00 s  Rel 45.00 s  RT60 20.00 s  H 245.00 s  Tail [315.00, 325.00]  Total 325.00 s  freeze tail Off
  take 0 seed  9: finite yes  peak 0.1670  arm1 hi -25.17 dB [yes]  arm2 lo -26.85 dB [yes]  arm3 late-sus -0.53 dB [yes]  arm4 tail -240.00 dB [yes]
  take 1 seed 10: finite yes  peak 0.1818  arm1 hi -24.97 dB [yes]  arm2 lo -26.69 dB [yes]  arm3 late-sus -0.07 dB [yes]  arm4 tail -240.00 dB [yes]
  take 2 seed 11: finite yes  peak 0.1655  arm1 hi -25.37 dB [yes]  arm2 lo -28.09 dB [yes]  arm3 late-sus -1.62 dB [yes]  arm4 tail -240.00 dB [yes]
  take 3 seed 12: finite yes  peak 0.1718  arm1 hi -25.24 dB [yes]  arm2 lo -27.60 dB [yes]  arm3 late-sus +0.11 dB [yes]  arm4 tail -240.00 dB [yes]
[sweep] index 28: computing / loading record...

Glass Well (index 28): A 155.00 s  Rel 45.00 s  RT60 7.99 s  H 340.00 s  Tail [397.99, 407.99]  Total 407.99 s  freeze tail Off
  take 0 seed 12: finite yes  peak 0.4032  arm1 hi -21.16 dB [yes]  arm2 lo -27.93 dB [yes]  arm3 late-sus -0.70 dB [yes]  arm4 tail -173.62 dB [yes]
  take 1 seed 13: finite yes  peak 0.3957  arm1 hi -21.04 dB [yes]  arm2 lo -29.55 dB [yes]  arm3 late-sus +2.57 dB [yes]  arm4 tail -166.15 dB [yes]
  take 2 seed 14: finite yes  peak 0.3186  arm1 hi -22.31 dB [yes]  arm2 lo -28.55 dB [yes]  arm3 late-sus -0.40 dB [yes]  arm4 tail -186.26 dB [yes]
  take 3 seed 15: finite yes  peak 0.3310  arm1 hi -21.75 dB [yes]  arm2 lo -31.55 dB [yes]  arm3 late-sus +0.27 dB [yes]  arm4 tail -177.90 dB [yes]
[sweep] index 29: computing / loading record...

Strung Abyss (index 29): A 155.00 s  Rel 45.00 s  RT60 12.00 s  H 340.00 s  Tail [402.00, 412.00]  Total 412.00 s  freeze tail Off
  take 0 seed  3: finite yes  peak 0.5556  arm1 hi -16.71 dB [yes]  arm2 lo -24.11 dB [yes]  arm3 late-sus -2.45 dB [yes]  arm4 tail -221.71 dB [yes]
  take 1 seed  4: finite yes  peak 0.5794  arm1 hi -16.68 dB [yes]  arm2 lo -24.79 dB [yes]  arm3 late-sus -2.58 dB [yes]  arm4 tail -215.58 dB [yes]
  take 2 seed  5: finite yes  peak 0.7557  arm1 hi -12.00 dB [yes]  arm2 lo -24.30 dB [yes]  arm3 late-sus -0.44 dB [yes]  arm4 tail -221.76 dB [yes]
  take 3 seed  6: finite yes  peak 0.8079  arm1 hi -11.12 dB [yes]  arm2 lo -23.85 dB [yes]  arm3 late-sus -3.48 dB [yes]  arm4 tail -216.08 dB [yes]
[sweep] index 30: computing / loading record...

Iron Plate (index 30): A 155.00 s  Rel 45.00 s  RT60 5.00 s  H 340.00 s  Tail [395.00, 405.00]  Total 405.00 s  freeze tail Off
  take 0 seed 10: finite yes  peak 0.1357  arm1 hi -26.73 dB [yes]  arm2 lo -27.99 dB [yes]  arm3 late-sus +0.17 dB [yes]  arm4 tail -196.55 dB [yes]
  take 1 seed 11: finite yes  peak 0.1357  arm1 hi -26.68 dB [yes]  arm2 lo -28.29 dB [yes]  arm3 late-sus -0.19 dB [yes]  arm4 tail -190.18 dB [yes]
  take 2 seed 12: finite yes  peak 0.1248  arm1 hi -27.14 dB [yes]  arm2 lo -28.84 dB [yes]  arm3 late-sus +0.35 dB [yes]  arm4 tail -201.49 dB [yes]
  take 3 seed 13: finite yes  peak 0.1351  arm1 hi -26.43 dB [yes]  arm2 lo -28.27 dB [yes]  arm3 late-sus +0.31 dB [yes]  arm4 tail -201.80 dB [yes]
[sweep] index 31: computing / loading record...

Chamber Drone (index 31): A 155.00 s  Rel 45.00 s  RT60 7.00 s  H 340.00 s  Tail [397.00, 407.00]  Total 407.00 s  freeze tail Off
  take 0 seed 13: finite yes  peak 0.3683  arm1 hi -18.78 dB [yes]  arm2 lo -25.94 dB [yes]  arm3 late-sus -1.75 dB [yes]  arm4 tail -208.29 dB [yes]
  take 1 seed 14: finite yes  peak 0.3690  arm1 hi -18.73 dB [yes]  arm2 lo -23.72 dB [yes]  arm3 late-sus +0.95 dB [yes]  arm4 tail -215.13 dB [yes]
  take 2 seed 15: finite yes  peak 0.3771  arm1 hi -19.66 dB [yes]  arm2 lo -22.01 dB [yes]  arm3 late-sus -0.70 dB [yes]  arm4 tail -214.95 dB [yes]
  take 3 seed  0: finite yes  peak 0.4083  arm1 hi -18.62 dB [yes]  arm2 lo -22.50 dB [yes]  arm3 late-sus +0.36 dB [yes]  arm4 tail -215.99 dB [yes]
[sweep] index 32: computing / loading record...

Ice Shelf (index 32): A 155.00 s  Rel 45.00 s  RT60 10.00 s  H 340.00 s  Tail [400.00, 410.00]  Total 410.00 s  freeze tail Off
  take 0 seed  6: finite yes  peak 0.1358  arm1 hi -32.02 dB [yes]  arm2 lo -39.90 dB [yes]  arm3 late-sus -0.11 dB [yes]  arm4 tail -189.97 dB [yes]
  take 1 seed  7: finite yes  peak 0.1829  arm1 hi -28.64 dB [yes]  arm2 lo -42.15 dB [yes]  arm3 late-sus -0.47 dB [yes]  arm4 tail -198.68 dB [yes]
  take 2 seed  8: finite yes  peak 0.2575  arm1 hi -25.77 dB [yes]  arm2 lo -38.85 dB [yes]  arm3 late-sus +1.92 dB [yes]  arm4 tail -199.89 dB [yes]
  take 3 seed  9: finite yes  peak 0.1103  arm1 hi -32.82 dB [yes]  arm2 lo -42.08 dB [yes]  arm3 late-sus +1.97 dB [yes]  arm4 tail -199.47 dB [yes]
[sweep] index 33: computing / loading record...

Hull Ark (index 33): A 155.00 s  Rel 45.00 s  RT60 8.00 s  H 340.00 s  Tail [398.00, 408.00]  Total 408.00 s  freeze tail Off
  take 0 seed 14: finite yes  peak 0.4611  arm1 hi -18.18 dB [yes]  arm2 lo -20.29 dB [yes]  arm3 late-sus -0.02 dB [yes]  arm4 tail -189.20 dB [yes]
  take 1 seed 15: finite yes  peak 0.5313  arm1 hi -17.53 dB [yes]  arm2 lo -19.25 dB [yes]  arm3 late-sus +0.12 dB [yes]  arm4 tail -179.47 dB [yes]
  take 2 seed  0: finite yes  peak 0.5078  arm1 hi -17.07 dB [yes]  arm2 lo -19.67 dB [yes]  arm3 late-sus -0.39 dB [yes]  arm4 tail -186.37 dB [yes]
  take 3 seed  1: finite yes  peak 0.4890  arm1 hi -17.50 dB [yes]  arm2 lo -19.23 dB [yes]  arm3 late-sus +0.25 dB [yes]  arm4 tail -176.27 dB [yes]
[sweep] index 34: computing / loading record...

Column Hymn (index 34): A 155.00 s  Rel 45.00 s  RT60 35.00 s  H 340.00 s  Tail [425.00, 435.00]  Total 435.00 s  freeze tail Off
  take 0 seed  0: finite yes  peak 0.4241  arm1 hi -17.12 dB [yes]  arm2 lo -19.51 dB [yes]  arm3 late-sus +0.20 dB [yes]  arm4 tail -240.00 dB [yes]
  take 1 seed  1: finite yes  peak 0.4636  arm1 hi -17.29 dB [yes]  arm2 lo -18.74 dB [yes]  arm3 late-sus +0.09 dB [yes]  arm4 tail -240.00 dB [yes]
  take 2 seed  2: finite yes  peak 0.4180  arm1 hi -17.13 dB [yes]  arm2 lo -19.44 dB [yes]  arm3 late-sus +0.20 dB [yes]  arm4 tail -240.00 dB [yes]
  take 3 seed  3: finite yes  peak 0.4438  arm1 hi -17.53 dB [yes]  arm2 lo -18.82 dB [yes]  arm3 late-sus +0.14 dB [yes]  arm4 tail -240.00 dB [yes]
[sweep] index 35: computing / loading record...

Cavern Wall (index 35): A 155.00 s  Rel 45.00 s  RT60 12.00 s  H 340.00 s  Tail [402.00, 412.00]  Total 412.00 s  freeze tail Off
  take 0 seed  7: finite yes  peak 0.5870  arm1 hi -13.40 dB [yes]  arm2 lo -15.05 dB [yes]  arm3 late-sus +0.20 dB [yes]  arm4 tail -223.38 dB [yes]
  take 1 seed  8: finite yes  peak 0.6153  arm1 hi -13.24 dB [yes]  arm2 lo -15.12 dB [yes]  arm3 late-sus +0.13 dB [yes]  arm4 tail -222.00 dB [yes]
  take 2 seed  9: finite yes  peak 0.6007  arm1 hi -13.36 dB [yes]  arm2 lo -15.08 dB [yes]  arm3 late-sus +0.09 dB [yes]  arm4 tail -223.23 dB [yes]
  take 3 seed 10: finite yes  peak 0.5738  arm1 hi -13.43 dB [yes]  arm2 lo -15.30 dB [yes]  arm3 late-sus -0.15 dB [yes]  arm4 tail -219.75 dB [yes]
[sweep] index 36: computing / loading record...

Glass Sphere (index 36): A 155.00 s  Rel 45.00 s  RT60 15.00 s  H 340.00 s  Tail [405.00, 415.00]  Total 415.00 s  freeze tail Off
  take 0 seed  2: finite yes  peak 0.3558  arm1 hi -19.60 dB [yes]  arm2 lo -21.09 dB [yes]  arm3 late-sus +0.16 dB [yes]  arm4 tail -240.00 dB [yes]
  take 1 seed  3: finite yes  peak 0.4012  arm1 hi -18.73 dB [yes]  arm2 lo -21.26 dB [yes]  arm3 late-sus -0.08 dB [yes]  arm4 tail -232.03 dB [yes]
  take 2 seed  4: finite yes  peak 0.3537  arm1 hi -19.69 dB [yes]  arm2 lo -21.35 dB [yes]  arm3 late-sus +0.19 dB [yes]  arm4 tail -233.43 dB [yes]
  take 3 seed  5: finite yes  peak 0.4558  arm1 hi -18.72 dB [yes]  arm2 lo -21.29 dB [yes]  arm3 late-sus -0.37 dB [yes]  arm4 tail -239.61 dB [yes]
[sweep] index 37: computing / loading record...
  attack window (D9.1 attack span <= 10 s primary, W_end registered 25.0 s, measured 23.0 s): d_att 9.6066, d_Sus 4.3035
    P: first reaches RMS(Sus) - 6 dB at 4 s
    P_rev: first reaches RMS(Sus) - 6 dB at 18 s

Sudden Chasm (index 37): A 9.00 s  Rel 20.00 s  RT60 20.00 s  H 194.00 s  Tail [239.00, 249.00]  Total 249.00 s  freeze tail Off
  take 0 seed  5: finite yes  peak 0.2510  arm1 hi -20.68 dB [yes]  arm2 lo -22.19 dB [yes]  arm3 late-sus -0.37 dB [yes]  arm4 tail -234.28 dB [yes]
  take 1 seed  6: finite yes  peak 0.2576  arm1 hi -20.79 dB [yes]  arm2 lo -22.64 dB [yes]  arm3 late-sus -0.44 dB [yes]  arm4 tail -240.00 dB [yes]
  take 2 seed  7: finite yes  peak 0.2537  arm1 hi -20.74 dB [yes]  arm2 lo -22.10 dB [yes]  arm3 late-sus -0.10 dB [yes]  arm4 tail -240.00 dB [yes]
  take 3 seed  8: finite yes  peak 0.2607  arm1 hi -20.76 dB [yes]  arm2 lo -22.04 dB [yes]  arm3 late-sus -0.07 dB [yes]  arm4 tail -240.00 dB [yes]
[sweep] index 38: computing / loading record...

Dead Air (index 38): A 155.00 s  Rel 45.00 s  RT60 20.00 s  H 340.00 s  Tail [410.00, 420.00]  Total 420.00 s  freeze tail Off
  take 0 seed  4: finite yes  peak 0.9661  arm1 hi -11.85 dB [yes]  arm2 lo -14.34 dB [yes]  arm3 late-sus +0.19 dB [yes]  arm4 tail -206.09 dB [yes]
  take 1 seed  5: finite yes  peak 0.9661  arm1 hi -9.51 dB [yes]  arm2 lo -13.87 dB [yes]  arm3 late-sus -0.90 dB [yes]  arm4 tail -206.26 dB [yes]
  take 2 seed  6: finite yes  peak 0.9661  arm1 hi -8.86 dB [yes]  arm2 lo -14.51 dB [yes]  arm3 late-sus +0.36 dB [yes]  arm4 tail -201.14 dB [yes]
  take 3 seed  7: finite yes  peak 0.9661  arm1 hi -9.81 dB [yes]  arm2 lo -14.22 dB [yes]  arm3 late-sus -0.54 dB [yes]  arm4 tail -203.92 dB [yes]
[sweep] index 39: computing / loading record...

Abyssal Wind (index 39): A 155.00 s  Rel 45.00 s  RT60 25.00 s  H 340.00 s  Tail [415.00, 425.00]  Total 425.00 s  freeze tail Off
  take 0 seed 15: finite yes  peak 0.2040  arm1 hi -26.26 dB [yes]  arm2 lo -29.98 dB [yes]  arm3 late-sus +0.87 dB [yes]  arm4 tail -233.28 dB [yes]
  take 1 seed  0: finite yes  peak 0.1999  arm1 hi -26.48 dB [yes]  arm2 lo -30.41 dB [yes]  arm3 late-sus +0.37 dB [yes]  arm4 tail -229.06 dB [yes]
  take 2 seed  1: finite yes  peak 0.2099  arm1 hi -26.73 dB [yes]  arm2 lo -30.83 dB [yes]  arm3 late-sus -0.16 dB [yes]  arm4 tail -227.53 dB [yes]
  take 3 seed  2: finite yes  peak 0.2147  arm1 hi -25.68 dB [yes]  arm2 lo -29.56 dB [yes]  arm3 late-sus -0.43 dB [yes]  arm4 tail -226.86 dB [yes]
[sweep] index 40: computing / loading record...

Spore Drift (index 40): A 155.00 s  Rel 45.00 s  RT60 5.00 s  H 340.00 s  Tail [395.00, 405.00]  Total 405.00 s  freeze tail Off
  take 0 seed  9: finite yes  peak 0.2053  arm1 hi -26.69 dB [yes]  arm2 lo -31.01 dB [yes]  arm3 late-sus -0.32 dB [yes]  arm4 tail -157.20 dB [yes]
  take 1 seed 10: finite yes  peak 0.2096  arm1 hi -25.02 dB [yes]  arm2 lo -32.76 dB [yes]  arm3 late-sus +0.23 dB [yes]  arm4 tail -141.06 dB [yes]
  take 2 seed 11: finite yes  peak 0.2306  arm1 hi -25.50 dB [yes]  arm2 lo -31.91 dB [yes]  arm3 late-sus +0.20 dB [yes]  arm4 tail -127.17 dB [yes]
  take 3 seed 12: finite yes  peak 0.2688  arm1 hi -25.75 dB [yes]  arm2 lo -31.78 dB [yes]  arm3 late-sus +0.11 dB [yes]  arm4 tail -169.96 dB [yes]
[sweep] index 41: computing / loading record...

Steam Vent (index 41): A 155.00 s  Rel 45.00 s  RT60 20.00 s  H 340.00 s  Tail [410.00, 420.00]  Total 420.00 s  freeze tail Off
  take 0 seed 11: finite yes  peak 0.5891  arm1 hi -18.10 dB [yes]  arm2 lo -23.14 dB [yes]  arm3 late-sus +1.45 dB [yes]  arm4 tail -193.99 dB [yes]
  take 1 seed 12: finite yes  peak 0.6503  arm1 hi -15.83 dB [yes]  arm2 lo -28.11 dB [yes]  arm3 late-sus +1.30 dB [yes]  arm4 tail -204.52 dB [yes]
  take 2 seed 13: finite yes  peak 0.5037  arm1 hi -16.97 dB [yes]  arm2 lo -23.94 dB [yes]  arm3 late-sus -0.47 dB [yes]  arm4 tail -200.40 dB [yes]
  take 3 seed 14: finite yes  peak 0.4457  arm1 hi -18.48 dB [yes]  arm2 lo -24.04 dB [yes]  arm3 late-sus -0.11 dB [yes]  arm4 tail -211.22 dB [yes]
shard 0/1: 42 of 42 indices (N = 42)

=== Vorago_PresetSweep_FreezeGesture (FR-033, SC-024) ===
[sweep] index 7: computing / loading record...
Cathedral Void (index 7): RMS(Sus) -33.33 dB  G loudest -40.93  G last -41.30  G floor -53.33  G0 loudest -124.38 (bound -73.33)  G - G0 83.45 dB  pass yes
shard 0/1: 42 of 42 indices (N = 42)

=== Vorago_PresetSweep_SustainAtAllRates (FR-033a, SC-022) ===
[sweep] index 0: computing / loading record...
Wind Through Basalt (index 0): [0, 220.00 s]  44.1 kHz finite yes peak 0.3669 hi -21.41 dB  |  96 kHz finite yes peak 0.3387 hi -21.66 dB
[sweep] index 1: computing / loading record...
Resonant Shaft (index 1): [0, 220.00 s]  44.1 kHz finite yes peak 0.4965 hi -16.20 dB  |  96 kHz finite yes peak 0.8583 hi -13.01 dB
[sweep] index 2: computing / loading record...
Smeared Horizon (index 2): [0, 220.00 s]  44.1 kHz finite yes peak 0.9661 hi -10.74 dB  |  96 kHz finite yes peak 0.9661 hi -9.72 dB
[sweep] index 3: computing / loading record...
Feedback Mire (index 3): [0, 220.00 s]  44.1 kHz finite yes peak 0.5956 hi -20.30 dB  |  96 kHz finite yes peak 0.2804 hi -24.31 dB
[sweep] index 4: computing / loading record...
Tectonic Floor (index 4): [0, 220.00 s]  44.1 kHz finite yes peak 0.5583 hi -16.70 dB  |  96 kHz finite yes peak 0.5292 hi -16.20 dB
[sweep] index 5: computing / loading record...
Slow Bloom (index 5): [0, 180.00 s]  44.1 kHz finite yes peak 0.4332 hi -21.24 dB  |  96 kHz finite yes peak 0.3776 hi -21.72 dB
[sweep] index 6: computing / loading record...
Colony Pulse (index 6): [0, 220.00 s]  44.1 kHz finite yes peak 0.9661 hi -16.56 dB  |  96 kHz finite yes peak 0.9661 hi -14.27 dB
[sweep] index 7: computing / loading record...
Cathedral Void (index 7): [0, 220.00 s]  44.1 kHz finite yes peak 0.1122 hi -31.81 dB  |  96 kHz finite yes peak 0.1068 hi -31.49 dB
[sweep] index 8: computing / loading record...
Choir of Absence (index 8): [0, 220.00 s]  44.1 kHz finite yes peak 0.9661 hi -6.40 dB  |  96 kHz finite yes peak 0.9661 hi -7.20 dB
[sweep] index 9: computing / loading record...
Hull Resonance (index 9): [0, 220.00 s]  44.1 kHz finite yes peak 0.3048 hi -24.41 dB  |  96 kHz finite yes peak 0.2228 hi -24.65 dB
[sweep] index 10: computing / loading record...
Lightless (index 10): [0, 220.00 s]  44.1 kHz finite yes peak 0.2128 hi -24.88 dB  |  96 kHz finite yes peak 0.1852 hi -25.17 dB
[sweep] index 11: computing / loading record...
Erosion (index 11): [0, 220.00 s]  44.1 kHz finite yes peak 0.2188 hi -25.61 dB  |  96 kHz finite yes peak 0.1966 hi -27.37 dB
[sweep] index 12: computing / loading record...
Crowded Dark (index 12): [0, 220.00 s]  44.1 kHz finite yes peak 0.8081 hi -16.27 dB  |  96 kHz finite yes peak 0.5905 hi -17.87 dB
[sweep] index 13: computing / loading record...
Drifting Strata (index 13): [0, 220.00 s]  44.1 kHz finite yes peak 0.9164 hi -14.16 dB  |  96 kHz finite yes peak 0.8791 hi -14.43 dB
[sweep] index 14: computing / loading record...
Stone Gravity (index 14): [0, 220.00 s]  44.1 kHz finite yes peak 0.9661 hi -7.28 dB  |  96 kHz finite yes peak 0.9661 hi -6.78 dB
[sweep] index 15: computing / loading record...
Entropic Hum (index 15): [0, 220.00 s]  44.1 kHz finite yes peak 0.3848 hi -22.23 dB  |  96 kHz finite yes peak 0.3546 hi -21.08 dB
[sweep] index 16: computing / loading record...
Pressure Front (index 16): [0, 220.00 s]  44.1 kHz finite yes peak 0.1634 hi -22.93 dB  |  96 kHz finite yes peak 0.1636 hi -23.49 dB
[sweep] index 17: computing / loading record...
Weighted Deep (index 17): [0, 220.00 s]  44.1 kHz finite yes peak 0.8592 hi -11.06 dB  |  96 kHz finite yes peak 0.9239 hi -11.79 dB
[sweep] index 18: computing / loading record...
Fogbound (index 18): [0, 220.00 s]  44.1 kHz finite yes peak 0.2660 hi -22.52 dB  |  96 kHz finite yes peak 0.2856 hi -22.92 dB
[sweep] index 19: computing / loading record...
Teeming (index 19): [0, 220.00 s]  44.1 kHz finite yes peak 0.3005 hi -23.42 dB  |  96 kHz finite yes peak 0.2188 hi -24.55 dB
[sweep] index 20: computing / loading record...
Endless Descent (index 20): [0, 220.00 s]  44.1 kHz finite yes peak 0.1330 hi -30.64 dB  |  96 kHz finite yes peak 0.1493 hi -30.61 dB
[sweep] index 21: computing / loading record...
Monolith (index 21): [0, 220.00 s]  44.1 kHz finite yes peak 0.9661 hi -8.96 dB  |  96 kHz finite yes peak 0.9661 hi -8.70 dB
[sweep] index 22: computing / loading record...
Bloom Colony (index 22): [0, 220.00 s]  44.1 kHz finite yes peak 0.3565 hi -20.10 dB  |  96 kHz finite yes peak 0.3295 hi -21.21 dB
[sweep] index 23: computing / loading record...
Singing Colony (index 23): [0, 220.00 s]  44.1 kHz finite yes peak 0.9661 hi -8.05 dB  |  96 kHz finite yes peak 0.5618 hi -16.01 dB
[sweep] index 24: computing / loading record...
Swarm Breath (index 24): [0, 220.00 s]  44.1 kHz finite yes peak 0.1740 hi -25.35 dB  |  96 kHz finite yes peak 0.1670 hi -25.74 dB
[sweep] index 25: computing / loading record...
Feeding Loops (index 25): [0, 220.00 s]  44.1 kHz finite yes peak 0.1689 hi -26.29 dB  |  96 kHz finite yes peak 0.1464 hi -27.26 dB
[sweep] index 26: computing / loading record...
Haunted Colony (index 26): [0, 220.00 s]  44.1 kHz finite yes peak 0.5758 hi -17.27 dB  |  96 kHz finite yes peak 0.4770 hi -18.44 dB
[sweep] index 27: computing / loading record...
Growth Ring (index 27): [0, 125.00 s]  44.1 kHz finite yes peak 0.1762 hi -24.88 dB  |  96 kHz finite yes peak 0.1597 hi -26.10 dB
[sweep] index 28: computing / loading record...
Glass Well (index 28): [0, 220.00 s]  44.1 kHz finite yes peak 0.3059 hi -21.96 dB  |  96 kHz finite yes peak 0.2748 hi -23.00 dB
[sweep] index 29: computing / loading record...
Strung Abyss (index 29): [0, 220.00 s]  44.1 kHz finite yes peak 0.3763 hi -18.70 dB  |  96 kHz finite yes peak 0.3909 hi -19.11 dB
[sweep] index 30: computing / loading record...
Iron Plate (index 30): [0, 220.00 s]  44.1 kHz finite yes peak 0.1288 hi -26.49 dB  |  96 kHz finite yes peak 0.1248 hi -26.78 dB
[sweep] index 31: computing / loading record...
Chamber Drone (index 31): [0, 220.00 s]  44.1 kHz finite yes peak 0.3658 hi -18.98 dB  |  96 kHz finite yes peak 0.3358 hi -19.70 dB
[sweep] index 32: computing / loading record...
Ice Shelf (index 32): [0, 220.00 s]  44.1 kHz finite yes peak 0.1376 hi -30.68 dB  |  96 kHz finite yes peak 0.1035 hi -32.19 dB
[sweep] index 33: computing / loading record...
Hull Ark (index 33): [0, 220.00 s]  44.1 kHz finite yes peak 0.4816 hi -17.76 dB  |  96 kHz finite yes peak 0.3892 hi -19.57 dB
[sweep] index 34: computing / loading record...
Column Hymn (index 34): [0, 220.00 s]  44.1 kHz finite yes peak 0.4164 hi -16.66 dB  |  96 kHz finite yes peak 0.3774 hi -18.27 dB
[sweep] index 35: computing / loading record...
Cavern Wall (index 35): [0, 220.00 s]  44.1 kHz finite yes peak 0.5985 hi -13.22 dB  |  96 kHz finite yes peak 0.5133 hi -14.53 dB
[sweep] index 36: computing / loading record...
Glass Sphere (index 36): [0, 220.00 s]  44.1 kHz finite yes peak 0.3435 hi -19.44 dB  |  96 kHz finite yes peak 0.3054 hi -20.60 dB
[sweep] index 37: computing / loading record...
Sudden Chasm (index 37): [0, 74.00 s]  44.1 kHz finite yes peak 0.2544 hi -20.62 dB  |  96 kHz finite yes peak 0.2254 hi -21.70 dB
[sweep] index 38: computing / loading record...
Dead Air (index 38): [0, 220.00 s]  44.1 kHz finite yes peak 0.9661 hi -12.15 dB  |  96 kHz finite yes peak 0.9661 hi -12.84 dB
[sweep] index 39: computing / loading record...
Abyssal Wind (index 39): [0, 220.00 s]  44.1 kHz finite yes peak 0.2054 hi -24.91 dB  |  96 kHz finite yes peak 0.1915 hi -26.79 dB
[sweep] index 40: computing / loading record...
Spore Drift (index 40): [0, 220.00 s]  44.1 kHz finite yes peak 0.1650 hi -26.95 dB  |  96 kHz finite yes peak 0.1784 hi -27.66 dB
[sweep] index 41: computing / loading record...
Steam Vent (index 41): [0, 220.00 s]  44.1 kHz finite yes peak 0.7226 hi -16.77 dB  |  96 kHz finite yes peak 0.6458 hi -17.55 dB
shard 0/1: 43 of 43 indices (N = 42, index N = default surface)

=== Vorago_PresetSweep_AblationVerifiesClaims (FR-012, FR-037, SC-011) ===
[sweep] index 0: computing / loading record...

Wind Through Basalt (index 0): primary S1 noise organism, 5 secondaries, s(P) 2.2026
  cell                         claim state conj rend           d      2s(P)     attrib  sec pri  skip
  S1 noise organism            PRI   yes   yes  yes       3.0600     4.4051    -1.0000  yes NO   
  S2 resonance drift                 yes   yes  yes       0.8076     4.4051    -1.0000  NO  NO   
  S3 spectral smear                  yes   yes  yes       1.6596     4.4051    -1.0000  yes NO   
  S4 feedback ecology                yes   yes  yes       0.0251     4.4051    -1.0000  NO  NO   
  S5 subharmonic                     yes   yes  yes       1.9706     4.4051    -1.0000  yes NO   
  S6 harmonic bloom                  yes   yes  yes       0.4241     4.4051    -1.0000  NO  NO   
  S7 ecosystem                       yes   yes  yes       3.0435     4.4051    -1.0000  yes NO   
  S8 cavern space                    yes   yes  yes       2.2153     4.4051    -1.0000  yes NO   
  S9 ghost / atmosphere              yes   yes  yes       0.8133     4.4051    -1.0000  NO  NO   
  S10 acoustic body                  yes   yes  yes       7.9564     4.4051    -1.0000  yes yes  
  M1 Darkness                        NO    yes  NO        0.0000     4.4051    -1.0000  NO  NO   M displacement
  M2 Age                             NO    yes  NO        0.0000     4.4051    -1.0000  NO  NO   M displacement
  M3 Density                         NO    yes  NO        0.0000     4.4051    -1.0000  NO  NO   M displacement
  M4 Movement                        NO    yes  NO        0.0000     4.4051    -1.0000  NO  NO   M displacement
  M5 Gravity                         NO    yes  NO        0.0000     4.4051    -1.0000  NO  NO   M displacement
  M6 Entropy                         NO    yes  NO        0.0000     4.4051    -1.0000  NO  NO   M displacement
  M7 Pressure                        NO    yes  NO        0.0000     4.4051    -1.0000  NO  NO   M displacement
  M8 Weight                          NO    yes  NO        0.0000     4.4051    -1.0000  NO  NO   M displacement
  M9 Fog                             NO    yes  NO        0.0000     4.4051    -1.0000  NO  NO   M displacement
  M10 Life                           NO    yes  NO        0.0000     4.4051    -1.0000  NO  NO   M displacement
  M11 Depth                          NO    yes  NO        0.0000     4.4051    -1.0000  NO  NO   M displacement
  M12 Mass                           NO    yes  NO        0.0000     4.4051    -1.0000  NO  NO   M displacement
  E1 partial -> bloom                yes   yes  yes       0.2799     6.7654     0.3501  NO  NO   
  E2 resonator -> resonance peaks       yes   yes  yes       0.9651     5.1197     0.3501  NO  NO   
  E3 noise -> noise wake             yes   yes  yes       2.5184    11.0852     0.3501  yes NO   
  E4 feedback -> loop wake           yes   yes  yes       0.3512     6.3946     0.3501  NO  NO   
  E5 ghost -> ghost bursts           yes   yes  yes       2.4764     7.7638     0.3501  yes NO   
  E6.hi ecosystem sync rate high       NO    yes  NO        0.0000     4.4051    -1.0000  NO  NO   side predicate
  E7.hi ecosystem self-affinity high       NO    yes  NO        0.0000     4.4051    -1.0000  NO  NO   side predicate
  D1.1 material Glass                NO    yes  NO        0.0000     0.0000    -1.0000  NO  NO   state-only kind
  D1.2 material Strings              NO    yes  NO        0.0000     0.0000    -1.0000  NO  NO   state-only kind
  D1.3 material MetalPlate           NO    yes  NO        0.0000     0.0000    -1.0000  NO  NO   state-only kind
  D1.4 material Chamber              NO    yes  NO        0.0000     0.0000    -1.0000  NO  NO   state-only kind
  D1.5 material Ice                  NO    yes  NO        0.0000     0.0000    -1.0000  NO  NO   state-only kind
  D1.6 material StoneChamber         yes   yes  NO        0.0000     0.0000    -1.0000  yes NO   state-only kind
  D1.7 material SteelTank            yes   yes  NO        0.0000     0.0000    -1.0000  yes NO   state-only kind
  D1.8 material WoodenHull           NO    yes  NO        0.0000     0.0000    -1.0000  NO  NO   state-only kind
  D1.9 material CathedralColumn       NO    yes  NO        0.0000     0.0000    -1.0000  NO  NO   state-only kind
  D1.10 material CavernWall          NO    yes  NO        0.0000     0.0000    -1.0000  NO  NO   state-only kind
  D1.11 material GlassSphere         NO    yes  NO        0.0000     0.0000    -1.0000  NO  NO   state-only kind
  D2 body blend both heard           yes   yes  NO        0.0000     0.0000    -1.0000  yes NO   state-only kind
  D3.1 noise model Direct      sec   yes   yes  yes       3.0600     0.0000    -1.0000  yes NO   
  D3.2 noise model FilteredWind       NO    yes  yes       3.0600     0.0000    -1.0000  NO  NO   
  D3.3 noise model GranularDust       NO    yes  yes       3.0600     0.0000    -1.0000  NO  NO   
  D3.4 noise model MetallicHiss       NO    yes  yes       3.0600     0.0000    -1.0000  NO  NO   
  D4.1 noise type White        sec   yes   yes  NO        0.0000     0.0000    -1.0000  yes NO   state-only kind
  D4.2 noise type Pink         sec   yes   yes  NO        0.0000     0.0000    -1.0000  yes NO   state-only kind
  D4.3 noise type TapeHiss     sec   yes   yes  NO        0.0000     0.0000    -1.0000  yes NO   state-only kind
  D4.4 noise type VinylCrackle       NO    yes  NO        0.0000     0.0000    -1.0000  NO  NO   state-only kind
  D4.5 noise type Asperity           NO    yes  NO        0.0000     0.0000    -1.0000  NO  NO   state-only kind
  D4.6 noise type Brown              NO    yes  NO        0.0000     0.0000    -1.0000  NO  NO   state-only kind
  D4.7 noise type Blue         sec   yes   yes  NO        0.0000     0.0000    -1.0000  yes NO   state-only kind
  D4.8 noise type Violet             NO    yes  NO        0.0000     0.0000    -1.0000  NO  NO   state-only kind
  D4.9 noise type Grey               NO    yes  NO        0.0000     0.0000    -1.0000  NO  NO   state-only kind
  D4.10 noise type Velvet            NO    yes  NO        0.0000     0.0000    -1.0000  NO  NO   state-only kind
  D4.11 noise type VinylRumble       NO    yes  NO        0.0000     0.0000    -1.0000  NO  NO   state-only kind
  D4.12 noise type RadioStatic       NO    yes  NO        0.0000     0.0000    -1.0000  NO  NO   state-only kind
  D5.1 anchor Free                   NO    NO   NO        0.0000     0.0000    -1.0000  NO  NO   state-only kind
  D5.2 anchor Keyed                  NO    NO   NO        0.0000     0.0000    -1.0000  NO  NO   state-only kind
  D5.3 anchor Hybrid                 yes   NO   NO        0.0000     0.0000    -1.0000  NO  NO   state-only kind
  D6.1 loop filter Lowpass           yes   NO   NO        0.0000     0.0000    -1.0000  NO  NO   state-only kind
  D6.2 loop filter Bandpass          NO    NO   NO        0.0000     0.0000    -1.0000  NO  NO   state-only kind
  D6.3 loop filter Highpass          NO    NO   NO        0.0000     0.0000    -1.0000  NO  NO   state-only kind
  D7.1 loudest sub f/2               yes   yes  NO        0.0000     0.0000    -1.0000  yes NO   state-only kind
  D7.2 loudest sub f/4               NO    yes  NO        0.0000     0.0000    -1.0000  NO  NO   state-only kind
  D7.3 loudest sub fifth below       NO    yes  NO        0.0000     0.0000    -1.0000  NO  NO   state-only kind
  D8.1 envelope Standard             yes   yes  NO        0.0000     0.0000    -1.0000  yes NO   state-only kind
  D8.2 envelope Growth               NO    yes  NO        0.0000     0.0000    -1.0000  NO  NO   state-only kind
  D9.1 attack span <= 10 s           NO    yes  NO        0.0000     0.0000    -1.0000  NO  NO   state-only kind
  D9.2 attack span >= 90 s           yes   yes  NO        0.0000     0.0000    -1.0000  yes NO   state-only kind
  D10.1 freeze holds a field         NO    NO   NO        0.0000     0.0000    -1.0000  NO  NO   state-only kind
  D10.2 freeze off                   yes   yes  NO        0.0000     0.0000    -1.0000  yes NO   state-only kind
  D11 ghost reverse >= 0.5           NO    NO   NO        0.0000     0.0000    -1.0000  NO  NO   state-only kind
  D12.1 ghost event triggers on       NO    NO   NO        0.0000     0.0000    -1.0000  NO  NO   state-only kind
  D12.2 ghost event triggers off       yes   yes  NO        0.0000     0.0000    -1.0000  yes NO   state-only kind
  D13.1 event rate scale <= 0.3       NO    yes  NO        0.0000     4.4051    -1.0000  NO  NO   state false
  D13.2 event rate scale >= 3.0       NO    yes  NO        0.0000     4.4051    -1.0000  NO  NO   state false
  D14.1 breathing depth >= 0.7       NO    yes  NO        0.0000     4.4051    -1.0000  NO  NO   state false
  D14.2 tidal depth >= 0.7           NO    yes  NO        0.0000     4.4051    -1.0000  NO  NO   state false
-------------------------------------------------------------------------------
Vorago_PresetSweep_AblationVerifiesClaims
-------------------------------------------------------------------------------
F:\projects\iterum\plugins\vorago\tests\integration\preset_sweep_test.cpp(1150)
...............................................................................

F:\projects\iterum\plugins\vorago\tests\integration\preset_sweep_test.cpp(1203): FAILED:
  CHECK( VoragoTest::verifiedAt(o, primary, ClaimRole::Primary) )
with expansion:
  false
with message:
  Wind Through Basalt primary S1 noise organism: d 3.06003, 2s(P) 4.40514,
  attrib -1, skip []

[sweep] index 1: computing / loading record...

Resonant Shaft (index 1): primary S2 resonance drift, 1 secondaries, s(P) 4.9125
  cell                         claim state conj rend           d      2s(P)     attrib  sec pri  skip
  S1 noise organism                  yes   yes  yes       0.3928     9.8250    -1.0000  NO  NO   
  S2 resonance drift           PRI   yes   yes  yes       2.6851     9.8250    -1.0000  yes NO   
  S3 spectral smear                  yes   yes  yes       0.7139     9.8250    -1.0000  NO  NO   
  S4 feedback ecology                yes   yes  yes       0.2613     9.8250    -1.0000  NO  NO   
  S5 subharmonic                     yes   yes  yes       0.4083     9.8250    -1.0000  NO  NO   
  S6 harmonic bloom                  yes   yes  yes       1.0321     9.8250    -1.0000  NO  NO   
  S7 ecosystem                       yes   yes  yes       3.6766     9.8250    -1.0000  yes NO   
  S8 cavern space                    yes   yes  yes       4.8941     9.8250    -1.0000  yes yes  
  S9 ghost / atmosphere              yes   yes  yes       1.2152     9.8250    -1.0000  NO  NO   
  S10 acoustic body                  yes   yes  yes       0.4041     9.8250    -1.0000  NO  NO   
  M1 Darkness                        NO    yes  NO        0.0000     9.8250    -1.0000  NO  NO   M displacement
  M2 Age                             NO    yes  NO        0.0000     9.8250    -1.0000  NO  NO   M displacement
  M3 Density                         NO    yes  NO        0.0000     9.8250    -1.0000  NO  NO   M displacement
  M4 Movement                        NO    yes  NO        0.0000     9.8250    -1.0000  NO  NO   M displacement
  M5 Gravity                         NO    yes  NO        0.0000     9.8250    -1.0000  NO  NO   M displacement
  M6 Entropy                         NO    yes  NO        0.0000     9.8250    -1.0000  NO  NO   M displacement
  M7 Pressure                        NO    yes  NO        0.0000     9.8250    -1.0000  NO  NO   M displacement
  M8 Weight                          NO    yes  NO        0.0000     9.8250    -1.0000  NO  NO   M displacement
  M9 Fog                             NO    yes  NO        0.0000     9.8250    -1.0000  NO  NO   M displacement
  M10 Life                           NO    yes  NO        0.0000     9.8250    -1.0000  NO  NO   M displacement
  M11 Depth                          NO    yes  NO        0.0000     9.8250    -1.0000  NO  NO   M displacement
  M12 Mass                           NO    yes  NO        0.0000     9.8250    -1.0000  NO  NO   M displacement
  E1 partial -> bloom                yes   yes  yes       3.4344     7.9845     5.5908  NO  NO   
  E2 resonator -> resonance peaks       yes   yes  yes       4.3213    15.9255     5.5908  NO  NO   
  E3 noise -> noise wake             yes   yes  yes       5.6939     6.3296     5.5908  NO  NO   
  E4 feedback -> loop wake           yes   yes  yes       5.6487     6.6547     5.5908  NO  NO   
  E5 ghost -> ghost bursts           yes   yes  yes       4.8879     4.2984     5.5908  NO  NO   
  E6.hi ecosystem sync rate high       NO    yes  NO        0.0000     9.8250    -1.0000  NO  NO   side predicate
  E7.hi ecosystem self-affinity high       NO    yes  NO        0.0000     9.8250    -1.0000  NO  NO   side predicate
  D1.1 material Glass                NO    NO   NO        0.0000     0.0000    -1.0000  NO  NO   state-only kind
  D1.2 material Strings              NO    NO   NO        0.0000     0.0000    -1.0000  NO  NO   state-only kind
  D1.3 material MetalPlate           NO    NO   NO        0.0000     0.0000    -1.0000  NO  NO   state-only kind
  D1.4 material Chamber              NO    NO   NO        0.0000     0.0000    -1.0000  NO  NO   state-only kind
  D1.5 material Ice                  NO    NO   NO        0.0000     0.0000    -1.0000  NO  NO   state-only kind
  D1.6 material StoneChamber         yes   NO   NO        0.0000     0.0000    -1.0000  NO  NO   state-only kind
  D1.7 material SteelTank            yes   NO   NO        0.0000     0.0000    -1.0000  NO  NO   state-only kind
  D1.8 material WoodenHull           NO    NO   NO        0.0000     0.0000    -1.0000  NO  NO   state-only kind
  D1.9 material CathedralColumn       NO    NO   NO        0.0000     0.0000    -1.0000  NO  NO   state-only kind
  D1.10 material CavernWall          NO    NO   NO        0.0000     0.0000    -1.0000  NO  NO   state-only kind
  D1.11 material GlassSphere         NO    NO   NO        0.0000     0.0000    -1.0000  NO  NO   state-only kind
  D2 body blend both heard           yes   NO   NO        0.0000     0.0000    -1.0000  NO  NO   state-only kind
  D3.1 noise model Direct            yes   NO   yes       0.3928     0.0000    -1.0000  NO  NO   
  D3.2 noise model FilteredWind       yes   NO   yes       0.3928     0.0000    -1.0000  NO  NO   
  D3.3 noise model GranularDust       yes   NO   yes       0.3928     0.0000    -1.0000  NO  NO   
  D3.4 noise model MetallicHiss       yes   NO   yes       0.3928     0.0000    -1.0000  NO  NO   
  D4.1 noise type White              NO    NO   NO        0.0000     0.0000    -1.0000  NO  NO   state-only kind
  D4.2 noise type Pink               NO    NO   NO        0.0000     0.0000    -1.0000  NO  NO   state-only kind
  D4.3 noise type TapeHiss           NO    NO   NO        0.0000     0.0000    -1.0000  NO  NO   state-only kind
  D4.4 noise type VinylCrackle       NO    NO   NO        0.0000     0.0000    -1.0000  NO  NO   state-only kind
  D4.5 noise type Asperity           NO    NO   NO        0.0000     0.0000    -1.0000  NO  NO   state-only kind
  D4.6 noise type Brown              yes   NO   NO        0.0000     0.0000    -1.0000  NO  NO   state-only kind
  D4.7 noise type Blue               NO    NO   NO        0.0000     0.0000    -1.0000  NO  NO   state-only kind
  D4.8 noise type Violet             NO    NO   NO        0.0000     0.0000    -1.0000  NO  NO   state-only kind
  D4.9 noise type Grey               NO    NO   NO        0.0000     0.0000    -1.0000  NO  NO   state-only kind
  D4.10 noise type Velvet            NO    NO   NO        0.0000     0.0000    -1.0000  NO  NO   state-only kind
  D4.11 noise type VinylRumble       NO    NO   NO        0.0000     0.0000    -1.0000  NO  NO   state-only kind
  D4.12 noise type RadioStatic       NO    NO   NO        0.0000     0.0000    -1.0000  NO  NO   state-only kind
  D5.1 anchor Free                   NO    yes  NO        0.0000     0.0000    -1.0000  NO  NO   state-only kind
  D5.2 anchor Keyed            sec   yes   yes  NO        0.0000     0.0000    -1.0000  yes NO   state-only kind
  D5.3 anchor Hybrid                 NO    yes  NO        0.0000     0.0000    -1.0000  NO  NO   state-only kind
  D6.1 loop filter Lowpass           yes   NO   NO        0.0000     0.0000    -1.0000  NO  NO   state-only kind
  D6.2 loop filter Bandpass          NO    NO   NO        0.0000     0.0000    -1.0000  NO  NO   state-only kind
  D6.3 loop filter Highpass          NO    NO   NO        0.0000     0.0000    -1.0000  NO  NO   state-only kind
  D7.1 loudest sub f/2               yes   NO   NO        0.0000     0.0000    -1.0000  NO  NO   state-only kind
  D7.2 loudest sub f/4               NO    NO   NO        0.0000     0.0000    -1.0000  NO  NO   state-only kind
  D7.3 loudest sub fifth below       NO    NO   NO        0.0000     0.0000    -1.0000  NO  NO   state-only kind
  D8.1 envelope Standard             yes   yes  NO        0.0000     0.0000    -1.0000  yes NO   state-only kind
  D8.2 envelope Growth               NO    yes  NO        0.0000     0.0000    -1.0000  NO  NO   state-only kind
  D9.1 attack span <= 10 s           NO    yes  NO        0.0000     0.0000    -1.0000  NO  NO   state-only kind
  D9.2 attack span >= 90 s           yes   yes  NO        0.0000     0.0000    -1.0000  yes NO   state-only kind
  D10.1 freeze holds a field         NO    NO   NO        0.0000     0.0000    -1.0000  NO  NO   state-only kind
  D10.2 freeze off                   yes   yes  NO        0.0000     0.0000    -1.0000  yes NO   state-only kind
  D11 ghost reverse >= 0.5           NO    NO   NO        0.0000     0.0000    -1.0000  NO  NO   state-only kind
  D12.1 ghost event triggers on       NO    NO   NO        0.0000     0.0000    -1.0000  NO  NO   state-only kind
  D12.2 ghost event triggers off       yes   yes  NO        0.0000     0.0000    -1.0000  yes NO   state-only kind
  D13.1 event rate scale <= 0.3       NO    yes  NO        0.0000     9.8250    -1.0000  NO  NO   state false
  D13.2 event rate scale >= 3.0       NO    yes  NO        0.0000     9.8250    -1.0000  NO  NO   state false
  D14.1 breathing depth >= 0.7       NO    yes  NO        0.0000     9.8250    -1.0000  NO  NO   state false
  D14.2 tidal depth >= 0.7           NO    yes  NO        0.0000     9.8250    -1.0000  NO  NO   state false
F:\projects\iterum\plugins\vorago\tests\integration\preset_sweep_test.cpp(1203): FAILED:
  CHECK( VoragoTest::verifiedAt(o, primary, ClaimRole::Primary) )
with expansion:
  false
with message:
  Resonant Shaft primary S2 resonance drift: d 2.68506, 2s(P) 9.82495, attrib -
  1, skip []

[sweep] index 2: computing / loading record...

Smeared Horizon (index 2): primary S3 spectral smear, 2 secondaries, s(P) 4.7327
  cell                         claim state conj rend           d      2s(P)     attrib  sec pri  skip
  S1 noise organism                  yes   yes  yes       0.2556     9.4654    -1.0000  NO  NO   
  S2 resonance drift                 yes   yes  yes       2.6178     9.4654    -1.0000  yes NO   
  S3 spectral smear            PRI   yes   yes  yes       3.2882     9.4654    -1.0000  yes NO   
  S4 feedback ecology                yes   yes  yes       0.2246     9.4654    -1.0000  NO  NO   
  S5 subharmonic                     yes   yes  yes       0.5749     9.4654    -1.0000  NO  NO   
  S6 harmonic bloom                  yes   yes  yes       0.6704     9.4654    -1.0000  NO  NO   
  S7 ecosystem                       yes   yes  yes       2.4442     9.4654    -1.0000  yes NO   
  S8 cavern space                    yes   yes  yes       1.8691     9.4654    -1.0000  yes NO   
  S9 ghost / atmosphere              yes   yes  yes       0.2710     9.4654    -1.0000  NO  NO   
  S10 acoustic body                  yes   yes  yes       0.8164     9.4654    -1.0000  NO  NO   
  M1 Darkness                        NO    yes  NO        0.0000     9.4654    -1.0000  NO  NO   M displacement
  M2 Age                             NO    yes  NO        0.0000     9.4654    -1.0000  NO  NO   M displacement
  M3 Density                         NO    yes  NO        0.0000     9.4654    -1.0000  NO  NO   M displacement
  M4 Movement                        NO    yes  NO        0.0000     9.4654    -1.0000  NO  NO   M displacement
  M5 Gravity                         NO    yes  NO        0.0000     9.4654    -1.0000  NO  NO   M displacement
  M6 Entropy                         NO    yes  NO        0.0000     9.4654    -1.0000  NO  NO   M displacement
  M7 Pressure                        NO    yes  NO        0.0000     9.4654    -1.0000  NO  NO   M displacement
  M8 Weight                          NO    yes  NO        0.0000     9.4654    -1.0000  NO  NO   M displacement
  M9 Fog                             NO    yes  NO        0.0000     9.4654    -1.0000  NO  NO   M displacement
  M10 Life                           NO    yes  NO        0.0000     9.4654    -1.0000  NO  NO   M displacement
  M11 Depth                          NO    yes  NO        0.0000     9.4654    -1.0000  NO  NO   M displacement
  M12 Mass                           NO    yes  NO        0.0000     9.4654    -1.0000  NO  NO   M displacement
  E1 partial -> bloom                yes   yes  yes       0.8105     8.2899     6.1735  NO  NO   
  E2 resonator -> resonance peaks       yes   yes  yes       6.5949     9.5566     6.1735  NO  NO   
  E3 noise -> noise wake             yes   yes  yes       5.8390     7.9058     6.1735  NO  NO   
  E4 feedback -> loop wake           yes   yes  yes       6.0497     7.0460     6.1735  NO  NO   
  E5 ghost -> ghost bursts           yes   yes  yes       6.1551     7.3968     6.1735  NO  NO   
  E6.hi ecosystem sync rate high       NO    yes  NO        0.0000     9.4654    -1.0000  NO  NO   side predicate
  E7.hi ecosystem self-affinity high       NO    yes  NO        0.0000     9.4654    -1.0000  NO  NO   side predicate
  D1.1 material Glass                NO    NO   NO        0.0000     0.0000    -1.0000  NO  NO   state-only kind
  D1.2 material Strings              NO    NO   NO        0.0000     0.0000    -1.0000  NO  NO   state-only kind
  D1.3 material MetalPlate           NO    NO   NO        0.0000     0.0000    -1.0000  NO  NO   state-only kind
  D1.4 material Chamber              NO    NO   NO        0.0000     0.0000    -1.0000  NO  NO   state-only kind
  D1.5 material Ice                  NO    NO   NO        0.0000     0.0000    -1.0000  NO  NO   state-only kind
  D1.6 material StoneChamber         yes   NO   NO        0.0000     0.0000    -1.0000  NO  NO   state-only kind
  D1.7 material SteelTank            yes   NO   NO        0.0000     0.0000    -1.0000  NO  NO   state-only kind
  D1.8 material WoodenHull           NO    NO   NO        0.0000     0.0000    -1.0000  NO  NO   state-only kind
  D1.9 material CathedralColumn       NO    NO   NO        0.0000     0.0000    -1.0000  NO  NO   state-only kind
  D1.10 material CavernWall          NO    NO   NO        0.0000     0.0000    -1.0000  NO  NO   state-only kind
  D1.11 material GlassSphere         NO    NO   NO        0.0000     0.0000    -1.0000  NO  NO   state-only kind
  D2 body blend both heard           yes   NO   NO        0.0000     0.0000    -1.0000  NO  NO   state-only kind
  D3.1 noise model Direct            yes   NO   yes       0.2556     0.0000    -1.0000  NO  NO   
  D3.2 noise model FilteredWind       yes   NO   yes       0.2556     0.0000    -1.0000  NO  NO   
  D3.3 noise model GranularDust       yes   NO   yes       0.2556     0.0000    -1.0000  NO  NO   
  D3.4 noise model MetallicHiss       yes   NO   yes       0.2556     0.0000    -1.0000  NO  NO   
  D4.1 noise type White              NO    NO   NO        0.0000     0.0000    -1.0000  NO  NO   state-only kind
  D4.2 noise type Pink               NO    NO   NO        0.0000     0.0000    -1.0000  NO  NO   state-only kind
  D4.3 noise type TapeHiss           NO    NO   NO        0.0000     0.0000    -1.0000  NO  NO   state-only kind
  D4.4 noise type VinylCrackle       NO    NO   NO        0.0000     0.0000    -1.0000  NO  NO   state-only kind
  D4.5 noise type Asperity           NO    NO   NO        0.0000     0.0000    -1.0000  NO  NO   state-only kind
  D4.6 noise type Brown              yes   NO   NO        0.0000     0.0000    -1.0000  NO  NO   state-only kind
  D4.7 noise type Blue               NO    NO   NO        0.0000     0.0000    -1.0000  NO  NO   state-only kind
  D4.8 noise type Violet             NO    NO   NO        0.0000     0.0000    -1.0000  NO  NO   state-only kind
  D4.9 noise type Grey               NO    NO   NO        0.0000     0.0000    -1.0000  NO  NO   state-only kind
  D4.10 noise type Velvet            NO    NO   NO        0.0000     0.0000    -1.0000  NO  NO   state-only kind
  D4.11 noise type VinylRumble       NO    NO   NO        0.0000     0.0000    -1.0000  NO  NO   state-only kind
  D4.12 noise type RadioStatic       NO    NO   NO        0.0000     0.0000    -1.0000  NO  NO   state-only kind
  D5.1 anchor Free                   NO    yes  NO        0.0000     0.0000    -1.0000  NO  NO   state-only kind
  D5.2 anchor Keyed                  NO    yes  NO        0.0000     0.0000    -1.0000  NO  NO   state-only kind
  D5.3 anchor Hybrid                 yes   yes  NO        0.0000     0.0000    -1.0000  yes NO   state-only kind
  D6.1 loop filter Lowpass           yes   NO   NO        0.0000     0.0000    -1.0000  NO  NO   state-only kind
  D6.2 loop filter Bandpass          NO    NO   NO        0.0000     0.0000    -1.0000  NO  NO   state-only kind
  D6.3 loop filter Highpass          NO    NO   NO        0.0000     0.0000    -1.0000  NO  NO   state-only kind
  D7.1 loudest sub f/2               yes   NO   NO        0.0000     0.0000    -1.0000  NO  NO   state-only kind
  D7.2 loudest sub f/4               NO    NO   NO        0.0000     0.0000    -1.0000  NO  NO   state-only kind
  D7.3 loudest sub fifth below       NO    NO   NO        0.0000     0.0000    -1.0000  NO  NO   state-only kind
  D8.1 envelope Standard       sec   yes   yes  NO        0.0000     0.0000    -1.0000  yes NO   state-only kind
  D8.2 envelope Growth               NO    yes  NO        0.0000     0.0000    -1.0000  NO  NO   state-only kind
  D9.1 attack span <= 10 s           NO    yes  NO        0.0000     0.0000    -1.0000  NO  NO   state-only kind
  D9.2 attack span >= 90 s           yes   yes  NO        0.0000     0.0000    -1.0000  yes NO   state-only kind
  D10.1 freeze holds a field         NO    NO   NO        0.0000     0.0000    -1.0000  NO  NO   state-only kind
  D10.2 freeze off             sec   yes   yes  NO        0.0000     0.0000    -1.0000  yes NO   state-only kind
  D11 ghost reverse >= 0.5           NO    NO   NO        0.0000     0.0000    -1.0000  NO  NO   state-only kind
  D12.1 ghost event triggers on       NO    NO   NO        0.0000     0.0000    -1.0000  NO  NO   state-only kind
  D12.2 ghost event triggers off       yes   yes  NO        0.0000     0.0000    -1.0000  yes NO   state-only kind
  D13.1 event rate scale <= 0.3       NO    yes  NO        0.0000     9.4654    -1.0000  NO  NO   state false
  D13.2 event rate scale >= 3.0       NO    yes  NO        0.0000     9.4654    -1.0000  NO  NO   state false
  D14.1 breathing depth >= 0.7       NO    yes  NO        0.0000     9.4654    -1.0000  NO  NO   state false
  D14.2 tidal depth >= 0.7           NO    yes  NO        0.0000     9.4654    -1.0000  NO  NO   state false
F:\projects\iterum\plugins\vorago\tests\integration\preset_sweep_test.cpp(1203): FAILED:
  CHECK( VoragoTest::verifiedAt(o, primary, ClaimRole::Primary) )
with expansion:
  false
with message:
  Smeared Horizon primary S3 spectral smear: d 3.28819, 2s(P) 9.4654, attrib -
  1, skip []

[sweep] index 3: computing / loading record...

Feedback Mire (index 3): primary S4 feedback ecology, 3 secondaries, s(P) 2.8348
  cell                         claim state conj rend           d      2s(P)     attrib  sec pri  skip
  S1 noise organism                  yes   yes  yes       2.6042     5.6695    -1.0000  yes NO   
  S2 resonance drift                 yes   yes  yes       3.6420     5.6695    -1.0000  yes NO   
  S3 spectral smear                  yes   yes  yes       1.7305     5.6695    -1.0000  yes NO   
  S4 feedback ecology          PRI   yes   yes  yes       4.7751     5.6695    -1.0000  yes yes  
  S5 subharmonic                     yes   yes  yes       0.9174     5.6695    -1.0000  NO  NO   
  S6 harmonic bloom                  yes   yes  yes       1.0469     5.6695    -1.0000  NO  NO   
  S7 ecosystem                       yes   yes  yes       4.7102     5.6695    -1.0000  yes yes  
  S8 cavern space                    yes   yes  yes       0.3706     5.6695    -1.0000  NO  NO   
  S9 ghost / atmosphere              yes   yes  yes       0.9964     5.6695    -1.0000  NO  NO   
  S10 acoustic body                  yes   yes  yes       7.8376     5.6695    -1.0000  yes yes  
  M1 Darkness                        NO    yes  NO        0.0000     5.6695    -1.0000  NO  NO   M displacement
  M2 Age                             NO    yes  NO        0.0000     5.6695    -1.0000  NO  NO   M displacement
  M3 Density                         NO    yes  NO        0.0000     5.6695    -1.0000  NO  NO   M displacement
  M4 Movement                        NO    yes  NO        0.0000     5.6695    -1.0000  NO  NO   M displacement
  M5 Gravity                         NO    yes  NO        0.0000     5.6695    -1.0000  NO  NO   M displacement
  M6 Entropy                         NO    yes  NO        0.0000     5.6695    -1.0000  NO  NO   M displacement
  M7 Pressure                        NO    yes  NO        0.0000     5.6695    -1.0000  NO  NO   M displacement
  M8 Weight                          NO    yes  NO        0.0000     5.6695    -1.0000  NO  NO   M displacement
  M9 Fog                             NO    yes  NO        0.0000     5.6695    -1.0000  NO  NO   M displacement
  M10 Life                           NO    yes  NO        0.0000     5.6695    -1.0000  NO  NO   M displacement
  M11 Depth                          NO    yes  NO        0.0000     5.6695    -1.0000  NO  NO   M displacement
  M12 Mass                           NO    yes  NO        0.0000     5.6695    -1.0000  NO  NO   M displacement
  E1 partial -> bloom                yes   yes  yes       3.5805     4.1550     6.0181  NO  NO   
  E2 resonator -> resonance peaks       yes   yes  yes       6.3527     8.5446     6.0181  NO  NO   
  E3 noise -> noise wake             yes   yes  yes       4.7188    10.6582     6.0181  NO  NO   
  E4 feedback -> loop wake           yes   yes  yes       5.2211    21.4590     6.0181  NO  NO   
  E5 ghost -> ghost bursts           yes   yes  yes       5.4386     8.1302     6.0181  NO  NO   
  E6.hi ecosystem sync rate high       NO    yes  NO        0.0000     5.6695    -1.0000  NO  NO   side predicate
  E7.hi ecosystem self-affinity high       NO    yes  NO        0.0000     5.6695    -1.0000  NO  NO   side predicate
  D1.1 material Glass                NO    yes  NO        0.0000     0.0000    -1.0000  NO  NO   state-only kind
  D1.2 material Strings              NO    yes  NO        0.0000     0.0000    -1.0000  NO  NO   state-only kind
  D1.3 material MetalPlate           NO    yes  NO        0.0000     0.0000    -1.0000  NO  NO   state-only kind
  D1.4 material Chamber              NO    yes  NO        0.0000     0.0000    -1.0000  NO  NO   state-only kind
  D1.5 material Ice                  NO    yes  NO        0.0000     0.0000    -1.0000  NO  NO   state-only kind
  D1.6 material StoneChamber         yes   yes  NO        0.0000     0.0000    -1.0000  yes NO   state-only kind
  D1.7 material SteelTank            yes   yes  NO        0.0000     0.0000    -1.0000  yes NO   state-only kind
  D1.8 material WoodenHull           NO    yes  NO        0.0000     0.0000    -1.0000  NO  NO   state-only kind
  D1.9 material CathedralColumn       NO    yes  NO        0.0000     0.0000    -1.0000  NO  NO   state-only kind
  D1.10 material CavernWall          NO    yes  NO        0.0000     0.0000    -1.0000  NO  NO   state-only kind
  D1.11 material GlassSphere         NO    yes  NO        0.0000     0.0000    -1.0000  NO  NO   state-only kind
  D2 body blend both heard           yes   yes  NO        0.0000     0.0000    -1.0000  yes NO   state-only kind
  D3.1 noise model Direct            yes   yes  yes       2.6042     0.0000    -1.0000  yes NO   
  D3.2 noise model FilteredWind       yes   yes  yes       2.6042     0.0000    -1.0000  yes NO   
  D3.3 noise model GranularDust       yes   yes  yes       2.6042     0.0000    -1.0000  yes NO   
  D3.4 noise model MetallicHiss       yes   yes  yes       2.6042     0.0000    -1.0000  yes NO   
  D4.1 noise type White              NO    yes  NO        0.0000     0.0000    -1.0000  NO  NO   state-only kind
  D4.2 noise type Pink               NO    yes  NO        0.0000     0.0000    -1.0000  NO  NO   state-only kind
  D4.3 noise type TapeHiss           NO    yes  NO        0.0000     0.0000    -1.0000  NO  NO   state-only kind
  D4.4 noise type VinylCrackle       NO    yes  NO        0.0000     0.0000    -1.0000  NO  NO   state-only kind
  D4.5 noise type Asperity           NO    yes  NO        0.0000     0.0000    -1.0000  NO  NO   state-only kind
  D4.6 noise type Brown              yes   yes  NO        0.0000     0.0000    -1.0000  yes NO   state-only kind
  D4.7 noise type Blue               NO    yes  NO        0.0000     0.0000    -1.0000  NO  NO   state-only kind
  D4.8 noise type Violet             NO    yes  NO        0.0000     0.0000    -1.0000  NO  NO   state-only kind
  D4.9 noise type Grey               NO    yes  NO        0.0000     0.0000    -1.0000  NO  NO   state-only kind
  D4.10 noise type Velvet            NO    yes  NO        0.0000     0.0000    -1.0000  NO  NO   state-only kind
  D4.11 noise type VinylRumble       NO    yes  NO        0.0000     0.0000    -1.0000  NO  NO   state-only kind
  D4.12 noise type RadioStatic       NO    yes  NO        0.0000     0.0000    -1.0000  NO  NO   state-only kind
  D5.1 anchor Free                   NO    yes  NO        0.0000     0.0000    -1.0000  NO  NO   state-only kind
  D5.2 anchor Keyed                  NO    yes  NO        0.0000     0.0000    -1.0000  NO  NO   state-only kind
  D5.3 anchor Hybrid                 yes   yes  NO        0.0000     0.0000    -1.0000  yes NO   state-only kind
  D6.1 loop filter Lowpass     sec   yes   yes  NO        0.0000     0.0000    -1.0000  yes NO   state-only kind
  D6.2 loop filter Bandpass    sec   yes   yes  NO        0.0000     0.0000    -1.0000  yes NO   state-only kind
  D6.3 loop filter Highpass    sec   yes   yes  NO        0.0000     0.0000    -1.0000  yes NO   state-only kind
  D7.1 loudest sub f/2               yes   NO   NO        0.0000     0.0000    -1.0000  NO  NO   state-only kind
  D7.2 loudest sub f/4               NO    NO   NO        0.0000     0.0000    -1.0000  NO  NO   state-only kind
  D7.3 loudest sub fifth below       NO    NO   NO        0.0000     0.0000    -1.0000  NO  NO   state-only kind
  D8.1 envelope Standard             yes   yes  NO        0.0000     0.0000    -1.0000  yes NO   state-only kind
  D8.2 envelope Growth               NO    yes  NO        0.0000     0.0000    -1.0000  NO  NO   state-only kind
  D9.1 attack span <= 10 s           NO    yes  NO        0.0000     0.0000    -1.0000  NO  NO   state-only kind
  D9.2 attack span >= 90 s           yes   yes  NO        0.0000     0.0000    -1.0000  yes NO   state-only kind
  D10.1 freeze holds a field         NO    NO   NO        0.0000     0.0000    -1.0000  NO  NO   state-only kind
  D10.2 freeze off                   yes   yes  NO        0.0000     0.0000    -1.0000  yes NO   state-only kind
  D11 ghost reverse >= 0.5           NO    NO   NO        0.0000     0.0000    -1.0000  NO  NO   state-only kind
  D12.1 ghost event triggers on       NO    NO   NO        0.0000     0.0000    -1.0000  NO  NO   state-only kind
  D12.2 ghost event triggers off       yes   yes  NO        0.0000     0.0000    -1.0000  yes NO   state-only kind
  D13.1 event rate scale <= 0.3       NO    yes  NO        0.0000     5.6695    -1.0000  NO  NO   state false
  D13.2 event rate scale >= 3.0       NO    yes  NO        0.0000     5.6695    -1.0000  NO  NO   state false
  D14.1 breathing depth >= 0.7       NO    yes  NO        0.0000     5.6695    -1.0000  NO  NO   state false
  D14.2 tidal depth >= 0.7           NO    yes  NO        0.0000     5.6695    -1.0000  NO  NO   state false
[sweep] index 4: computing / loading record...

Tectonic Floor (index 4): primary S5 subharmonic, 1 secondaries, s(P) 4.3961
  cell                         claim state conj rend           d      2s(P)     attrib  sec pri  skip
  S1 noise organism                  yes   yes  yes       0.0685     8.7922    -1.0000  NO  NO   
  S2 resonance drift                 yes   yes  yes       0.4075     8.7922    -1.0000  NO  NO   
  S3 spectral smear                  yes   yes  yes       0.1927     8.7922    -1.0000  NO  NO   
  S4 feedback ecology                yes   yes  yes       0.0036     8.7922    -1.0000  NO  NO   
  S5 subharmonic               PRI   yes   yes  yes       4.8116     8.7922    -1.0000  yes yes  
  S6 harmonic bloom                  yes   yes  yes       0.1391     8.7922    -1.0000  NO  NO   
  S7 ecosystem                       yes   yes  yes       0.9262     8.7922    -1.0000  NO  NO   
  S8 cavern space                    yes   yes  yes       3.9661     8.7922    -1.0000  yes NO   
  S9 ghost / atmosphere              yes   yes  yes       2.0794     8.7922    -1.0000  yes NO   
  S10 acoustic body                  yes   yes  yes       7.8924     8.7922    -1.0000  yes yes  
  M1 Darkness                        yes   yes  yes       0.1960     8.7922    -1.0000  NO  NO   
  M2 Age                             NO    yes  NO        0.0000     8.7922    -1.0000  NO  NO   M displacement
  M3 Density                         NO    yes  NO        0.0000     8.7922    -1.0000  NO  NO   M displacement
  M4 Movement                        NO    yes  NO        0.0000     8.7922    -1.0000  NO  NO   M displacement
  M5 Gravity                         NO    yes  NO        0.0000     8.7922    -1.0000  NO  NO   M displacement
  M6 Entropy                         NO    yes  NO        0.0000     8.7922    -1.0000  NO  NO   M displacement
  M7 Pressure                        NO    yes  NO        0.0000     8.7922    -1.0000  NO  NO   M displacement
  M8 Weight                          NO    yes  NO        0.0000     8.7922    -1.0000  NO  NO   M displacement
  M9 Fog                             NO    yes  NO        0.0000     8.7922    -1.0000  NO  NO   M displacement
  M10 Life                           NO    yes  NO        0.0000     8.7922    -1.0000  NO  NO   M displacement
  M11 Depth                          NO    yes  NO        0.0000     8.7922    -1.0000  NO  NO   M displacement
  M12 Mass                           NO    yes  NO        0.0000     8.7922    -1.0000  NO  NO   M displacement
  E1 partial -> bloom                yes   yes  yes       0.4830     7.6369     0.3674  NO  NO   
  E2 resonator -> resonance peaks       yes   yes  yes       2.4580     2.1321     0.3674  yes NO   
  E3 noise -> noise wake             yes   yes  yes       0.4130     8.2072     0.3674  NO  NO   
  E4 feedback -> loop wake           yes   yes  yes       0.3635     8.0839     0.3674  NO  NO   
  E5 ghost -> ghost bursts           yes   yes  yes       0.5767     9.0390     0.3674  NO  NO   
  E6.hi ecosystem sync rate high       NO    yes  NO        0.0000     8.7922    -1.0000  NO  NO   side predicate
  E7.hi ecosystem self-affinity high       NO    yes  NO        0.0000     8.7922    -1.0000  NO  NO   side predicate
  D1.1 material Glass                NO    yes  NO        0.0000     0.0000    -1.0000  NO  NO   state-only kind
  D1.2 material Strings              NO    yes  NO        0.0000     0.0000    -1.0000  NO  NO   state-only kind
  D1.3 material MetalPlate           NO    yes  NO        0.0000     0.0000    -1.0000  NO  NO   state-only kind
  D1.4 material Chamber              NO    yes  NO        0.0000     0.0000    -1.0000  NO  NO   state-only kind
  D1.5 material Ice                  NO    yes  NO        0.0000     0.0000    -1.0000  NO  NO   state-only kind
  D1.6 material StoneChamber         yes   yes  NO        0.0000     0.0000    -1.0000  yes NO   state-only kind
  D1.7 material SteelTank            yes   yes  NO        0.0000     0.0000    -1.0000  yes NO   state-only kind
  D1.8 material WoodenHull           NO    yes  NO        0.0000     0.0000    -1.0000  NO  NO   state-only kind
  D1.9 material CathedralColumn       NO    yes  NO        0.0000     0.0000    -1.0000  NO  NO   state-only kind
  D1.10 material CavernWall          NO    yes  NO        0.0000     0.0000    -1.0000  NO  NO   state-only kind
  D1.11 material GlassSphere         NO    yes  NO        0.0000     0.0000    -1.0000  NO  NO   state-only kind
  D2 body blend both heard           yes   yes  NO        0.0000     0.0000    -1.0000  yes NO   state-only kind
  D3.1 noise model Direct            yes   NO   yes       0.0685     0.0000    -1.0000  NO  NO   
  D3.2 noise model FilteredWind       yes   NO   yes       0.0685     0.0000    -1.0000  NO  NO   
  D3.3 noise model GranularDust       yes   NO   yes       0.0685     0.0000    -1.0000  NO  NO   
  D3.4 noise model MetallicHiss       yes   NO   yes       0.0685     0.0000    -1.0000  NO  NO   
  D4.1 noise type White              NO    NO   NO        0.0000     0.0000    -1.0000  NO  NO   state-only kind
  D4.2 noise type Pink               NO    NO   NO        0.0000     0.0000    -1.0000  NO  NO   state-only kind
  D4.3 noise type TapeHiss           NO    NO   NO        0.0000     0.0000    -1.0000  NO  NO   state-only kind
  D4.4 noise type VinylCrackle       NO    NO   NO        0.0000     0.0000    -1.0000  NO  NO   state-only kind
  D4.5 noise type Asperity           NO    NO   NO        0.0000     0.0000    -1.0000  NO  NO   state-only kind
  D4.6 noise type Brown              NO    NO   NO        0.0000     0.0000    -1.0000  NO  NO   state-only kind
  D4.7 noise type Blue               NO    NO   NO        0.0000     0.0000    -1.0000  NO  NO   state-only kind
  D4.8 noise type Violet             NO    NO   NO        0.0000     0.0000    -1.0000  NO  NO   state-only kind
  D4.9 noise type Grey               NO    NO   NO        0.0000     0.0000    -1.0000  NO  NO   state-only kind
  D4.10 noise type Velvet            NO    NO   NO        0.0000     0.0000    -1.0000  NO  NO   state-only kind
  D4.11 noise type VinylRumble       yes   NO   NO        0.0000     0.0000    -1.0000  NO  NO   state-only kind
  D4.12 noise type RadioStatic       NO    NO   NO        0.0000     0.0000    -1.0000  NO  NO   state-only kind
  D5.1 anchor Free                   NO    NO   NO        0.0000     0.0000    -1.0000  NO  NO   state-only kind
  D5.2 anchor Keyed                  NO    NO   NO        0.0000     0.0000    -1.0000  NO  NO   state-only kind
  D5.3 anchor Hybrid                 yes   NO   NO        0.0000     0.0000    -1.0000  NO  NO   state-only kind
  D6.1 loop filter Lowpass           yes   NO   NO        0.0000     0.0000    -1.0000  NO  NO   state-only kind
  D6.2 loop filter Bandpass          NO    NO   NO        0.0000     0.0000    -1.0000  NO  NO   state-only kind
  D6.3 loop filter Highpass          NO    NO   NO        0.0000     0.0000    -1.0000  NO  NO   state-only kind
  D7.1 loudest sub f/2               NO    yes  NO        0.0000     0.0000    -1.0000  NO  NO   state-only kind
  D7.2 loudest sub f/4               NO    yes  NO        0.0000     0.0000    -1.0000  NO  NO   state-only kind
  D7.3 loudest sub fifth below sec   yes   yes  NO        0.0000     0.0000    -1.0000  yes NO   state-only kind
  D8.1 envelope Standard             yes   yes  NO        0.0000     0.0000    -1.0000  yes NO   state-only kind
  D8.2 envelope Growth               NO    yes  NO        0.0000     0.0000    -1.0000  NO  NO   state-only kind
  D9.1 attack span <= 10 s           NO    yes  NO        0.0000     0.0000    -1.0000  NO  NO   state-only kind
  D9.2 attack span >= 90 s           yes   yes  NO        0.0000     0.0000    -1.0000  yes NO   state-only kind
  D10.1 freeze holds a field         NO    NO   NO        0.0000     0.0000    -1.0000  NO  NO   state-only kind
  D10.2 freeze off                   yes   yes  NO        0.0000     0.0000    -1.0000  yes NO   state-only kind
  D11 ghost reverse >= 0.5           NO    yes  NO        0.0000     0.0000    -1.0000  NO  NO   state-only kind
  D12.1 ghost event triggers on       NO    yes  NO        0.0000     0.0000    -1.0000  NO  NO   state-only kind
  D12.2 ghost event triggers off       yes   yes  NO        0.0000     0.0000    -1.0000  yes NO   state-only kind
  D13.1 event rate scale <= 0.3       NO    NO   NO        0.0000     8.7922    -1.0000  NO  NO   state false
  D13.2 event rate scale >= 3.0       NO    NO   NO        0.0000     8.7922    -1.0000  NO  NO   state false
  D14.1 breathing depth >= 0.7       NO    yes  NO        0.0000     8.7922    -1.0000  NO  NO   state false
  D14.2 tidal depth >= 0.7           NO    yes  NO        0.0000     8.7922    -1.0000  NO  NO   state false
[sweep] index 5: computing / loading record...

Slow Bloom (index 5): primary S6 harmonic bloom, 2 secondaries, s(P) 1.6698
  cell                         claim state conj rend           d      2s(P)     attrib  sec pri  skip
  S1 noise organism                  yes   yes  yes       0.6729     3.3395    -1.0000  NO  NO   
  S2 resonance drift                 yes   yes  yes       2.9194     3.3395    -1.0000  yes NO   
  S3 spectral smear                  yes   yes  yes       0.4416     3.3395    -1.0000  NO  NO   
  S4 feedback ecology                yes   yes  yes       0.0517     3.3395    -1.0000  NO  NO   
  S5 subharmonic                     yes   yes  yes       0.8905     3.3395    -1.0000  NO  NO   
  S6 harmonic bloom            PRI   yes   yes  yes       4.3549     3.3395    -1.0000  yes yes  
  S7 ecosystem                       yes   yes  yes       3.0804     3.3395    -1.0000  yes NO   
  S8 cavern space                    yes   yes  yes       3.3827     3.3395    -1.0000  yes NO   
  S9 ghost / atmosphere              yes   yes  yes       3.7457     3.3395    -1.0000  yes NO   
  S10 acoustic body                  yes   yes  yes      10.4347     3.3395    -1.0000  yes yes  
  M1 Darkness                        NO    yes  NO        0.0000     3.3395    -1.0000  NO  NO   M displacement
  M2 Age                             NO    yes  NO        0.0000     3.3395    -1.0000  NO  NO   M displacement
  M3 Density                         NO    yes  NO        0.0000     3.3395    -1.0000  NO  NO   M displacement
  M4 Movement                        NO    yes  NO        0.0000     3.3395    -1.0000  NO  NO   M displacement
  M5 Gravity                         NO    yes  NO        0.0000     3.3395    -1.0000  NO  NO   M displacement
  M6 Entropy                         NO    yes  NO        0.0000     3.3395    -1.0000  NO  NO   M displacement
  M7 Pressure                        NO    yes  NO        0.0000     3.3395    -1.0000  NO  NO   M displacement
  M8 Weight                          NO    yes  NO        0.0000     3.3395    -1.0000  NO  NO   M displacement
  M9 Fog                             NO    yes  NO        0.0000     3.3395    -1.0000  NO  NO   M displacement
  M10 Life                           NO    yes  NO        0.0000     3.3395    -1.0000  NO  NO   M displacement
  M11 Depth                          NO    yes  NO        0.0000     3.3395    -1.0000  NO  NO   M displacement
  M12 Mass                           NO    yes  NO        0.0000     3.3395    -1.0000  NO  NO   M displacement
  E1 partial -> bloom                yes   yes  yes       1.2135     5.0886     2.1795  NO  NO   
  E2 resonator -> resonance peaks       yes   yes  yes       2.5556    11.6125     2.1795  NO  NO   
  E3 noise -> noise wake             yes   yes  yes       3.0816     5.4653     2.1795  NO  NO   
  E4 feedback -> loop wake           yes   yes  yes       2.1984     6.9132     2.1795  NO  NO   
  E5 ghost -> ghost bursts           yes   yes  yes       4.9094     3.7362     2.1795  yes yes  
  E6.hi ecosystem sync rate high       NO    yes  NO        0.0000     3.3395    -1.0000  NO  NO   side predicate
  E7.hi ecosystem self-affinity high       NO    yes  NO        0.0000     3.3395    -1.0000  NO  NO   side predicate
  D1.1 material Glass                NO    yes  NO        0.0000     0.0000    -1.0000  NO  NO   state-only kind
  D1.2 material Strings              NO    yes  NO        0.0000     0.0000    -1.0000  NO  NO   state-only kind
  D1.3 material MetalPlate           NO    yes  NO        0.0000     0.0000    -1.0000  NO  NO   state-only kind
  D1.4 material Chamber              NO    yes  NO        0.0000     0.0000    -1.0000  NO  NO   state-only kind
  D1.5 material Ice                  NO    yes  NO        0.0000     0.0000    -1.0000  NO  NO   state-only kind
  D1.6 material StoneChamber         yes   yes  NO        0.0000     0.0000    -1.0000  yes NO   state-only kind
  D1.7 material SteelTank            yes   yes  NO        0.0000     0.0000    -1.0000  yes NO   state-only kind
  D1.8 material WoodenHull           NO    yes  NO        0.0000     0.0000    -1.0000  NO  NO   state-only kind
  D1.9 material CathedralColumn       NO    yes  NO        0.0000     0.0000    -1.0000  NO  NO   state-only kind
  D1.10 material CavernWall          NO    yes  NO        0.0000     0.0000    -1.0000  NO  NO   state-only kind
  D1.11 material GlassSphere         NO    yes  NO        0.0000     0.0000    -1.0000  NO  NO   state-only kind
  D2 body blend both heard           yes   yes  NO        0.0000     0.0000    -1.0000  yes NO   state-only kind
  D3.1 noise model Direct            yes   NO   yes       0.6729     0.0000    -1.0000  NO  NO   
  D3.2 noise model FilteredWind       yes   NO   yes       0.6729     0.0000    -1.0000  NO  NO   
  D3.3 noise model GranularDust       yes   NO   yes       0.6729     0.0000    -1.0000  NO  NO   
  D3.4 noise model MetallicHiss       yes   NO   yes       0.6729     0.0000    -1.0000  NO  NO   
  D4.1 noise type White              NO    NO   NO        0.0000     0.0000    -1.0000  NO  NO   state-only kind
  D4.2 noise type Pink               NO    NO   NO        0.0000     0.0000    -1.0000  NO  NO   state-only kind
  D4.3 noise type TapeHiss           NO    NO   NO        0.0000     0.0000    -1.0000  NO  NO   state-only kind
  D4.4 noise type VinylCrackle       NO    NO   NO        0.0000     0.0000    -1.0000  NO  NO   state-only kind
  D4.5 noise type Asperity           NO    NO   NO        0.0000     0.0000    -1.0000  NO  NO   state-only kind
  D4.6 noise type Brown              yes   NO   NO        0.0000     0.0000    -1.0000  NO  NO   state-only kind
  D4.7 noise type Blue               NO    NO   NO        0.0000     0.0000    -1.0000  NO  NO   state-only kind
  D4.8 noise type Violet             NO    NO   NO        0.0000     0.0000    -1.0000  NO  NO   state-only kind
  D4.9 noise type Grey               NO    NO   NO        0.0000     0.0000    -1.0000  NO  NO   state-only kind
  D4.10 noise type Velvet            NO    NO   NO        0.0000     0.0000    -1.0000  NO  NO   state-only kind
  D4.11 noise type VinylRumble       NO    NO   NO        0.0000     0.0000    -1.0000  NO  NO   state-only kind
  D4.12 noise type RadioStatic       NO    NO   NO        0.0000     0.0000    -1.0000  NO  NO   state-only kind
  D5.1 anchor Free                   NO    yes  NO        0.0000     0.0000    -1.0000  NO  NO   state-only kind
  D5.2 anchor Keyed                  NO    yes  NO        0.0000     0.0000    -1.0000  NO  NO   state-only kind
  D5.3 anchor Hybrid                 yes   yes  NO        0.0000     0.0000    -1.0000  yes NO   state-only kind
  D6.1 loop filter Lowpass           yes   NO   NO        0.0000     0.0000    -1.0000  NO  NO   state-only kind
  D6.2 loop filter Bandpass          NO    NO   NO        0.0000     0.0000    -1.0000  NO  NO   state-only kind
  D6.3 loop filter Highpass          NO    NO   NO        0.0000     0.0000    -1.0000  NO  NO   state-only kind
  D7.1 loudest sub f/2               yes   NO   NO        0.0000     0.0000    -1.0000  NO  NO   state-only kind
  D7.2 loudest sub f/4               NO    NO   NO        0.0000     0.0000    -1.0000  NO  NO   state-only kind
  D7.3 loudest sub fifth below       NO    NO   NO        0.0000     0.0000    -1.0000  NO  NO   state-only kind
  D8.1 envelope Standard             yes   yes  NO        0.0000     0.0000    -1.0000  yes NO   state-only kind
  D8.2 envelope Growth               NO    yes  NO        0.0000     0.0000    -1.0000  NO  NO   state-only kind
  D9.1 attack span <= 10 s           NO    yes  NO        0.0000     0.0000    -1.0000  NO  NO   state-only kind
  D9.2 attack span >= 90 s     sec   yes   yes  NO        0.0000     0.0000    -1.0000  yes NO   state-only kind
  D10.1 freeze holds a field         NO    NO   NO        0.0000     0.0000    -1.0000  NO  NO   state-only kind
  D10.2 freeze off                   yes   yes  NO        0.0000     0.0000    -1.0000  yes NO   state-only kind
  D11 ghost reverse >= 0.5           NO    yes  NO        0.0000     0.0000    -1.0000  NO  NO   state-only kind
  D12.1 ghost event triggers on       NO    yes  NO        0.0000     0.0000    -1.0000  NO  NO   state-only kind
  D12.2 ghost event triggers off       yes   yes  NO        0.0000     0.0000    -1.0000  yes NO   state-only kind
  D13.1 event rate scale <= 0.3       NO    yes  NO        0.0000     3.3395    -1.0000  NO  NO   state false
  D13.2 event rate scale >= 3.0       NO    yes  NO        0.0000     3.3395    -1.0000  NO  NO   state false
  D14.1 breathing depth >= 0.7 sec   yes   yes  yes       2.5610     3.3395    -1.0000  yes NO   
  D14.2 tidal depth >= 0.7           NO    yes  NO        0.0000     3.3395    -1.0000  NO  NO   state false
[sweep] index 6: computing / loading record...

Colony Pulse (index 6): primary S7 ecosystem, 3 secondaries, s(P) 2.8917
  cell                         claim state conj rend           d      2s(P)     attrib  sec pri  skip
  S1 noise organism                  yes   yes  yes       6.6244     5.7834    -1.0000  yes yes  
  S2 resonance drift                 yes   yes  yes       3.0718     5.7834    -1.0000  yes NO   
  S3 spectral smear                  yes   yes  yes       0.3823     5.7834    -1.0000  NO  NO   
  S4 feedback ecology                yes   yes  yes       0.0363     5.7834    -1.0000  NO  NO   
  S5 subharmonic                     yes   yes  yes       0.6221     5.7834    -1.0000  NO  NO   
  S6 harmonic bloom                  yes   yes  yes       0.0156     5.7834    -1.0000  NO  NO   
  S7 ecosystem                 PRI   yes   yes  yes      13.9144     5.7834    -1.0000  yes yes  
  S8 cavern space                    yes   yes  yes       0.9818     5.7834    -1.0000  NO  NO   
  S9 ghost / atmosphere              yes   yes  yes       4.9744     5.7834    -1.0000  yes yes  
  S10 acoustic body                  yes   yes  yes      14.9353     5.7834    -1.0000  yes yes  
  M1 Darkness                        NO    yes  NO        0.0000     5.7834    -1.0000  NO  NO   M displacement
  M2 Age                             NO    yes  NO        0.0000     5.7834    -1.0000  NO  NO   M displacement
  M3 Density                         NO    yes  NO        0.0000     5.7834    -1.0000  NO  NO   M displacement
  M4 Movement                        NO    yes  NO        0.0000     5.7834    -1.0000  NO  NO   M displacement
  M5 Gravity                         NO    yes  NO        0.0000     5.7834    -1.0000  NO  NO   M displacement
  M6 Entropy                         NO    yes  NO        0.0000     5.7834    -1.0000  NO  NO   M displacement
  M7 Pressure                        NO    yes  NO        0.0000     5.7834    -1.0000  NO  NO   M displacement
  M8 Weight                          NO    yes  NO        0.0000     5.7834    -1.0000  NO  NO   M displacement
  M9 Fog                             NO    yes  NO        0.0000     5.7834    -1.0000  NO  NO   M displacement
  M10 Life                           NO    yes  NO        0.0000     5.7834    -1.0000  NO  NO   M displacement
  M11 Depth                          NO    yes  NO        0.0000     5.7834    -1.0000  NO  NO   M displacement
  M12 Mass                           NO    yes  NO        0.0000     5.7834    -1.0000  NO  NO   M displacement
  E1 partial -> bloom                yes   yes  yes       0.6247     4.6571     0.6264  NO  NO   
  E2 resonator -> resonance peaks       yes   yes  yes       3.3800     8.3241     0.6264  yes NO   
  E3 noise -> noise wake             yes   yes  yes       7.6603     3.4176     0.6264  yes yes  
  E4 feedback -> loop wake           yes   yes  yes       0.6430     4.6176     0.6264  NO  NO   
  E5 ghost -> ghost bursts           yes   yes  yes       6.7718     2.2521     0.6264  yes yes  
  E6.hi ecosystem sync rate high sec   yes   yes  yes       1.3700     5.7834    -1.0000  NO  NO   
  E7.hi ecosystem self-affinity high sec   yes   yes  yes       1.3429     5.7834    -1.0000  NO  NO   
  D1.1 material Glass                NO    yes  NO        0.0000     0.0000    -1.0000  NO  NO   state-only kind
  D1.2 material Strings              NO    yes  NO        0.0000     0.0000    -1.0000  NO  NO   state-only kind
  D1.3 material MetalPlate           NO    yes  NO        0.0000     0.0000    -1.0000  NO  NO   state-only kind
  D1.4 material Chamber              NO    yes  NO        0.0000     0.0000    -1.0000  NO  NO   state-only kind
  D1.5 material Ice                  NO    yes  NO        0.0000     0.0000    -1.0000  NO  NO   state-only kind
  D1.6 material StoneChamber         yes   yes  NO        0.0000     0.0000    -1.0000  yes NO   state-only kind
  D1.7 material SteelTank            yes   yes  NO        0.0000     0.0000    -1.0000  yes NO   state-only kind
  D1.8 material WoodenHull           NO    yes  NO        0.0000     0.0000    -1.0000  NO  NO   state-only kind
  D1.9 material CathedralColumn       NO    yes  NO        0.0000     0.0000    -1.0000  NO  NO   state-only kind
  D1.10 material CavernWall          NO    yes  NO        0.0000     0.0000    -1.0000  NO  NO   state-only kind
  D1.11 material GlassSphere         NO    yes  NO        0.0000     0.0000    -1.0000  NO  NO   state-only kind
  D2 body blend both heard           yes   yes  NO        0.0000     0.0000    -1.0000  yes NO   state-only kind
  D3.1 noise model Direct            yes   yes  yes       6.6244     0.0000    -1.0000  yes yes  
  D3.2 noise model FilteredWind       yes   yes  yes       6.6244     0.0000    -1.0000  yes yes  
  D3.3 noise model GranularDust       yes   yes  yes       6.6244     0.0000    -1.0000  yes yes  
  D3.4 noise model MetallicHiss       yes   yes  yes       6.6244     0.0000    -1.0000  yes yes  
  D4.1 noise type White              NO    yes  NO        0.0000     0.0000    -1.0000  NO  NO   state-only kind
  D4.2 noise type Pink               NO    yes  NO        0.0000     0.0000    -1.0000  NO  NO   state-only kind
  D4.3 noise type TapeHiss           NO    yes  NO        0.0000     0.0000    -1.0000  NO  NO   state-only kind
  D4.4 noise type VinylCrackle       NO    yes  NO        0.0000     0.0000    -1.0000  NO  NO   state-only kind
  D4.5 noise type Asperity           NO    yes  NO        0.0000     0.0000    -1.0000  NO  NO   state-only kind
  D4.6 noise type Brown              yes   yes  NO        0.0000     0.0000    -1.0000  yes NO   state-only kind
  D4.7 noise type Blue               NO    yes  NO        0.0000     0.0000    -1.0000  NO  NO   state-only kind
  D4.8 noise type Violet             NO    yes  NO        0.0000     0.0000    -1.0000  NO  NO   state-only kind
  D4.9 noise type Grey               NO    yes  NO        0.0000     0.0000    -1.0000  NO  NO   state-only kind
  D4.10 noise type Velvet            NO    yes  NO        0.0000     0.0000    -1.0000  NO  NO   state-only kind
  D4.11 noise type VinylRumble       NO    yes  NO        0.0000     0.0000    -1.0000  NO  NO   state-only kind
  D4.12 noise type RadioStatic       NO    yes  NO        0.0000     0.0000    -1.0000  NO  NO   state-only kind
  D5.1 anchor Free                   NO    yes  NO        0.0000     0.0000    -1.0000  NO  NO   state-only kind
  D5.2 anchor Keyed                  NO    yes  NO        0.0000     0.0000    -1.0000  NO  NO   state-only kind
  D5.3 anchor Hybrid                 yes   yes  NO        0.0000     0.0000    -1.0000  yes NO   state-only kind
  D6.1 loop filter Lowpass           yes   NO   NO        0.0000     0.0000    -1.0000  NO  NO   state-only kind
  D6.2 loop filter Bandpass          NO    NO   NO        0.0000     0.0000    -1.0000  NO  NO   state-only kind
  D6.3 loop filter Highpass          NO    NO   NO        0.0000     0.0000    -1.0000  NO  NO   state-only kind
  D7.1 loudest sub f/2               yes   NO   NO        0.0000     0.0000    -1.0000  NO  NO   state-only kind
  D7.2 loudest sub f/4               NO    NO   NO        0.0000     0.0000    -1.0000  NO  NO   state-only kind
  D7.3 loudest sub fifth below       NO    NO   NO        0.0000     0.0000    -1.0000  NO  NO   state-only kind
  D8.1 envelope Standard             yes   yes  NO        0.0000     0.0000    -1.0000  yes NO   state-only kind
  D8.2 envelope Growth               NO    yes  NO        0.0000     0.0000    -1.0000  NO  NO   state-only kind
  D9.1 attack span <= 10 s           NO    yes  NO        0.0000     0.0000    -1.0000  NO  NO   state-only kind
  D9.2 attack span >= 90 s           yes   yes  NO        0.0000     0.0000    -1.0000  yes NO   state-only kind
  D10.1 freeze holds a field         NO    NO   NO        0.0000     0.0000    -1.0000  NO  NO   state-only kind
  D10.2 freeze off                   yes   yes  NO        0.0000     0.0000    -1.0000  yes NO   state-only kind
  D11 ghost reverse >= 0.5           NO    yes  NO        0.0000     0.0000    -1.0000  NO  NO   state-only kind
  D12.1 ghost event triggers on       NO    yes  NO        0.0000     0.0000    -1.0000  NO  NO   state-only kind
  D12.2 ghost event triggers off       yes   yes  NO        0.0000     0.0000    -1.0000  yes NO   state-only kind
  D13.1 event rate scale <= 0.3       NO    yes  NO        0.0000     5.7834    -1.0000  NO  NO   state false
  D13.2 event rate scale >= 3.0 sec   yes   yes  yes       0.1942     5.7834    -1.0000  NO  NO   
  D14.1 breathing depth >= 0.7       NO    yes  NO        0.0000     5.7834    -1.0000  NO  NO   state false
  D14.2 tidal depth >= 0.7           NO    yes  NO        0.0000     5.7834    -1.0000  NO  NO   state false
F:\projects\iterum\plugins\vorago\tests\integration\preset_sweep_test.cpp(1210): FAILED:
  CHECK( VoragoTest::verifiedAt(o, c, ClaimRole::Secondary) )
with expansion:
  false
with message:
  Colony Pulse secondary D13.2 event rate scale >= 3.0: d 0.194239, 2s(P) 5.
  78338, attrib -1, skip []

F:\projects\iterum\plugins\vorago\tests\integration\preset_sweep_test.cpp(1210): FAILED:
  CHECK( VoragoTest::verifiedAt(o, c, ClaimRole::Secondary) )
with expansion:
  false
with message:
  Colony Pulse secondary E6.hi ecosystem sync rate high: d 1.37004, 2s(P) 5.
  78338, attrib -1, skip []

F:\projects\iterum\plugins\vorago\tests\integration\preset_sweep_test.cpp(1210): FAILED:
  CHECK( VoragoTest::verifiedAt(o, c, ClaimRole::Secondary) )
with expansion:
  false
with message:
  Colony Pulse secondary E7.hi ecosystem self-affinity high: d 1.34295, 2s(P)
  5.78338, attrib -1, skip []

[sweep] index 7: computing / loading record...

Cathedral Void (index 7): primary S8 cavern space, 1 secondaries, s(P) 1.3278
  cell                         claim state conj rend           d      2s(P)     attrib  sec pri  skip
  S1 noise organism                  yes   yes  yes       0.1878     2.6556    -1.0000  NO  NO   
  S2 resonance drift                 yes   yes  yes       2.7607     2.6556    -1.0000  yes NO   
  S3 spectral smear                  yes   yes  yes       0.6088     2.6556    -1.0000  NO  NO   
  S4 feedback ecology                yes   yes  yes       0.0046     2.6556    -1.0000  NO  NO   
  S5 subharmonic                     yes   yes  yes       1.5372     2.6556    -1.0000  yes NO   
  S6 harmonic bloom                  yes   yes  yes       0.5544     2.6556    -1.0000  NO  NO   
  S7 ecosystem                       yes   yes  yes       4.1692     2.6556    -1.0000  yes yes  
  S8 cavern space              PRI   yes   yes  yes      10.4684     2.6556    -1.0000  yes yes  
  S9 ghost / atmosphere              yes   yes  yes       2.8755     2.6556    -1.0000  yes NO   
  S10 acoustic body                  yes   yes  yes      17.0387     2.6556    -1.0000  yes yes  
  M1 Darkness                        NO    yes  NO        0.0000     2.6556    -1.0000  NO  NO   M displacement
  M2 Age                             NO    yes  NO        0.0000     2.6556    -1.0000  NO  NO   M displacement
  M3 Density                         NO    yes  NO        0.0000     2.6556    -1.0000  NO  NO   M displacement
  M4 Movement                        NO    yes  NO        0.0000     2.6556    -1.0000  NO  NO   M displacement
  M5 Gravity                         NO    yes  NO        0.0000     2.6556    -1.0000  NO  NO   M displacement
  M6 Entropy                         NO    yes  NO        0.0000     2.6556    -1.0000  NO  NO   M displacement
  M7 Pressure                        NO    yes  NO        0.0000     2.6556    -1.0000  NO  NO   M displacement
  M8 Weight                          NO    yes  NO        0.0000     2.6556    -1.0000  NO  NO   M displacement
  M9 Fog                             NO    yes  NO        0.0000     2.6556    -1.0000  NO  NO   M displacement
  M10 Life                           NO    yes  NO        0.0000     2.6556    -1.0000  NO  NO   M displacement
  M11 Depth                          NO    yes  NO        0.0000     2.6556    -1.0000  NO  NO   M displacement
  M12 Mass                           NO    yes  NO        0.0000     2.6556    -1.0000  NO  NO   M displacement
  E1 partial -> bloom                yes   yes  yes       1.7575     4.8488     2.3449  NO  NO   
  E2 resonator -> resonance peaks       yes   yes  yes       0.7238     4.7042     2.3449  NO  NO   
  E3 noise -> noise wake             yes   yes  yes       2.6685     5.2024     2.3449  NO  NO   
  E4 feedback -> loop wake           yes   yes  yes       2.3411     5.6898     2.3449  NO  NO   
  E5 ghost -> ghost bursts           yes   yes  yes       3.2476     3.0910     2.3449  NO  NO   
  E6.hi ecosystem sync rate high       NO    yes  NO        0.0000     2.6556    -1.0000  NO  NO   side predicate
  E7.hi ecosystem self-affinity high       NO    yes  NO        0.0000     2.6556    -1.0000  NO  NO   side predicate
  D1.1 material Glass                NO    yes  NO        0.0000     0.0000    -1.0000  NO  NO   state-only kind
  D1.2 material Strings              NO    yes  NO        0.0000     0.0000    -1.0000  NO  NO   state-only kind
  D1.3 material MetalPlate           NO    yes  NO        0.0000     0.0000    -1.0000  NO  NO   state-only kind
  D1.4 material Chamber              NO    yes  NO        0.0000     0.0000    -1.0000  NO  NO   state-only kind
  D1.5 material Ice                  NO    yes  NO        0.0000     0.0000    -1.0000  NO  NO   state-only kind
  D1.6 material StoneChamber         yes   yes  NO        0.0000     0.0000    -1.0000  yes NO   state-only kind
  D1.7 material SteelTank            yes   yes  NO        0.0000     0.0000    -1.0000  yes NO   state-only kind
  D1.8 material WoodenHull           NO    yes  NO        0.0000     0.0000    -1.0000  NO  NO   state-only kind
  D1.9 material CathedralColumn       NO    yes  NO        0.0000     0.0000    -1.0000  NO  NO   state-only kind
  D1.10 material CavernWall          NO    yes  NO        0.0000     0.0000    -1.0000  NO  NO   state-only kind
  D1.11 material GlassSphere         NO    yes  NO        0.0000     0.0000    -1.0000  NO  NO   state-only kind
  D2 body blend both heard           yes   yes  NO        0.0000     0.0000    -1.0000  yes NO   state-only kind
  D3.1 noise model Direct            yes   NO   yes       0.1878     0.0000    -1.0000  NO  NO   
  D3.2 noise model FilteredWind       yes   NO   yes       0.1878     0.0000    -1.0000  NO  NO   
  D3.3 noise model GranularDust       yes   NO   yes       0.1878     0.0000    -1.0000  NO  NO   
  D3.4 noise model MetallicHiss       yes   NO   yes       0.1878     0.0000    -1.0000  NO  NO   
  D4.1 noise type White              NO    NO   NO        0.0000     0.0000    -1.0000  NO  NO   state-only kind
  D4.2 noise type Pink               NO    NO   NO        0.0000     0.0000    -1.0000  NO  NO   state-only kind
  D4.3 noise type TapeHiss           NO    NO   NO        0.0000     0.0000    -1.0000  NO  NO   state-only kind
  D4.4 noise type VinylCrackle       NO    NO   NO        0.0000     0.0000    -1.0000  NO  NO   state-only kind
  D4.5 noise type Asperity           NO    NO   NO        0.0000     0.0000    -1.0000  NO  NO   state-only kind
  D4.6 noise type Brown              yes   NO   NO        0.0000     0.0000    -1.0000  NO  NO   state-only kind
  D4.7 noise type Blue               NO    NO   NO        0.0000     0.0000    -1.0000  NO  NO   state-only kind
  D4.8 noise type Violet             NO    NO   NO        0.0000     0.0000    -1.0000  NO  NO   state-only kind
  D4.9 noise type Grey               NO    NO   NO        0.0000     0.0000    -1.0000  NO  NO   state-only kind
  D4.10 noise type Velvet            NO    NO   NO        0.0000     0.0000    -1.0000  NO  NO   state-only kind
  D4.11 noise type VinylRumble       NO    NO   NO        0.0000     0.0000    -1.0000  NO  NO   state-only kind
  D4.12 noise type RadioStatic       NO    NO   NO        0.0000     0.0000    -1.0000  NO  NO   state-only kind
  D5.1 anchor Free                   NO    yes  NO        0.0000     0.0000    -1.0000  NO  NO   state-only kind
  D5.2 anchor Keyed                  NO    yes  NO        0.0000     0.0000    -1.0000  NO  NO   state-only kind
  D5.3 anchor Hybrid                 yes   yes  NO        0.0000     0.0000    -1.0000  yes NO   state-only kind
  D6.1 loop filter Lowpass           yes   NO   NO        0.0000     0.0000    -1.0000  NO  NO   state-only kind
  D6.2 loop filter Bandpass          NO    NO   NO        0.0000     0.0000    -1.0000  NO  NO   state-only kind
  D6.3 loop filter Highpass          NO    NO   NO        0.0000     0.0000    -1.0000  NO  NO   state-only kind
  D7.1 loudest sub f/2               yes   yes  NO        0.0000     0.0000    -1.0000  yes NO   state-only kind
  D7.2 loudest sub f/4               NO    yes  NO        0.0000     0.0000    -1.0000  NO  NO   state-only kind
  D7.3 loudest sub fifth below       NO    yes  NO        0.0000     0.0000    -1.0000  NO  NO   state-only kind
  D8.1 envelope Standard             yes   yes  NO        0.0000     0.0000    -1.0000  yes NO   state-only kind
  D8.2 envelope Growth               NO    yes  NO        0.0000     0.0000    -1.0000  NO  NO   state-only kind
  D9.1 attack span <= 10 s           NO    yes  NO        0.0000     0.0000    -1.0000  NO  NO   state-only kind
  D9.2 attack span >= 90 s           yes   yes  NO        0.0000     0.0000    -1.0000  yes NO   state-only kind
  D10.1 freeze holds a field   sec   yes   yes  yes       0.0000     0.0000    -1.0000  yes NO   
  D10.2 freeze off                   yes   yes  NO        0.0000     0.0000    -1.0000  yes NO   state-only kind
  D11 ghost reverse >= 0.5           NO    yes  NO        0.0000     0.0000    -1.0000  NO  NO   state-only kind
  D12.1 ghost event triggers on       NO    yes  NO        0.0000     0.0000    -1.0000  NO  NO   state-only kind
  D12.2 ghost event triggers off       yes   yes  NO        0.0000     0.0000    -1.0000  yes NO   state-only kind
  D13.1 event rate scale <= 0.3       NO    yes  NO        0.0000     2.6556    -1.0000  NO  NO   state false
  D13.2 event rate scale >= 3.0       NO    yes  NO        0.0000     2.6556    -1.0000  NO  NO   state false
  D14.1 breathing depth >= 0.7       NO    yes  NO        0.0000     2.6556    -1.0000  NO  NO   state false
  D14.2 tidal depth >= 0.7           NO    yes  NO        0.0000     2.6556    -1.0000  NO  NO   state false
[sweep] index 8: computing / loading record...

Choir of Absence (index 8): primary S9 ghost / atmosphere, 2 secondaries, s(P) 3.4109
  cell                         claim state conj rend           d      2s(P)     attrib  sec pri  skip
  S1 noise organism                  yes   yes  yes       0.5537     6.8218    -1.0000  NO  NO   
  S2 resonance drift                 yes   yes  yes       5.4978     6.8218    -1.0000  yes yes  
  S3 spectral smear                  yes   yes  yes       0.1638     6.8218    -1.0000  NO  NO   
  S4 feedback ecology                yes   yes  yes       0.2654     6.8218    -1.0000  NO  NO   
  S5 subharmonic                     yes   yes  yes       0.0769     6.8218    -1.0000  NO  NO   
  S6 harmonic bloom                  yes   yes  yes       0.1070     6.8218    -1.0000  NO  NO   
  S7 ecosystem                       yes   yes  yes       8.6485     6.8218    -1.0000  yes yes  
  S8 cavern space                    yes   yes  yes       0.7985     6.8218    -1.0000  NO  NO   
  S9 ghost / atmosphere        PRI   yes   yes  yes       4.3383     6.8218    -1.0000  yes yes  
  S10 acoustic body                  yes   yes  yes       0.9785     6.8218    -1.0000  NO  NO   
  M1 Darkness                        NO    yes  NO        0.0000     6.8218    -1.0000  NO  NO   M displacement
  M2 Age                             NO    yes  NO        0.0000     6.8218    -1.0000  NO  NO   M displacement
  M3 Density                         NO    yes  NO        0.0000     6.8218    -1.0000  NO  NO   M displacement
  M4 Movement                        NO    yes  NO        0.0000     6.8218    -1.0000  NO  NO   M displacement
  M5 Gravity                         NO    yes  NO        0.0000     6.8218    -1.0000  NO  NO   M displacement
  M6 Entropy                         NO    yes  NO        0.0000     6.8218    -1.0000  NO  NO   M displacement
  M7 Pressure                        NO    yes  NO        0.0000     6.8218    -1.0000  NO  NO   M displacement
  M8 Weight                          NO    yes  NO        0.0000     6.8218    -1.0000  NO  NO   M displacement
  M9 Fog                             NO    yes  NO        0.0000     6.8218    -1.0000  NO  NO   M displacement
  M10 Life                           NO    yes  NO        0.0000     6.8218    -1.0000  NO  NO   M displacement
  M11 Depth                          NO    yes  NO        0.0000     6.8218    -1.0000  NO  NO   M displacement
  M12 Mass                           NO    yes  NO        0.0000     6.8218    -1.0000  NO  NO   M displacement
  E1 partial -> bloom                yes   yes  yes       2.3587    10.3634     8.3886  NO  NO   
  E2 resonator -> resonance peaks       yes   yes  yes      11.2620    19.2884     8.3886  yes yes  
  E3 noise -> noise wake             yes   yes  yes       8.2283     9.5258     8.3886  NO  NO   
  E4 feedback -> loop wake           yes   yes  yes       8.2742    10.3649     8.3886  NO  NO   
  E5 ghost -> ghost bursts           yes   yes  yes       9.6414    10.5049     8.3886  NO  NO   
  E6.hi ecosystem sync rate high       NO    yes  NO        0.0000     6.8218    -1.0000  NO  NO   side predicate
  E7.hi ecosystem self-affinity high       NO    yes  NO        0.0000     6.8218    -1.0000  NO  NO   side predicate
  D1.1 material Glass                NO    NO   NO        0.0000     0.0000    -1.0000  NO  NO   state-only kind
  D1.2 material Strings              NO    NO   NO        0.0000     0.0000    -1.0000  NO  NO   state-only kind
  D1.3 material MetalPlate           NO    NO   NO        0.0000     0.0000    -1.0000  NO  NO   state-only kind
  D1.4 material Chamber              NO    NO   NO        0.0000     0.0000    -1.0000  NO  NO   state-only kind
  D1.5 material Ice                  NO    NO   NO        0.0000     0.0000    -1.0000  NO  NO   state-only kind
  D1.6 material StoneChamber         yes   NO   NO        0.0000     0.0000    -1.0000  NO  NO   state-only kind
  D1.7 material SteelTank            yes   NO   NO        0.0000     0.0000    -1.0000  NO  NO   state-only kind
  D1.8 material WoodenHull           NO    NO   NO        0.0000     0.0000    -1.0000  NO  NO   state-only kind
  D1.9 material CathedralColumn       NO    NO   NO        0.0000     0.0000    -1.0000  NO  NO   state-only kind
  D1.10 material CavernWall          NO    NO   NO        0.0000     0.0000    -1.0000  NO  NO   state-only kind
  D1.11 material GlassSphere         NO    NO   NO        0.0000     0.0000    -1.0000  NO  NO   state-only kind
  D2 body blend both heard           yes   NO   NO        0.0000     0.0000    -1.0000  NO  NO   state-only kind
  D3.1 noise model Direct            yes   NO   yes       0.5537     0.0000    -1.0000  NO  NO   
  D3.2 noise model FilteredWind       yes   NO   yes       0.5537     0.0000    -1.0000  NO  NO   
  D3.3 noise model GranularDust       yes   NO   yes       0.5537     0.0000    -1.0000  NO  NO   
  D3.4 noise model MetallicHiss       yes   NO   yes       0.5537     0.0000    -1.0000  NO  NO   
  D4.1 noise type White              NO    NO   NO        0.0000     0.0000    -1.0000  NO  NO   state-only kind
  D4.2 noise type Pink               NO    NO   NO        0.0000     0.0000    -1.0000  NO  NO   state-only kind
  D4.3 noise type TapeHiss           NO    NO   NO        0.0000     0.0000    -1.0000  NO  NO   state-only kind
  D4.4 noise type VinylCrackle       NO    NO   NO        0.0000     0.0000    -1.0000  NO  NO   state-only kind
  D4.5 noise type Asperity           NO    NO   NO        0.0000     0.0000    -1.0000  NO  NO   state-only kind
  D4.6 noise type Brown              yes   NO   NO        0.0000     0.0000    -1.0000  NO  NO   state-only kind
  D4.7 noise type Blue               NO    NO   NO        0.0000     0.0000    -1.0000  NO  NO   state-only kind
  D4.8 noise type Violet             NO    NO   NO        0.0000     0.0000    -1.0000  NO  NO   state-only kind
  D4.9 noise type Grey               NO    NO   NO        0.0000     0.0000    -1.0000  NO  NO   state-only kind
  D4.10 noise type Velvet            NO    NO   NO        0.0000     0.0000    -1.0000  NO  NO   state-only kind
  D4.11 noise type VinylRumble       NO    NO   NO        0.0000     0.0000    -1.0000  NO  NO   state-only kind
  D4.12 noise type RadioStatic       NO    NO   NO        0.0000     0.0000    -1.0000  NO  NO   state-only kind
  D5.1 anchor Free                   NO    yes  NO        0.0000     0.0000    -1.0000  NO  NO   state-only kind
  D5.2 anchor Keyed                  NO    yes  NO        0.0000     0.0000    -1.0000  NO  NO   state-only kind
  D5.3 anchor Hybrid                 yes   yes  NO        0.0000     0.0000    -1.0000  yes NO   state-only kind
  D6.1 loop filter Lowpass           yes   NO   NO        0.0000     0.0000    -1.0000  NO  NO   state-only kind
  D6.2 loop filter Bandpass          NO    NO   NO        0.0000     0.0000    -1.0000  NO  NO   state-only kind
  D6.3 loop filter Highpass          NO    NO   NO        0.0000     0.0000    -1.0000  NO  NO   state-only kind
  D7.1 loudest sub f/2               yes   NO   NO        0.0000     0.0000    -1.0000  NO  NO   state-only kind
  D7.2 loudest sub f/4               NO    NO   NO        0.0000     0.0000    -1.0000  NO  NO   state-only kind
  D7.3 loudest sub fifth below       NO    NO   NO        0.0000     0.0000    -1.0000  NO  NO   state-only kind
  D8.1 envelope Standard             yes   yes  NO        0.0000     0.0000    -1.0000  yes NO   state-only kind
  D8.2 envelope Growth               NO    yes  NO        0.0000     0.0000    -1.0000  NO  NO   state-only kind
  D9.1 attack span <= 10 s           NO    yes  NO        0.0000     0.0000    -1.0000  NO  NO   state-only kind
  D9.2 attack span >= 90 s           yes   yes  NO        0.0000     0.0000    -1.0000  yes NO   state-only kind
  D10.1 freeze holds a field         NO    NO   NO        0.0000     0.0000    -1.0000  NO  NO   state-only kind
  D10.2 freeze off                   yes   yes  NO        0.0000     0.0000    -1.0000  yes NO   state-only kind
  D11 ghost reverse >= 0.5     sec   yes   yes  NO        0.0000     0.0000    -1.0000  yes NO   state-only kind
  D12.1 ghost event triggers on sec   yes   yes  NO        0.0000     0.0000    -1.0000  yes NO   state-only kind
  D12.2 ghost event triggers off       NO    yes  NO        0.0000     0.0000    -1.0000  NO  NO   state-only kind
  D13.1 event rate scale <= 0.3       NO    yes  NO        0.0000     6.8218    -1.0000  NO  NO   state false
  D13.2 event rate scale >= 3.0       NO    yes  NO        0.0000     6.8218    -1.0000  NO  NO   state false
  D14.1 breathing depth >= 0.7       NO    yes  NO        0.0000     6.8218    -1.0000  NO  NO   state false
  D14.2 tidal depth >= 0.7           NO    yes  NO        0.0000     6.8218    -1.0000  NO  NO   state false
[sweep] index 9: computing / loading record...

Hull Resonance (index 9): primary S10 acoustic body, 3 secondaries, s(P) 5.0127
  cell                         claim state conj rend           d      2s(P)     attrib  sec pri  skip
  S1 noise organism                  yes   yes  yes       4.2526    10.0254    -1.0000  yes yes  
  S2 resonance drift                 yes   yes  yes       0.6218    10.0254    -1.0000  NO  NO   
  S3 spectral smear                  yes   yes  yes       2.6943    10.0254    -1.0000  yes NO   
  S4 feedback ecology                yes   yes  yes       0.0177    10.0254    -1.0000  NO  NO   
  S5 subharmonic                     yes   yes  yes       1.9660    10.0254    -1.0000  yes NO   
  S6 harmonic bloom                  yes   yes  yes       0.6685    10.0254    -1.0000  NO  NO   
  S7 ecosystem                       yes   yes  yes       7.6848    10.0254    -1.0000  yes yes  
  S8 cavern space                    yes   yes  yes       0.5289    10.0254    -1.0000  NO  NO   
  S9 ghost / atmosphere              yes   yes  yes       1.6274    10.0254    -1.0000  yes NO   
  S10 acoustic body            PRI   yes   yes  yes      10.5014    10.0254    -1.0000  yes yes  
  M1 Darkness                        NO    yes  NO        0.0000    10.0254    -1.0000  NO  NO   M displacement
  M2 Age                             NO    yes  NO        0.0000    10.0254    -1.0000  NO  NO   M displacement
  M3 Density                         NO    yes  NO        0.0000    10.0254    -1.0000  NO  NO   M displacement
  M4 Movement                        NO    yes  NO        0.0000    10.0254    -1.0000  NO  NO   M displacement
  M5 Gravity                         NO    yes  NO        0.0000    10.0254    -1.0000  NO  NO   M displacement
  M6 Entropy                         NO    yes  NO        0.0000    10.0254    -1.0000  NO  NO   M displacement
  M7 Pressure                        NO    yes  NO        0.0000    10.0254    -1.0000  NO  NO   M displacement
  M8 Weight                          NO    yes  NO        0.0000    10.0254    -1.0000  NO  NO   M displacement
  M9 Fog                             NO    yes  NO        0.0000    10.0254    -1.0000  NO  NO   M displacement
  M10 Life                           NO    yes  NO        0.0000    10.0254    -1.0000  NO  NO   M displacement
  M11 Depth                          NO    yes  NO        0.0000    10.0254    -1.0000  NO  NO   M displacement
  M12 Mass                           NO    yes  NO        0.0000    10.0254    -1.0000  NO  NO   M displacement
  E1 partial -> bloom                yes   yes  yes      10.0881    14.5017    11.5240  NO  NO   
  E2 resonator -> resonance peaks       yes   yes  yes      11.2913    19.5812    11.5240  NO  NO   
  E3 noise -> noise wake             yes   yes  yes       9.6644    10.8316    11.5240  NO  NO   
  E4 feedback -> loop wake           yes   yes  yes      11.5350    15.5606    11.5240  NO  NO   
  E5 ghost -> ghost bursts           yes   yes  yes      10.5833    15.5681    11.5240  NO  NO   
  E6.hi ecosystem sync rate high       NO    yes  NO        0.0000    10.0254    -1.0000  NO  NO   side predicate
  E7.hi ecosystem self-affinity high       NO    yes  NO        0.0000    10.0254    -1.0000  NO  NO   side predicate
  D1.1 material Glass                NO    yes  NO        0.0000     0.0000    -1.0000  NO  NO   state-only kind
  D1.2 material Strings              NO    yes  NO        0.0000     0.0000    -1.0000  NO  NO   state-only kind
  D1.3 material MetalPlate           NO    yes  NO        0.0000     0.0000    -1.0000  NO  NO   state-only kind
  D1.4 material Chamber              NO    yes  NO        0.0000     0.0000    -1.0000  NO  NO   state-only kind
  D1.5 material Ice                  NO    yes  NO        0.0000     0.0000    -1.0000  NO  NO   state-only kind
  D1.6 material StoneChamber   sec   yes   yes  NO        0.0000     0.0000    -1.0000  yes NO   state-only kind
  D1.7 material SteelTank      sec   yes   yes  NO        0.0000     0.0000    -1.0000  yes NO   state-only kind
  D1.8 material WoodenHull           NO    yes  NO        0.0000     0.0000    -1.0000  NO  NO   state-only kind
  D1.9 material CathedralColumn       NO    yes  NO        0.0000     0.0000    -1.0000  NO  NO   state-only kind
  D1.10 material CavernWall          NO    yes  NO        0.0000     0.0000    -1.0000  NO  NO   state-only kind
  D1.11 material GlassSphere         NO    yes  NO        0.0000     0.0000    -1.0000  NO  NO   state-only kind
  D2 body blend both heard     sec   yes   yes  NO        0.0000     0.0000    -1.0000  yes NO   state-only kind
  D3.1 noise model Direct            yes   yes  yes       4.2526     0.0000    -1.0000  yes yes  
  D3.2 noise model FilteredWind       yes   yes  yes       4.2526     0.0000    -1.0000  yes yes  
  D3.3 noise model GranularDust       yes   yes  yes       4.2526     0.0000    -1.0000  yes yes  
  D3.4 noise model MetallicHiss       yes   yes  yes       4.2526     0.0000    -1.0000  yes yes  
  D4.1 noise type White              NO    yes  NO        0.0000     0.0000    -1.0000  NO  NO   state-only kind
  D4.2 noise type Pink               NO    yes  NO        0.0000     0.0000    -1.0000  NO  NO   state-only kind
  D4.3 noise type TapeHiss           NO    yes  NO        0.0000     0.0000    -1.0000  NO  NO   state-only kind
  D4.4 noise type VinylCrackle       NO    yes  NO        0.0000     0.0000    -1.0000  NO  NO   state-only kind
  D4.5 noise type Asperity           NO    yes  NO        0.0000     0.0000    -1.0000  NO  NO   state-only kind
  D4.6 noise type Brown              yes   yes  NO        0.0000     0.0000    -1.0000  yes NO   state-only kind
  D4.7 noise type Blue               NO    yes  NO        0.0000     0.0000    -1.0000  NO  NO   state-only kind
  D4.8 noise type Violet             NO    yes  NO        0.0000     0.0000    -1.0000  NO  NO   state-only kind
  D4.9 noise type Grey               NO    yes  NO        0.0000     0.0000    -1.0000  NO  NO   state-only kind
  D4.10 noise type Velvet            NO    yes  NO        0.0000     0.0000    -1.0000  NO  NO   state-only kind
  D4.11 noise type VinylRumble       NO    yes  NO        0.0000     0.0000    -1.0000  NO  NO   state-only kind
  D4.12 noise type RadioStatic       NO    yes  NO        0.0000     0.0000    -1.0000  NO  NO   state-only kind
  D5.1 anchor Free                   NO    NO   NO        0.0000     0.0000    -1.0000  NO  NO   state-only kind
  D5.2 anchor Keyed                  NO    NO   NO        0.0000     0.0000    -1.0000  NO  NO   state-only kind
  D5.3 anchor Hybrid                 yes   NO   NO        0.0000     0.0000    -1.0000  NO  NO   state-only kind
  D6.1 loop filter Lowpass           yes   NO   NO        0.0000     0.0000    -1.0000  NO  NO   state-only kind
  D6.2 loop filter Bandpass          NO    NO   NO        0.0000     0.0000    -1.0000  NO  NO   state-only kind
  D6.3 loop filter Highpass          NO    NO   NO        0.0000     0.0000    -1.0000  NO  NO   state-only kind
  D7.1 loudest sub f/2               yes   yes  NO        0.0000     0.0000    -1.0000  yes NO   state-only kind
  D7.2 loudest sub f/4               NO    yes  NO        0.0000     0.0000    -1.0000  NO  NO   state-only kind
  D7.3 loudest sub fifth below       NO    yes  NO        0.0000     0.0000    -1.0000  NO  NO   state-only kind
  D8.1 envelope Standard             yes   yes  NO        0.0000     0.0000    -1.0000  yes NO   state-only kind
  D8.2 envelope Growth               NO    yes  NO        0.0000     0.0000    -1.0000  NO  NO   state-only kind
  D9.1 attack span <= 10 s           NO    yes  NO        0.0000     0.0000    -1.0000  NO  NO   state-only kind
  D9.2 attack span >= 90 s           yes   yes  NO        0.0000     0.0000    -1.0000  yes NO   state-only kind
  D10.1 freeze holds a field         NO    NO   NO        0.0000     0.0000    -1.0000  NO  NO   state-only kind
  D10.2 freeze off                   yes   yes  NO        0.0000     0.0000    -1.0000  yes NO   state-only kind
  D11 ghost reverse >= 0.5           NO    yes  NO        0.0000     0.0000    -1.0000  NO  NO   state-only kind
  D12.1 ghost event triggers on       NO    yes  NO        0.0000     0.0000    -1.0000  NO  NO   state-only kind
  D12.2 ghost event triggers off       yes   yes  NO        0.0000     0.0000    -1.0000  yes NO   state-only kind
  D13.1 event rate scale <= 0.3       NO    yes  NO        0.0000    10.0254    -1.0000  NO  NO   state false
  D13.2 event rate scale >= 3.0       NO    yes  NO        0.0000    10.0254    -1.0000  NO  NO   state false
  D14.1 breathing depth >= 0.7       NO    yes  NO        0.0000    10.0254    -1.0000  NO  NO   state false
  D14.2 tidal depth >= 0.7           NO    yes  NO        0.0000    10.0254    -1.0000  NO  NO   state false
[sweep] index 10: computing / loading record...

Lightless (index 10): primary M1 Darkness, 1 secondaries, s(P) 3.5254
  cell                         claim state conj rend           d      2s(P)     attrib  sec pri  skip
  S1 noise organism                  yes   yes  yes       1.0989     7.0508    -1.0000  NO  NO   
  S2 resonance drift                 yes   yes  yes       4.1081     7.0508    -1.0000  yes yes  
  S3 spectral smear                  yes   yes  yes       0.4418     7.0508    -1.0000  NO  NO   
  S4 feedback ecology                yes   yes  yes       0.0118     7.0508    -1.0000  NO  NO   
  S5 subharmonic                     yes   yes  yes       1.0361     7.0508    -1.0000  NO  NO   
  S6 harmonic bloom                  yes   yes  yes       0.7567     7.0508    -1.0000  NO  NO   
  S7 ecosystem                       yes   yes  yes       7.4967     7.0508    -1.0000  yes yes  
  S8 cavern space                    yes   yes  yes       6.5774     7.0508    -1.0000  yes yes  
  S9 ghost / atmosphere              yes   yes  yes       3.3669     7.0508    -1.0000  yes NO   
  S10 acoustic body                  yes   yes  yes      15.5701     7.0508    -1.0000  yes yes  
  M1 Darkness                  PRI   yes   yes  yes       1.7830     7.0508    -1.0000  yes NO   
  M2 Age                             NO    yes  NO        0.0000     7.0508    -1.0000  NO  NO   M displacement
  M3 Density                         NO    yes  NO        0.0000     7.0508    -1.0000  NO  NO   M displacement
  M4 Movement                        NO    yes  NO        0.0000     7.0508    -1.0000  NO  NO   M displacement
  M5 Gravity                         NO    yes  NO        0.0000     7.0508    -1.0000  NO  NO   M displacement
  M6 Entropy                         NO    yes  NO        0.0000     7.0508    -1.0000  NO  NO   M displacement
  M7 Pressure                        NO    yes  NO        0.0000     7.0508    -1.0000  NO  NO   M displacement
  M8 Weight                          NO    yes  NO        0.0000     7.0508    -1.0000  NO  NO   M displacement
  M9 Fog                             NO    yes  NO        0.0000     7.0508    -1.0000  NO  NO   M displacement
  M10 Life                           NO    yes  NO        0.0000     7.0508    -1.0000  NO  NO   M displacement
  M11 Depth                          NO    yes  NO        0.0000     7.0508    -1.0000  NO  NO   M displacement
  M12 Mass                           NO    yes  NO        0.0000     7.0508    -1.0000  NO  NO   M displacement
  E1 partial -> bloom                yes   yes  yes       1.6680     5.7930     2.6505  NO  NO   
  E2 resonator -> resonance peaks       yes   yes  yes       5.5324     8.3339     2.6505  yes yes  
  E3 noise -> noise wake             yes   yes  yes       2.5242     5.7639     2.6505  NO  NO   
  E4 feedback -> loop wake           yes   yes  yes       2.6552     4.8436     2.6505  NO  NO   
  E5 ghost -> ghost bursts           yes   yes  yes       3.2773     5.8510     2.6505  NO  NO   
  E6.hi ecosystem sync rate high       NO    yes  NO        0.0000     7.0508    -1.0000  NO  NO   side predicate
  E7.hi ecosystem self-affinity high       NO    yes  NO        0.0000     7.0508    -1.0000  NO  NO   side predicate
  D1.1 material Glass                NO    yes  NO        0.0000     0.0000    -1.0000  NO  NO   state-only kind
  D1.2 material Strings              NO    yes  NO        0.0000     0.0000    -1.0000  NO  NO   state-only kind
  D1.3 material MetalPlate           NO    yes  NO        0.0000     0.0000    -1.0000  NO  NO   state-only kind
  D1.4 material Chamber              NO    yes  NO        0.0000     0.0000    -1.0000  NO  NO   state-only kind
  D1.5 material Ice                  NO    yes  NO        0.0000     0.0000    -1.0000  NO  NO   state-only kind
  D1.6 material StoneChamber         yes   yes  NO        0.0000     0.0000    -1.0000  yes NO   state-only kind
  D1.7 material SteelTank            yes   yes  NO        0.0000     0.0000    -1.0000  yes NO   state-only kind
  D1.8 material WoodenHull           NO    yes  NO        0.0000     0.0000    -1.0000  NO  NO   state-only kind
  D1.9 material CathedralColumn       NO    yes  NO        0.0000     0.0000    -1.0000  NO  NO   state-only kind
  D1.10 material CavernWall          NO    yes  NO        0.0000     0.0000    -1.0000  NO  NO   state-only kind
  D1.11 material GlassSphere         NO    yes  NO        0.0000     0.0000    -1.0000  NO  NO   state-only kind
  D2 body blend both heard           yes   yes  NO        0.0000     0.0000    -1.0000  yes NO   state-only kind
  D3.1 noise model Direct            yes   NO   yes       1.0989     0.0000    -1.0000  NO  NO   
  D3.2 noise model FilteredWind       yes   NO   yes       1.0989     0.0000    -1.0000  NO  NO   
  D3.3 noise model GranularDust       yes   NO   yes       1.0989     0.0000    -1.0000  NO  NO   
  D3.4 noise model MetallicHiss       yes   NO   yes       1.0989     0.0000    -1.0000  NO  NO   
  D4.1 noise type White              NO    NO   NO        0.0000     0.0000    -1.0000  NO  NO   state-only kind
  D4.2 noise type Pink               NO    NO   NO        0.0000     0.0000    -1.0000  NO  NO   state-only kind
  D4.3 noise type TapeHiss           NO    NO   NO        0.0000     0.0000    -1.0000  NO  NO   state-only kind
  D4.4 noise type VinylCrackle       NO    NO   NO        0.0000     0.0000    -1.0000  NO  NO   state-only kind
  D4.5 noise type Asperity           NO    NO   NO        0.0000     0.0000    -1.0000  NO  NO   state-only kind
  D4.6 noise type Brown              yes   NO   NO        0.0000     0.0000    -1.0000  NO  NO   state-only kind
  D4.7 noise type Blue               NO    NO   NO        0.0000     0.0000    -1.0000  NO  NO   state-only kind
  D4.8 noise type Violet             NO    NO   NO        0.0000     0.0000    -1.0000  NO  NO   state-only kind
  D4.9 noise type Grey               NO    NO   NO        0.0000     0.0000    -1.0000  NO  NO   state-only kind
  D4.10 noise type Velvet            NO    NO   NO        0.0000     0.0000    -1.0000  NO  NO   state-only kind
  D4.11 noise type VinylRumble       NO    NO   NO        0.0000     0.0000    -1.0000  NO  NO   state-only kind
  D4.12 noise type RadioStatic       NO    NO   NO        0.0000     0.0000    -1.0000  NO  NO   state-only kind
  D5.1 anchor Free                   NO    yes  NO        0.0000     0.0000    -1.0000  NO  NO   state-only kind
  D5.2 anchor Keyed                  NO    yes  NO        0.0000     0.0000    -1.0000  NO  NO   state-only kind
  D5.3 anchor Hybrid                 yes   yes  NO        0.0000     0.0000    -1.0000  yes NO   state-only kind
  D6.1 loop filter Lowpass           yes   NO   NO        0.0000     0.0000    -1.0000  NO  NO   state-only kind
  D6.2 loop filter Bandpass          NO    NO   NO        0.0000     0.0000    -1.0000  NO  NO   state-only kind
  D6.3 loop filter Highpass          NO    NO   NO        0.0000     0.0000    -1.0000  NO  NO   state-only kind
  D7.1 loudest sub f/2               yes   NO   NO        0.0000     0.0000    -1.0000  NO  NO   state-only kind
  D7.2 loudest sub f/4               NO    NO   NO        0.0000     0.0000    -1.0000  NO  NO   state-only kind
  D7.3 loudest sub fifth below       NO    NO   NO        0.0000     0.0000    -1.0000  NO  NO   state-only kind
  D8.1 envelope Standard             yes   yes  NO        0.0000     0.0000    -1.0000  yes NO   state-only kind
  D8.2 envelope Growth               NO    yes  NO        0.0000     0.0000    -1.0000  NO  NO   state-only kind
  D9.1 attack span <= 10 s           NO    yes  NO        0.0000     0.0000    -1.0000  NO  NO   state-only kind
  D9.2 attack span >= 90 s           yes   yes  NO        0.0000     0.0000    -1.0000  yes NO   state-only kind
  D10.1 freeze holds a field         NO    NO   NO        0.0000     0.0000    -1.0000  NO  NO   state-only kind
  D10.2 freeze off                   yes   yes  NO        0.0000     0.0000    -1.0000  yes NO   state-only kind
  D11 ghost reverse >= 0.5           NO    yes  NO        0.0000     0.0000    -1.0000  NO  NO   state-only kind
  D12.1 ghost event triggers on       NO    yes  NO        0.0000     0.0000    -1.0000  NO  NO   state-only kind
  D12.2 ghost event triggers off sec   yes   yes  NO        0.0000     0.0000    -1.0000  yes NO   state-only kind
  D13.1 event rate scale <= 0.3       NO    yes  NO        0.0000     7.0508    -1.0000  NO  NO   state false
  D13.2 event rate scale >= 3.0       NO    yes  NO        0.0000     7.0508    -1.0000  NO  NO   state false
  D14.1 breathing depth >= 0.7       NO    yes  NO        0.0000     7.0508    -1.0000  NO  NO   state false
  D14.2 tidal depth >= 0.7           NO    yes  NO        0.0000     7.0508    -1.0000  NO  NO   state false
F:\projects\iterum\plugins\vorago\tests\integration\preset_sweep_test.cpp(1203): FAILED:
  CHECK( VoragoTest::verifiedAt(o, primary, ClaimRole::Primary) )
with expansion:
  false
with message:
  Lightless primary M1 Darkness: d 1.78303, 2s(P) 7.05084, attrib -1, skip []

[sweep] index 11: computing / loading record...

Erosion (index 11): primary M2 Age, 4 secondaries, s(P) 2.3046
  cell                         claim state conj rend           d      2s(P)     attrib  sec pri  skip
  S1 noise organism                  yes   yes  yes       1.4396     4.6092    -1.0000  NO  NO   
  S2 resonance drift                 yes   yes  yes       3.3739     4.6092    -1.0000  yes NO   
  S3 spectral smear                  yes   yes  yes       0.4868     4.6092    -1.0000  NO  NO   
  S4 feedback ecology                yes   yes  yes       0.0155     4.6092    -1.0000  NO  NO   
  S5 subharmonic                     yes   yes  yes       1.0499     4.6092    -1.0000  NO  NO   
  S6 harmonic bloom                  yes   yes  yes       0.3787     4.6092    -1.0000  NO  NO   
  S7 ecosystem                       yes   yes  yes       2.9650     4.6092    -1.0000  yes NO   
  S8 cavern space                    yes   yes  yes       8.1773     4.6092    -1.0000  yes yes  
  S9 ghost / atmosphere              yes   yes  yes       0.7609     4.6092    -1.0000  NO  NO   
  S10 acoustic body                  yes   yes  yes       9.5181     4.6092    -1.0000  yes yes  
  M1 Darkness                        NO    yes  NO        0.0000     4.6092    -1.0000  NO  NO   M displacement
  M2 Age                       PRI   yes   yes  yes       2.7945     4.6092    -1.0000  yes NO   
  M3 Density                         NO    yes  NO        0.0000     4.6092    -1.0000  NO  NO   M displacement
  M4 Movement                        NO    yes  NO        0.0000     4.6092    -1.0000  NO  NO   M displacement
  M5 Gravity                         NO    yes  NO        0.0000     4.6092    -1.0000  NO  NO   M displacement
  M6 Entropy                         NO    yes  NO        0.0000     4.6092    -1.0000  NO  NO   M displacement
  M7 Pressure                        NO    yes  NO        0.0000     4.6092    -1.0000  NO  NO   M displacement
  M8 Weight                          NO    yes  NO        0.0000     4.6092    -1.0000  NO  NO   M displacement
  M9 Fog                             NO    yes  NO        0.0000     4.6092    -1.0000  NO  NO   M displacement
  M10 Life                           NO    yes  NO        0.0000     4.6092    -1.0000  NO  NO   M displacement
  M11 Depth                          NO    yes  NO        0.0000     4.6092    -1.0000  NO  NO   M displacement
  M12 Mass                           NO    yes  NO        0.0000     4.6092    -1.0000  NO  NO   M displacement
  E1 partial -> bloom                yes   yes  yes       1.1976     3.8552     6.5881  NO  NO   
  E2 resonator -> resonance peaks       yes   yes  yes       6.0741     6.3923     6.5881  NO  NO   
  E3 noise -> noise wake             yes   yes  yes       5.4921     6.2437     6.5881  NO  NO   
  E4 feedback -> loop wake           yes   yes  yes       6.5902     3.7928     6.5881  NO  NO   
  E5 ghost -> ghost bursts           yes   yes  yes       5.8007     3.9419     6.5881  NO  NO   
  E6.hi ecosystem sync rate high       NO    yes  NO        0.0000     4.6092    -1.0000  NO  NO   side predicate
  E7.hi ecosystem self-affinity high       NO    yes  NO        0.0000     4.6092    -1.0000  NO  NO   side predicate
  D1.1 material Glass                NO    yes  NO        0.0000     0.0000    -1.0000  NO  NO   state-only kind
  D1.2 material Strings              NO    yes  NO        0.0000     0.0000    -1.0000  NO  NO   state-only kind
  D1.3 material MetalPlate           NO    yes  NO        0.0000     0.0000    -1.0000  NO  NO   state-only kind
  D1.4 material Chamber              NO    yes  NO        0.0000     0.0000    -1.0000  NO  NO   state-only kind
  D1.5 material Ice                  NO    yes  NO        0.0000     0.0000    -1.0000  NO  NO   state-only kind
  D1.6 material StoneChamber         yes   yes  NO        0.0000     0.0000    -1.0000  yes NO   state-only kind
  D1.7 material SteelTank            yes   yes  NO        0.0000     0.0000    -1.0000  yes NO   state-only kind
  D1.8 material WoodenHull           NO    yes  NO        0.0000     0.0000    -1.0000  NO  NO   state-only kind
  D1.9 material CathedralColumn       NO    yes  NO        0.0000     0.0000    -1.0000  NO  NO   state-only kind
  D1.10 material CavernWall          NO    yes  NO        0.0000     0.0000    -1.0000  NO  NO   state-only kind
  D1.11 material GlassSphere         NO    yes  NO        0.0000     0.0000    -1.0000  NO  NO   state-only kind
  D2 body blend both heard           yes   yes  NO        0.0000     0.0000    -1.0000  yes NO   state-only kind
  D3.1 noise model Direct            yes   NO   yes       1.4396     0.0000    -1.0000  NO  NO   
  D3.2 noise model FilteredWind       NO    NO   yes       1.4396     0.0000    -1.0000  NO  NO   
  D3.3 noise model GranularDust sec   yes   NO   yes       1.4396     0.0000    -1.0000  NO  NO   
  D3.4 noise model MetallicHiss       NO    NO   yes       1.4396     0.0000    -1.0000  NO  NO   
  D4.1 noise type White              NO    NO   NO        0.0000     0.0000    -1.0000  NO  NO   state-only kind
  D4.2 noise type Pink               NO    NO   NO        0.0000     0.0000    -1.0000  NO  NO   state-only kind
  D4.3 noise type TapeHiss           NO    NO   NO        0.0000     0.0000    -1.0000  NO  NO   state-only kind
  D4.4 noise type VinylCrackle sec   yes   NO   NO        0.0000     0.0000    -1.0000  NO  NO   state-only kind
  D4.5 noise type Asperity     sec   yes   NO   NO        0.0000     0.0000    -1.0000  NO  NO   state-only kind
  D4.6 noise type Brown        sec   yes   NO   NO        0.0000     0.0000    -1.0000  NO  NO   state-only kind
  D4.7 noise type Blue               NO    NO   NO        0.0000     0.0000    -1.0000  NO  NO   state-only kind
  D4.8 noise type Violet             NO    NO   NO        0.0000     0.0000    -1.0000  NO  NO   state-only kind
  D4.9 noise type Grey               NO    NO   NO        0.0000     0.0000    -1.0000  NO  NO   state-only kind
  D4.10 noise type Velvet            NO    NO   NO        0.0000     0.0000    -1.0000  NO  NO   state-only kind
  D4.11 noise type VinylRumble       NO    NO   NO        0.0000     0.0000    -1.0000  NO  NO   state-only kind
  D4.12 noise type RadioStatic       NO    NO   NO        0.0000     0.0000    -1.0000  NO  NO   state-only kind
  D5.1 anchor Free                   NO    yes  NO        0.0000     0.0000    -1.0000  NO  NO   state-only kind
  D5.2 anchor Keyed                  NO    yes  NO        0.0000     0.0000    -1.0000  NO  NO   state-only kind
  D5.3 anchor Hybrid                 yes   yes  NO        0.0000     0.0000    -1.0000  yes NO   state-only kind
  D6.1 loop filter Lowpass           yes   NO   NO        0.0000     0.0000    -1.0000  NO  NO   state-only kind
  D6.2 loop filter Bandpass          NO    NO   NO        0.0000     0.0000    -1.0000  NO  NO   state-only kind
  D6.3 loop filter Highpass          NO    NO   NO        0.0000     0.0000    -1.0000  NO  NO   state-only kind
  D7.1 loudest sub f/2               yes   NO   NO        0.0000     0.0000    -1.0000  NO  NO   state-only kind
  D7.2 loudest sub f/4               NO    NO   NO        0.0000     0.0000    -1.0000  NO  NO   state-only kind
  D7.3 loudest sub fifth below       NO    NO   NO        0.0000     0.0000    -1.0000  NO  NO   state-only kind
  D8.1 envelope Standard             yes   yes  NO        0.0000     0.0000    -1.0000  yes NO   state-only kind
  D8.2 envelope Growth               NO    yes  NO        0.0000     0.0000    -1.0000  NO  NO   state-only kind
  D9.1 attack span <= 10 s           NO    yes  NO        0.0000     0.0000    -1.0000  NO  NO   state-only kind
  D9.2 attack span >= 90 s           yes   yes  NO        0.0000     0.0000    -1.0000  yes NO   state-only kind
  D10.1 freeze holds a field         NO    NO   NO        0.0000     0.0000    -1.0000  NO  NO   state-only kind
  D10.2 freeze off                   yes   yes  NO        0.0000     0.0000    -1.0000  yes NO   state-only kind
  D11 ghost reverse >= 0.5           NO    NO   NO        0.0000     0.0000    -1.0000  NO  NO   state-only kind
  D12.1 ghost event triggers on       NO    NO   NO        0.0000     0.0000    -1.0000  NO  NO   state-only kind
  D12.2 ghost event triggers off       yes   yes  NO        0.0000     0.0000    -1.0000  yes NO   state-only kind
  D13.1 event rate scale <= 0.3       NO    yes  NO        0.0000     4.6092    -1.0000  NO  NO   state false
  D13.2 event rate scale >= 3.0       NO    yes  NO        0.0000     4.6092    -1.0000  NO  NO   state false
  D14.1 breathing depth >= 0.7       NO    yes  NO        0.0000     4.6092    -1.0000  NO  NO   state false
  D14.2 tidal depth >= 0.7           NO    yes  NO        0.0000     4.6092    -1.0000  NO  NO   state false
F:\projects\iterum\plugins\vorago\tests\integration\preset_sweep_test.cpp(1203): FAILED:
  CHECK( VoragoTest::verifiedAt(o, primary, ClaimRole::Primary) )
with expansion:
  false
with message:
  Erosion primary M2 Age: d 2.79451, 2s(P) 4.60922, attrib -1, skip []

F:\projects\iterum\plugins\vorago\tests\integration\preset_sweep_test.cpp(1210): FAILED:
  CHECK( VoragoTest::verifiedAt(o, c, ClaimRole::Secondary) )
with expansion:
  false
with message:
  Erosion secondary D3.3 noise model GranularDust: d 1.43957, 2s(P) 0, attrib -
  1, skip []

F:\projects\iterum\plugins\vorago\tests\integration\preset_sweep_test.cpp(1210): FAILED:
  CHECK( VoragoTest::verifiedAt(o, c, ClaimRole::Secondary) )
with expansion:
  false
with message:
  Erosion secondary D4.4 noise type VinylCrackle: d 0, 2s(P) 0, attrib -1, skip
  [state-only kind]

F:\projects\iterum\plugins\vorago\tests\integration\preset_sweep_test.cpp(1210): FAILED:
  CHECK( VoragoTest::verifiedAt(o, c, ClaimRole::Secondary) )
with expansion:
  false
with message:
  Erosion secondary D4.5 noise type Asperity: d 0, 2s(P) 0, attrib -1, skip
  [state-only kind]

F:\projects\iterum\plugins\vorago\tests\integration\preset_sweep_test.cpp(1210): FAILED:
  CHECK( VoragoTest::verifiedAt(o, c, ClaimRole::Secondary) )
with expansion:
  false
with message:
  Erosion secondary D4.6 noise type Brown: d 0, 2s(P) 0, attrib -1, skip
  [state-only kind]

[sweep] index 12: computing / loading record...

Crowded Dark (index 12): primary M3 Density, 0 secondaries, s(P) 2.8337
  cell                         claim state conj rend           d      2s(P)     attrib  sec pri  skip
  S1 noise organism                  yes   yes  yes       6.6825     5.6674    -1.0000  yes yes  
  S2 resonance drift                 yes   yes  yes       3.9940     5.6674    -1.0000  yes NO   
  S3 spectral smear                  yes   yes  yes       0.4379     5.6674    -1.0000  NO  NO   
  S4 feedback ecology                yes   yes  yes       0.0227     5.6674    -1.0000  NO  NO   
  S5 subharmonic                     yes   yes  yes       1.3557     5.6674    -1.0000  NO  NO   
  S6 harmonic bloom                  yes   yes  yes       0.0000     5.6674    -1.0000  NO  NO   
  S7 ecosystem                       yes   yes  yes      10.3337     5.6674    -1.0000  yes yes  
  S8 cavern space                    yes   yes  yes       0.5314     5.6674    -1.0000  NO  NO   
  S9 ghost / atmosphere              yes   yes  yes       2.2459     5.6674    -1.0000  yes NO   
  S10 acoustic body                  yes   yes  yes      11.4953     5.6674    -1.0000  yes yes  
  M1 Darkness                        NO    yes  NO        0.0000     5.6674    -1.0000  NO  NO   M displacement
  M2 Age                             NO    yes  NO        0.0000     5.6674    -1.0000  NO  NO   M displacement
  M3 Density                   PRI   yes   yes  yes       4.1136     5.6674    -1.0000  yes yes  
  M4 Movement                        NO    yes  NO        0.0000     5.6674    -1.0000  NO  NO   M displacement
  M5 Gravity                         NO    yes  NO        0.0000     5.6674    -1.0000  NO  NO   M displacement
  M6 Entropy                         NO    yes  NO        0.0000     5.6674    -1.0000  NO  NO   M displacement
  M7 Pressure                        NO    yes  NO        0.0000     5.6674    -1.0000  NO  NO   M displacement
  M8 Weight                          NO    yes  NO        0.0000     5.6674    -1.0000  NO  NO   M displacement
  M9 Fog                             NO    yes  NO        0.0000     5.6674    -1.0000  NO  NO   M displacement
  M10 Life                           NO    yes  NO        0.0000     5.6674    -1.0000  NO  NO   M displacement
  M11 Depth                          NO    yes  NO        0.0000     5.6674    -1.0000  NO  NO   M displacement
  M12 Mass                           NO    yes  NO        0.0000     5.6674    -1.0000  NO  NO   M displacement
  E1 partial -> bloom                yes   yes  yes       0.9216     4.7122     1.0440  NO  NO   
  E2 resonator -> resonance peaks       yes   yes  yes       3.9094     6.3734     1.0440  yes NO   
  E3 noise -> noise wake             yes   yes  yes       3.2547     6.1196     1.0440  yes NO   
  E4 feedback -> loop wake           yes   yes  yes       1.0501     4.6964     1.0440  NO  NO   
  E5 ghost -> ghost bursts           yes   yes  yes       3.5059     4.5706     1.0440  yes NO   
  E6.hi ecosystem sync rate high       NO    yes  NO        0.0000     5.6674    -1.0000  NO  NO   side predicate
  E7.hi ecosystem self-affinity high       NO    yes  NO        0.0000     5.6674    -1.0000  NO  NO   side predicate
  D1.1 material Glass                NO    yes  NO        0.0000     0.0000    -1.0000  NO  NO   state-only kind
  D1.2 material Strings              NO    yes  NO        0.0000     0.0000    -1.0000  NO  NO   state-only kind
  D1.3 material MetalPlate           NO    yes  NO        0.0000     0.0000    -1.0000  NO  NO   state-only kind
  D1.4 material Chamber              NO    yes  NO        0.0000     0.0000    -1.0000  NO  NO   state-only kind
  D1.5 material Ice                  NO    yes  NO        0.0000     0.0000    -1.0000  NO  NO   state-only kind
  D1.6 material StoneChamber         yes   yes  NO        0.0000     0.0000    -1.0000  yes NO   state-only kind
  D1.7 material SteelTank            yes   yes  NO        0.0000     0.0000    -1.0000  yes NO   state-only kind
  D1.8 material WoodenHull           NO    yes  NO        0.0000     0.0000    -1.0000  NO  NO   state-only kind
  D1.9 material CathedralColumn       NO    yes  NO        0.0000     0.0000    -1.0000  NO  NO   state-only kind
  D1.10 material CavernWall          NO    yes  NO        0.0000     0.0000    -1.0000  NO  NO   state-only kind
  D1.11 material GlassSphere         NO    yes  NO        0.0000     0.0000    -1.0000  NO  NO   state-only kind
  D2 body blend both heard           yes   yes  NO        0.0000     0.0000    -1.0000  yes NO   state-only kind
  D3.1 noise model Direct            yes   yes  yes       6.6825     0.0000    -1.0000  yes yes  
  D3.2 noise model FilteredWind       yes   yes  yes       6.6825     0.0000    -1.0000  yes yes  
  D3.3 noise model GranularDust       yes   yes  yes       6.6825     0.0000    -1.0000  yes yes  
  D3.4 noise model MetallicHiss       yes   yes  yes       6.6825     0.0000    -1.0000  yes yes  
  D4.1 noise type White              NO    yes  NO        0.0000     0.0000    -1.0000  NO  NO   state-only kind
  D4.2 noise type Pink               NO    yes  NO        0.0000     0.0000    -1.0000  NO  NO   state-only kind
  D4.3 noise type TapeHiss           NO    yes  NO        0.0000     0.0000    -1.0000  NO  NO   state-only kind
  D4.4 noise type VinylCrackle       NO    yes  NO        0.0000     0.0000    -1.0000  NO  NO   state-only kind
  D4.5 noise type Asperity           NO    yes  NO        0.0000     0.0000    -1.0000  NO  NO   state-only kind
  D4.6 noise type Brown              yes   yes  NO        0.0000     0.0000    -1.0000  yes NO   state-only kind
  D4.7 noise type Blue               NO    yes  NO        0.0000     0.0000    -1.0000  NO  NO   state-only kind
  D4.8 noise type Violet             NO    yes  NO        0.0000     0.0000    -1.0000  NO  NO   state-only kind
  D4.9 noise type Grey               NO    yes  NO        0.0000     0.0000    -1.0000  NO  NO   state-only kind
  D4.10 noise type Velvet            NO    yes  NO        0.0000     0.0000    -1.0000  NO  NO   state-only kind
  D4.11 noise type VinylRumble       NO    yes  NO        0.0000     0.0000    -1.0000  NO  NO   state-only kind
  D4.12 noise type RadioStatic       NO    yes  NO        0.0000     0.0000    -1.0000  NO  NO   state-only kind
  D5.1 anchor Free                   NO    yes  NO        0.0000     0.0000    -1.0000  NO  NO   state-only kind
  D5.2 anchor Keyed                  NO    yes  NO        0.0000     0.0000    -1.0000  NO  NO   state-only kind
  D5.3 anchor Hybrid                 yes   yes  NO        0.0000     0.0000    -1.0000  yes NO   state-only kind
  D6.1 loop filter Lowpass           yes   NO   NO        0.0000     0.0000    -1.0000  NO  NO   state-only kind
  D6.2 loop filter Bandpass          NO    NO   NO        0.0000     0.0000    -1.0000  NO  NO   state-only kind
  D6.3 loop filter Highpass          NO    NO   NO        0.0000     0.0000    -1.0000  NO  NO   state-only kind
  D7.1 loudest sub f/2               yes   NO   NO        0.0000     0.0000    -1.0000  NO  NO   state-only kind
  D7.2 loudest sub f/4               NO    NO   NO        0.0000     0.0000    -1.0000  NO  NO   state-only kind
  D7.3 loudest sub fifth below       NO    NO   NO        0.0000     0.0000    -1.0000  NO  NO   state-only kind
  D8.1 envelope Standard             yes   yes  NO        0.0000     0.0000    -1.0000  yes NO   state-only kind
  D8.2 envelope Growth               NO    yes  NO        0.0000     0.0000    -1.0000  NO  NO   state-only kind
  D9.1 attack span <= 10 s           NO    yes  NO        0.0000     0.0000    -1.0000  NO  NO   state-only kind
  D9.2 attack span >= 90 s           yes   yes  NO        0.0000     0.0000    -1.0000  yes NO   state-only kind
  D10.1 freeze holds a field         NO    NO   NO        0.0000     0.0000    -1.0000  NO  NO   state-only kind
  D10.2 freeze off                   yes   yes  NO        0.0000     0.0000    -1.0000  yes NO   state-only kind
  D11 ghost reverse >= 0.5           NO    yes  NO        0.0000     0.0000    -1.0000  NO  NO   state-only kind
  D12.1 ghost event triggers on       NO    yes  NO        0.0000     0.0000    -1.0000  NO  NO   state-only kind
  D12.2 ghost event triggers off       yes   yes  NO        0.0000     0.0000    -1.0000  yes NO   state-only kind
  D13.1 event rate scale <= 0.3       NO    yes  NO        0.0000     5.6674    -1.0000  NO  NO   state false
  D13.2 event rate scale >= 3.0       NO    yes  NO        0.0000     5.6674    -1.0000  NO  NO   state false
  D14.1 breathing depth >= 0.7       NO    yes  NO        0.0000     5.6674    -1.0000  NO  NO   state false
  D14.2 tidal depth >= 0.7           NO    yes  NO        0.0000     5.6674    -1.0000  NO  NO   state false
[sweep] index 13: computing / loading record...

Drifting Strata (index 13): primary M4 Movement, 1 secondaries, s(P) 2.7531
  cell                         claim state conj rend           d      2s(P)     attrib  sec pri  skip
  S1 noise organism                  yes   yes  yes       1.1013     5.5061    -1.0000  NO  NO   
  S2 resonance drift                 yes   yes  yes       4.7789     5.5061    -1.0000  yes yes  
  S3 spectral smear                  yes   yes  yes       1.4325     5.5061    -1.0000  NO  NO   
  S4 feedback ecology                yes   yes  yes       0.0186     5.5061    -1.0000  NO  NO   
  S5 subharmonic                     yes   yes  yes       1.8743     5.5061    -1.0000  yes NO   
  S6 harmonic bloom                  yes   yes  yes       0.1695     5.5061    -1.0000  NO  NO   
  S7 ecosystem                       yes   yes  yes       9.4833     5.5061    -1.0000  yes yes  
  S8 cavern space                    yes   yes  yes       0.6323     5.5061    -1.0000  NO  NO   
  S9 ghost / atmosphere              yes   yes  yes       4.4674     5.5061    -1.0000  yes yes  
  S10 acoustic body                  yes   yes  yes      14.4455     5.5061    -1.0000  yes yes  
  M1 Darkness                        NO    yes  NO        0.0000     5.5061    -1.0000  NO  NO   M displacement
  M2 Age                             NO    yes  NO        0.0000     5.5061    -1.0000  NO  NO   M displacement
  M3 Density                         NO    yes  NO        0.0000     5.5061    -1.0000  NO  NO   M displacement
  M4 Movement                  PRI   yes   yes  yes       0.8745     5.5061    -1.0000  NO  NO   
  M5 Gravity                         NO    yes  NO        0.0000     5.5061    -1.0000  NO  NO   M displacement
  M6 Entropy                         NO    yes  NO        0.0000     5.5061    -1.0000  NO  NO   M displacement
  M7 Pressure                        NO    yes  NO        0.0000     5.5061    -1.0000  NO  NO   M displacement
  M8 Weight                          NO    yes  NO        0.0000     5.5061    -1.0000  NO  NO   M displacement
  M9 Fog                             NO    yes  NO        0.0000     5.5061    -1.0000  NO  NO   M displacement
  M10 Life                           NO    yes  NO        0.0000     5.5061    -1.0000  NO  NO   M displacement
  M11 Depth                          NO    yes  NO        0.0000     5.5061    -1.0000  NO  NO   M displacement
  M12 Mass                           NO    yes  NO        0.0000     5.5061    -1.0000  NO  NO   M displacement
  E1 partial -> bloom                yes   yes  yes       1.3750     6.6675     1.1974  NO  NO   
  E2 resonator -> resonance peaks       yes   yes  yes       4.6210     8.6513     1.1974  yes yes  
  E3 noise -> noise wake             yes   yes  yes       2.0104     4.6775     1.1974  NO  NO   
  E4 feedback -> loop wake           yes   yes  yes       1.1935     6.6389     1.1974  NO  NO   
  E5 ghost -> ghost bursts           yes   yes  yes       5.3614     8.0888     1.1974  yes yes  
  E6.hi ecosystem sync rate high       NO    yes  NO        0.0000     5.5061    -1.0000  NO  NO   side predicate
  E7.hi ecosystem self-affinity high       NO    yes  NO        0.0000     5.5061    -1.0000  NO  NO   side predicate
  D1.1 material Glass                NO    yes  NO        0.0000     0.0000    -1.0000  NO  NO   state-only kind
  D1.2 material Strings              NO    yes  NO        0.0000     0.0000    -1.0000  NO  NO   state-only kind
  D1.3 material MetalPlate           NO    yes  NO        0.0000     0.0000    -1.0000  NO  NO   state-only kind
  D1.4 material Chamber              NO    yes  NO        0.0000     0.0000    -1.0000  NO  NO   state-only kind
  D1.5 material Ice                  NO    yes  NO        0.0000     0.0000    -1.0000  NO  NO   state-only kind
  D1.6 material StoneChamber         yes   yes  NO        0.0000     0.0000    -1.0000  yes NO   state-only kind
  D1.7 material SteelTank            yes   yes  NO        0.0000     0.0000    -1.0000  yes NO   state-only kind
  D1.8 material WoodenHull           NO    yes  NO        0.0000     0.0000    -1.0000  NO  NO   state-only kind
  D1.9 material CathedralColumn       NO    yes  NO        0.0000     0.0000    -1.0000  NO  NO   state-only kind
  D1.10 material CavernWall          NO    yes  NO        0.0000     0.0000    -1.0000  NO  NO   state-only kind
  D1.11 material GlassSphere         NO    yes  NO        0.0000     0.0000    -1.0000  NO  NO   state-only kind
  D2 body blend both heard           yes   yes  NO        0.0000     0.0000    -1.0000  yes NO   state-only kind
  D3.1 noise model Direct            yes   NO   yes       1.1013     0.0000    -1.0000  NO  NO   
  D3.2 noise model FilteredWind       yes   NO   yes       1.1013     0.0000    -1.0000  NO  NO   
  D3.3 noise model GranularDust       yes   NO   yes       1.1013     0.0000    -1.0000  NO  NO   
  D3.4 noise model MetallicHiss       yes   NO   yes       1.1013     0.0000    -1.0000  NO  NO   
  D4.1 noise type White              NO    NO   NO        0.0000     0.0000    -1.0000  NO  NO   state-only kind
  D4.2 noise type Pink               NO    NO   NO        0.0000     0.0000    -1.0000  NO  NO   state-only kind
  D4.3 noise type TapeHiss           NO    NO   NO        0.0000     0.0000    -1.0000  NO  NO   state-only kind
  D4.4 noise type VinylCrackle       NO    NO   NO        0.0000     0.0000    -1.0000  NO  NO   state-only kind
  D4.5 noise type Asperity           NO    NO   NO        0.0000     0.0000    -1.0000  NO  NO   state-only kind
  D4.6 noise type Brown              yes   NO   NO        0.0000     0.0000    -1.0000  NO  NO   state-only kind
  D4.7 noise type Blue               NO    NO   NO        0.0000     0.0000    -1.0000  NO  NO   state-only kind
  D4.8 noise type Violet             NO    NO   NO        0.0000     0.0000    -1.0000  NO  NO   state-only kind
  D4.9 noise type Grey               NO    NO   NO        0.0000     0.0000    -1.0000  NO  NO   state-only kind
  D4.10 noise type Velvet            NO    NO   NO        0.0000     0.0000    -1.0000  NO  NO   state-only kind
  D4.11 noise type VinylRumble       NO    NO   NO        0.0000     0.0000    -1.0000  NO  NO   state-only kind
  D4.12 noise type RadioStatic       NO    NO   NO        0.0000     0.0000    -1.0000  NO  NO   state-only kind
  D5.1 anchor Free                   NO    yes  NO        0.0000     0.0000    -1.0000  NO  NO   state-only kind
  D5.2 anchor Keyed                  NO    yes  NO        0.0000     0.0000    -1.0000  NO  NO   state-only kind
  D5.3 anchor Hybrid                 yes   yes  NO        0.0000     0.0000    -1.0000  yes NO   state-only kind
  D6.1 loop filter Lowpass           yes   NO   NO        0.0000     0.0000    -1.0000  NO  NO   state-only kind
  D6.2 loop filter Bandpass          NO    NO   NO        0.0000     0.0000    -1.0000  NO  NO   state-only kind
  D6.3 loop filter Highpass          NO    NO   NO        0.0000     0.0000    -1.0000  NO  NO   state-only kind
  D7.1 loudest sub f/2               yes   yes  NO        0.0000     0.0000    -1.0000  yes NO   state-only kind
  D7.2 loudest sub f/4               NO    yes  NO        0.0000     0.0000    -1.0000  NO  NO   state-only kind
  D7.3 loudest sub fifth below       NO    yes  NO        0.0000     0.0000    -1.0000  NO  NO   state-only kind
  D8.1 envelope Standard             yes   yes  NO        0.0000     0.0000    -1.0000  yes NO   state-only kind
  D8.2 envelope Growth               NO    yes  NO        0.0000     0.0000    -1.0000  NO  NO   state-only kind
  D9.1 attack span <= 10 s           NO    yes  NO        0.0000     0.0000    -1.0000  NO  NO   state-only kind
  D9.2 attack span >= 90 s           yes   yes  NO        0.0000     0.0000    -1.0000  yes NO   state-only kind
  D10.1 freeze holds a field         NO    NO   NO        0.0000     0.0000    -1.0000  NO  NO   state-only kind
  D10.2 freeze off                   yes   yes  NO        0.0000     0.0000    -1.0000  yes NO   state-only kind
  D11 ghost reverse >= 0.5           NO    yes  NO        0.0000     0.0000    -1.0000  NO  NO   state-only kind
  D12.1 ghost event triggers on       NO    yes  NO        0.0000     0.0000    -1.0000  NO  NO   state-only kind
  D12.2 ghost event triggers off       yes   yes  NO        0.0000     0.0000    -1.0000  yes NO   state-only kind
  D13.1 event rate scale <= 0.3       NO    yes  NO        0.0000     5.5061    -1.0000  NO  NO   state false
  D13.2 event rate scale >= 3.0       NO    yes  NO        0.0000     5.5061    -1.0000  NO  NO   state false
  D14.1 breathing depth >= 0.7       NO    yes  NO        0.0000     5.5061    -1.0000  NO  NO   state false
  D14.2 tidal depth >= 0.7     sec   yes   yes  yes       0.3131     5.5061    -1.0000  NO  NO   
F:\projects\iterum\plugins\vorago\tests\integration\preset_sweep_test.cpp(1202): FAILED:
  CHECK( VoragoTest::verifiedAt(o, primary, ClaimRole::Secondary) )
with expansion:
  false
with message:
  Drifting Strata primary M4 Movement: d 0.874524, 2s(P) 5.50612, attrib -1,
  skip []

F:\projects\iterum\plugins\vorago\tests\integration\preset_sweep_test.cpp(1203): FAILED:
  CHECK( VoragoTest::verifiedAt(o, primary, ClaimRole::Primary) )
with expansion:
  false
with message:
  Drifting Strata primary M4 Movement: d 0.874524, 2s(P) 5.50612, attrib -1,
  skip []

F:\projects\iterum\plugins\vorago\tests\integration\preset_sweep_test.cpp(1210): FAILED:
  CHECK( VoragoTest::verifiedAt(o, c, ClaimRole::Secondary) )
with expansion:
  false
with message:
  Drifting Strata secondary D14.2 tidal depth >= 0.7: d 0.313104, 2s(P) 5.
  50612, attrib -1, skip []

[sweep] index 14: computing / loading record...

Stone Gravity (index 14): primary M5 Gravity, 1 secondaries, s(P) 5.1749
  cell                         claim state conj rend           d      2s(P)     attrib  sec pri  skip
  S1 noise organism                  yes   yes  yes       0.6638    10.3499    -1.0000  NO  NO   
  S2 resonance drift                 yes   yes  yes       3.2688    10.3499    -1.0000  yes NO   
  S3 spectral smear                  yes   yes  yes       0.1181    10.3499    -1.0000  NO  NO   
  S4 feedback ecology                yes   yes  yes       0.1499    10.3499    -1.0000  NO  NO   
  S5 subharmonic                     yes   yes  yes       0.0452    10.3499    -1.0000  NO  NO   
  S6 harmonic bloom                  yes   yes  yes       0.6601    10.3499    -1.0000  NO  NO   
  S7 ecosystem                       yes   yes  yes       6.0725    10.3499    -1.0000  yes yes  
  S8 cavern space                    yes   yes  yes       9.0067    10.3499    -1.0000  yes yes  
  S9 ghost / atmosphere              yes   yes  yes       0.2425    10.3499    -1.0000  NO  NO   
  S10 acoustic body                  yes   yes  yes       0.4760    10.3499    -1.0000  NO  NO   
  M1 Darkness                        NO    yes  NO        0.0000    10.3499    -1.0000  NO  NO   M displacement
  M2 Age                             NO    yes  NO        0.0000    10.3499    -1.0000  NO  NO   M displacement
  M3 Density                         NO    yes  NO        0.0000    10.3499    -1.0000  NO  NO   M displacement
  M4 Movement                        NO    yes  NO        0.0000    10.3499    -1.0000  NO  NO   M displacement
  M5 Gravity                   PRI   yes   yes  yes       3.1864    10.3499    -1.0000  yes NO   
  M6 Entropy                         NO    yes  NO        0.0000    10.3499    -1.0000  NO  NO   M displacement
  M7 Pressure                        NO    yes  NO        0.0000    10.3499    -1.0000  NO  NO   M displacement
  M8 Weight                          NO    yes  NO        0.0000    10.3499    -1.0000  NO  NO   M displacement
  M9 Fog                             NO    yes  NO        0.0000    10.3499    -1.0000  NO  NO   M displacement
  M10 Life                           NO    yes  NO        0.0000    10.3499    -1.0000  NO  NO   M displacement
  M11 Depth                          NO    yes  NO        0.0000    10.3499    -1.0000  NO  NO   M displacement
  M12 Mass                           NO    yes  NO        0.0000    10.3499    -1.0000  NO  NO   M displacement
  E1 partial -> bloom                yes   yes  yes       1.4477     5.6909     7.5053  NO  NO   
  E2 resonator -> resonance peaks       yes   yes  yes       7.7278     6.6004     7.5053  NO  NO   
  E3 noise -> noise wake             yes   yes  yes       7.5499     5.5686     7.5053  NO  NO   
  E4 feedback -> loop wake           yes   yes  yes       7.4164     5.6302     7.5053  NO  NO   
  E5 ghost -> ghost bursts           yes   yes  yes       7.4083     5.7143     7.5053  NO  NO   
  E6.hi ecosystem sync rate high       NO    yes  NO        0.0000    10.3499    -1.0000  NO  NO   side predicate
  E7.hi ecosystem self-affinity high       NO    yes  NO        0.0000    10.3499    -1.0000  NO  NO   side predicate
  D1.1 material Glass                NO    NO   NO        0.0000     0.0000    -1.0000  NO  NO   state-only kind
  D1.2 material Strings              NO    NO   NO        0.0000     0.0000    -1.0000  NO  NO   state-only kind
  D1.3 material MetalPlate           NO    NO   NO        0.0000     0.0000    -1.0000  NO  NO   state-only kind
  D1.4 material Chamber              NO    NO   NO        0.0000     0.0000    -1.0000  NO  NO   state-only kind
  D1.5 material Ice                  NO    NO   NO        0.0000     0.0000    -1.0000  NO  NO   state-only kind
  D1.6 material StoneChamber         yes   NO   NO        0.0000     0.0000    -1.0000  NO  NO   state-only kind
  D1.7 material SteelTank            yes   NO   NO        0.0000     0.0000    -1.0000  NO  NO   state-only kind
  D1.8 material WoodenHull           NO    NO   NO        0.0000     0.0000    -1.0000  NO  NO   state-only kind
  D1.9 material CathedralColumn       NO    NO   NO        0.0000     0.0000    -1.0000  NO  NO   state-only kind
  D1.10 material CavernWall          NO    NO   NO        0.0000     0.0000    -1.0000  NO  NO   state-only kind
  D1.11 material GlassSphere         NO    NO   NO        0.0000     0.0000    -1.0000  NO  NO   state-only kind
  D2 body blend both heard           yes   NO   NO        0.0000     0.0000    -1.0000  NO  NO   state-only kind
  D3.1 noise model Direct            yes   NO   yes       0.6638     0.0000    -1.0000  NO  NO   
  D3.2 noise model FilteredWind       yes   NO   yes       0.6638     0.0000    -1.0000  NO  NO   
  D3.3 noise model GranularDust       yes   NO   yes       0.6638     0.0000    -1.0000  NO  NO   
  D3.4 noise model MetallicHiss       yes   NO   yes       0.6638     0.0000    -1.0000  NO  NO   
  D4.1 noise type White              NO    NO   NO        0.0000     0.0000    -1.0000  NO  NO   state-only kind
  D4.2 noise type Pink               NO    NO   NO        0.0000     0.0000    -1.0000  NO  NO   state-only kind
  D4.3 noise type TapeHiss           NO    NO   NO        0.0000     0.0000    -1.0000  NO  NO   state-only kind
  D4.4 noise type VinylCrackle       NO    NO   NO        0.0000     0.0000    -1.0000  NO  NO   state-only kind
  D4.5 noise type Asperity           NO    NO   NO        0.0000     0.0000    -1.0000  NO  NO   state-only kind
  D4.6 noise type Brown              yes   NO   NO        0.0000     0.0000    -1.0000  NO  NO   state-only kind
  D4.7 noise type Blue               NO    NO   NO        0.0000     0.0000    -1.0000  NO  NO   state-only kind
  D4.8 noise type Violet             NO    NO   NO        0.0000     0.0000    -1.0000  NO  NO   state-only kind
  D4.9 noise type Grey               NO    NO   NO        0.0000     0.0000    -1.0000  NO  NO   state-only kind
  D4.10 noise type Velvet            NO    NO   NO        0.0000     0.0000    -1.0000  NO  NO   state-only kind
  D4.11 noise type VinylRumble       NO    NO   NO        0.0000     0.0000    -1.0000  NO  NO   state-only kind
  D4.12 noise type RadioStatic       NO    NO   NO        0.0000     0.0000    -1.0000  NO  NO   state-only kind
  D5.1 anchor Free                   NO    yes  NO        0.0000     0.0000    -1.0000  NO  NO   state-only kind
  D5.2 anchor Keyed                  NO    yes  NO        0.0000     0.0000    -1.0000  NO  NO   state-only kind
  D5.3 anchor Hybrid           sec   yes   yes  NO        0.0000     0.0000    -1.0000  yes NO   state-only kind
  D6.1 loop filter Lowpass           yes   NO   NO        0.0000     0.0000    -1.0000  NO  NO   state-only kind
  D6.2 loop filter Bandpass          NO    NO   NO        0.0000     0.0000    -1.0000  NO  NO   state-only kind
  D6.3 loop filter Highpass          NO    NO   NO        0.0000     0.0000    -1.0000  NO  NO   state-only kind
  D7.1 loudest sub f/2               yes   NO   NO        0.0000     0.0000    -1.0000  NO  NO   state-only kind
  D7.2 loudest sub f/4               NO    NO   NO        0.0000     0.0000    -1.0000  NO  NO   state-only kind
  D7.3 loudest sub fifth below       NO    NO   NO        0.0000     0.0000    -1.0000  NO  NO   state-only kind
  D8.1 envelope Standard             yes   yes  NO        0.0000     0.0000    -1.0000  yes NO   state-only kind
  D8.2 envelope Growth               NO    yes  NO        0.0000     0.0000    -1.0000  NO  NO   state-only kind
  D9.1 attack span <= 10 s           NO    yes  NO        0.0000     0.0000    -1.0000  NO  NO   state-only kind
  D9.2 attack span >= 90 s           yes   yes  NO        0.0000     0.0000    -1.0000  yes NO   state-only kind
  D10.1 freeze holds a field         NO    NO   NO        0.0000     0.0000    -1.0000  NO  NO   state-only kind
  D10.2 freeze off                   yes   yes  NO        0.0000     0.0000    -1.0000  yes NO   state-only kind
  D11 ghost reverse >= 0.5           NO    NO   NO        0.0000     0.0000    -1.0000  NO  NO   state-only kind
  D12.1 ghost event triggers on       NO    NO   NO        0.0000     0.0000    -1.0000  NO  NO   state-only kind
  D12.2 ghost event triggers off       yes   yes  NO        0.0000     0.0000    -1.0000  yes NO   state-only kind
  D13.1 event rate scale <= 0.3       NO    yes  NO        0.0000    10.3499    -1.0000  NO  NO   state false
  D13.2 event rate scale >= 3.0       NO    yes  NO        0.0000    10.3499    -1.0000  NO  NO   state false
  D14.1 breathing depth >= 0.7       NO    yes  NO        0.0000    10.3499    -1.0000  NO  NO   state false
  D14.2 tidal depth >= 0.7           NO    yes  NO        0.0000    10.3499    -1.0000  NO  NO   state false
F:\projects\iterum\plugins\vorago\tests\integration\preset_sweep_test.cpp(1203): FAILED:
  CHECK( VoragoTest::verifiedAt(o, primary, ClaimRole::Primary) )
with expansion:
  false
with message:
  Stone Gravity primary M5 Gravity: d 3.18641, 2s(P) 10.3499, attrib -1, skip
  []

[sweep] index 15: computing / loading record...

Entropic Hum (index 15): primary M6 Entropy, 0 secondaries, s(P) 3.6620
  cell                         claim state conj rend           d      2s(P)     attrib  sec pri  skip
  S1 noise organism                  yes   yes  yes       3.9837     7.3240    -1.0000  yes NO   
  S2 resonance drift                 yes   yes  yes       6.5378     7.3240    -1.0000  yes yes  
  S3 spectral smear                  yes   yes  yes       1.0031     7.3240    -1.0000  NO  NO   
  S4 feedback ecology                yes   yes  yes       0.0252     7.3240    -1.0000  NO  NO   
  S5 subharmonic                     yes   yes  yes       0.9619     7.3240    -1.0000  NO  NO   
  S6 harmonic bloom                  yes   yes  yes       1.6214     7.3240    -1.0000  yes NO   
  S7 ecosystem                       yes   yes  yes       5.8505     7.3240    -1.0000  yes yes  
  S8 cavern space                    yes   yes  yes       0.5545     7.3240    -1.0000  NO  NO   
  S9 ghost / atmosphere              yes   yes  yes       1.8647     7.3240    -1.0000  yes NO   
  S10 acoustic body                  yes   yes  yes      17.8130     7.3240    -1.0000  yes yes  
  M1 Darkness                        NO    yes  NO        0.0000     7.3240    -1.0000  NO  NO   M displacement
  M2 Age                             NO    yes  NO        0.0000     7.3240    -1.0000  NO  NO   M displacement
  M3 Density                         NO    yes  NO        0.0000     7.3240    -1.0000  NO  NO   M displacement
  M4 Movement                        NO    yes  NO        0.0000     7.3240    -1.0000  NO  NO   M displacement
  M5 Gravity                         NO    yes  NO        0.0000     7.3240    -1.0000  NO  NO   M displacement
  M6 Entropy                   PRI   yes   yes  yes       6.0769     7.3240    -1.0000  yes yes  
  M7 Pressure                        NO    yes  NO        0.0000     7.3240    -1.0000  NO  NO   M displacement
  M8 Weight                          NO    yes  NO        0.0000     7.3240    -1.0000  NO  NO   M displacement
  M9 Fog                             NO    yes  NO        0.0000     7.3240    -1.0000  NO  NO   M displacement
  M10 Life                           NO    yes  NO        0.0000     7.3240    -1.0000  NO  NO   M displacement
  M11 Depth                          NO    yes  NO        0.0000     7.3240    -1.0000  NO  NO   M displacement
  M12 Mass                           NO    yes  NO        0.0000     7.3240    -1.0000  NO  NO   M displacement
  E1 partial -> bloom                yes   yes  yes       5.1910     4.0192     9.4230  NO  NO   
  E2 resonator -> resonance peaks       yes   yes  yes       5.6305     3.4251     9.4230  NO  NO   
  E3 noise -> noise wake             yes   yes  yes       7.7992     4.0018     9.4230  NO  NO   
  E4 feedback -> loop wake           yes   yes  yes       9.4350     3.7800     9.4230  NO  NO   
  E5 ghost -> ghost bursts           yes   yes  yes       9.3616     3.5183     9.4230  NO  NO   
  E6.hi ecosystem sync rate high       NO    yes  NO        0.0000     7.3240    -1.0000  NO  NO   side predicate
  E7.hi ecosystem self-affinity high       NO    yes  NO        0.0000     7.3240    -1.0000  NO  NO   side predicate
  D1.1 material Glass                NO    yes  NO        0.0000     0.0000    -1.0000  NO  NO   state-only kind
  D1.2 material Strings              NO    yes  NO        0.0000     0.0000    -1.0000  NO  NO   state-only kind
  D1.3 material MetalPlate           NO    yes  NO        0.0000     0.0000    -1.0000  NO  NO   state-only kind
  D1.4 material Chamber              NO    yes  NO        0.0000     0.0000    -1.0000  NO  NO   state-only kind
  D1.5 material Ice                  NO    yes  NO        0.0000     0.0000    -1.0000  NO  NO   state-only kind
  D1.6 material StoneChamber         yes   yes  NO        0.0000     0.0000    -1.0000  yes NO   state-only kind
  D1.7 material SteelTank            yes   yes  NO        0.0000     0.0000    -1.0000  yes NO   state-only kind
  D1.8 material WoodenHull           NO    yes  NO        0.0000     0.0000    -1.0000  NO  NO   state-only kind
  D1.9 material CathedralColumn       NO    yes  NO        0.0000     0.0000    -1.0000  NO  NO   state-only kind
  D1.10 material CavernWall          NO    yes  NO        0.0000     0.0000    -1.0000  NO  NO   state-only kind
  D1.11 material GlassSphere         NO    yes  NO        0.0000     0.0000    -1.0000  NO  NO   state-only kind
  D2 body blend both heard           yes   yes  NO        0.0000     0.0000    -1.0000  yes NO   state-only kind
  D3.1 noise model Direct            yes   yes  yes       3.9837     0.0000    -1.0000  yes NO   
  D3.2 noise model FilteredWind       yes   yes  yes       3.9837     0.0000    -1.0000  yes NO   
  D3.3 noise model GranularDust       yes   yes  yes       3.9837     0.0000    -1.0000  yes NO   
  D3.4 noise model MetallicHiss       yes   yes  yes       3.9837     0.0000    -1.0000  yes NO   
  D4.1 noise type White              NO    yes  NO        0.0000     0.0000    -1.0000  NO  NO   state-only kind
  D4.2 noise type Pink               NO    yes  NO        0.0000     0.0000    -1.0000  NO  NO   state-only kind
  D4.3 noise type TapeHiss           NO    yes  NO        0.0000     0.0000    -1.0000  NO  NO   state-only kind
  D4.4 noise type VinylCrackle       NO    yes  NO        0.0000     0.0000    -1.0000  NO  NO   state-only kind
  D4.5 noise type Asperity           NO    yes  NO        0.0000     0.0000    -1.0000  NO  NO   state-only kind
  D4.6 noise type Brown              yes   yes  NO        0.0000     0.0000    -1.0000  yes NO   state-only kind
  D4.7 noise type Blue               NO    yes  NO        0.0000     0.0000    -1.0000  NO  NO   state-only kind
  D4.8 noise type Violet             NO    yes  NO        0.0000     0.0000    -1.0000  NO  NO   state-only kind
  D4.9 noise type Grey               NO    yes  NO        0.0000     0.0000    -1.0000  NO  NO   state-only kind
  D4.10 noise type Velvet            NO    yes  NO        0.0000     0.0000    -1.0000  NO  NO   state-only kind
  D4.11 noise type VinylRumble       NO    yes  NO        0.0000     0.0000    -1.0000  NO  NO   state-only kind
  D4.12 noise type RadioStatic       NO    yes  NO        0.0000     0.0000    -1.0000  NO  NO   state-only kind
  D5.1 anchor Free                   NO    yes  NO        0.0000     0.0000    -1.0000  NO  NO   state-only kind
  D5.2 anchor Keyed                  NO    yes  NO        0.0000     0.0000    -1.0000  NO  NO   state-only kind
  D5.3 anchor Hybrid                 yes   yes  NO        0.0000     0.0000    -1.0000  yes NO   state-only kind
  D6.1 loop filter Lowpass           yes   NO   NO        0.0000     0.0000    -1.0000  NO  NO   state-only kind
  D6.2 loop filter Bandpass          NO    NO   NO        0.0000     0.0000    -1.0000  NO  NO   state-only kind
  D6.3 loop filter Highpass          NO    NO   NO        0.0000     0.0000    -1.0000  NO  NO   state-only kind
  D7.1 loudest sub f/2               yes   NO   NO        0.0000     0.0000    -1.0000  NO  NO   state-only kind
  D7.2 loudest sub f/4               NO    NO   NO        0.0000     0.0000    -1.0000  NO  NO   state-only kind
  D7.3 loudest sub fifth below       NO    NO   NO        0.0000     0.0000    -1.0000  NO  NO   state-only kind
  D8.1 envelope Standard             yes   yes  NO        0.0000     0.0000    -1.0000  yes NO   state-only kind
  D8.2 envelope Growth               NO    yes  NO        0.0000     0.0000    -1.0000  NO  NO   state-only kind
  D9.1 attack span <= 10 s           NO    yes  NO        0.0000     0.0000    -1.0000  NO  NO   state-only kind
  D9.2 attack span >= 90 s           yes   yes  NO        0.0000     0.0000    -1.0000  yes NO   state-only kind
  D10.1 freeze holds a field         NO    NO   NO        0.0000     0.0000    -1.0000  NO  NO   state-only kind
  D10.2 freeze off                   yes   yes  NO        0.0000     0.0000    -1.0000  yes NO   state-only kind
  D11 ghost reverse >= 0.5           NO    yes  NO        0.0000     0.0000    -1.0000  NO  NO   state-only kind
  D12.1 ghost event triggers on       NO    yes  NO        0.0000     0.0000    -1.0000  NO  NO   state-only kind
  D12.2 ghost event triggers off       yes   yes  NO        0.0000     0.0000    -1.0000  yes NO   state-only kind
  D13.1 event rate scale <= 0.3       NO    yes  NO        0.0000     7.3240    -1.0000  NO  NO   state false
  D13.2 event rate scale >= 3.0       NO    yes  NO        0.0000     7.3240    -1.0000  NO  NO   state false
  D14.1 breathing depth >= 0.7       NO    yes  NO        0.0000     7.3240    -1.0000  NO  NO   state false
  D14.2 tidal depth >= 0.7           NO    yes  NO        0.0000     7.3240    -1.0000  NO  NO   state false
[sweep] index 16: computing / loading record...

Pressure Front (index 16): primary M7 Pressure, 0 secondaries, s(P) 2.9982
  cell                         claim state conj rend           d      2s(P)     attrib  sec pri  skip
  S1 noise organism                  yes   yes  yes       0.5214     5.9965    -1.0000  NO  NO   
  S2 resonance drift                 yes   yes  yes       4.7827     5.9965    -1.0000  yes yes  
  S3 spectral smear                  yes   yes  yes       0.5783     5.9965    -1.0000  NO  NO   
  S4 feedback ecology                yes   yes  yes       0.0079     5.9965    -1.0000  NO  NO   
  S5 subharmonic                     yes   yes  yes       1.4917     5.9965    -1.0000  NO  NO   
  S6 harmonic bloom                  yes   yes  yes       0.5911     5.9965    -1.0000  NO  NO   
  S7 ecosystem                       yes   yes  yes       3.8066     5.9965    -1.0000  yes NO   
  S8 cavern space                    yes   yes  yes       3.2484     5.9965    -1.0000  yes NO   
  S9 ghost / atmosphere              yes   yes  yes       2.2500     5.9965    -1.0000  yes NO   
  S10 acoustic body                  yes   yes  yes      20.6834     5.9965    -1.0000  yes yes  
  M1 Darkness                        NO    yes  NO        0.0000     5.9965    -1.0000  NO  NO   M displacement
  M2 Age                             NO    yes  NO        0.0000     5.9965    -1.0000  NO  NO   M displacement
  M3 Density                         NO    yes  NO        0.0000     5.9965    -1.0000  NO  NO   M displacement
  M4 Movement                        NO    yes  NO        0.0000     5.9965    -1.0000  NO  NO   M displacement
  M5 Gravity                         NO    yes  NO        0.0000     5.9965    -1.0000  NO  NO   M displacement
  M6 Entropy                         NO    yes  NO        0.0000     5.9965    -1.0000  NO  NO   M displacement
  M7 Pressure                  PRI   yes   yes  yes       5.9213     5.9965    -1.0000  yes yes  
  M8 Weight                          NO    yes  NO        0.0000     5.9965    -1.0000  NO  NO   M displacement
  M9 Fog                             NO    yes  NO        0.0000     5.9965    -1.0000  NO  NO   M displacement
  M10 Life                           NO    yes  NO        0.0000     5.9965    -1.0000  NO  NO   M displacement
  M11 Depth                          NO    yes  NO        0.0000     5.9965    -1.0000  NO  NO   M displacement
  M12 Mass                           NO    yes  NO        0.0000     5.9965    -1.0000  NO  NO   M displacement
  E1 partial -> bloom                yes   yes  yes       2.8835     3.2826     2.7837  NO  NO   
  E2 resonator -> resonance peaks       yes   yes  yes       2.4480     8.7971     2.7837  NO  NO   
  E3 noise -> noise wake             yes   yes  yes       2.7945     3.1328     2.7837  NO  NO   
  E4 feedback -> loop wake           yes   yes  yes       2.7811     2.8610     2.7837  NO  NO   
  E5 ghost -> ghost bursts           yes   yes  yes       2.0897     2.3967     2.7837  NO  NO   
  E6.hi ecosystem sync rate high       NO    yes  NO        0.0000     5.9965    -1.0000  NO  NO   side predicate
  E7.hi ecosystem self-affinity high       NO    yes  NO        0.0000     5.9965    -1.0000  NO  NO   side predicate
  D1.1 material Glass                NO    yes  NO        0.0000     0.0000    -1.0000  NO  NO   state-only kind
  D1.2 material Strings              NO    yes  NO        0.0000     0.0000    -1.0000  NO  NO   state-only kind
  D1.3 material MetalPlate           NO    yes  NO        0.0000     0.0000    -1.0000  NO  NO   state-only kind
  D1.4 material Chamber              NO    yes  NO        0.0000     0.0000    -1.0000  NO  NO   state-only kind
  D1.5 material Ice                  NO    yes  NO        0.0000     0.0000    -1.0000  NO  NO   state-only kind
  D1.6 material StoneChamber         yes   yes  NO        0.0000     0.0000    -1.0000  yes NO   state-only kind
  D1.7 material SteelTank            yes   yes  NO        0.0000     0.0000    -1.0000  yes NO   state-only kind
  D1.8 material WoodenHull           NO    yes  NO        0.0000     0.0000    -1.0000  NO  NO   state-only kind
  D1.9 material CathedralColumn       NO    yes  NO        0.0000     0.0000    -1.0000  NO  NO   state-only kind
  D1.10 material CavernWall          NO    yes  NO        0.0000     0.0000    -1.0000  NO  NO   state-only kind
  D1.11 material GlassSphere         NO    yes  NO        0.0000     0.0000    -1.0000  NO  NO   state-only kind
  D2 body blend both heard           yes   yes  NO        0.0000     0.0000    -1.0000  yes NO   state-only kind
  D3.1 noise model Direct            yes   NO   yes       0.5214     0.0000    -1.0000  NO  NO   
  D3.2 noise model FilteredWind       yes   NO   yes       0.5214     0.0000    -1.0000  NO  NO   
  D3.3 noise model GranularDust       yes   NO   yes       0.5214     0.0000    -1.0000  NO  NO   
  D3.4 noise model MetallicHiss       yes   NO   yes       0.5214     0.0000    -1.0000  NO  NO   
  D4.1 noise type White              NO    NO   NO        0.0000     0.0000    -1.0000  NO  NO   state-only kind
  D4.2 noise type Pink               NO    NO   NO        0.0000     0.0000    -1.0000  NO  NO   state-only kind
  D4.3 noise type TapeHiss           NO    NO   NO        0.0000     0.0000    -1.0000  NO  NO   state-only kind
  D4.4 noise type VinylCrackle       NO    NO   NO        0.0000     0.0000    -1.0000  NO  NO   state-only kind
  D4.5 noise type Asperity           NO    NO   NO        0.0000     0.0000    -1.0000  NO  NO   state-only kind
  D4.6 noise type Brown              yes   NO   NO        0.0000     0.0000    -1.0000  NO  NO   state-only kind
  D4.7 noise type Blue               NO    NO   NO        0.0000     0.0000    -1.0000  NO  NO   state-only kind
  D4.8 noise type Violet             NO    NO   NO        0.0000     0.0000    -1.0000  NO  NO   state-only kind
  D4.9 noise type Grey               NO    NO   NO        0.0000     0.0000    -1.0000  NO  NO   state-only kind
  D4.10 noise type Velvet            NO    NO   NO        0.0000     0.0000    -1.0000  NO  NO   state-only kind
  D4.11 noise type VinylRumble       NO    NO   NO        0.0000     0.0000    -1.0000  NO  NO   state-only kind
  D4.12 noise type RadioStatic       NO    NO   NO        0.0000     0.0000    -1.0000  NO  NO   state-only kind
  D5.1 anchor Free                   NO    yes  NO        0.0000     0.0000    -1.0000  NO  NO   state-only kind
  D5.2 anchor Keyed                  NO    yes  NO        0.0000     0.0000    -1.0000  NO  NO   state-only kind
  D5.3 anchor Hybrid                 yes   yes  NO        0.0000     0.0000    -1.0000  yes NO   state-only kind
  D6.1 loop filter Lowpass           yes   NO   NO        0.0000     0.0000    -1.0000  NO  NO   state-only kind
  D6.2 loop filter Bandpass          yes   NO   NO        0.0000     0.0000    -1.0000  NO  NO   state-only kind
  D6.3 loop filter Highpass          NO    NO   NO        0.0000     0.0000    -1.0000  NO  NO   state-only kind
  D7.1 loudest sub f/2               yes   NO   NO        0.0000     0.0000    -1.0000  NO  NO   state-only kind
  D7.2 loudest sub f/4               NO    NO   NO        0.0000     0.0000    -1.0000  NO  NO   state-only kind
  D7.3 loudest sub fifth below       NO    NO   NO        0.0000     0.0000    -1.0000  NO  NO   state-only kind
  D8.1 envelope Standard             yes   yes  NO        0.0000     0.0000    -1.0000  yes NO   state-only kind
  D8.2 envelope Growth               NO    yes  NO        0.0000     0.0000    -1.0000  NO  NO   state-only kind
  D9.1 attack span <= 10 s           NO    yes  NO        0.0000     0.0000    -1.0000  NO  NO   state-only kind
  D9.2 attack span >= 90 s           yes   yes  NO        0.0000     0.0000    -1.0000  yes NO   state-only kind
  D10.1 freeze holds a field         NO    NO   NO        0.0000     0.0000    -1.0000  NO  NO   state-only kind
  D10.2 freeze off                   yes   yes  NO        0.0000     0.0000    -1.0000  yes NO   state-only kind
  D11 ghost reverse >= 0.5           NO    yes  NO        0.0000     0.0000    -1.0000  NO  NO   state-only kind
  D12.1 ghost event triggers on       NO    yes  NO        0.0000     0.0000    -1.0000  NO  NO   state-only kind
  D12.2 ghost event triggers off       yes   yes  NO        0.0000     0.0000    -1.0000  yes NO   state-only kind
  D13.1 event rate scale <= 0.3       NO    yes  NO        0.0000     5.9965    -1.0000  NO  NO   state false
  D13.2 event rate scale >= 3.0       NO    yes  NO        0.0000     5.9965    -1.0000  NO  NO   state false
  D14.1 breathing depth >= 0.7       NO    yes  NO        0.0000     5.9965    -1.0000  NO  NO   state false
  D14.2 tidal depth >= 0.7           NO    yes  NO        0.0000     5.9965    -1.0000  NO  NO   state false
[sweep] index 17: computing / loading record...

Weighted Deep (index 17): primary M8 Weight, 1 secondaries, s(P) 4.3234
  cell                         claim state conj rend           d      2s(P)     attrib  sec pri  skip
  S1 noise organism                  yes   yes  yes       0.0391     8.6468    -1.0000  NO  NO   
  S2 resonance drift                 yes   yes  yes       2.9836     8.6468    -1.0000  yes NO   
  S3 spectral smear                  yes   yes  yes       1.9771     8.6468    -1.0000  yes NO   
  S4 feedback ecology                yes   yes  yes       0.0155     8.6468    -1.0000  NO  NO   
  S5 subharmonic                     yes   yes  yes       4.7347     8.6468    -1.0000  yes yes  
  S6 harmonic bloom                  yes   yes  yes       0.0408     8.6468    -1.0000  NO  NO   
  S7 ecosystem                       yes   yes  yes       2.7865     8.6468    -1.0000  yes NO   
  S8 cavern space                    yes   yes  yes       0.6123     8.6468    -1.0000  NO  NO   
  S9 ghost / atmosphere              yes   yes  yes       2.6578     8.6468    -1.0000  yes NO   
  S10 acoustic body                  yes   yes  yes      11.9875     8.6468    -1.0000  yes yes  
  M1 Darkness                        NO    yes  NO        0.0000     8.6468    -1.0000  NO  NO   M displacement
  M2 Age                             NO    yes  NO        0.0000     8.6468    -1.0000  NO  NO   M displacement
  M3 Density                         NO    yes  NO        0.0000     8.6468    -1.0000  NO  NO   M displacement
  M4 Movement                        NO    yes  NO        0.0000     8.6468    -1.0000  NO  NO   M displacement
  M5 Gravity                         NO    yes  NO        0.0000     8.6468    -1.0000  NO  NO   M displacement
  M6 Entropy                         NO    yes  NO        0.0000     8.6468    -1.0000  NO  NO   M displacement
  M7 Pressure                        NO    yes  NO        0.0000     8.6468    -1.0000  NO  NO   M displacement
  M8 Weight                    PRI   yes   yes  yes       4.6677     8.6468    -1.0000  yes yes  
  M9 Fog                             NO    yes  NO        0.0000     8.6468    -1.0000  NO  NO   M displacement
  M10 Life                           NO    yes  NO        0.0000     8.6468    -1.0000  NO  NO   M displacement
  M11 Depth                          NO    yes  NO        0.0000     8.6468    -1.0000  NO  NO   M displacement
  M12 Mass                           NO    yes  NO        0.0000     8.6468    -1.0000  NO  NO   M displacement
  E1 partial -> bloom                yes   yes  yes       1.0192    11.5374     0.9308  NO  NO   
  E2 resonator -> resonance peaks       yes   yes  yes       3.7060     7.3639     0.9308  yes NO   
  E3 noise -> noise wake             yes   yes  yes       0.9444    11.6669     0.9308  NO  NO   
  E4 feedback -> loop wake           yes   yes  yes       0.9349    11.6176     0.9308  NO  NO   
  E5 ghost -> ghost bursts           yes   yes  yes       2.5285     7.6859     0.9308  yes NO   
  E6.hi ecosystem sync rate high       NO    yes  NO        0.0000     8.6468    -1.0000  NO  NO   side predicate
  E7.hi ecosystem self-affinity high       NO    yes  NO        0.0000     8.6468    -1.0000  NO  NO   side predicate
  D1.1 material Glass                NO    yes  NO        0.0000     0.0000    -1.0000  NO  NO   state-only kind
  D1.2 material Strings              NO    yes  NO        0.0000     0.0000    -1.0000  NO  NO   state-only kind
  D1.3 material MetalPlate           NO    yes  NO        0.0000     0.0000    -1.0000  NO  NO   state-only kind
  D1.4 material Chamber              NO    yes  NO        0.0000     0.0000    -1.0000  NO  NO   state-only kind
  D1.5 material Ice                  NO    yes  NO        0.0000     0.0000    -1.0000  NO  NO   state-only kind
  D1.6 material StoneChamber         yes   yes  NO        0.0000     0.0000    -1.0000  yes NO   state-only kind
  D1.7 material SteelTank            NO    yes  NO        0.0000     0.0000    -1.0000  NO  NO   state-only kind
  D1.8 material WoodenHull           NO    yes  NO        0.0000     0.0000    -1.0000  NO  NO   state-only kind
  D1.9 material CathedralColumn       NO    yes  NO        0.0000     0.0000    -1.0000  NO  NO   state-only kind
  D1.10 material CavernWall          NO    yes  NO        0.0000     0.0000    -1.0000  NO  NO   state-only kind
  D1.11 material GlassSphere         NO    yes  NO        0.0000     0.0000    -1.0000  NO  NO   state-only kind
  D2 body blend both heard           NO    yes  NO        0.0000     0.0000    -1.0000  NO  NO   state-only kind
  D3.1 noise model Direct            yes   NO   yes       0.0391     0.0000    -1.0000  NO  NO   
  D3.2 noise model FilteredWind       yes   NO   yes       0.0391     0.0000    -1.0000  NO  NO   
  D3.3 noise model GranularDust       yes   NO   yes       0.0391     0.0000    -1.0000  NO  NO   
  D3.4 noise model MetallicHiss       yes   NO   yes       0.0391     0.0000    -1.0000  NO  NO   
  D4.1 noise type White              NO    NO   NO        0.0000     0.0000    -1.0000  NO  NO   state-only kind
  D4.2 noise type Pink               NO    NO   NO        0.0000     0.0000    -1.0000  NO  NO   state-only kind
  D4.3 noise type TapeHiss           NO    NO   NO        0.0000     0.0000    -1.0000  NO  NO   state-only kind
  D4.4 noise type VinylCrackle       NO    NO   NO        0.0000     0.0000    -1.0000  NO  NO   state-only kind
  D4.5 noise type Asperity           NO    NO   NO        0.0000     0.0000    -1.0000  NO  NO   state-only kind
  D4.6 noise type Brown              yes   NO   NO        0.0000     0.0000    -1.0000  NO  NO   state-only kind
  D4.7 noise type Blue               NO    NO   NO        0.0000     0.0000    -1.0000  NO  NO   state-only kind
  D4.8 noise type Violet             NO    NO   NO        0.0000     0.0000    -1.0000  NO  NO   state-only kind
  D4.9 noise type Grey               NO    NO   NO        0.0000     0.0000    -1.0000  NO  NO   state-only kind
  D4.10 noise type Velvet            NO    NO   NO        0.0000     0.0000    -1.0000  NO  NO   state-only kind
  D4.11 noise type VinylRumble       NO    NO   NO        0.0000     0.0000    -1.0000  NO  NO   state-only kind
  D4.12 noise type RadioStatic       NO    NO   NO        0.0000     0.0000    -1.0000  NO  NO   state-only kind
  D5.1 anchor Free                   NO    yes  NO        0.0000     0.0000    -1.0000  NO  NO   state-only kind
  D5.2 anchor Keyed                  NO    yes  NO        0.0000     0.0000    -1.0000  NO  NO   state-only kind
  D5.3 anchor Hybrid                 yes   yes  NO        0.0000     0.0000    -1.0000  yes NO   state-only kind
  D6.1 loop filter Lowpass           yes   NO   NO        0.0000     0.0000    -1.0000  NO  NO   state-only kind
  D6.2 loop filter Bandpass          NO    NO   NO        0.0000     0.0000    -1.0000  NO  NO   state-only kind
  D6.3 loop filter Highpass          NO    NO   NO        0.0000     0.0000    -1.0000  NO  NO   state-only kind
  D7.1 loudest sub f/2               NO    yes  NO        0.0000     0.0000    -1.0000  NO  NO   state-only kind
  D7.2 loudest sub f/4         sec   yes   yes  NO        0.0000     0.0000    -1.0000  yes NO   state-only kind
  D7.3 loudest sub fifth below       NO    yes  NO        0.0000     0.0000    -1.0000  NO  NO   state-only kind
  D8.1 envelope Standard             yes   yes  NO        0.0000     0.0000    -1.0000  yes NO   state-only kind
  D8.2 envelope Growth               NO    yes  NO        0.0000     0.0000    -1.0000  NO  NO   state-only kind
  D9.1 attack span <= 10 s           NO    yes  NO        0.0000     0.0000    -1.0000  NO  NO   state-only kind
  D9.2 attack span >= 90 s           yes   yes  NO        0.0000     0.0000    -1.0000  yes NO   state-only kind
  D10.1 freeze holds a field         NO    NO   NO        0.0000     0.0000    -1.0000  NO  NO   state-only kind
  D10.2 freeze off                   yes   yes  NO        0.0000     0.0000    -1.0000  yes NO   state-only kind
  D11 ghost reverse >= 0.5           NO    yes  NO        0.0000     0.0000    -1.0000  NO  NO   state-only kind
  D12.1 ghost event triggers on       NO    yes  NO        0.0000     0.0000    -1.0000  NO  NO   state-only kind
  D12.2 ghost event triggers off       yes   yes  NO        0.0000     0.0000    -1.0000  yes NO   state-only kind
  D13.1 event rate scale <= 0.3       NO    yes  NO        0.0000     8.6468    -1.0000  NO  NO   state false
  D13.2 event rate scale >= 3.0       NO    yes  NO        0.0000     8.6468    -1.0000  NO  NO   state false
  D14.1 breathing depth >= 0.7       NO    yes  NO        0.0000     8.6468    -1.0000  NO  NO   state false
  D14.2 tidal depth >= 0.7           NO    yes  NO        0.0000     8.6468    -1.0000  NO  NO   state false
[sweep] index 18: computing / loading record...

Fogbound (index 18): primary M9 Fog, 5 secondaries, s(P) 0.7878
  cell                         claim state conj rend           d      2s(P)     attrib  sec pri  skip
  S1 noise organism            sec   yes   yes  yes       1.8042     1.5756    -1.0000  yes NO   
  S2 resonance drift                 yes   yes  yes       2.8685     1.5756    -1.0000  yes NO   
  S3 spectral smear                  yes   yes  yes       0.2594     1.5756    -1.0000  NO  NO   
  S4 feedback ecology                yes   yes  yes       0.0111     1.5756    -1.0000  NO  NO   
  S5 subharmonic                     yes   yes  yes       1.1091     1.5756    -1.0000  NO  NO   
  S6 harmonic bloom                  yes   yes  yes       0.0046     1.5756    -1.0000  NO  NO   
  S7 ecosystem                       yes   yes  yes       2.1696     1.5756    -1.0000  yes NO   
  S8 cavern space                    yes   yes  yes       6.1216     1.5756    -1.0000  yes yes  
  S9 ghost / atmosphere              yes   yes  yes       1.2942     1.5756    -1.0000  NO  NO   
  S10 acoustic body                  yes   yes  yes       6.2727     1.5756    -1.0000  yes yes  
  M1 Darkness                        NO    yes  NO        0.0000     1.5756    -1.0000  NO  NO   M displacement
  M2 Age                             NO    yes  NO        0.0000     1.5756    -1.0000  NO  NO   M displacement
  M3 Density                         NO    yes  NO        0.0000     1.5756    -1.0000  NO  NO   M displacement
  M4 Movement                        NO    yes  NO        0.0000     1.5756    -1.0000  NO  NO   M displacement
  M5 Gravity                         NO    yes  NO        0.0000     1.5756    -1.0000  NO  NO   M displacement
  M6 Entropy                         NO    yes  NO        0.0000     1.5756    -1.0000  NO  NO   M displacement
  M7 Pressure                        NO    yes  NO        0.0000     1.5756    -1.0000  NO  NO   M displacement
  M8 Weight                          NO    yes  NO        0.0000     1.5756    -1.0000  NO  NO   M displacement
  M9 Fog                       PRI   yes   yes  yes       3.0504     1.5756    -1.0000  yes NO   
  M10 Life                           NO    yes  NO        0.0000     1.5756    -1.0000  NO  NO   M displacement
  M11 Depth                          NO    yes  NO        0.0000     1.5756    -1.0000  NO  NO   M displacement
  M12 Mass                           NO    yes  NO        0.0000     1.5756    -1.0000  NO  NO   M displacement
  E1 partial -> bloom                yes   yes  yes       1.1063     2.9083     1.1043  NO  NO   
  E2 resonator -> resonance peaks       yes   yes  yes       1.9307     4.4086     1.1043  NO  NO   
  E3 noise -> noise wake             yes   yes  yes       2.7251     2.8994     1.1043  yes NO   
  E4 feedback -> loop wake           yes   yes  yes       1.1080     2.8635     1.1043  NO  NO   
  E5 ghost -> ghost bursts           yes   yes  yes       2.0411     4.4786     1.1043  NO  NO   
  E6.hi ecosystem sync rate high       NO    yes  NO        0.0000     1.5756    -1.0000  NO  NO   side predicate
  E7.hi ecosystem self-affinity high       NO    yes  NO        0.0000     1.5756    -1.0000  NO  NO   side predicate
  D1.1 material Glass                NO    yes  NO        0.0000     0.0000    -1.0000  NO  NO   state-only kind
  D1.2 material Strings              NO    yes  NO        0.0000     0.0000    -1.0000  NO  NO   state-only kind
  D1.3 material MetalPlate           NO    yes  NO        0.0000     0.0000    -1.0000  NO  NO   state-only kind
  D1.4 material Chamber              NO    yes  NO        0.0000     0.0000    -1.0000  NO  NO   state-only kind
  D1.5 material Ice                  NO    yes  NO        0.0000     0.0000    -1.0000  NO  NO   state-only kind
  D1.6 material StoneChamber         yes   yes  NO        0.0000     0.0000    -1.0000  yes NO   state-only kind
  D1.7 material SteelTank            yes   yes  NO        0.0000     0.0000    -1.0000  yes NO   state-only kind
  D1.8 material WoodenHull           NO    yes  NO        0.0000     0.0000    -1.0000  NO  NO   state-only kind
  D1.9 material CathedralColumn       NO    yes  NO        0.0000     0.0000    -1.0000  NO  NO   state-only kind
  D1.10 material CavernWall          NO    yes  NO        0.0000     0.0000    -1.0000  NO  NO   state-only kind
  D1.11 material GlassSphere         NO    yes  NO        0.0000     0.0000    -1.0000  NO  NO   state-only kind
  D2 body blend both heard           yes   yes  NO        0.0000     0.0000    -1.0000  yes NO   state-only kind
  D3.1 noise model Direct            yes   yes  yes       1.8042     0.0000    -1.0000  yes NO   
  D3.2 noise model FilteredWind       NO    yes  yes       1.8042     0.0000    -1.0000  NO  NO   
  D3.3 noise model GranularDust       NO    yes  yes       1.8042     0.0000    -1.0000  NO  NO   
  D3.4 noise model MetallicHiss       NO    yes  yes       1.8042     0.0000    -1.0000  NO  NO   
  D4.1 noise type White              NO    yes  NO        0.0000     0.0000    -1.0000  NO  NO   state-only kind
  D4.2 noise type Pink               NO    yes  NO        0.0000     0.0000    -1.0000  NO  NO   state-only kind
  D4.3 noise type TapeHiss           NO    yes  NO        0.0000     0.0000    -1.0000  NO  NO   state-only kind
  D4.4 noise type VinylCrackle       NO    yes  NO        0.0000     0.0000    -1.0000  NO  NO   state-only kind
  D4.5 noise type Asperity           NO    yes  NO        0.0000     0.0000    -1.0000  NO  NO   state-only kind
  D4.6 noise type Brown              NO    yes  NO        0.0000     0.0000    -1.0000  NO  NO   state-only kind
  D4.7 noise type Blue               NO    yes  NO        0.0000     0.0000    -1.0000  NO  NO   state-only kind
  D4.8 noise type Violet       sec   yes   yes  NO        0.0000     0.0000    -1.0000  yes NO   state-only kind
  D4.9 noise type Grey               NO    yes  NO        0.0000     0.0000    -1.0000  NO  NO   state-only kind
  D4.10 noise type Velvet      sec   yes   yes  NO        0.0000     0.0000    -1.0000  yes NO   state-only kind
  D4.11 noise type VinylRumble sec   yes   yes  NO        0.0000     0.0000    -1.0000  yes NO   state-only kind
  D4.12 noise type RadioStatic sec   yes   yes  NO        0.0000     0.0000    -1.0000  yes NO   state-only kind
  D5.1 anchor Free                   NO    yes  NO        0.0000     0.0000    -1.0000  NO  NO   state-only kind
  D5.2 anchor Keyed                  NO    yes  NO        0.0000     0.0000    -1.0000  NO  NO   state-only kind
  D5.3 anchor Hybrid                 yes   yes  NO        0.0000     0.0000    -1.0000  yes NO   state-only kind
  D6.1 loop filter Lowpass           yes   NO   NO        0.0000     0.0000    -1.0000  NO  NO   state-only kind
  D6.2 loop filter Bandpass          NO    NO   NO        0.0000     0.0000    -1.0000  NO  NO   state-only kind
  D6.3 loop filter Highpass          NO    NO   NO        0.0000     0.0000    -1.0000  NO  NO   state-only kind
  D7.1 loudest sub f/2               yes   NO   NO        0.0000     0.0000    -1.0000  NO  NO   state-only kind
  D7.2 loudest sub f/4               NO    NO   NO        0.0000     0.0000    -1.0000  NO  NO   state-only kind
  D7.3 loudest sub fifth below       NO    NO   NO        0.0000     0.0000    -1.0000  NO  NO   state-only kind
  D8.1 envelope Standard             yes   yes  NO        0.0000     0.0000    -1.0000  yes NO   state-only kind
  D8.2 envelope Growth               NO    yes  NO        0.0000     0.0000    -1.0000  NO  NO   state-only kind
  D9.1 attack span <= 10 s           NO    yes  NO        0.0000     0.0000    -1.0000  NO  NO   state-only kind
  D9.2 attack span >= 90 s           yes   yes  NO        0.0000     0.0000    -1.0000  yes NO   state-only kind
  D10.1 freeze holds a field         NO    NO   NO        0.0000     0.0000    -1.0000  NO  NO   state-only kind
  D10.2 freeze off                   yes   yes  NO        0.0000     0.0000    -1.0000  yes NO   state-only kind
  D11 ghost reverse >= 0.5           NO    NO   NO        0.0000     0.0000    -1.0000  NO  NO   state-only kind
  D12.1 ghost event triggers on       NO    NO   NO        0.0000     0.0000    -1.0000  NO  NO   state-only kind
  D12.2 ghost event triggers off       yes   yes  NO        0.0000     0.0000    -1.0000  yes NO   state-only kind
  D13.1 event rate scale <= 0.3       NO    yes  NO        0.0000     1.5756    -1.0000  NO  NO   state false
  D13.2 event rate scale >= 3.0       NO    yes  NO        0.0000     1.5756    -1.0000  NO  NO   state false
  D14.1 breathing depth >= 0.7       NO    yes  NO        0.0000     1.5756    -1.0000  NO  NO   state false
  D14.2 tidal depth >= 0.7           NO    yes  NO        0.0000     1.5756    -1.0000  NO  NO   state false
F:\projects\iterum\plugins\vorago\tests\integration\preset_sweep_test.cpp(1203): FAILED:
  CHECK( VoragoTest::verifiedAt(o, primary, ClaimRole::Primary) )
with expansion:
  false
with message:
  Fogbound primary M9 Fog: d 3.05042, 2s(P) 1.57558, attrib -1, skip []

[sweep] index 19: computing / loading record...

Teeming (index 19): primary M10 Life, 1 secondaries, s(P) 1.7084
  cell                         claim state conj rend           d      2s(P)     attrib  sec pri  skip
  S1 noise organism                  yes   yes  yes       1.3551     3.4168    -1.0000  NO  NO   
  S2 resonance drift                 yes   yes  yes       1.9472     3.4168    -1.0000  yes NO   
  S3 spectral smear                  yes   yes  yes       0.2930     3.4168    -1.0000  NO  NO   
  S4 feedback ecology                yes   yes  yes       0.0223     3.4168    -1.0000  NO  NO   
  S5 subharmonic                     yes   yes  yes       1.3886     3.4168    -1.0000  NO  NO   
  S6 harmonic bloom                  yes   yes  yes       0.1466     3.4168    -1.0000  NO  NO   
  S7 ecosystem                       yes   yes  yes      10.1021     3.4168    -1.0000  yes yes  
  S8 cavern space                    yes   yes  yes       5.6708     3.4168    -1.0000  yes yes  
  S9 ghost / atmosphere              yes   yes  yes       8.3787     3.4168    -1.0000  yes yes  
  S10 acoustic body                  yes   yes  yes      11.7838     3.4168    -1.0000  yes yes  
  M1 Darkness                        NO    yes  NO        0.0000     3.4168    -1.0000  NO  NO   M displacement
  M2 Age                             NO    yes  NO        0.0000     3.4168    -1.0000  NO  NO   M displacement
  M3 Density                         NO    yes  NO        0.0000     3.4168    -1.0000  NO  NO   M displacement
  M4 Movement                        NO    yes  NO        0.0000     3.4168    -1.0000  NO  NO   M displacement
  M5 Gravity                         NO    yes  NO        0.0000     3.4168    -1.0000  NO  NO   M displacement
  M6 Entropy                         NO    yes  NO        0.0000     3.4168    -1.0000  NO  NO   M displacement
  M7 Pressure                        NO    yes  NO        0.0000     3.4168    -1.0000  NO  NO   M displacement
  M8 Weight                          NO    yes  NO        0.0000     3.4168    -1.0000  NO  NO   M displacement
  M9 Fog                             NO    yes  NO        0.0000     3.4168    -1.0000  NO  NO   M displacement
  M10 Life                     PRI   yes   yes  yes       0.9943     3.4168    -1.0000  NO  NO   
  M11 Depth                          NO    yes  NO        0.0000     3.4168    -1.0000  NO  NO   M displacement
  M12 Mass                           NO    yes  NO        0.0000     3.4168    -1.0000  NO  NO   M displacement
  E1 partial -> bloom                yes   yes  yes       2.7534     3.4883     2.3896  NO  NO   
  E2 resonator -> resonance peaks       yes   yes  yes       3.3709     5.4524     2.3896  NO  NO   
  E3 noise -> noise wake             yes   yes  yes       2.2200    20.2237     2.3896  NO  NO   
  E4 feedback -> loop wake           yes   yes  yes       2.3825     3.5058     2.3896  NO  NO   
  E5 ghost -> ghost bursts           yes   yes  yes       7.6549    10.0255     2.3896  yes yes  
  E6.hi ecosystem sync rate high       NO    yes  NO        0.0000     3.4168    -1.0000  NO  NO   side predicate
  E7.hi ecosystem self-affinity high       NO    yes  NO        0.0000     3.4168    -1.0000  NO  NO   side predicate
  D1.1 material Glass                NO    yes  NO        0.0000     0.0000    -1.0000  NO  NO   state-only kind
  D1.2 material Strings              NO    yes  NO        0.0000     0.0000    -1.0000  NO  NO   state-only kind
  D1.3 material MetalPlate           NO    yes  NO        0.0000     0.0000    -1.0000  NO  NO   state-only kind
  D1.4 material Chamber              NO    yes  NO        0.0000     0.0000    -1.0000  NO  NO   state-only kind
  D1.5 material Ice                  NO    yes  NO        0.0000     0.0000    -1.0000  NO  NO   state-only kind
  D1.6 material StoneChamber         yes   yes  NO        0.0000     0.0000    -1.0000  yes NO   state-only kind
  D1.7 material SteelTank            yes   yes  NO        0.0000     0.0000    -1.0000  yes NO   state-only kind
  D1.8 material WoodenHull           NO    yes  NO        0.0000     0.0000    -1.0000  NO  NO   state-only kind
  D1.9 material CathedralColumn       NO    yes  NO        0.0000     0.0000    -1.0000  NO  NO   state-only kind
  D1.10 material CavernWall          NO    yes  NO        0.0000     0.0000    -1.0000  NO  NO   state-only kind
  D1.11 material GlassSphere         NO    yes  NO        0.0000     0.0000    -1.0000  NO  NO   state-only kind
  D2 body blend both heard           yes   yes  NO        0.0000     0.0000    -1.0000  yes NO   state-only kind
  D3.1 noise model Direct            yes   NO   yes       1.3551     0.0000    -1.0000  NO  NO   
  D3.2 noise model FilteredWind       yes   NO   yes       1.3551     0.0000    -1.0000  NO  NO   
  D3.3 noise model GranularDust       yes   NO   yes       1.3551     0.0000    -1.0000  NO  NO   
  D3.4 noise model MetallicHiss       yes   NO   yes       1.3551     0.0000    -1.0000  NO  NO   
  D4.1 noise type White              NO    NO   NO        0.0000     0.0000    -1.0000  NO  NO   state-only kind
  D4.2 noise type Pink               NO    NO   NO        0.0000     0.0000    -1.0000  NO  NO   state-only kind
  D4.3 noise type TapeHiss           NO    NO   NO        0.0000     0.0000    -1.0000  NO  NO   state-only kind
  D4.4 noise type VinylCrackle       NO    NO   NO        0.0000     0.0000    -1.0000  NO  NO   state-only kind
  D4.5 noise type Asperity           NO    NO   NO        0.0000     0.0000    -1.0000  NO  NO   state-only kind
  D4.6 noise type Brown              yes   NO   NO        0.0000     0.0000    -1.0000  NO  NO   state-only kind
  D4.7 noise type Blue               NO    NO   NO        0.0000     0.0000    -1.0000  NO  NO   state-only kind
  D4.8 noise type Violet             NO    NO   NO        0.0000     0.0000    -1.0000  NO  NO   state-only kind
  D4.9 noise type Grey               NO    NO   NO        0.0000     0.0000    -1.0000  NO  NO   state-only kind
  D4.10 noise type Velvet            NO    NO   NO        0.0000     0.0000    -1.0000  NO  NO   state-only kind
  D4.11 noise type VinylRumble       NO    NO   NO        0.0000     0.0000    -1.0000  NO  NO   state-only kind
  D4.12 noise type RadioStatic       NO    NO   NO        0.0000     0.0000    -1.0000  NO  NO   state-only kind
  D5.1 anchor Free                   NO    yes  NO        0.0000     0.0000    -1.0000  NO  NO   state-only kind
  D5.2 anchor Keyed                  NO    yes  NO        0.0000     0.0000    -1.0000  NO  NO   state-only kind
  D5.3 anchor Hybrid                 yes   yes  NO        0.0000     0.0000    -1.0000  yes NO   state-only kind
  D6.1 loop filter Lowpass           yes   NO   NO        0.0000     0.0000    -1.0000  NO  NO   state-only kind
  D6.2 loop filter Bandpass          NO    NO   NO        0.0000     0.0000    -1.0000  NO  NO   state-only kind
  D6.3 loop filter Highpass          NO    NO   NO        0.0000     0.0000    -1.0000  NO  NO   state-only kind
  D7.1 loudest sub f/2               yes   NO   NO        0.0000     0.0000    -1.0000  NO  NO   state-only kind
  D7.2 loudest sub f/4               NO    NO   NO        0.0000     0.0000    -1.0000  NO  NO   state-only kind
  D7.3 loudest sub fifth below       NO    NO   NO        0.0000     0.0000    -1.0000  NO  NO   state-only kind
  D8.1 envelope Standard             yes   yes  NO        0.0000     0.0000    -1.0000  yes NO   state-only kind
  D8.2 envelope Growth               NO    yes  NO        0.0000     0.0000    -1.0000  NO  NO   state-only kind
  D9.1 attack span <= 10 s           NO    yes  NO        0.0000     0.0000    -1.0000  NO  NO   state-only kind
  D9.2 attack span >= 90 s           yes   yes  NO        0.0000     0.0000    -1.0000  yes NO   state-only kind
  D10.1 freeze holds a field         NO    NO   NO        0.0000     0.0000    -1.0000  NO  NO   state-only kind
  D10.2 freeze off                   yes   yes  NO        0.0000     0.0000    -1.0000  yes NO   state-only kind
  D11 ghost reverse >= 0.5           NO    yes  NO        0.0000     0.0000    -1.0000  NO  NO   state-only kind
  D12.1 ghost event triggers on       NO    yes  NO        0.0000     0.0000    -1.0000  NO  NO   state-only kind
  D12.2 ghost event triggers off       yes   yes  NO        0.0000     0.0000    -1.0000  yes NO   state-only kind
  D13.1 event rate scale <= 0.3 sec   yes   yes  yes       0.8560     3.4168    -1.0000  NO  NO   
  D13.2 event rate scale >= 3.0       NO    yes  NO        0.0000     3.4168    -1.0000  NO  NO   state false
  D14.1 breathing depth >= 0.7       NO    yes  NO        0.0000     3.4168    -1.0000  NO  NO   state false
  D14.2 tidal depth >= 0.7           NO    yes  NO        0.0000     3.4168    -1.0000  NO  NO   state false
F:\projects\iterum\plugins\vorago\tests\integration\preset_sweep_test.cpp(1202): FAILED:
  CHECK( VoragoTest::verifiedAt(o, primary, ClaimRole::Secondary) )
with expansion:
  false
with message:
  Teeming primary M10 Life: d 0.994297, 2s(P) 3.41678, attrib -1, skip []

F:\projects\iterum\plugins\vorago\tests\integration\preset_sweep_test.cpp(1203): FAILED:
  CHECK( VoragoTest::verifiedAt(o, primary, ClaimRole::Primary) )
with expansion:
  false
with message:
  Teeming primary M10 Life: d 0.994297, 2s(P) 3.41678, attrib -1, skip []

F:\projects\iterum\plugins\vorago\tests\integration\preset_sweep_test.cpp(1210): FAILED:
  CHECK( VoragoTest::verifiedAt(o, c, ClaimRole::Secondary) )
with expansion:
  false
with message:
  Teeming secondary D13.1 event rate scale <= 0.3: d 0.855978, 2s(P) 3.41678,
  attrib -1, skip []

[sweep] index 20: computing / loading record...

Endless Descent (index 20): primary M11 Depth, 0 secondaries, s(P) 1.1382
  cell                         claim state conj rend           d      2s(P)     attrib  sec pri  skip
  S1 noise organism                  yes   yes  yes       0.1497     2.2763    -1.0000  NO  NO   
  S2 resonance drift                 yes   yes  yes       1.2212     2.2763    -1.0000  NO  NO   
  S3 spectral smear                  yes   yes  yes       0.1502     2.2763    -1.0000  NO  NO   
  S4 feedback ecology                yes   yes  yes       0.0060     2.2763    -1.0000  NO  NO   
  S5 subharmonic                     yes   yes  yes       1.4672     2.2763    -1.0000  NO  NO   
  S6 harmonic bloom                  yes   yes  yes       0.1179     2.2763    -1.0000  NO  NO   
  S7 ecosystem                       yes   yes  yes       2.8787     2.2763    -1.0000  yes NO   
  S8 cavern space                    yes   yes  yes       9.7431     2.2763    -1.0000  yes yes  
  S9 ghost / atmosphere              yes   yes  yes       2.9963     2.2763    -1.0000  yes NO   
  S10 acoustic body                  yes   yes  yes       8.4663     2.2763    -1.0000  yes yes  
  M1 Darkness                        NO    yes  NO        0.0000     2.2763    -1.0000  NO  NO   M displacement
  M2 Age                             NO    yes  NO        0.0000     2.2763    -1.0000  NO  NO   M displacement
  M3 Density                         NO    yes  NO        0.0000     2.2763    -1.0000  NO  NO   M displacement
  M4 Movement                        NO    yes  NO        0.0000     2.2763    -1.0000  NO  NO   M displacement
  M5 Gravity                         NO    yes  NO        0.0000     2.2763    -1.0000  NO  NO   M displacement
  M6 Entropy                         NO    yes  NO        0.0000     2.2763    -1.0000  NO  NO   M displacement
  M7 Pressure                        NO    yes  NO        0.0000     2.2763    -1.0000  NO  NO   M displacement
  M8 Weight                          NO    yes  NO        0.0000     2.2763    -1.0000  NO  NO   M displacement
  M9 Fog                             NO    yes  NO        0.0000     2.2763    -1.0000  NO  NO   M displacement
  M10 Life                           NO    yes  NO        0.0000     2.2763    -1.0000  NO  NO   M displacement
  M11 Depth                    PRI   yes   yes  yes       8.9963     2.2763    -1.0000  yes yes  
  M12 Mass                           NO    yes  NO        0.0000     2.2763    -1.0000  NO  NO   M displacement
  E1 partial -> bloom                yes   yes  yes       0.6754     3.8883     0.5053  NO  NO   
  E2 resonator -> resonance peaks       yes   yes  yes       0.7385     4.7431     0.5053  NO  NO   
  E3 noise -> noise wake             yes   yes  yes       1.1430     3.5953     0.5053  NO  NO   
  E4 feedback -> loop wake           yes   yes  yes       0.5008     4.1401     0.5053  NO  NO   
  E5 ghost -> ghost bursts           yes   yes  yes       2.7232     3.6763     0.5053  yes NO   
  E6.hi ecosystem sync rate high       NO    yes  NO        0.0000     2.2763    -1.0000  NO  NO   side predicate
  E7.hi ecosystem self-affinity high       NO    yes  NO        0.0000     2.2763    -1.0000  NO  NO   side predicate
  D1.1 material Glass                NO    yes  NO        0.0000     0.0000    -1.0000  NO  NO   state-only kind
  D1.2 material Strings              NO    yes  NO        0.0000     0.0000    -1.0000  NO  NO   state-only kind
  D1.3 material MetalPlate           NO    yes  NO        0.0000     0.0000    -1.0000  NO  NO   state-only kind
  D1.4 material Chamber              NO    yes  NO        0.0000     0.0000    -1.0000  NO  NO   state-only kind
  D1.5 material Ice                  NO    yes  NO        0.0000     0.0000    -1.0000  NO  NO   state-only kind
  D1.6 material StoneChamber         yes   yes  NO        0.0000     0.0000    -1.0000  yes NO   state-only kind
  D1.7 material SteelTank            yes   yes  NO        0.0000     0.0000    -1.0000  yes NO   state-only kind
  D1.8 material WoodenHull           NO    yes  NO        0.0000     0.0000    -1.0000  NO  NO   state-only kind
  D1.9 material CathedralColumn       NO    yes  NO        0.0000     0.0000    -1.0000  NO  NO   state-only kind
  D1.10 material CavernWall          NO    yes  NO        0.0000     0.0000    -1.0000  NO  NO   state-only kind
  D1.11 material GlassSphere         NO    yes  NO        0.0000     0.0000    -1.0000  NO  NO   state-only kind
  D2 body blend both heard           yes   yes  NO        0.0000     0.0000    -1.0000  yes NO   state-only kind
  D3.1 noise model Direct            yes   NO   yes       0.1497     0.0000    -1.0000  NO  NO   
  D3.2 noise model FilteredWind       yes   NO   yes       0.1497     0.0000    -1.0000  NO  NO   
  D3.3 noise model GranularDust       yes   NO   yes       0.1497     0.0000    -1.0000  NO  NO   
  D3.4 noise model MetallicHiss       yes   NO   yes       0.1497     0.0000    -1.0000  NO  NO   
  D4.1 noise type White              NO    NO   NO        0.0000     0.0000    -1.0000  NO  NO   state-only kind
  D4.2 noise type Pink               NO    NO   NO        0.0000     0.0000    -1.0000  NO  NO   state-only kind
  D4.3 noise type TapeHiss           NO    NO   NO        0.0000     0.0000    -1.0000  NO  NO   state-only kind
  D4.4 noise type VinylCrackle       NO    NO   NO        0.0000     0.0000    -1.0000  NO  NO   state-only kind
  D4.5 noise type Asperity           NO    NO   NO        0.0000     0.0000    -1.0000  NO  NO   state-only kind
  D4.6 noise type Brown              yes   NO   NO        0.0000     0.0000    -1.0000  NO  NO   state-only kind
  D4.7 noise type Blue               NO    NO   NO        0.0000     0.0000    -1.0000  NO  NO   state-only kind
  D4.8 noise type Violet             NO    NO   NO        0.0000     0.0000    -1.0000  NO  NO   state-only kind
  D4.9 noise type Grey               NO    NO   NO        0.0000     0.0000    -1.0000  NO  NO   state-only kind
  D4.10 noise type Velvet            NO    NO   NO        0.0000     0.0000    -1.0000  NO  NO   state-only kind
  D4.11 noise type VinylRumble       NO    NO   NO        0.0000     0.0000    -1.0000  NO  NO   state-only kind
  D4.12 noise type RadioStatic       NO    NO   NO        0.0000     0.0000    -1.0000  NO  NO   state-only kind
  D5.1 anchor Free                   NO    NO   NO        0.0000     0.0000    -1.0000  NO  NO   state-only kind
  D5.2 anchor Keyed                  NO    NO   NO        0.0000     0.0000    -1.0000  NO  NO   state-only kind
  D5.3 anchor Hybrid                 yes   NO   NO        0.0000     0.0000    -1.0000  NO  NO   state-only kind
  D6.1 loop filter Lowpass           yes   NO   NO        0.0000     0.0000    -1.0000  NO  NO   state-only kind
  D6.2 loop filter Bandpass          NO    NO   NO        0.0000     0.0000    -1.0000  NO  NO   state-only kind
  D6.3 loop filter Highpass          NO    NO   NO        0.0000     0.0000    -1.0000  NO  NO   state-only kind
  D7.1 loudest sub f/2               yes   NO   NO        0.0000     0.0000    -1.0000  NO  NO   state-only kind
  D7.2 loudest sub f/4               NO    NO   NO        0.0000     0.0000    -1.0000  NO  NO   state-only kind
  D7.3 loudest sub fifth below       NO    NO   NO        0.0000     0.0000    -1.0000  NO  NO   state-only kind
  D8.1 envelope Standard             yes   yes  NO        0.0000     0.0000    -1.0000  yes NO   state-only kind
  D8.2 envelope Growth               NO    yes  NO        0.0000     0.0000    -1.0000  NO  NO   state-only kind
  D9.1 attack span <= 10 s           NO    yes  NO        0.0000     0.0000    -1.0000  NO  NO   state-only kind
  D9.2 attack span >= 90 s           yes   yes  NO        0.0000     0.0000    -1.0000  yes NO   state-only kind
  D10.1 freeze holds a field         NO    NO   NO        0.0000     0.0000    -1.0000  NO  NO   state-only kind
  D10.2 freeze off                   yes   yes  NO        0.0000     0.0000    -1.0000  yes NO   state-only kind
  D11 ghost reverse >= 0.5           NO    yes  NO        0.0000     0.0000    -1.0000  NO  NO   state-only kind
  D12.1 ghost event triggers on       NO    yes  NO        0.0000     0.0000    -1.0000  NO  NO   state-only kind
  D12.2 ghost event triggers off       yes   yes  NO        0.0000     0.0000    -1.0000  yes NO   state-only kind
  D13.1 event rate scale <= 0.3       NO    yes  NO        0.0000     2.2763    -1.0000  NO  NO   state false
  D13.2 event rate scale >= 3.0       NO    yes  NO        0.0000     2.2763    -1.0000  NO  NO   state false
  D14.1 breathing depth >= 0.7       NO    yes  NO        0.0000     2.2763    -1.0000  NO  NO   state false
  D14.2 tidal depth >= 0.7           NO    yes  NO        0.0000     2.2763    -1.0000  NO  NO   state false
[sweep] index 21: computing / loading record...

Monolith (index 21): primary M12 Mass, 1 secondaries, s(P) 7.9137
  cell                         claim state conj rend           d      2s(P)     attrib  sec pri  skip
  S1 noise organism                  yes   yes  yes       0.0539    15.8274    -1.0000  NO  NO   
  S2 resonance drift                 yes   yes  yes       1.7766    15.8274    -1.0000  yes NO   
  S3 spectral smear                  yes   yes  yes       1.3066    15.8274    -1.0000  NO  NO   
  S4 feedback ecology                yes   yes  yes       0.0636    15.8274    -1.0000  NO  NO   
  S5 subharmonic                     yes   yes  yes       3.5499    15.8274    -1.0000  yes NO   
  S6 harmonic bloom                  yes   yes  yes       0.8216    15.8274    -1.0000  NO  NO   
  S7 ecosystem                       yes   yes  yes       1.9091    15.8274    -1.0000  yes NO   
  S8 cavern space                    yes   yes  yes       0.3439    15.8274    -1.0000  NO  NO   
  S9 ghost / atmosphere              yes   yes  yes       1.6711    15.8274    -1.0000  yes NO   
  S10 acoustic body                  yes   yes  yes      13.6715    15.8274    -1.0000  yes yes  
  M1 Darkness                        NO    yes  NO        0.0000    15.8274    -1.0000  NO  NO   M displacement
  M2 Age                             NO    yes  NO        0.0000    15.8274    -1.0000  NO  NO   M displacement
  M3 Density                         NO    yes  NO        0.0000    15.8274    -1.0000  NO  NO   M displacement
  M4 Movement                        NO    yes  NO        0.0000    15.8274    -1.0000  NO  NO   M displacement
  M5 Gravity                         NO    yes  NO        0.0000    15.8274    -1.0000  NO  NO   M displacement
  M6 Entropy                         NO    yes  NO        0.0000    15.8274    -1.0000  NO  NO   M displacement
  M7 Pressure                        NO    yes  NO        0.0000    15.8274    -1.0000  NO  NO   M displacement
  M8 Weight                          NO    yes  NO        0.0000    15.8274    -1.0000  NO  NO   M displacement
  M9 Fog                             NO    yes  NO        0.0000    15.8274    -1.0000  NO  NO   M displacement
  M10 Life                           NO    yes  NO        0.0000    15.8274    -1.0000  NO  NO   M displacement
  M11 Depth                          NO    yes  NO        0.0000    15.8274    -1.0000  NO  NO   M displacement
  M12 Mass                     PRI   yes   yes  yes       3.7479    15.8274    -1.0000  yes NO   
  E1 partial -> bloom                yes   yes  yes       1.2984     2.9044     3.6494  NO  NO   
  E2 resonator -> resonance peaks       yes   yes  yes       2.3296    15.3381     3.6494  NO  NO   
  E3 noise -> noise wake             yes   yes  yes       3.6460     3.1421     3.6494  NO  NO   
  E4 feedback -> loop wake           yes   yes  yes       3.5858     2.9552     3.6494  NO  NO   
  E5 ghost -> ghost bursts           yes   yes  yes       3.1565     3.3329     3.6494  NO  NO   
  E6.hi ecosystem sync rate high       NO    yes  NO        0.0000    15.8274    -1.0000  NO  NO   side predicate
  E7.hi ecosystem self-affinity high       NO    yes  NO        0.0000    15.8274    -1.0000  NO  NO   side predicate
  D1.1 material Glass                NO    yes  NO        0.0000     0.0000    -1.0000  NO  NO   state-only kind
  D1.2 material Strings              NO    yes  NO        0.0000     0.0000    -1.0000  NO  NO   state-only kind
  D1.3 material MetalPlate           NO    yes  NO        0.0000     0.0000    -1.0000  NO  NO   state-only kind
  D1.4 material Chamber              NO    yes  NO        0.0000     0.0000    -1.0000  NO  NO   state-only kind
  D1.5 material Ice                  NO    yes  NO        0.0000     0.0000    -1.0000  NO  NO   state-only kind
  D1.6 material StoneChamber         yes   yes  NO        0.0000     0.0000    -1.0000  yes NO   state-only kind
  D1.7 material SteelTank            yes   yes  NO        0.0000     0.0000    -1.0000  yes NO   state-only kind
  D1.8 material WoodenHull           NO    yes  NO        0.0000     0.0000    -1.0000  NO  NO   state-only kind
  D1.9 material CathedralColumn       NO    yes  NO        0.0000     0.0000    -1.0000  NO  NO   state-only kind
  D1.10 material CavernWall          NO    yes  NO        0.0000     0.0000    -1.0000  NO  NO   state-only kind
  D1.11 material GlassSphere         NO    yes  NO        0.0000     0.0000    -1.0000  NO  NO   state-only kind
  D2 body blend both heard           yes   yes  NO        0.0000     0.0000    -1.0000  yes NO   state-only kind
  D3.1 noise model Direct            yes   NO   yes       0.0539     0.0000    -1.0000  NO  NO   
  D3.2 noise model FilteredWind       yes   NO   yes       0.0539     0.0000    -1.0000  NO  NO   
  D3.3 noise model GranularDust       yes   NO   yes       0.0539     0.0000    -1.0000  NO  NO   
  D3.4 noise model MetallicHiss       yes   NO   yes       0.0539     0.0000    -1.0000  NO  NO   
  D4.1 noise type White              NO    NO   NO        0.0000     0.0000    -1.0000  NO  NO   state-only kind
  D4.2 noise type Pink               NO    NO   NO        0.0000     0.0000    -1.0000  NO  NO   state-only kind
  D4.3 noise type TapeHiss           NO    NO   NO        0.0000     0.0000    -1.0000  NO  NO   state-only kind
  D4.4 noise type VinylCrackle       NO    NO   NO        0.0000     0.0000    -1.0000  NO  NO   state-only kind
  D4.5 noise type Asperity           NO    NO   NO        0.0000     0.0000    -1.0000  NO  NO   state-only kind
  D4.6 noise type Brown              yes   NO   NO        0.0000     0.0000    -1.0000  NO  NO   state-only kind
  D4.7 noise type Blue               NO    NO   NO        0.0000     0.0000    -1.0000  NO  NO   state-only kind
  D4.8 noise type Violet             NO    NO   NO        0.0000     0.0000    -1.0000  NO  NO   state-only kind
  D4.9 noise type Grey               NO    NO   NO        0.0000     0.0000    -1.0000  NO  NO   state-only kind
  D4.10 noise type Velvet            NO    NO   NO        0.0000     0.0000    -1.0000  NO  NO   state-only kind
  D4.11 noise type VinylRumble       NO    NO   NO        0.0000     0.0000    -1.0000  NO  NO   state-only kind
  D4.12 noise type RadioStatic       NO    NO   NO        0.0000     0.0000    -1.0000  NO  NO   state-only kind
  D5.1 anchor Free                   NO    yes  NO        0.0000     0.0000    -1.0000  NO  NO   state-only kind
  D5.2 anchor Keyed                  NO    yes  NO        0.0000     0.0000    -1.0000  NO  NO   state-only kind
  D5.3 anchor Hybrid                 yes   yes  NO        0.0000     0.0000    -1.0000  yes NO   state-only kind
  D6.1 loop filter Lowpass           yes   NO   NO        0.0000     0.0000    -1.0000  NO  NO   state-only kind
  D6.2 loop filter Bandpass          NO    NO   NO        0.0000     0.0000    -1.0000  NO  NO   state-only kind
  D6.3 loop filter Highpass          NO    NO   NO        0.0000     0.0000    -1.0000  NO  NO   state-only kind
  D7.1 loudest sub f/2         sec   yes   yes  NO        0.0000     0.0000    -1.0000  yes NO   state-only kind
  D7.2 loudest sub f/4               NO    yes  NO        0.0000     0.0000    -1.0000  NO  NO   state-only kind
  D7.3 loudest sub fifth below       NO    yes  NO        0.0000     0.0000    -1.0000  NO  NO   state-only kind
  D8.1 envelope Standard             yes   yes  NO        0.0000     0.0000    -1.0000  yes NO   state-only kind
  D8.2 envelope Growth               NO    yes  NO        0.0000     0.0000    -1.0000  NO  NO   state-only kind
  D9.1 attack span <= 10 s           NO    yes  NO        0.0000     0.0000    -1.0000  NO  NO   state-only kind
  D9.2 attack span >= 90 s           yes   yes  NO        0.0000     0.0000    -1.0000  yes NO   state-only kind
  D10.1 freeze holds a field         NO    NO   NO        0.0000     0.0000    -1.0000  NO  NO   state-only kind
  D10.2 freeze off                   yes   yes  NO        0.0000     0.0000    -1.0000  yes NO   state-only kind
  D11 ghost reverse >= 0.5           NO    yes  NO        0.0000     0.0000    -1.0000  NO  NO   state-only kind
  D12.1 ghost event triggers on       NO    yes  NO        0.0000     0.0000    -1.0000  NO  NO   state-only kind
  D12.2 ghost event triggers off       yes   yes  NO        0.0000     0.0000    -1.0000  yes NO   state-only kind
  D13.1 event rate scale <= 0.3       NO    yes  NO        0.0000    15.8274    -1.0000  NO  NO   state false
  D13.2 event rate scale >= 3.0       NO    yes  NO        0.0000    15.8274    -1.0000  NO  NO   state false
  D14.1 breathing depth >= 0.7       NO    yes  NO        0.0000    15.8274    -1.0000  NO  NO   state false
  D14.2 tidal depth >= 0.7           NO    yes  NO        0.0000    15.8274    -1.0000  NO  NO   state false
F:\projects\iterum\plugins\vorago\tests\integration\preset_sweep_test.cpp(1203): FAILED:
  CHECK( VoragoTest::verifiedAt(o, primary, ClaimRole::Primary) )
with expansion:
  false
with message:
  Monolith primary M12 Mass: d 3.74794, 2s(P) 15.8274, attrib -1, skip []

[sweep] index 22: computing / loading record...

Bloom Colony (index 22): primary E1 partial -> bloom, 0 secondaries, s(P) 3.6196
  cell                         claim state conj rend           d      2s(P)     attrib  sec pri  skip
  S1 noise organism                  yes   yes  yes       0.0809     7.2392    -1.0000  NO  NO   
  S2 resonance drift                 yes   yes  yes       0.6550     7.2392    -1.0000  NO  NO   
  S3 spectral smear                  yes   yes  yes       2.3755     7.2392    -1.0000  yes NO   
  S4 feedback ecology                yes   yes  yes       0.0032     7.2392    -1.0000  NO  NO   
  S5 subharmonic                     yes   yes  yes       1.5868     7.2392    -1.0000  yes NO   
  S6 harmonic bloom                  yes   yes  yes       0.5783     7.2392    -1.0000  NO  NO   
  S7 ecosystem                       yes   yes  yes       1.7026     7.2392    -1.0000  yes NO   
  S8 cavern space                    yes   yes  yes       3.4521     7.2392    -1.0000  yes NO   
  S9 ghost / atmosphere              yes   yes  yes       0.5974     7.2392    -1.0000  NO  NO   
  S10 acoustic body                  yes   yes  yes      10.0140     7.2392    -1.0000  yes yes  
  M1 Darkness                        NO    yes  NO        0.0000     7.2392    -1.0000  NO  NO   M displacement
  M2 Age                             NO    yes  NO        0.0000     7.2392    -1.0000  NO  NO   M displacement
  M3 Density                         NO    yes  NO        0.0000     7.2392    -1.0000  NO  NO   M displacement
  M4 Movement                        NO    yes  NO        0.0000     7.2392    -1.0000  NO  NO   M displacement
  M5 Gravity                         NO    yes  NO        0.0000     7.2392    -1.0000  NO  NO   M displacement
  M6 Entropy                         NO    yes  NO        0.0000     7.2392    -1.0000  NO  NO   M displacement
  M7 Pressure                        NO    yes  NO        0.0000     7.2392    -1.0000  NO  NO   M displacement
  M8 Weight                          NO    yes  NO        0.0000     7.2392    -1.0000  NO  NO   M displacement
  M9 Fog                             NO    yes  NO        0.0000     7.2392    -1.0000  NO  NO   M displacement
  M10 Life                           NO    yes  NO        0.0000     7.2392    -1.0000  NO  NO   M displacement
  M11 Depth                          NO    yes  NO        0.0000     7.2392    -1.0000  NO  NO   M displacement
  M12 Mass                           NO    yes  NO        0.0000     7.2392    -1.0000  NO  NO   M displacement
  E1 partial -> bloom          PRI   yes   yes  yes       1.1823     2.2147     1.1035  NO  NO   
  E2 resonator -> resonance peaks       yes   yes  yes       1.4452     3.5344     1.1035  NO  NO   
  E3 noise -> noise wake             yes   yes  yes       1.1141     1.8247     1.1035  NO  NO   
  E4 feedback -> loop wake           yes   yes  yes       1.1030     1.8823     1.1035  NO  NO   
  E5 ghost -> ghost bursts           yes   yes  yes       1.5757     1.8389     1.1035  NO  NO   
  E6.hi ecosystem sync rate high       NO    yes  NO        0.0000     7.2392    -1.0000  NO  NO   side predicate
  E7.hi ecosystem self-affinity high       NO    yes  NO        0.0000     7.2392    -1.0000  NO  NO   side predicate
  D1.1 material Glass                NO    yes  NO        0.0000     0.0000    -1.0000  NO  NO   state-only kind
  D1.2 material Strings              NO    yes  NO        0.0000     0.0000    -1.0000  NO  NO   state-only kind
  D1.3 material MetalPlate           NO    yes  NO        0.0000     0.0000    -1.0000  NO  NO   state-only kind
  D1.4 material Chamber              NO    yes  NO        0.0000     0.0000    -1.0000  NO  NO   state-only kind
  D1.5 material Ice                  NO    yes  NO        0.0000     0.0000    -1.0000  NO  NO   state-only kind
  D1.6 material StoneChamber         yes   yes  NO        0.0000     0.0000    -1.0000  yes NO   state-only kind
  D1.7 material SteelTank            yes   yes  NO        0.0000     0.0000    -1.0000  yes NO   state-only kind
  D1.8 material WoodenHull           NO    yes  NO        0.0000     0.0000    -1.0000  NO  NO   state-only kind
  D1.9 material CathedralColumn       NO    yes  NO        0.0000     0.0000    -1.0000  NO  NO   state-only kind
  D1.10 material CavernWall          NO    yes  NO        0.0000     0.0000    -1.0000  NO  NO   state-only kind
  D1.11 material GlassSphere         NO    yes  NO        0.0000     0.0000    -1.0000  NO  NO   state-only kind
  D2 body blend both heard           yes   yes  NO        0.0000     0.0000    -1.0000  yes NO   state-only kind
  D3.1 noise model Direct            yes   NO   yes       0.0809     0.0000    -1.0000  NO  NO   
  D3.2 noise model FilteredWind       yes   NO   yes       0.0809     0.0000    -1.0000  NO  NO   
  D3.3 noise model GranularDust       yes   NO   yes       0.0809     0.0000    -1.0000  NO  NO   
  D3.4 noise model MetallicHiss       yes   NO   yes       0.0809     0.0000    -1.0000  NO  NO   
  D4.1 noise type White              NO    NO   NO        0.0000     0.0000    -1.0000  NO  NO   state-only kind
  D4.2 noise type Pink               NO    NO   NO        0.0000     0.0000    -1.0000  NO  NO   state-only kind
  D4.3 noise type TapeHiss           NO    NO   NO        0.0000     0.0000    -1.0000  NO  NO   state-only kind
  D4.4 noise type VinylCrackle       NO    NO   NO        0.0000     0.0000    -1.0000  NO  NO   state-only kind
  D4.5 noise type Asperity           NO    NO   NO        0.0000     0.0000    -1.0000  NO  NO   state-only kind
  D4.6 noise type Brown              yes   NO   NO        0.0000     0.0000    -1.0000  NO  NO   state-only kind
  D4.7 noise type Blue               NO    NO   NO        0.0000     0.0000    -1.0000  NO  NO   state-only kind
  D4.8 noise type Violet             NO    NO   NO        0.0000     0.0000    -1.0000  NO  NO   state-only kind
  D4.9 noise type Grey               NO    NO   NO        0.0000     0.0000    -1.0000  NO  NO   state-only kind
  D4.10 noise type Velvet            NO    NO   NO        0.0000     0.0000    -1.0000  NO  NO   state-only kind
  D4.11 noise type VinylRumble       NO    NO   NO        0.0000     0.0000    -1.0000  NO  NO   state-only kind
  D4.12 noise type RadioStatic       NO    NO   NO        0.0000     0.0000    -1.0000  NO  NO   state-only kind
  D5.1 anchor Free                   NO    NO   NO        0.0000     0.0000    -1.0000  NO  NO   state-only kind
  D5.2 anchor Keyed                  NO    NO   NO        0.0000     0.0000    -1.0000  NO  NO   state-only kind
  D5.3 anchor Hybrid                 yes   NO   NO        0.0000     0.0000    -1.0000  NO  NO   state-only kind
  D6.1 loop filter Lowpass           yes   NO   NO        0.0000     0.0000    -1.0000  NO  NO   state-only kind
  D6.2 loop filter Bandpass          NO    NO   NO        0.0000     0.0000    -1.0000  NO  NO   state-only kind
  D6.3 loop filter Highpass          NO    NO   NO        0.0000     0.0000    -1.0000  NO  NO   state-only kind
  D7.1 loudest sub f/2               yes   yes  NO        0.0000     0.0000    -1.0000  yes NO   state-only kind
  D7.2 loudest sub f/4               NO    yes  NO        0.0000     0.0000    -1.0000  NO  NO   state-only kind
  D7.3 loudest sub fifth below       NO    yes  NO        0.0000     0.0000    -1.0000  NO  NO   state-only kind
  D8.1 envelope Standard             yes   yes  NO        0.0000     0.0000    -1.0000  yes NO   state-only kind
  D8.2 envelope Growth               NO    yes  NO        0.0000     0.0000    -1.0000  NO  NO   state-only kind
  D9.1 attack span <= 10 s           NO    yes  NO        0.0000     0.0000    -1.0000  NO  NO   state-only kind
  D9.2 attack span >= 90 s           yes   yes  NO        0.0000     0.0000    -1.0000  yes NO   state-only kind
  D10.1 freeze holds a field         NO    NO   NO        0.0000     0.0000    -1.0000  NO  NO   state-only kind
  D10.2 freeze off                   yes   yes  NO        0.0000     0.0000    -1.0000  yes NO   state-only kind
  D11 ghost reverse >= 0.5           NO    NO   NO        0.0000     0.0000    -1.0000  NO  NO   state-only kind
  D12.1 ghost event triggers on       NO    NO   NO        0.0000     0.0000    -1.0000  NO  NO   state-only kind
  D12.2 ghost event triggers off       yes   yes  NO        0.0000     0.0000    -1.0000  yes NO   state-only kind
  D13.1 event rate scale <= 0.3       NO    yes  NO        0.0000     7.2392    -1.0000  NO  NO   state false
  D13.2 event rate scale >= 3.0       NO    yes  NO        0.0000     7.2392    -1.0000  NO  NO   state false
  D14.1 breathing depth >= 0.7       NO    yes  NO        0.0000     7.2392    -1.0000  NO  NO   state false
  D14.2 tidal depth >= 0.7           NO    yes  NO        0.0000     7.2392    -1.0000  NO  NO   state false
F:\projects\iterum\plugins\vorago\tests\integration\preset_sweep_test.cpp(1202): FAILED:
  CHECK( VoragoTest::verifiedAt(o, primary, ClaimRole::Secondary) )
with expansion:
  false
with message:
  Bloom Colony primary E1 partial -> bloom: d 1.18227, 2s(P) 2.21473, attrib 1.
  10346, skip []

F:\projects\iterum\plugins\vorago\tests\integration\preset_sweep_test.cpp(1203): FAILED:
  CHECK( VoragoTest::verifiedAt(o, primary, ClaimRole::Primary) )
with expansion:
  false
with message:
  Bloom Colony primary E1 partial -> bloom: d 1.18227, 2s(P) 2.21473, attrib 1.
  10346, skip []

[sweep] index 23: computing / loading record...

Singing Colony (index 23): primary E2 resonator -> resonance peaks, 1 secondaries, s(P) 2.3278
  cell                         claim state conj rend           d      2s(P)     attrib  sec pri  skip
  S1 noise organism                  yes   yes  yes       0.0641     4.6556    -1.0000  NO  NO   
  S2 resonance drift                 yes   yes  yes       8.7194     4.6556    -1.0000  yes yes  
  S3 spectral smear                  yes   yes  yes       0.2206     4.6556    -1.0000  NO  NO   
  S4 feedback ecology                yes   yes  yes       0.0184     4.6556    -1.0000  NO  NO   
  S5 subharmonic                     yes   yes  yes       0.1093     4.6556    -1.0000  NO  NO   
  S6 harmonic bloom                  yes   yes  yes       0.1224     4.6556    -1.0000  NO  NO   
  S7 ecosystem                       yes   yes  yes       3.7474     4.6556    -1.0000  yes NO   
  S8 cavern space                    yes   yes  yes       7.3673     4.6556    -1.0000  yes yes  
  S9 ghost / atmosphere              yes   yes  yes       0.1358     4.6556    -1.0000  NO  NO   
  S10 acoustic body                  yes   yes  yes       0.6360     4.6556    -1.0000  NO  NO   
  M1 Darkness                        NO    yes  NO        0.0000     4.6556    -1.0000  NO  NO   M displacement
  M2 Age                             NO    yes  NO        0.0000     4.6556    -1.0000  NO  NO   M displacement
  M3 Density                         NO    yes  NO        0.0000     4.6556    -1.0000  NO  NO   M displacement
  M4 Movement                        NO    yes  NO        0.0000     4.6556    -1.0000  NO  NO   M displacement
  M5 Gravity                         NO    yes  NO        0.0000     4.6556    -1.0000  NO  NO   M displacement
  M6 Entropy                         NO    yes  NO        0.0000     4.6556    -1.0000  NO  NO   M displacement
  M7 Pressure                        NO    yes  NO        0.0000     4.6556    -1.0000  NO  NO   M displacement
  M8 Weight                          NO    yes  NO        0.0000     4.6556    -1.0000  NO  NO   M displacement
  M9 Fog                             NO    yes  NO        0.0000     4.6556    -1.0000  NO  NO   M displacement
  M10 Life                           NO    yes  NO        0.0000     4.6556    -1.0000  NO  NO   M displacement
  M11 Depth                          NO    yes  NO        0.0000     4.6556    -1.0000  NO  NO   M displacement
  M12 Mass                           NO    yes  NO        0.0000     4.6556    -1.0000  NO  NO   M displacement
  E1 partial -> bloom                yes   yes  yes       1.7820     3.6807     1.6201  NO  NO   
  E2 resonator -> resonance peaks PRI   yes   yes  yes       3.7914     6.2382     1.6201  yes NO   
  E3 noise -> noise wake             yes   yes  yes       1.6134     3.9085     1.6201  NO  NO   
  E4 feedback -> loop wake           yes   yes  yes       1.6178     3.5883     1.6201  NO  NO   
  E5 ghost -> ghost bursts           yes   yes  yes       1.4421     2.9935     1.6201  NO  NO   
  E6.hi ecosystem sync rate high       NO    yes  NO        0.0000     4.6556    -1.0000  NO  NO   side predicate
  E7.hi ecosystem self-affinity high       NO    yes  NO        0.0000     4.6556    -1.0000  NO  NO   side predicate
  D1.1 material Glass                NO    NO   NO        0.0000     0.0000    -1.0000  NO  NO   state-only kind
  D1.2 material Strings              NO    NO   NO        0.0000     0.0000    -1.0000  NO  NO   state-only kind
  D1.3 material MetalPlate           NO    NO   NO        0.0000     0.0000    -1.0000  NO  NO   state-only kind
  D1.4 material Chamber              NO    NO   NO        0.0000     0.0000    -1.0000  NO  NO   state-only kind
  D1.5 material Ice                  NO    NO   NO        0.0000     0.0000    -1.0000  NO  NO   state-only kind
  D1.6 material StoneChamber         yes   NO   NO        0.0000     0.0000    -1.0000  NO  NO   state-only kind
  D1.7 material SteelTank            yes   NO   NO        0.0000     0.0000    -1.0000  NO  NO   state-only kind
  D1.8 material WoodenHull           NO    NO   NO        0.0000     0.0000    -1.0000  NO  NO   state-only kind
  D1.9 material CathedralColumn       NO    NO   NO        0.0000     0.0000    -1.0000  NO  NO   state-only kind
  D1.10 material CavernWall          NO    NO   NO        0.0000     0.0000    -1.0000  NO  NO   state-only kind
  D1.11 material GlassSphere         NO    NO   NO        0.0000     0.0000    -1.0000  NO  NO   state-only kind
  D2 body blend both heard           yes   NO   NO        0.0000     0.0000    -1.0000  NO  NO   state-only kind
  D3.1 noise model Direct            yes   NO   yes       0.0641     0.0000    -1.0000  NO  NO   
  D3.2 noise model FilteredWind       yes   NO   yes       0.0641     0.0000    -1.0000  NO  NO   
  D3.3 noise model GranularDust       yes   NO   yes       0.0641     0.0000    -1.0000  NO  NO   
  D3.4 noise model MetallicHiss       yes   NO   yes       0.0641     0.0000    -1.0000  NO  NO   
  D4.1 noise type White              NO    NO   NO        0.0000     0.0000    -1.0000  NO  NO   state-only kind
  D4.2 noise type Pink               NO    NO   NO        0.0000     0.0000    -1.0000  NO  NO   state-only kind
  D4.3 noise type TapeHiss           NO    NO   NO        0.0000     0.0000    -1.0000  NO  NO   state-only kind
  D4.4 noise type VinylCrackle       NO    NO   NO        0.0000     0.0000    -1.0000  NO  NO   state-only kind
  D4.5 noise type Asperity           NO    NO   NO        0.0000     0.0000    -1.0000  NO  NO   state-only kind
  D4.6 noise type Brown              yes   NO   NO        0.0000     0.0000    -1.0000  NO  NO   state-only kind
  D4.7 noise type Blue               NO    NO   NO        0.0000     0.0000    -1.0000  NO  NO   state-only kind
  D4.8 noise type Violet             NO    NO   NO        0.0000     0.0000    -1.0000  NO  NO   state-only kind
  D4.9 noise type Grey               NO    NO   NO        0.0000     0.0000    -1.0000  NO  NO   state-only kind
  D4.10 noise type Velvet            NO    NO   NO        0.0000     0.0000    -1.0000  NO  NO   state-only kind
  D4.11 noise type VinylRumble       NO    NO   NO        0.0000     0.0000    -1.0000  NO  NO   state-only kind
  D4.12 noise type RadioStatic       NO    NO   NO        0.0000     0.0000    -1.0000  NO  NO   state-only kind
  D5.1 anchor Free             sec   yes   yes  NO        0.0000     0.0000    -1.0000  yes NO   state-only kind
  D5.2 anchor Keyed                  NO    yes  NO        0.0000     0.0000    -1.0000  NO  NO   state-only kind
  D5.3 anchor Hybrid                 NO    yes  NO        0.0000     0.0000    -1.0000  NO  NO   state-only kind
  D6.1 loop filter Lowpass           yes   NO   NO        0.0000     0.0000    -1.0000  NO  NO   state-only kind
  D6.2 loop filter Bandpass          NO    NO   NO        0.0000     0.0000    -1.0000  NO  NO   state-only kind
  D6.3 loop filter Highpass          NO    NO   NO        0.0000     0.0000    -1.0000  NO  NO   state-only kind
  D7.1 loudest sub f/2               yes   NO   NO        0.0000     0.0000    -1.0000  NO  NO   state-only kind
  D7.2 loudest sub f/4               NO    NO   NO        0.0000     0.0000    -1.0000  NO  NO   state-only kind
  D7.3 loudest sub fifth below       NO    NO   NO        0.0000     0.0000    -1.0000  NO  NO   state-only kind
  D8.1 envelope Standard             yes   yes  NO        0.0000     0.0000    -1.0000  yes NO   state-only kind
  D8.2 envelope Growth               NO    yes  NO        0.0000     0.0000    -1.0000  NO  NO   state-only kind
  D9.1 attack span <= 10 s           NO    yes  NO        0.0000     0.0000    -1.0000  NO  NO   state-only kind
  D9.2 attack span >= 90 s           yes   yes  NO        0.0000     0.0000    -1.0000  yes NO   state-only kind
  D10.1 freeze holds a field         NO    NO   NO        0.0000     0.0000    -1.0000  NO  NO   state-only kind
  D10.2 freeze off                   yes   yes  NO        0.0000     0.0000    -1.0000  yes NO   state-only kind
  D11 ghost reverse >= 0.5           NO    NO   NO        0.0000     0.0000    -1.0000  NO  NO   state-only kind
  D12.1 ghost event triggers on       NO    NO   NO        0.0000     0.0000    -1.0000  NO  NO   state-only kind
  D12.2 ghost event triggers off       yes   yes  NO        0.0000     0.0000    -1.0000  yes NO   state-only kind
  D13.1 event rate scale <= 0.3       NO    yes  NO        0.0000     4.6556    -1.0000  NO  NO   state false
  D13.2 event rate scale >= 3.0       NO    yes  NO        0.0000     4.6556    -1.0000  NO  NO   state false
  D14.1 breathing depth >= 0.7       NO    yes  NO        0.0000     4.6556    -1.0000  NO  NO   state false
  D14.2 tidal depth >= 0.7           NO    yes  NO        0.0000     4.6556    -1.0000  NO  NO   state false
F:\projects\iterum\plugins\vorago\tests\integration\preset_sweep_test.cpp(1203): FAILED:
  CHECK( VoragoTest::verifiedAt(o, primary, ClaimRole::Primary) )
with expansion:
  false
with message:
  Singing Colony primary E2 resonator -> resonance peaks: d 3.7914, 2s(P) 6.
  23818, attrib 1.62011, skip []

[sweep] index 24: computing / loading record...

Swarm Breath (index 24): primary E3 noise -> noise wake, 4 secondaries, s(P) 3.9645
  cell                         claim state conj rend           d      2s(P)     attrib  sec pri  skip
  S1 noise organism                  yes   yes  yes       0.4669     7.9290    -1.0000  NO  NO   
  S2 resonance drift                 yes   yes  yes       0.4763     7.9290    -1.0000  NO  NO   
  S3 spectral smear                  yes   yes  yes       1.9252     7.9290    -1.0000  yes NO   
  S4 feedback ecology                yes   yes  yes       0.0062     7.9290    -1.0000  NO  NO   
  S5 subharmonic                     yes   yes  yes       2.8148     7.9290    -1.0000  yes NO   
  S6 harmonic bloom                  yes   yes  yes       0.0975     7.9290    -1.0000  NO  NO   
  S7 ecosystem                       yes   yes  yes       1.7795     7.9290    -1.0000  yes NO   
  S8 cavern space                    yes   yes  yes      13.7402     7.9290    -1.0000  yes yes  
  S9 ghost / atmosphere              yes   yes  yes       0.8595     7.9290    -1.0000  NO  NO   
  S10 acoustic body                  yes   yes  yes      10.4262     7.9290    -1.0000  yes yes  
  M1 Darkness                        NO    yes  NO        0.0000     7.9290    -1.0000  NO  NO   M displacement
  M2 Age                             NO    yes  NO        0.0000     7.9290    -1.0000  NO  NO   M displacement
  M3 Density                         NO    yes  NO        0.0000     7.9290    -1.0000  NO  NO   M displacement
  M4 Movement                        NO    yes  NO        0.0000     7.9290    -1.0000  NO  NO   M displacement
  M5 Gravity                         NO    yes  NO        0.0000     7.9290    -1.0000  NO  NO   M displacement
  M6 Entropy                         NO    yes  NO        0.0000     7.9290    -1.0000  NO  NO   M displacement
  M7 Pressure                        NO    yes  NO        0.0000     7.9290    -1.0000  NO  NO   M displacement
  M8 Weight                          NO    yes  NO        0.0000     7.9290    -1.0000  NO  NO   M displacement
  M9 Fog                             NO    yes  NO        0.0000     7.9290    -1.0000  NO  NO   M displacement
  M10 Life                           NO    yes  NO        0.0000     7.9290    -1.0000  NO  NO   M displacement
  M11 Depth                          NO    yes  NO        0.0000     7.9290    -1.0000  NO  NO   M displacement
  M12 Mass                           NO    yes  NO        0.0000     7.9290    -1.0000  NO  NO   M displacement
  E1 partial -> bloom                yes   yes  yes       0.7458    17.1742     0.6422  NO  NO   
  E2 resonator -> resonance peaks       yes   yes  yes       0.8872    14.9873     0.6422  NO  NO   
  E3 noise -> noise wake       PRI   yes   yes  yes       1.1652    17.3066     0.6422  NO  NO   
  E4 feedback -> loop wake           yes   yes  yes       0.6422    17.2257     0.6422  NO  NO   
  E5 ghost -> ghost bursts           yes   yes  yes       1.2077    11.6924     0.6422  NO  NO   
  E6.hi ecosystem sync rate high       NO    yes  NO        0.0000     7.9290    -1.0000  NO  NO   side predicate
  E7.hi ecosystem self-affinity high       NO    yes  NO        0.0000     7.9290    -1.0000  NO  NO   side predicate
  D1.1 material Glass                NO    yes  NO        0.0000     0.0000    -1.0000  NO  NO   state-only kind
  D1.2 material Strings              NO    yes  NO        0.0000     0.0000    -1.0000  NO  NO   state-only kind
  D1.3 material MetalPlate           NO    yes  NO        0.0000     0.0000    -1.0000  NO  NO   state-only kind
  D1.4 material Chamber              NO    yes  NO        0.0000     0.0000    -1.0000  NO  NO   state-only kind
  D1.5 material Ice                  NO    yes  NO        0.0000     0.0000    -1.0000  NO  NO   state-only kind
  D1.6 material StoneChamber         yes   yes  NO        0.0000     0.0000    -1.0000  yes NO   state-only kind
  D1.7 material SteelTank            yes   yes  NO        0.0000     0.0000    -1.0000  yes NO   state-only kind
  D1.8 material WoodenHull           NO    yes  NO        0.0000     0.0000    -1.0000  NO  NO   state-only kind
  D1.9 material CathedralColumn       NO    yes  NO        0.0000     0.0000    -1.0000  NO  NO   state-only kind
  D1.10 material CavernWall          NO    yes  NO        0.0000     0.0000    -1.0000  NO  NO   state-only kind
  D1.11 material GlassSphere         NO    yes  NO        0.0000     0.0000    -1.0000  NO  NO   state-only kind
  D2 body blend both heard           yes   yes  NO        0.0000     0.0000    -1.0000  yes NO   state-only kind
  D3.1 noise model Direct            yes   NO   yes       0.4669     0.0000    -1.0000  NO  NO   
  D3.2 noise model FilteredWind       NO    NO   yes       0.4669     0.0000    -1.0000  NO  NO   
  D3.3 noise model GranularDust       NO    NO   yes       0.4669     0.0000    -1.0000  NO  NO   
  D3.4 noise model MetallicHiss sec   yes   NO   yes       0.4669     0.0000    -1.0000  NO  NO   
  D4.1 noise type White              NO    NO   NO        0.0000     0.0000    -1.0000  NO  NO   state-only kind
  D4.2 noise type Pink               NO    NO   NO        0.0000     0.0000    -1.0000  NO  NO   state-only kind
  D4.3 noise type TapeHiss           NO    NO   NO        0.0000     0.0000    -1.0000  NO  NO   state-only kind
  D4.4 noise type VinylCrackle       NO    NO   NO        0.0000     0.0000    -1.0000  NO  NO   state-only kind
  D4.5 noise type Asperity           NO    NO   NO        0.0000     0.0000    -1.0000  NO  NO   state-only kind
  D4.6 noise type Brown              NO    NO   NO        0.0000     0.0000    -1.0000  NO  NO   state-only kind
  D4.7 noise type Blue         sec   yes   NO   NO        0.0000     0.0000    -1.0000  NO  NO   state-only kind
  D4.8 noise type Violet       sec   yes   NO   NO        0.0000     0.0000    -1.0000  NO  NO   state-only kind
  D4.9 noise type Grey         sec   yes   NO   NO        0.0000     0.0000    -1.0000  NO  NO   state-only kind
  D4.10 noise type Velvet            NO    NO   NO        0.0000     0.0000    -1.0000  NO  NO   state-only kind
  D4.11 noise type VinylRumble       NO    NO   NO        0.0000     0.0000    -1.0000  NO  NO   state-only kind
  D4.12 noise type RadioStatic       NO    NO   NO        0.0000     0.0000    -1.0000  NO  NO   state-only kind
  D5.1 anchor Free                   NO    NO   NO        0.0000     0.0000    -1.0000  NO  NO   state-only kind
  D5.2 anchor Keyed                  NO    NO   NO        0.0000     0.0000    -1.0000  NO  NO   state-only kind
  D5.3 anchor Hybrid                 yes   NO   NO        0.0000     0.0000    -1.0000  NO  NO   state-only kind
  D6.1 loop filter Lowpass           yes   NO   NO        0.0000     0.0000    -1.0000  NO  NO   state-only kind
  D6.2 loop filter Bandpass          NO    NO   NO        0.0000     0.0000    -1.0000  NO  NO   state-only kind
  D6.3 loop filter Highpass          NO    NO   NO        0.0000     0.0000    -1.0000  NO  NO   state-only kind
  D7.1 loudest sub f/2               yes   yes  NO        0.0000     0.0000    -1.0000  yes NO   state-only kind
  D7.2 loudest sub f/4               NO    yes  NO        0.0000     0.0000    -1.0000  NO  NO   state-only kind
  D7.3 loudest sub fifth below       NO    yes  NO        0.0000     0.0000    -1.0000  NO  NO   state-only kind
  D8.1 envelope Standard             yes   yes  NO        0.0000     0.0000    -1.0000  yes NO   state-only kind
  D8.2 envelope Growth               NO    yes  NO        0.0000     0.0000    -1.0000  NO  NO   state-only kind
  D9.1 attack span <= 10 s           NO    yes  NO        0.0000     0.0000    -1.0000  NO  NO   state-only kind
  D9.2 attack span >= 90 s           yes   yes  NO        0.0000     0.0000    -1.0000  yes NO   state-only kind
  D10.1 freeze holds a field         NO    NO   NO        0.0000     0.0000    -1.0000  NO  NO   state-only kind
  D10.2 freeze off                   yes   yes  NO        0.0000     0.0000    -1.0000  yes NO   state-only kind
  D11 ghost reverse >= 0.5           NO    NO   NO        0.0000     0.0000    -1.0000  NO  NO   state-only kind
  D12.1 ghost event triggers on       NO    NO   NO        0.0000     0.0000    -1.0000  NO  NO   state-only kind
  D12.2 ghost event triggers off       yes   yes  NO        0.0000     0.0000    -1.0000  yes NO   state-only kind
  D13.1 event rate scale <= 0.3       NO    yes  NO        0.0000     7.9290    -1.0000  NO  NO   state false
  D13.2 event rate scale >= 3.0       NO    yes  NO        0.0000     7.9290    -1.0000  NO  NO   state false
  D14.1 breathing depth >= 0.7       NO    yes  NO        0.0000     7.9290    -1.0000  NO  NO   state false
  D14.2 tidal depth >= 0.7           NO    yes  NO        0.0000     7.9290    -1.0000  NO  NO   state false
F:\projects\iterum\plugins\vorago\tests\integration\preset_sweep_test.cpp(1202): FAILED:
  CHECK( VoragoTest::verifiedAt(o, primary, ClaimRole::Secondary) )
with expansion:
  false
with message:
  Swarm Breath primary E3 noise -> noise wake: d 1.1652, 2s(P) 17.3066, attrib
  0.64222, skip []

F:\projects\iterum\plugins\vorago\tests\integration\preset_sweep_test.cpp(1203): FAILED:
  CHECK( VoragoTest::verifiedAt(o, primary, ClaimRole::Primary) )
with expansion:
  false
with message:
  Swarm Breath primary E3 noise -> noise wake: d 1.1652, 2s(P) 17.3066, attrib
  0.64222, skip []

F:\projects\iterum\plugins\vorago\tests\integration\preset_sweep_test.cpp(1210): FAILED:
  CHECK( VoragoTest::verifiedAt(o, c, ClaimRole::Secondary) )
with expansion:
  false
with message:
  Swarm Breath secondary D3.4 noise model MetallicHiss: d 0.466888, 2s(P) 0,
  attrib -1, skip []

F:\projects\iterum\plugins\vorago\tests\integration\preset_sweep_test.cpp(1210): FAILED:
  CHECK( VoragoTest::verifiedAt(o, c, ClaimRole::Secondary) )
with expansion:
  false
with message:
  Swarm Breath secondary D4.7 noise type Blue: d 0, 2s(P) 0, attrib -1, skip
  [state-only kind]

F:\projects\iterum\plugins\vorago\tests\integration\preset_sweep_test.cpp(1210): FAILED:
  CHECK( VoragoTest::verifiedAt(o, c, ClaimRole::Secondary) )
with expansion:
  false
with message:
  Swarm Breath secondary D4.8 noise type Violet: d 0, 2s(P) 0, attrib -1, skip
  [state-only kind]

F:\projects\iterum\plugins\vorago\tests\integration\preset_sweep_test.cpp(1210): FAILED:
  CHECK( VoragoTest::verifiedAt(o, c, ClaimRole::Secondary) )
with expansion:
  false
with message:
  Swarm Breath secondary D4.9 noise type Grey: d 0, 2s(P) 0, attrib -1, skip
  [state-only kind]

[sweep] index 25: computing / loading record...

Feeding Loops (index 25): primary E4 feedback -> loop wake, 0 secondaries, s(P) 2.2738
  cell                         claim state conj rend           d      2s(P)     attrib  sec pri  skip
  S1 noise organism                  yes   yes  yes       0.1753     4.5476    -1.0000  NO  NO   
  S2 resonance drift                 yes   yes  yes       1.8372     4.5476    -1.0000  yes NO   
  S3 spectral smear                  yes   yes  yes       3.7394     4.5476    -1.0000  yes NO   
  S4 feedback ecology                yes   yes  yes       2.8908     4.5476    -1.0000  yes NO   
  S5 subharmonic                     yes   yes  yes       2.5725     4.5476    -1.0000  yes NO   
  S6 harmonic bloom                  yes   yes  yes       0.0074     4.5476    -1.0000  NO  NO   
  S7 ecosystem                       yes   yes  yes       3.2178     4.5476    -1.0000  yes NO   
  S8 cavern space                    yes   yes  yes       0.6012     4.5476    -1.0000  NO  NO   
  S9 ghost / atmosphere              yes   yes  yes       0.9406     4.5476    -1.0000  NO  NO   
  S10 acoustic body                  yes   yes  yes      11.0697     4.5476    -1.0000  yes yes  
  M1 Darkness                        NO    yes  NO        0.0000     4.5476    -1.0000  NO  NO   M displacement
  M2 Age                             NO    yes  NO        0.0000     4.5476    -1.0000  NO  NO   M displacement
  M3 Density                         NO    yes  NO        0.0000     4.5476    -1.0000  NO  NO   M displacement
  M4 Movement                        NO    yes  NO        0.0000     4.5476    -1.0000  NO  NO   M displacement
  M5 Gravity                         NO    yes  NO        0.0000     4.5476    -1.0000  NO  NO   M displacement
  M6 Entropy                         NO    yes  NO        0.0000     4.5476    -1.0000  NO  NO   M displacement
  M7 Pressure                        NO    yes  NO        0.0000     4.5476    -1.0000  NO  NO   M displacement
  M8 Weight                          NO    yes  NO        0.0000     4.5476    -1.0000  NO  NO   M displacement
  M9 Fog                             NO    yes  NO        0.0000     4.5476    -1.0000  NO  NO   M displacement
  M10 Life                           NO    yes  NO        0.0000     4.5476    -1.0000  NO  NO   M displacement
  M11 Depth                          NO    yes  NO        0.0000     4.5476    -1.0000  NO  NO   M displacement
  M12 Mass                           NO    yes  NO        0.0000     4.5476    -1.0000  NO  NO   M displacement
  E1 partial -> bloom                yes   yes  yes       0.9931     4.1996     0.9851  NO  NO   
  E2 resonator -> resonance peaks       yes   yes  yes       1.0183     2.1509     0.9851  NO  NO   
  E3 noise -> noise wake             yes   yes  yes       0.9748     4.0489     0.9851  NO  NO   
  E4 feedback -> loop wake     PRI   yes   yes  yes       2.9182     1.9738     0.9851  yes NO   
  E5 ghost -> ghost bursts           yes   yes  yes       1.4520     1.1221     0.9851  NO  NO   
  E6.hi ecosystem sync rate high       NO    yes  NO        0.0000     4.5476    -1.0000  NO  NO   side predicate
  E7.hi ecosystem self-affinity high       NO    yes  NO        0.0000     4.5476    -1.0000  NO  NO   side predicate
  D1.1 material Glass                NO    yes  NO        0.0000     0.0000    -1.0000  NO  NO   state-only kind
  D1.2 material Strings              NO    yes  NO        0.0000     0.0000    -1.0000  NO  NO   state-only kind
  D1.3 material MetalPlate           NO    yes  NO        0.0000     0.0000    -1.0000  NO  NO   state-only kind
  D1.4 material Chamber              NO    yes  NO        0.0000     0.0000    -1.0000  NO  NO   state-only kind
  D1.5 material Ice                  NO    yes  NO        0.0000     0.0000    -1.0000  NO  NO   state-only kind
  D1.6 material StoneChamber         yes   yes  NO        0.0000     0.0000    -1.0000  yes NO   state-only kind
  D1.7 material SteelTank            yes   yes  NO        0.0000     0.0000    -1.0000  yes NO   state-only kind
  D1.8 material WoodenHull           NO    yes  NO        0.0000     0.0000    -1.0000  NO  NO   state-only kind
  D1.9 material CathedralColumn       NO    yes  NO        0.0000     0.0000    -1.0000  NO  NO   state-only kind
  D1.10 material CavernWall          NO    yes  NO        0.0000     0.0000    -1.0000  NO  NO   state-only kind
  D1.11 material GlassSphere         NO    yes  NO        0.0000     0.0000    -1.0000  NO  NO   state-only kind
  D2 body blend both heard           yes   yes  NO        0.0000     0.0000    -1.0000  yes NO   state-only kind
  D3.1 noise model Direct            yes   NO   yes       0.1753     0.0000    -1.0000  NO  NO   
  D3.2 noise model FilteredWind       yes   NO   yes       0.1753     0.0000    -1.0000  NO  NO   
  D3.3 noise model GranularDust       yes   NO   yes       0.1753     0.0000    -1.0000  NO  NO   
  D3.4 noise model MetallicHiss       yes   NO   yes       0.1753     0.0000    -1.0000  NO  NO   
  D4.1 noise type White              NO    NO   NO        0.0000     0.0000    -1.0000  NO  NO   state-only kind
  D4.2 noise type Pink               NO    NO   NO        0.0000     0.0000    -1.0000  NO  NO   state-only kind
  D4.3 noise type TapeHiss           NO    NO   NO        0.0000     0.0000    -1.0000  NO  NO   state-only kind
  D4.4 noise type VinylCrackle       NO    NO   NO        0.0000     0.0000    -1.0000  NO  NO   state-only kind
  D4.5 noise type Asperity           NO    NO   NO        0.0000     0.0000    -1.0000  NO  NO   state-only kind
  D4.6 noise type Brown              yes   NO   NO        0.0000     0.0000    -1.0000  NO  NO   state-only kind
  D4.7 noise type Blue               NO    NO   NO        0.0000     0.0000    -1.0000  NO  NO   state-only kind
  D4.8 noise type Violet             NO    NO   NO        0.0000     0.0000    -1.0000  NO  NO   state-only kind
  D4.9 noise type Grey               NO    NO   NO        0.0000     0.0000    -1.0000  NO  NO   state-only kind
  D4.10 noise type Velvet            NO    NO   NO        0.0000     0.0000    -1.0000  NO  NO   state-only kind
  D4.11 noise type VinylRumble       NO    NO   NO        0.0000     0.0000    -1.0000  NO  NO   state-only kind
  D4.12 noise type RadioStatic       NO    NO   NO        0.0000     0.0000    -1.0000  NO  NO   state-only kind
  D5.1 anchor Free                   NO    yes  NO        0.0000     0.0000    -1.0000  NO  NO   state-only kind
  D5.2 anchor Keyed                  NO    yes  NO        0.0000     0.0000    -1.0000  NO  NO   state-only kind
  D5.3 anchor Hybrid                 yes   yes  NO        0.0000     0.0000    -1.0000  yes NO   state-only kind
  D6.1 loop filter Lowpass           yes   yes  NO        0.0000     0.0000    -1.0000  yes NO   state-only kind
  D6.2 loop filter Bandpass          yes   yes  NO        0.0000     0.0000    -1.0000  yes NO   state-only kind
  D6.3 loop filter Highpass          NO    yes  NO        0.0000     0.0000    -1.0000  NO  NO   state-only kind
  D7.1 loudest sub f/2               yes   yes  NO        0.0000     0.0000    -1.0000  yes NO   state-only kind
  D7.2 loudest sub f/4               NO    yes  NO        0.0000     0.0000    -1.0000  NO  NO   state-only kind
  D7.3 loudest sub fifth below       NO    yes  NO        0.0000     0.0000    -1.0000  NO  NO   state-only kind
  D8.1 envelope Standard             yes   yes  NO        0.0000     0.0000    -1.0000  yes NO   state-only kind
  D8.2 envelope Growth               NO    yes  NO        0.0000     0.0000    -1.0000  NO  NO   state-only kind
  D9.1 attack span <= 10 s           NO    yes  NO        0.0000     0.0000    -1.0000  NO  NO   state-only kind
  D9.2 attack span >= 90 s           yes   yes  NO        0.0000     0.0000    -1.0000  yes NO   state-only kind
  D10.1 freeze holds a field         NO    NO   NO        0.0000     0.0000    -1.0000  NO  NO   state-only kind
  D10.2 freeze off                   yes   yes  NO        0.0000     0.0000    -1.0000  yes NO   state-only kind
  D11 ghost reverse >= 0.5           NO    NO   NO        0.0000     0.0000    -1.0000  NO  NO   state-only kind
  D12.1 ghost event triggers on       NO    NO   NO        0.0000     0.0000    -1.0000  NO  NO   state-only kind
  D12.2 ghost event triggers off       yes   yes  NO        0.0000     0.0000    -1.0000  yes NO   state-only kind
  D13.1 event rate scale <= 0.3       NO    yes  NO        0.0000     4.5476    -1.0000  NO  NO   state false
  D13.2 event rate scale >= 3.0       NO    yes  NO        0.0000     4.5476    -1.0000  NO  NO   state false
  D14.1 breathing depth >= 0.7       NO    yes  NO        0.0000     4.5476    -1.0000  NO  NO   state false
  D14.2 tidal depth >= 0.7           NO    yes  NO        0.0000     4.5476    -1.0000  NO  NO   state false
F:\projects\iterum\plugins\vorago\tests\integration\preset_sweep_test.cpp(1203): FAILED:
  CHECK( VoragoTest::verifiedAt(o, primary, ClaimRole::Primary) )
with expansion:
  false
with message:
  Feeding Loops primary E4 feedback -> loop wake: d 2.91824, 2s(P) 1.97378,
  attrib 0.985118, skip []

[sweep] index 26: computing / loading record...

Haunted Colony (index 26): primary E5 ghost -> ghost bursts, 0 secondaries, s(P) 3.9099
  cell                         claim state conj rend           d      2s(P)     attrib  sec pri  skip
  S1 noise organism                  yes   yes  yes       0.1373     7.8198    -1.0000  NO  NO   
  S2 resonance drift                 yes   yes  yes       1.8828     7.8198    -1.0000  yes NO   
  S3 spectral smear                  yes   yes  yes       0.7956     7.8198    -1.0000  NO  NO   
  S4 feedback ecology                yes   yes  yes       0.0030     7.8198    -1.0000  NO  NO   
  S5 subharmonic                     yes   yes  yes       1.3951     7.8198    -1.0000  NO  NO   
  S6 harmonic bloom                  yes   yes  yes       0.1844     7.8198    -1.0000  NO  NO   
  S7 ecosystem                       yes   yes  yes       5.3545     7.8198    -1.0000  yes yes  
  S8 cavern space                    yes   yes  yes       5.2050     7.8198    -1.0000  yes yes  
  S9 ghost / atmosphere              yes   yes  yes       5.1191     7.8198    -1.0000  yes yes  
  S10 acoustic body                  yes   yes  yes      11.4628     7.8198    -1.0000  yes yes  
  M1 Darkness                        NO    yes  NO        0.0000     7.8198    -1.0000  NO  NO   M displacement
  M2 Age                             NO    yes  NO        0.0000     7.8198    -1.0000  NO  NO   M displacement
  M3 Density                         NO    yes  NO        0.0000     7.8198    -1.0000  NO  NO   M displacement
  M4 Movement                        NO    yes  NO        0.0000     7.8198    -1.0000  NO  NO   M displacement
  M5 Gravity                         NO    yes  NO        0.0000     7.8198    -1.0000  NO  NO   M displacement
  M6 Entropy                         NO    yes  NO        0.0000     7.8198    -1.0000  NO  NO   M displacement
  M7 Pressure                        NO    yes  NO        0.0000     7.8198    -1.0000  NO  NO   M displacement
  M8 Weight                          NO    yes  NO        0.0000     7.8198    -1.0000  NO  NO   M displacement
  M9 Fog                             NO    yes  NO        0.0000     7.8198    -1.0000  NO  NO   M displacement
  M10 Life                           NO    yes  NO        0.0000     7.8198    -1.0000  NO  NO   M displacement
  M11 Depth                          NO    yes  NO        0.0000     7.8198    -1.0000  NO  NO   M displacement
  M12 Mass                           NO    yes  NO        0.0000     7.8198    -1.0000  NO  NO   M displacement
  E1 partial -> bloom                yes   yes  yes       0.9792     6.9098     0.8873  NO  NO   
  E2 resonator -> resonance peaks       yes   yes  yes       0.9629    15.6101     0.8873  NO  NO   
  E3 noise -> noise wake             yes   yes  yes       0.8941     6.8837     0.8873  NO  NO   
  E4 feedback -> loop wake           yes   yes  yes       0.8844     6.7886     0.8873  NO  NO   
  E5 ghost -> ghost bursts     PRI   yes   yes  yes       3.9093     3.1349     0.8873  yes NO   
  E6.hi ecosystem sync rate high       NO    yes  NO        0.0000     7.8198    -1.0000  NO  NO   side predicate
  E7.hi ecosystem self-affinity high       NO    yes  NO        0.0000     7.8198    -1.0000  NO  NO   side predicate
  D1.1 material Glass                NO    yes  NO        0.0000     0.0000    -1.0000  NO  NO   state-only kind
  D1.2 material Strings              NO    yes  NO        0.0000     0.0000    -1.0000  NO  NO   state-only kind
  D1.3 material MetalPlate           NO    yes  NO        0.0000     0.0000    -1.0000  NO  NO   state-only kind
  D1.4 material Chamber              NO    yes  NO        0.0000     0.0000    -1.0000  NO  NO   state-only kind
  D1.5 material Ice                  NO    yes  NO        0.0000     0.0000    -1.0000  NO  NO   state-only kind
  D1.6 material StoneChamber         yes   yes  NO        0.0000     0.0000    -1.0000  yes NO   state-only kind
  D1.7 material SteelTank            yes   yes  NO        0.0000     0.0000    -1.0000  yes NO   state-only kind
  D1.8 material WoodenHull           NO    yes  NO        0.0000     0.0000    -1.0000  NO  NO   state-only kind
  D1.9 material CathedralColumn       NO    yes  NO        0.0000     0.0000    -1.0000  NO  NO   state-only kind
  D1.10 material CavernWall          NO    yes  NO        0.0000     0.0000    -1.0000  NO  NO   state-only kind
  D1.11 material GlassSphere         NO    yes  NO        0.0000     0.0000    -1.0000  NO  NO   state-only kind
  D2 body blend both heard           yes   yes  NO        0.0000     0.0000    -1.0000  yes NO   state-only kind
  D3.1 noise model Direct            yes   NO   yes       0.1373     0.0000    -1.0000  NO  NO   
  D3.2 noise model FilteredWind       yes   NO   yes       0.1373     0.0000    -1.0000  NO  NO   
  D3.3 noise model GranularDust       yes   NO   yes       0.1373     0.0000    -1.0000  NO  NO   
  D3.4 noise model MetallicHiss       yes   NO   yes       0.1373     0.0000    -1.0000  NO  NO   
  D4.1 noise type White              NO    NO   NO        0.0000     0.0000    -1.0000  NO  NO   state-only kind
  D4.2 noise type Pink               NO    NO   NO        0.0000     0.0000    -1.0000  NO  NO   state-only kind
  D4.3 noise type TapeHiss           NO    NO   NO        0.0000     0.0000    -1.0000  NO  NO   state-only kind
  D4.4 noise type VinylCrackle       NO    NO   NO        0.0000     0.0000    -1.0000  NO  NO   state-only kind
  D4.5 noise type Asperity           NO    NO   NO        0.0000     0.0000    -1.0000  NO  NO   state-only kind
  D4.6 noise type Brown              yes   NO   NO        0.0000     0.0000    -1.0000  NO  NO   state-only kind
  D4.7 noise type Blue               NO    NO   NO        0.0000     0.0000    -1.0000  NO  NO   state-only kind
  D4.8 noise type Violet             NO    NO   NO        0.0000     0.0000    -1.0000  NO  NO   state-only kind
  D4.9 noise type Grey               NO    NO   NO        0.0000     0.0000    -1.0000  NO  NO   state-only kind
  D4.10 noise type Velvet            NO    NO   NO        0.0000     0.0000    -1.0000  NO  NO   state-only kind
  D4.11 noise type VinylRumble       NO    NO   NO        0.0000     0.0000    -1.0000  NO  NO   state-only kind
  D4.12 noise type RadioStatic       NO    NO   NO        0.0000     0.0000    -1.0000  NO  NO   state-only kind
  D5.1 anchor Free                   NO    yes  NO        0.0000     0.0000    -1.0000  NO  NO   state-only kind
  D5.2 anchor Keyed                  NO    yes  NO        0.0000     0.0000    -1.0000  NO  NO   state-only kind
  D5.3 anchor Hybrid                 yes   yes  NO        0.0000     0.0000    -1.0000  yes NO   state-only kind
  D6.1 loop filter Lowpass           yes   NO   NO        0.0000     0.0000    -1.0000  NO  NO   state-only kind
  D6.2 loop filter Bandpass          NO    NO   NO        0.0000     0.0000    -1.0000  NO  NO   state-only kind
  D6.3 loop filter Highpass          NO    NO   NO        0.0000     0.0000    -1.0000  NO  NO   state-only kind
  D7.1 loudest sub f/2               yes   NO   NO        0.0000     0.0000    -1.0000  NO  NO   state-only kind
  D7.2 loudest sub f/4               NO    NO   NO        0.0000     0.0000    -1.0000  NO  NO   state-only kind
  D7.3 loudest sub fifth below       NO    NO   NO        0.0000     0.0000    -1.0000  NO  NO   state-only kind
  D8.1 envelope Standard             yes   yes  NO        0.0000     0.0000    -1.0000  yes NO   state-only kind
  D8.2 envelope Growth               NO    yes  NO        0.0000     0.0000    -1.0000  NO  NO   state-only kind
  D9.1 attack span <= 10 s           NO    yes  NO        0.0000     0.0000    -1.0000  NO  NO   state-only kind
  D9.2 attack span >= 90 s           yes   yes  NO        0.0000     0.0000    -1.0000  yes NO   state-only kind
  D10.1 freeze holds a field         NO    NO   NO        0.0000     0.0000    -1.0000  NO  NO   state-only kind
  D10.2 freeze off                   yes   yes  NO        0.0000     0.0000    -1.0000  yes NO   state-only kind
  D11 ghost reverse >= 0.5           NO    yes  NO        0.0000     0.0000    -1.0000  NO  NO   state-only kind
  D12.1 ghost event triggers on       NO    yes  NO        0.0000     0.0000    -1.0000  NO  NO   state-only kind
  D12.2 ghost event triggers off       yes   yes  NO        0.0000     0.0000    -1.0000  yes NO   state-only kind
  D13.1 event rate scale <= 0.3       NO    yes  NO        0.0000     7.8198    -1.0000  NO  NO   state false
  D13.2 event rate scale >= 3.0       NO    yes  NO        0.0000     7.8198    -1.0000  NO  NO   state false
  D14.1 breathing depth >= 0.7       NO    yes  NO        0.0000     7.8198    -1.0000  NO  NO   state false
  D14.2 tidal depth >= 0.7           NO    yes  NO        0.0000     7.8198    -1.0000  NO  NO   state false
F:\projects\iterum\plugins\vorago\tests\integration\preset_sweep_test.cpp(1203): FAILED:
  CHECK( VoragoTest::verifiedAt(o, primary, ClaimRole::Primary) )
with expansion:
  false
with message:
  Haunted Colony primary E5 ghost -> ghost bursts: d 3.90932, 2s(P) 3.1349,
  attrib 0.887335, skip []

[sweep] index 27: computing / loading record...

Growth Ring (index 27): primary D8.2 envelope Growth, 0 secondaries, s(P) 3.7183
  cell                         claim state conj rend           d      2s(P)     attrib  sec pri  skip
  S1 noise organism                  yes   yes  yes       0.0247     7.4366    -1.0000  NO  NO   
  S2 resonance drift                 yes   yes  yes       0.7274     7.4366    -1.0000  NO  NO   
  S3 spectral smear                  yes   yes  yes       2.0211     7.4366    -1.0000  yes NO   
  S4 feedback ecology                yes   yes  yes       0.0363     7.4366    -1.0000  NO  NO   
  S5 subharmonic                     yes   yes  yes       0.6486     7.4366    -1.0000  NO  NO   
  S6 harmonic bloom                  yes   yes  yes       0.9502     7.4366    -1.0000  NO  NO   
  S7 ecosystem                       yes   yes  yes       2.0061     7.4366    -1.0000  yes NO   
  S8 cavern space                    yes   yes  yes       7.1680     7.4366    -1.0000  yes yes  
  S9 ghost / atmosphere              yes   yes  yes       0.0400     7.4366    -1.0000  NO  NO   
  S10 acoustic body                  yes   yes  yes      11.7500     7.4366    -1.0000  yes yes  
  M1 Darkness                        NO    yes  NO        0.0000     7.4366    -1.0000  NO  NO   M displacement
  M2 Age                             NO    yes  NO        0.0000     7.4366    -1.0000  NO  NO   M displacement
  M3 Density                         NO    yes  NO        0.0000     7.4366    -1.0000  NO  NO   M displacement
  M4 Movement                        NO    yes  NO        0.0000     7.4366    -1.0000  NO  NO   M displacement
  M5 Gravity                         NO    yes  NO        0.0000     7.4366    -1.0000  NO  NO   M displacement
  M6 Entropy                         NO    yes  NO        0.0000     7.4366    -1.0000  NO  NO   M displacement
  M7 Pressure                        NO    yes  NO        0.0000     7.4366    -1.0000  NO  NO   M displacement
  M8 Weight                          NO    yes  NO        0.0000     7.4366    -1.0000  NO  NO   M displacement
  M9 Fog                             NO    yes  NO        0.0000     7.4366    -1.0000  NO  NO   M displacement
  M10 Life                           NO    yes  NO        0.0000     7.4366    -1.0000  NO  NO   M displacement
  M11 Depth                          NO    yes  NO        0.0000     7.4366    -1.0000  NO  NO   M displacement
  M12 Mass                           NO    yes  NO        0.0000     7.4366    -1.0000  NO  NO   M displacement
  E1 partial -> bloom                yes   yes  yes       0.1311     3.4175     0.0609  NO  NO   
  E2 resonator -> resonance peaks       yes   yes  yes       2.0849     5.5437     0.0609  yes NO   
  E3 noise -> noise wake             yes   yes  yes       0.0616     3.0384     0.0609  NO  NO   
  E4 feedback -> loop wake           yes   yes  yes       0.0611     3.4134     0.0609  NO  NO   
  E5 ghost -> ghost bursts           yes   yes  yes       0.0782     3.1254     0.0609  NO  NO   
  E6.hi ecosystem sync rate high       NO    yes  NO        0.0000     7.4366    -1.0000  NO  NO   side predicate
  E7.hi ecosystem self-affinity high       NO    yes  NO        0.0000     7.4366    -1.0000  NO  NO   side predicate
  D1.1 material Glass                NO    yes  NO        0.0000     0.0000    -1.0000  NO  NO   state-only kind
  D1.2 material Strings              NO    yes  NO        0.0000     0.0000    -1.0000  NO  NO   state-only kind
  D1.3 material MetalPlate           NO    yes  NO        0.0000     0.0000    -1.0000  NO  NO   state-only kind
  D1.4 material Chamber              NO    yes  NO        0.0000     0.0000    -1.0000  NO  NO   state-only kind
  D1.5 material Ice                  NO    yes  NO        0.0000     0.0000    -1.0000  NO  NO   state-only kind
  D1.6 material StoneChamber         yes   yes  NO        0.0000     0.0000    -1.0000  yes NO   state-only kind
  D1.7 material SteelTank            yes   yes  NO        0.0000     0.0000    -1.0000  yes NO   state-only kind
  D1.8 material WoodenHull           NO    yes  NO        0.0000     0.0000    -1.0000  NO  NO   state-only kind
  D1.9 material CathedralColumn       NO    yes  NO        0.0000     0.0000    -1.0000  NO  NO   state-only kind
  D1.10 material CavernWall          NO    yes  NO        0.0000     0.0000    -1.0000  NO  NO   state-only kind
  D1.11 material GlassSphere         NO    yes  NO        0.0000     0.0000    -1.0000  NO  NO   state-only kind
  D2 body blend both heard           yes   yes  NO        0.0000     0.0000    -1.0000  yes NO   state-only kind
  D3.1 noise model Direct            yes   NO   yes       0.0247     0.0000    -1.0000  NO  NO   
  D3.2 noise model FilteredWind       yes   NO   yes       0.0247     0.0000    -1.0000  NO  NO   
  D3.3 noise model GranularDust       yes   NO   yes       0.0247     0.0000    -1.0000  NO  NO   
  D3.4 noise model MetallicHiss       yes   NO   yes       0.0247     0.0000    -1.0000  NO  NO   
  D4.1 noise type White              NO    NO   NO        0.0000     0.0000    -1.0000  NO  NO   state-only kind
  D4.2 noise type Pink               NO    NO   NO        0.0000     0.0000    -1.0000  NO  NO   state-only kind
  D4.3 noise type TapeHiss           NO    NO   NO        0.0000     0.0000    -1.0000  NO  NO   state-only kind
  D4.4 noise type VinylCrackle       NO    NO   NO        0.0000     0.0000    -1.0000  NO  NO   state-only kind
  D4.5 noise type Asperity           NO    NO   NO        0.0000     0.0000    -1.0000  NO  NO   state-only kind
  D4.6 noise type Brown              yes   NO   NO        0.0000     0.0000    -1.0000  NO  NO   state-only kind
  D4.7 noise type Blue               NO    NO   NO        0.0000     0.0000    -1.0000  NO  NO   state-only kind
  D4.8 noise type Violet             NO    NO   NO        0.0000     0.0000    -1.0000  NO  NO   state-only kind
  D4.9 noise type Grey               NO    NO   NO        0.0000     0.0000    -1.0000  NO  NO   state-only kind
  D4.10 noise type Velvet            NO    NO   NO        0.0000     0.0000    -1.0000  NO  NO   state-only kind
  D4.11 noise type VinylRumble       NO    NO   NO        0.0000     0.0000    -1.0000  NO  NO   state-only kind
  D4.12 noise type RadioStatic       NO    NO   NO        0.0000     0.0000    -1.0000  NO  NO   state-only kind
  D5.1 anchor Free                   NO    NO   NO        0.0000     0.0000    -1.0000  NO  NO   state-only kind
  D5.2 anchor Keyed                  NO    NO   NO        0.0000     0.0000    -1.0000  NO  NO   state-only kind
  D5.3 anchor Hybrid                 yes   NO   NO        0.0000     0.0000    -1.0000  NO  NO   state-only kind
  D6.1 loop filter Lowpass           yes   NO   NO        0.0000     0.0000    -1.0000  NO  NO   state-only kind
  D6.2 loop filter Bandpass          NO    NO   NO        0.0000     0.0000    -1.0000  NO  NO   state-only kind
  D6.3 loop filter Highpass          NO    NO   NO        0.0000     0.0000    -1.0000  NO  NO   state-only kind
  D7.1 loudest sub f/2               yes   NO   NO        0.0000     0.0000    -1.0000  NO  NO   state-only kind
  D7.2 loudest sub f/4               NO    NO   NO        0.0000     0.0000    -1.0000  NO  NO   state-only kind
  D7.3 loudest sub fifth below       NO    NO   NO        0.0000     0.0000    -1.0000  NO  NO   state-only kind
  D8.1 envelope Standard             NO    yes  NO        0.0000     0.0000    -1.0000  NO  NO   state-only kind
  D8.2 envelope Growth         PRI   yes   yes  yes       8.8756     7.4366     2.8034  yes yes  
  D9.1 attack span <= 10 s           NO    yes  NO        0.0000     0.0000    -1.0000  NO  NO   state-only kind
  D9.2 attack span >= 90 s           NO    yes  NO        0.0000     0.0000    -1.0000  NO  NO   state-only kind
  D10.1 freeze holds a field         NO    NO   NO        0.0000     0.0000    -1.0000  NO  NO   state-only kind
  D10.2 freeze off                   yes   yes  NO        0.0000     0.0000    -1.0000  yes NO   state-only kind
  D11 ghost reverse >= 0.5           NO    NO   NO        0.0000     0.0000    -1.0000  NO  NO   state-only kind
  D12.1 ghost event triggers on       NO    NO   NO        0.0000     0.0000    -1.0000  NO  NO   state-only kind
  D12.2 ghost event triggers off       yes   yes  NO        0.0000     0.0000    -1.0000  yes NO   state-only kind
  D13.1 event rate scale <= 0.3       NO    yes  NO        0.0000     7.4366    -1.0000  NO  NO   state false
  D13.2 event rate scale >= 3.0       NO    yes  NO        0.0000     7.4366    -1.0000  NO  NO   state false
  D14.1 breathing depth >= 0.7       NO    yes  NO        0.0000     7.4366    -1.0000  NO  NO   state false
  D14.2 tidal depth >= 0.7           NO    yes  NO        0.0000     7.4366    -1.0000  NO  NO   state false
[sweep] index 28: computing / loading record...

Glass Well (index 28): primary D1.1 material Glass, 0 secondaries, s(P) 3.9119
  cell                         claim state conj rend           d      2s(P)     attrib  sec pri  skip
  S1 noise organism                  yes   yes  yes       0.9239     7.8237    -1.0000  NO  NO   
  S2 resonance drift                 yes   yes  yes       3.3884     7.8237    -1.0000  yes NO   
  S3 spectral smear                  yes   yes  yes       7.4866     7.8237    -1.0000  yes yes  
  S4 feedback ecology                yes   yes  yes       0.0113     7.8237    -1.0000  NO  NO   
  S5 subharmonic                     yes   yes  yes       2.0960     7.8237    -1.0000  yes NO   
  S6 harmonic bloom                  yes   yes  yes       1.3945     7.8237    -1.0000  NO  NO   
  S7 ecosystem                       yes   yes  yes       2.2749     7.8237    -1.0000  yes NO   
  S8 cavern space                    yes   yes  yes       0.1619     7.8237    -1.0000  NO  NO   
  S9 ghost / atmosphere              yes   yes  NO        0.0000     7.8237    -1.0000  NO  NO   override equals stored
  S10 acoustic body                  yes   yes  yes      12.7939     7.8237    -1.0000  yes yes  
  M1 Darkness                        NO    yes  NO        0.0000     7.8237    -1.0000  NO  NO   M displacement
  M2 Age                             NO    yes  NO        0.0000     7.8237    -1.0000  NO  NO   M displacement
  M3 Density                         NO    yes  NO        0.0000     7.8237    -1.0000  NO  NO   M displacement
  M4 Movement                        NO    yes  NO        0.0000     7.8237    -1.0000  NO  NO   M displacement
  M5 Gravity                         NO    yes  NO        0.0000     7.8237    -1.0000  NO  NO   M displacement
  M6 Entropy                         NO    yes  NO        0.0000     7.8237    -1.0000  NO  NO   M displacement
  M7 Pressure                        NO    yes  NO        0.0000     7.8237    -1.0000  NO  NO   M displacement
  M8 Weight                          NO    yes  NO        0.0000     7.8237    -1.0000  NO  NO   M displacement
  M9 Fog                             NO    yes  NO        0.0000     7.8237    -1.0000  NO  NO   M displacement
  M10 Life                           NO    yes  NO        0.0000     7.8237    -1.0000  NO  NO   M displacement
  M11 Depth                          NO    yes  NO        0.0000     7.8237    -1.0000  NO  NO   M displacement
  M12 Mass                           NO    yes  NO        0.0000     7.8237    -1.0000  NO  NO   M displacement
  E1 partial -> bloom                yes   yes  yes       1.8710     5.7490     2.6076  NO  NO   
  E2 resonator -> resonance peaks       yes   yes  yes       1.9509     7.5886     2.6076  NO  NO   
  E3 noise -> noise wake             yes   yes  yes       2.6237     4.5151     2.6076  NO  NO   
  E4 feedback -> loop wake           yes   yes  yes       2.6115     4.4950     2.6076  NO  NO   
  E5 ghost -> ghost bursts           yes   yes  yes       2.6076     4.4811     2.6076  NO  NO   
  E6.hi ecosystem sync rate high       NO    yes  NO        0.0000     7.8237    -1.0000  NO  NO   side predicate
  E7.hi ecosystem self-affinity high       NO    yes  NO        0.0000     7.8237    -1.0000  NO  NO   side predicate
  D1.1 material Glass          PRI   yes   yes  yes       6.2513     7.8237    -1.0000  yes yes  
  D1.2 material Strings              NO    yes  NO        0.0000     0.0000    -1.0000  NO  NO   state-only kind
  D1.3 material MetalPlate           NO    yes  NO        0.0000     0.0000    -1.0000  NO  NO   state-only kind
  D1.4 material Chamber              NO    yes  NO        0.0000     0.0000    -1.0000  NO  NO   state-only kind
  D1.5 material Ice                  NO    yes  NO        0.0000     0.0000    -1.0000  NO  NO   state-only kind
  D1.6 material StoneChamber         NO    yes  NO        0.0000     0.0000    -1.0000  NO  NO   state-only kind
  D1.7 material SteelTank            NO    yes  NO        0.0000     0.0000    -1.0000  NO  NO   state-only kind
  D1.8 material WoodenHull           NO    yes  NO        0.0000     0.0000    -1.0000  NO  NO   state-only kind
  D1.9 material CathedralColumn       NO    yes  NO        0.0000     0.0000    -1.0000  NO  NO   state-only kind
  D1.10 material CavernWall          NO    yes  NO        0.0000     0.0000    -1.0000  NO  NO   state-only kind
  D1.11 material GlassSphere         NO    yes  NO        0.0000     0.0000    -1.0000  NO  NO   state-only kind
  D2 body blend both heard           NO    yes  NO        0.0000     0.0000    -1.0000  NO  NO   state-only kind
  D3.1 noise model Direct            yes   NO   yes       0.9239     0.0000    -1.0000  NO  NO   
  D3.2 noise model FilteredWind       yes   NO   yes       0.9239     0.0000    -1.0000  NO  NO   
  D3.3 noise model GranularDust       yes   NO   yes       0.9239     0.0000    -1.0000  NO  NO   
  D3.4 noise model MetallicHiss       yes   NO   yes       0.9239     0.0000    -1.0000  NO  NO   
  D4.1 noise type White              NO    NO   NO        0.0000     0.0000    -1.0000  NO  NO   state-only kind
  D4.2 noise type Pink               NO    NO   NO        0.0000     0.0000    -1.0000  NO  NO   state-only kind
  D4.3 noise type TapeHiss           NO    NO   NO        0.0000     0.0000    -1.0000  NO  NO   state-only kind
  D4.4 noise type VinylCrackle       NO    NO   NO        0.0000     0.0000    -1.0000  NO  NO   state-only kind
  D4.5 noise type Asperity           NO    NO   NO        0.0000     0.0000    -1.0000  NO  NO   state-only kind
  D4.6 noise type Brown              yes   NO   NO        0.0000     0.0000    -1.0000  NO  NO   state-only kind
  D4.7 noise type Blue               NO    NO   NO        0.0000     0.0000    -1.0000  NO  NO   state-only kind
  D4.8 noise type Violet             NO    NO   NO        0.0000     0.0000    -1.0000  NO  NO   state-only kind
  D4.9 noise type Grey               NO    NO   NO        0.0000     0.0000    -1.0000  NO  NO   state-only kind
  D4.10 noise type Velvet            NO    NO   NO        0.0000     0.0000    -1.0000  NO  NO   state-only kind
  D4.11 noise type VinylRumble       NO    NO   NO        0.0000     0.0000    -1.0000  NO  NO   state-only kind
  D4.12 noise type RadioStatic       NO    NO   NO        0.0000     0.0000    -1.0000  NO  NO   state-only kind
  D5.1 anchor Free                   NO    yes  NO        0.0000     0.0000    -1.0000  NO  NO   state-only kind
  D5.2 anchor Keyed                  NO    yes  NO        0.0000     0.0000    -1.0000  NO  NO   state-only kind
  D5.3 anchor Hybrid                 yes   yes  NO        0.0000     0.0000    -1.0000  yes NO   state-only kind
  D6.1 loop filter Lowpass           yes   NO   NO        0.0000     0.0000    -1.0000  NO  NO   state-only kind
  D6.2 loop filter Bandpass          NO    NO   NO        0.0000     0.0000    -1.0000  NO  NO   state-only kind
  D6.3 loop filter Highpass          NO    NO   NO        0.0000     0.0000    -1.0000  NO  NO   state-only kind
  D7.1 loudest sub f/2               yes   yes  NO        0.0000     0.0000    -1.0000  yes NO   state-only kind
  D7.2 loudest sub f/4               NO    yes  NO        0.0000     0.0000    -1.0000  NO  NO   state-only kind
  D7.3 loudest sub fifth below       NO    yes  NO        0.0000     0.0000    -1.0000  NO  NO   state-only kind
  D8.1 envelope Standard             yes   yes  NO        0.0000     0.0000    -1.0000  yes NO   state-only kind
  D8.2 envelope Growth               NO    yes  NO        0.0000     0.0000    -1.0000  NO  NO   state-only kind
  D9.1 attack span <= 10 s           NO    yes  NO        0.0000     0.0000    -1.0000  NO  NO   state-only kind
  D9.2 attack span >= 90 s           yes   yes  NO        0.0000     0.0000    -1.0000  yes NO   state-only kind
  D10.1 freeze holds a field         NO    NO   NO        0.0000     0.0000    -1.0000  NO  NO   state-only kind
  D10.2 freeze off                   yes   yes  NO        0.0000     0.0000    -1.0000  yes NO   state-only kind
  D11 ghost reverse >= 0.5           NO    NO   NO        0.0000     0.0000    -1.0000  NO  NO   state-only kind
  D12.1 ghost event triggers on       NO    NO   NO        0.0000     0.0000    -1.0000  NO  NO   state-only kind
  D12.2 ghost event triggers off       yes   yes  NO        0.0000     0.0000    -1.0000  yes NO   state-only kind
  D13.1 event rate scale <= 0.3       NO    yes  NO        0.0000     7.8237    -1.0000  NO  NO   state false
  D13.2 event rate scale >= 3.0       NO    yes  NO        0.0000     7.8237    -1.0000  NO  NO   state false
  D14.1 breathing depth >= 0.7       NO    yes  NO        0.0000     7.8237    -1.0000  NO  NO   state false
  D14.2 tidal depth >= 0.7           NO    yes  NO        0.0000     7.8237    -1.0000  NO  NO   state false
[sweep] index 29: computing / loading record...

Strung Abyss (index 29): primary D1.2 material Strings, 0 secondaries, s(P) 3.9375
  cell                         claim state conj rend           d      2s(P)     attrib  sec pri  skip
  S1 noise organism                  yes   yes  yes       0.4245     7.8749    -1.0000  NO  NO   
  S2 resonance drift                 yes   yes  yes       0.4045     7.8749    -1.0000  NO  NO   
  S3 spectral smear                  yes   yes  yes       1.5829     7.8749    -1.0000  yes NO   
  S4 feedback ecology                yes   yes  yes       0.0237     7.8749    -1.0000  NO  NO   
  S5 subharmonic                     yes   yes  yes       8.1831     7.8749    -1.0000  yes yes  
  S6 harmonic bloom                  yes   yes  yes       7.7594     7.8749    -1.0000  yes yes  
  S7 ecosystem                       yes   yes  NO        0.0000     7.8749    -1.0000  NO  NO   override equals stored
  S8 cavern space                    yes   yes  yes       1.1989     7.8749    -1.0000  NO  NO   
  S9 ghost / atmosphere              yes   yes  yes       0.0001     7.8749    -1.0000  NO  NO   
  S10 acoustic body                  yes   yes  yes       7.0927     7.8749    -1.0000  yes yes  
  M1 Darkness                        NO    yes  NO        0.0000     7.8749    -1.0000  NO  NO   M displacement
  M2 Age                             NO    yes  NO        0.0000     7.8749    -1.0000  NO  NO   M displacement
  M3 Density                         NO    yes  NO        0.0000     7.8749    -1.0000  NO  NO   M displacement
  M4 Movement                        NO    yes  NO        0.0000     7.8749    -1.0000  NO  NO   M displacement
  M5 Gravity                         NO    yes  NO        0.0000     7.8749    -1.0000  NO  NO   M displacement
  M6 Entropy                         NO    yes  NO        0.0000     7.8749    -1.0000  NO  NO   M displacement
  M7 Pressure                        NO    yes  NO        0.0000     7.8749    -1.0000  NO  NO   M displacement
  M8 Weight                          NO    yes  NO        0.0000     7.8749    -1.0000  NO  NO   M displacement
  M9 Fog                             NO    yes  NO        0.0000     7.8749    -1.0000  NO  NO   M displacement
  M10 Life                           NO    yes  NO        0.0000     7.8749    -1.0000  NO  NO   M displacement
  M11 Depth                          NO    yes  NO        0.0000     7.8749    -1.0000  NO  NO   M displacement
  M12 Mass                           NO    yes  NO        0.0000     7.8749    -1.0000  NO  NO   M displacement
  E1 partial -> bloom                yes   yes  NO        0.0000     7.8749    -1.0000  NO  NO   ecosystem depth 0
  E2 resonator -> resonance peaks       yes   yes  NO        0.0000     7.8749    -1.0000  NO  NO   ecosystem depth 0
  E3 noise -> noise wake             yes   yes  NO        0.0000     7.8749    -1.0000  NO  NO   ecosystem depth 0
  E4 feedback -> loop wake           yes   yes  NO        0.0000     7.8749    -1.0000  NO  NO   ecosystem depth 0
  E5 ghost -> ghost bursts           yes   yes  NO        0.0000     7.8749    -1.0000  NO  NO   ecosystem depth 0
  E6.hi ecosystem sync rate high       NO    yes  NO        0.0000     7.8749    -1.0000  NO  NO   side predicate
  E7.hi ecosystem self-affinity high       NO    yes  NO        0.0000     7.8749    -1.0000  NO  NO   side predicate
  D1.1 material Glass                NO    yes  NO        0.0000     0.0000    -1.0000  NO  NO   state-only kind
  D1.2 material Strings        PRI   yes   yes  yes      15.9762     7.8749    -1.0000  yes yes  
  D1.3 material MetalPlate           NO    yes  NO        0.0000     0.0000    -1.0000  NO  NO   state-only kind
  D1.4 material Chamber              NO    yes  NO        0.0000     0.0000    -1.0000  NO  NO   state-only kind
  D1.5 material Ice                  NO    yes  NO        0.0000     0.0000    -1.0000  NO  NO   state-only kind
  D1.6 material StoneChamber         NO    yes  NO        0.0000     0.0000    -1.0000  NO  NO   state-only kind
  D1.7 material SteelTank            NO    yes  NO        0.0000     0.0000    -1.0000  NO  NO   state-only kind
  D1.8 material WoodenHull           NO    yes  NO        0.0000     0.0000    -1.0000  NO  NO   state-only kind
  D1.9 material CathedralColumn       NO    yes  NO        0.0000     0.0000    -1.0000  NO  NO   state-only kind
  D1.10 material CavernWall          NO    yes  NO        0.0000     0.0000    -1.0000  NO  NO   state-only kind
  D1.11 material GlassSphere         NO    yes  NO        0.0000     0.0000    -1.0000  NO  NO   state-only kind
  D2 body blend both heard           NO    yes  NO        0.0000     0.0000    -1.0000  NO  NO   state-only kind
  D3.1 noise model Direct            yes   NO   yes       0.4245     0.0000    -1.0000  NO  NO   
  D3.2 noise model FilteredWind       yes   NO   yes       0.4245     0.0000    -1.0000  NO  NO   
  D3.3 noise model GranularDust       yes   NO   yes       0.4245     0.0000    -1.0000  NO  NO   
  D3.4 noise model MetallicHiss       yes   NO   yes       0.4245     0.0000    -1.0000  NO  NO   
  D4.1 noise type White              NO    NO   NO        0.0000     0.0000    -1.0000  NO  NO   state-only kind
  D4.2 noise type Pink               NO    NO   NO        0.0000     0.0000    -1.0000  NO  NO   state-only kind
  D4.3 noise type TapeHiss           NO    NO   NO        0.0000     0.0000    -1.0000  NO  NO   state-only kind
  D4.4 noise type VinylCrackle       NO    NO   NO        0.0000     0.0000    -1.0000  NO  NO   state-only kind
  D4.5 noise type Asperity           NO    NO   NO        0.0000     0.0000    -1.0000  NO  NO   state-only kind
  D4.6 noise type Brown              yes   NO   NO        0.0000     0.0000    -1.0000  NO  NO   state-only kind
  D4.7 noise type Blue               NO    NO   NO        0.0000     0.0000    -1.0000  NO  NO   state-only kind
  D4.8 noise type Violet             NO    NO   NO        0.0000     0.0000    -1.0000  NO  NO   state-only kind
  D4.9 noise type Grey               NO    NO   NO        0.0000     0.0000    -1.0000  NO  NO   state-only kind
  D4.10 noise type Velvet            NO    NO   NO        0.0000     0.0000    -1.0000  NO  NO   state-only kind
  D4.11 noise type VinylRumble       NO    NO   NO        0.0000     0.0000    -1.0000  NO  NO   state-only kind
  D4.12 noise type RadioStatic       NO    NO   NO        0.0000     0.0000    -1.0000  NO  NO   state-only kind
  D5.1 anchor Free                   NO    NO   NO        0.0000     0.0000    -1.0000  NO  NO   state-only kind
  D5.2 anchor Keyed                  NO    NO   NO        0.0000     0.0000    -1.0000  NO  NO   state-only kind
  D5.3 anchor Hybrid                 yes   NO   NO        0.0000     0.0000    -1.0000  NO  NO   state-only kind
  D6.1 loop filter Lowpass           yes   NO   NO        0.0000     0.0000    -1.0000  NO  NO   state-only kind
  D6.2 loop filter Bandpass          NO    NO   NO        0.0000     0.0000    -1.0000  NO  NO   state-only kind
  D6.3 loop filter Highpass          NO    NO   NO        0.0000     0.0000    -1.0000  NO  NO   state-only kind
  D7.1 loudest sub f/2               yes   yes  NO        0.0000     0.0000    -1.0000  yes NO   state-only kind
  D7.2 loudest sub f/4               NO    yes  NO        0.0000     0.0000    -1.0000  NO  NO   state-only kind
  D7.3 loudest sub fifth below       NO    yes  NO        0.0000     0.0000    -1.0000  NO  NO   state-only kind
  D8.1 envelope Standard             yes   yes  NO        0.0000     0.0000    -1.0000  yes NO   state-only kind
  D8.2 envelope Growth               NO    yes  NO        0.0000     0.0000    -1.0000  NO  NO   state-only kind
  D9.1 attack span <= 10 s           NO    yes  NO        0.0000     0.0000    -1.0000  NO  NO   state-only kind
  D9.2 attack span >= 90 s           yes   yes  NO        0.0000     0.0000    -1.0000  yes NO   state-only kind
  D10.1 freeze holds a field         NO    NO   NO        0.0000     0.0000    -1.0000  NO  NO   state-only kind
  D10.2 freeze off                   yes   yes  NO        0.0000     0.0000    -1.0000  yes NO   state-only kind
  D11 ghost reverse >= 0.5           NO    NO   NO        0.0000     0.0000    -1.0000  NO  NO   state-only kind
  D12.1 ghost event triggers on       NO    NO   NO        0.0000     0.0000    -1.0000  NO  NO   state-only kind
  D12.2 ghost event triggers off       yes   yes  NO        0.0000     0.0000    -1.0000  yes NO   state-only kind
  D13.1 event rate scale <= 0.3       NO    NO   NO        0.0000     7.8749    -1.0000  NO  NO   state false
  D13.2 event rate scale >= 3.0       NO    NO   NO        0.0000     7.8749    -1.0000  NO  NO   state false
  D14.1 breathing depth >= 0.7       NO    yes  NO        0.0000     7.8749    -1.0000  NO  NO   state false
  D14.2 tidal depth >= 0.7           NO    yes  NO        0.0000     7.8749    -1.0000  NO  NO   state false
[sweep] index 30: computing / loading record...

Iron Plate (index 30): primary D1.3 material MetalPlate, 0 secondaries, s(P) 5.5822
  cell                         claim state conj rend           d      2s(P)     attrib  sec pri  skip
  S1 noise organism                  yes   yes  yes       0.0583    11.1643    -1.0000  NO  NO   
  S2 resonance drift                 yes   yes  yes       0.1100    11.1643    -1.0000  NO  NO   
  S3 spectral smear                  yes   yes  yes       1.5874    11.1643    -1.0000  yes NO   
  S4 feedback ecology                yes   yes  yes       0.0585    11.1643    -1.0000  NO  NO   
  S5 subharmonic                     yes   yes  yes       1.2835    11.1643    -1.0000  NO  NO   
  S6 harmonic bloom                  yes   yes  yes       1.3943    11.1643    -1.0000  NO  NO   
  S7 ecosystem                       yes   yes  NO        0.0000    11.1643    -1.0000  NO  NO   override equals stored
  S8 cavern space                    yes   yes  yes       0.1236    11.1643    -1.0000  NO  NO   
  S9 ghost / atmosphere              yes   yes  NO        0.0000    11.1643    -1.0000  NO  NO   override equals stored
  S10 acoustic body                  yes   yes  yes      10.5227    11.1643    -1.0000  yes yes  
  M1 Darkness                        NO    yes  NO        0.0000    11.1643    -1.0000  NO  NO   M displacement
  M2 Age                             NO    yes  NO        0.0000    11.1643    -1.0000  NO  NO   M displacement
  M3 Density                         NO    yes  NO        0.0000    11.1643    -1.0000  NO  NO   M displacement
  M4 Movement                        NO    yes  NO        0.0000    11.1643    -1.0000  NO  NO   M displacement
  M5 Gravity                         NO    yes  NO        0.0000    11.1643    -1.0000  NO  NO   M displacement
  M6 Entropy                         NO    yes  NO        0.0000    11.1643    -1.0000  NO  NO   M displacement
  M7 Pressure                        NO    yes  NO        0.0000    11.1643    -1.0000  NO  NO   M displacement
  M8 Weight                          NO    yes  NO        0.0000    11.1643    -1.0000  NO  NO   M displacement
  M9 Fog                             NO    yes  NO        0.0000    11.1643    -1.0000  NO  NO   M displacement
  M10 Life                           NO    yes  NO        0.0000    11.1643    -1.0000  NO  NO   M displacement
  M11 Depth                          NO    yes  NO        0.0000    11.1643    -1.0000  NO  NO   M displacement
  M12 Mass                           NO    yes  NO        0.0000    11.1643    -1.0000  NO  NO   M displacement
  E1 partial -> bloom                yes   yes  NO        0.0000    11.1643    -1.0000  NO  NO   ecosystem depth 0
  E2 resonator -> resonance peaks       yes   yes  NO        0.0000    11.1643    -1.0000  NO  NO   ecosystem depth 0
  E3 noise -> noise wake             yes   yes  NO        0.0000    11.1643    -1.0000  NO  NO   ecosystem depth 0
  E4 feedback -> loop wake           yes   yes  NO        0.0000    11.1643    -1.0000  NO  NO   ecosystem depth 0
  E5 ghost -> ghost bursts           yes   yes  NO        0.0000    11.1643    -1.0000  NO  NO   ecosystem depth 0
  E6.hi ecosystem sync rate high       NO    yes  NO        0.0000    11.1643    -1.0000  NO  NO   side predicate
  E7.hi ecosystem self-affinity high       NO    yes  NO        0.0000    11.1643    -1.0000  NO  NO   side predicate
  D1.1 material Glass                NO    yes  NO        0.0000     0.0000    -1.0000  NO  NO   state-only kind
  D1.2 material Strings              NO    yes  NO        0.0000     0.0000    -1.0000  NO  NO   state-only kind
  D1.3 material MetalPlate     PRI   yes   yes  yes       6.2633    11.1643    -1.0000  yes yes  
  D1.4 material Chamber              NO    yes  NO        0.0000     0.0000    -1.0000  NO  NO   state-only kind
  D1.5 material Ice                  NO    yes  NO        0.0000     0.0000    -1.0000  NO  NO   state-only kind
  D1.6 material StoneChamber         NO    yes  NO        0.0000     0.0000    -1.0000  NO  NO   state-only kind
  D1.7 material SteelTank            NO    yes  NO        0.0000     0.0000    -1.0000  NO  NO   state-only kind
  D1.8 material WoodenHull           NO    yes  NO        0.0000     0.0000    -1.0000  NO  NO   state-only kind
  D1.9 material CathedralColumn       NO    yes  NO        0.0000     0.0000    -1.0000  NO  NO   state-only kind
  D1.10 material CavernWall          NO    yes  NO        0.0000     0.0000    -1.0000  NO  NO   state-only kind
  D1.11 material GlassSphere         NO    yes  NO        0.0000     0.0000    -1.0000  NO  NO   state-only kind
  D2 body blend both heard           NO    yes  NO        0.0000     0.0000    -1.0000  NO  NO   state-only kind
  D3.1 noise model Direct            yes   NO   yes       0.0583     0.0000    -1.0000  NO  NO   
  D3.2 noise model FilteredWind       yes   NO   yes       0.0583     0.0000    -1.0000  NO  NO   
  D3.3 noise model GranularDust       yes   NO   yes       0.0583     0.0000    -1.0000  NO  NO   
  D3.4 noise model MetallicHiss       yes   NO   yes       0.0583     0.0000    -1.0000  NO  NO   
  D4.1 noise type White              NO    NO   NO        0.0000     0.0000    -1.0000  NO  NO   state-only kind
  D4.2 noise type Pink               NO    NO   NO        0.0000     0.0000    -1.0000  NO  NO   state-only kind
  D4.3 noise type TapeHiss           NO    NO   NO        0.0000     0.0000    -1.0000  NO  NO   state-only kind
  D4.4 noise type VinylCrackle       NO    NO   NO        0.0000     0.0000    -1.0000  NO  NO   state-only kind
  D4.5 noise type Asperity           NO    NO   NO        0.0000     0.0000    -1.0000  NO  NO   state-only kind
  D4.6 noise type Brown              yes   NO   NO        0.0000     0.0000    -1.0000  NO  NO   state-only kind
  D4.7 noise type Blue               NO    NO   NO        0.0000     0.0000    -1.0000  NO  NO   state-only kind
  D4.8 noise type Violet             NO    NO   NO        0.0000     0.0000    -1.0000  NO  NO   state-only kind
  D4.9 noise type Grey               NO    NO   NO        0.0000     0.0000    -1.0000  NO  NO   state-only kind
  D4.10 noise type Velvet            NO    NO   NO        0.0000     0.0000    -1.0000  NO  NO   state-only kind
  D4.11 noise type VinylRumble       NO    NO   NO        0.0000     0.0000    -1.0000  NO  NO   state-only kind
  D4.12 noise type RadioStatic       NO    NO   NO        0.0000     0.0000    -1.0000  NO  NO   state-only kind
  D5.1 anchor Free                   NO    NO   NO        0.0000     0.0000    -1.0000  NO  NO   state-only kind
  D5.2 anchor Keyed                  NO    NO   NO        0.0000     0.0000    -1.0000  NO  NO   state-only kind
  D5.3 anchor Hybrid                 yes   NO   NO        0.0000     0.0000    -1.0000  NO  NO   state-only kind
  D6.1 loop filter Lowpass           yes   NO   NO        0.0000     0.0000    -1.0000  NO  NO   state-only kind
  D6.2 loop filter Bandpass          NO    NO   NO        0.0000     0.0000    -1.0000  NO  NO   state-only kind
  D6.3 loop filter Highpass          NO    NO   NO        0.0000     0.0000    -1.0000  NO  NO   state-only kind
  D7.1 loudest sub f/2               yes   NO   NO        0.0000     0.0000    -1.0000  NO  NO   state-only kind
  D7.2 loudest sub f/4               NO    NO   NO        0.0000     0.0000    -1.0000  NO  NO   state-only kind
  D7.3 loudest sub fifth below       NO    NO   NO        0.0000     0.0000    -1.0000  NO  NO   state-only kind
  D8.1 envelope Standard             yes   yes  NO        0.0000     0.0000    -1.0000  yes NO   state-only kind
  D8.2 envelope Growth               NO    yes  NO        0.0000     0.0000    -1.0000  NO  NO   state-only kind
  D9.1 attack span <= 10 s           NO    yes  NO        0.0000     0.0000    -1.0000  NO  NO   state-only kind
  D9.2 attack span >= 90 s           yes   yes  NO        0.0000     0.0000    -1.0000  yes NO   state-only kind
  D10.1 freeze holds a field         NO    NO   NO        0.0000     0.0000    -1.0000  NO  NO   state-only kind
  D10.2 freeze off                   yes   yes  NO        0.0000     0.0000    -1.0000  yes NO   state-only kind
  D11 ghost reverse >= 0.5           NO    NO   NO        0.0000     0.0000    -1.0000  NO  NO   state-only kind
  D12.1 ghost event triggers on       NO    NO   NO        0.0000     0.0000    -1.0000  NO  NO   state-only kind
  D12.2 ghost event triggers off       yes   yes  NO        0.0000     0.0000    -1.0000  yes NO   state-only kind
  D13.1 event rate scale <= 0.3       NO    NO   NO        0.0000    11.1643    -1.0000  NO  NO   state false
  D13.2 event rate scale >= 3.0       NO    NO   NO        0.0000    11.1643    -1.0000  NO  NO   state false
  D14.1 breathing depth >= 0.7       NO    yes  NO        0.0000    11.1643    -1.0000  NO  NO   state false
  D14.2 tidal depth >= 0.7           NO    yes  NO        0.0000    11.1643    -1.0000  NO  NO   state false
[sweep] index 31: computing / loading record...

Chamber Drone (index 31): primary D1.4 material Chamber, 0 secondaries, s(P) 1.8787
  cell                         claim state conj rend           d      2s(P)     attrib  sec pri  skip
  S1 noise organism                  yes   yes  yes       0.0115     3.7575    -1.0000  NO  NO   
  S2 resonance drift                 yes   yes  yes       0.6525     3.7575    -1.0000  NO  NO   
  S3 spectral smear                  yes   yes  yes       1.7565     3.7575    -1.0000  yes NO   
  S4 feedback ecology                yes   yes  yes       0.0590     3.7575    -1.0000  NO  NO   
  S5 subharmonic                     yes   yes  yes       0.9987     3.7575    -1.0000  NO  NO   
  S6 harmonic bloom                  yes   yes  yes       6.4751     3.7575    -1.0000  yes yes  
  S7 ecosystem                       yes   yes  NO        0.0000     3.7575    -1.0000  NO  NO   override equals stored
  S8 cavern space                    yes   yes  yes       0.4015     3.7575    -1.0000  NO  NO   
  S9 ghost / atmosphere              yes   yes  yes       0.0000     3.7575    -1.0000  NO  NO   
  S10 acoustic body                  yes   yes  yes       3.0801     3.7575    -1.0000  yes NO   
  M1 Darkness                        NO    yes  NO        0.0000     3.7575    -1.0000  NO  NO   M displacement
  M2 Age                             NO    yes  NO        0.0000     3.7575    -1.0000  NO  NO   M displacement
  M3 Density                         NO    yes  NO        0.0000     3.7575    -1.0000  NO  NO   M displacement
  M4 Movement                        NO    yes  NO        0.0000     3.7575    -1.0000  NO  NO   M displacement
  M5 Gravity                         NO    yes  NO        0.0000     3.7575    -1.0000  NO  NO   M displacement
  M6 Entropy                         NO    yes  NO        0.0000     3.7575    -1.0000  NO  NO   M displacement
  M7 Pressure                        NO    yes  NO        0.0000     3.7575    -1.0000  NO  NO   M displacement
  M8 Weight                          NO    yes  NO        0.0000     3.7575    -1.0000  NO  NO   M displacement
  M9 Fog                             NO    yes  NO        0.0000     3.7575    -1.0000  NO  NO   M displacement
  M10 Life                           NO    yes  NO        0.0000     3.7575    -1.0000  NO  NO   M displacement
  M11 Depth                          NO    yes  NO        0.0000     3.7575    -1.0000  NO  NO   M displacement
  M12 Mass                           NO    yes  NO        0.0000     3.7575    -1.0000  NO  NO   M displacement
  E1 partial -> bloom                yes   yes  NO        0.0000     3.7575    -1.0000  NO  NO   ecosystem depth 0
  E2 resonator -> resonance peaks       yes   yes  NO        0.0000     3.7575    -1.0000  NO  NO   ecosystem depth 0
  E3 noise -> noise wake             yes   yes  NO        0.0000     3.7575    -1.0000  NO  NO   ecosystem depth 0
  E4 feedback -> loop wake           yes   yes  NO        0.0000     3.7575    -1.0000  NO  NO   ecosystem depth 0
  E5 ghost -> ghost bursts           yes   yes  NO        0.0000     3.7575    -1.0000  NO  NO   ecosystem depth 0
  E6.hi ecosystem sync rate high       NO    yes  NO        0.0000     3.7575    -1.0000  NO  NO   side predicate
  E7.hi ecosystem self-affinity high       NO    yes  NO        0.0000     3.7575    -1.0000  NO  NO   side predicate
  D1.1 material Glass                NO    yes  NO        0.0000     0.0000    -1.0000  NO  NO   state-only kind
  D1.2 material Strings              NO    yes  NO        0.0000     0.0000    -1.0000  NO  NO   state-only kind
  D1.3 material MetalPlate           NO    yes  NO        0.0000     0.0000    -1.0000  NO  NO   state-only kind
  D1.4 material Chamber        PRI   yes   yes  yes      12.1913     3.7575    -1.0000  yes yes  
  D1.5 material Ice                  NO    yes  NO        0.0000     0.0000    -1.0000  NO  NO   state-only kind
  D1.6 material StoneChamber         NO    yes  NO        0.0000     0.0000    -1.0000  NO  NO   state-only kind
  D1.7 material SteelTank            NO    yes  NO        0.0000     0.0000    -1.0000  NO  NO   state-only kind
  D1.8 material WoodenHull           NO    yes  NO        0.0000     0.0000    -1.0000  NO  NO   state-only kind
  D1.9 material CathedralColumn       NO    yes  NO        0.0000     0.0000    -1.0000  NO  NO   state-only kind
  D1.10 material CavernWall          NO    yes  NO        0.0000     0.0000    -1.0000  NO  NO   state-only kind
  D1.11 material GlassSphere         NO    yes  NO        0.0000     0.0000    -1.0000  NO  NO   state-only kind
  D2 body blend both heard           NO    yes  NO        0.0000     0.0000    -1.0000  NO  NO   state-only kind
  D3.1 noise model Direct            yes   NO   yes       0.0115     0.0000    -1.0000  NO  NO   
  D3.2 noise model FilteredWind       yes   NO   yes       0.0115     0.0000    -1.0000  NO  NO   
  D3.3 noise model GranularDust       yes   NO   yes       0.0115     0.0000    -1.0000  NO  NO   
  D3.4 noise model MetallicHiss       yes   NO   yes       0.0115     0.0000    -1.0000  NO  NO   
  D4.1 noise type White              NO    NO   NO        0.0000     0.0000    -1.0000  NO  NO   state-only kind
  D4.2 noise type Pink               NO    NO   NO        0.0000     0.0000    -1.0000  NO  NO   state-only kind
  D4.3 noise type TapeHiss           NO    NO   NO        0.0000     0.0000    -1.0000  NO  NO   state-only kind
  D4.4 noise type VinylCrackle       NO    NO   NO        0.0000     0.0000    -1.0000  NO  NO   state-only kind
  D4.5 noise type Asperity           NO    NO   NO        0.0000     0.0000    -1.0000  NO  NO   state-only kind
  D4.6 noise type Brown              yes   NO   NO        0.0000     0.0000    -1.0000  NO  NO   state-only kind
  D4.7 noise type Blue               NO    NO   NO        0.0000     0.0000    -1.0000  NO  NO   state-only kind
  D4.8 noise type Violet             NO    NO   NO        0.0000     0.0000    -1.0000  NO  NO   state-only kind
  D4.9 noise type Grey               NO    NO   NO        0.0000     0.0000    -1.0000  NO  NO   state-only kind
  D4.10 noise type Velvet            NO    NO   NO        0.0000     0.0000    -1.0000  NO  NO   state-only kind
  D4.11 noise type VinylRumble       NO    NO   NO        0.0000     0.0000    -1.0000  NO  NO   state-only kind
  D4.12 noise type RadioStatic       NO    NO   NO        0.0000     0.0000    -1.0000  NO  NO   state-only kind
  D5.1 anchor Free                   NO    NO   NO        0.0000     0.0000    -1.0000  NO  NO   state-only kind
  D5.2 anchor Keyed                  NO    NO   NO        0.0000     0.0000    -1.0000  NO  NO   state-only kind
  D5.3 anchor Hybrid                 yes   NO   NO        0.0000     0.0000    -1.0000  NO  NO   state-only kind
  D6.1 loop filter Lowpass           yes   NO   NO        0.0000     0.0000    -1.0000  NO  NO   state-only kind
  D6.2 loop filter Bandpass          NO    NO   NO        0.0000     0.0000    -1.0000  NO  NO   state-only kind
  D6.3 loop filter Highpass          NO    NO   NO        0.0000     0.0000    -1.0000  NO  NO   state-only kind
  D7.1 loudest sub f/2               yes   NO   NO        0.0000     0.0000    -1.0000  NO  NO   state-only kind
  D7.2 loudest sub f/4               NO    NO   NO        0.0000     0.0000    -1.0000  NO  NO   state-only kind
  D7.3 loudest sub fifth below       NO    NO   NO        0.0000     0.0000    -1.0000  NO  NO   state-only kind
  D8.1 envelope Standard             yes   yes  NO        0.0000     0.0000    -1.0000  yes NO   state-only kind
  D8.2 envelope Growth               NO    yes  NO        0.0000     0.0000    -1.0000  NO  NO   state-only kind
  D9.1 attack span <= 10 s           NO    yes  NO        0.0000     0.0000    -1.0000  NO  NO   state-only kind
  D9.2 attack span >= 90 s           yes   yes  NO        0.0000     0.0000    -1.0000  yes NO   state-only kind
  D10.1 freeze holds a field         NO    NO   NO        0.0000     0.0000    -1.0000  NO  NO   state-only kind
  D10.2 freeze off                   yes   yes  NO        0.0000     0.0000    -1.0000  yes NO   state-only kind
  D11 ghost reverse >= 0.5           NO    NO   NO        0.0000     0.0000    -1.0000  NO  NO   state-only kind
  D12.1 ghost event triggers on       NO    NO   NO        0.0000     0.0000    -1.0000  NO  NO   state-only kind
  D12.2 ghost event triggers off       yes   yes  NO        0.0000     0.0000    -1.0000  yes NO   state-only kind
  D13.1 event rate scale <= 0.3       NO    NO   NO        0.0000     3.7575    -1.0000  NO  NO   state false
  D13.2 event rate scale >= 3.0       NO    NO   NO        0.0000     3.7575    -1.0000  NO  NO   state false
  D14.1 breathing depth >= 0.7       NO    yes  NO        0.0000     3.7575    -1.0000  NO  NO   state false
  D14.2 tidal depth >= 0.7           NO    yes  NO        0.0000     3.7575    -1.0000  NO  NO   state false
[sweep] index 32: computing / loading record...

Ice Shelf (index 32): primary D1.5 material Ice, 0 secondaries, s(P) 3.7012
  cell                         claim state conj rend           d      2s(P)     attrib  sec pri  skip
  S1 noise organism                  yes   yes  yes       1.7855     7.4024    -1.0000  yes NO   
  S2 resonance drift                 yes   yes  yes       0.7167     7.4024    -1.0000  NO  NO   
  S3 spectral smear                  yes   yes  yes       4.3618     7.4024    -1.0000  yes yes  
  S4 feedback ecology                yes   yes  yes       0.2110     7.4024    -1.0000  NO  NO   
  S5 subharmonic                     yes   yes  yes       1.1058     7.4024    -1.0000  NO  NO   
  S6 harmonic bloom                  yes   yes  yes      12.8645     7.4024    -1.0000  yes yes  
  S7 ecosystem                       yes   yes  NO        0.0000     7.4024    -1.0000  NO  NO   override equals stored
  S8 cavern space                    yes   yes  yes       0.2362     7.4024    -1.0000  NO  NO   
  S9 ghost / atmosphere              yes   yes  NO        0.0000     7.4024    -1.0000  NO  NO   override equals stored
  S10 acoustic body                  yes   yes  yes      12.6371     7.4024    -1.0000  yes yes  
  M1 Darkness                        NO    yes  NO        0.0000     7.4024    -1.0000  NO  NO   M displacement
  M2 Age                             NO    yes  NO        0.0000     7.4024    -1.0000  NO  NO   M displacement
  M3 Density                         NO    yes  NO        0.0000     7.4024    -1.0000  NO  NO   M displacement
  M4 Movement                        NO    yes  NO        0.0000     7.4024    -1.0000  NO  NO   M displacement
  M5 Gravity                         NO    yes  NO        0.0000     7.4024    -1.0000  NO  NO   M displacement
  M6 Entropy                         NO    yes  NO        0.0000     7.4024    -1.0000  NO  NO   M displacement
  M7 Pressure                        NO    yes  NO        0.0000     7.4024    -1.0000  NO  NO   M displacement
  M8 Weight                          NO    yes  NO        0.0000     7.4024    -1.0000  NO  NO   M displacement
  M9 Fog                             NO    yes  NO        0.0000     7.4024    -1.0000  NO  NO   M displacement
  M10 Life                           NO    yes  NO        0.0000     7.4024    -1.0000  NO  NO   M displacement
  M11 Depth                          NO    yes  NO        0.0000     7.4024    -1.0000  NO  NO   M displacement
  M12 Mass                           NO    yes  NO        0.0000     7.4024    -1.0000  NO  NO   M displacement
  E1 partial -> bloom                yes   yes  NO        0.0000     7.4024    -1.0000  NO  NO   ecosystem depth 0
  E2 resonator -> resonance peaks       yes   yes  NO        0.0000     7.4024    -1.0000  NO  NO   ecosystem depth 0
  E3 noise -> noise wake             yes   yes  NO        0.0000     7.4024    -1.0000  NO  NO   ecosystem depth 0
  E4 feedback -> loop wake           yes   yes  NO        0.0000     7.4024    -1.0000  NO  NO   ecosystem depth 0
  E5 ghost -> ghost bursts           yes   yes  NO        0.0000     7.4024    -1.0000  NO  NO   ecosystem depth 0
  E6.hi ecosystem sync rate high       NO    yes  NO        0.0000     7.4024    -1.0000  NO  NO   side predicate
  E7.hi ecosystem self-affinity high       NO    yes  NO        0.0000     7.4024    -1.0000  NO  NO   side predicate
  D1.1 material Glass                NO    yes  NO        0.0000     0.0000    -1.0000  NO  NO   state-only kind
  D1.2 material Strings              NO    yes  NO        0.0000     0.0000    -1.0000  NO  NO   state-only kind
  D1.3 material MetalPlate           NO    yes  NO        0.0000     0.0000    -1.0000  NO  NO   state-only kind
  D1.4 material Chamber              NO    yes  NO        0.0000     0.0000    -1.0000  NO  NO   state-only kind
  D1.5 material Ice            PRI   yes   yes  yes       4.3598     7.4024    -1.0000  yes yes  
  D1.6 material StoneChamber         NO    yes  NO        0.0000     0.0000    -1.0000  NO  NO   state-only kind
  D1.7 material SteelTank            NO    yes  NO        0.0000     0.0000    -1.0000  NO  NO   state-only kind
  D1.8 material WoodenHull           NO    yes  NO        0.0000     0.0000    -1.0000  NO  NO   state-only kind
  D1.9 material CathedralColumn       NO    yes  NO        0.0000     0.0000    -1.0000  NO  NO   state-only kind
  D1.10 material CavernWall          NO    yes  NO        0.0000     0.0000    -1.0000  NO  NO   state-only kind
  D1.11 material GlassSphere         NO    yes  NO        0.0000     0.0000    -1.0000  NO  NO   state-only kind
  D2 body blend both heard           NO    yes  NO        0.0000     0.0000    -1.0000  NO  NO   state-only kind
  D3.1 noise model Direct            yes   yes  yes       1.7855     0.0000    -1.0000  yes NO   
  D3.2 noise model FilteredWind       yes   yes  yes       1.7855     0.0000    -1.0000  yes NO   
  D3.3 noise model GranularDust       yes   yes  yes       1.7855     0.0000    -1.0000  yes NO   
  D3.4 noise model MetallicHiss       yes   yes  yes       1.7855     0.0000    -1.0000  yes NO   
  D4.1 noise type White              NO    yes  NO        0.0000     0.0000    -1.0000  NO  NO   state-only kind
  D4.2 noise type Pink               NO    yes  NO        0.0000     0.0000    -1.0000  NO  NO   state-only kind
  D4.3 noise type TapeHiss           NO    yes  NO        0.0000     0.0000    -1.0000  NO  NO   state-only kind
  D4.4 noise type VinylCrackle       NO    yes  NO        0.0000     0.0000    -1.0000  NO  NO   state-only kind
  D4.5 noise type Asperity           NO    yes  NO        0.0000     0.0000    -1.0000  NO  NO   state-only kind
  D4.6 noise type Brown              yes   yes  NO        0.0000     0.0000    -1.0000  yes NO   state-only kind
  D4.7 noise type Blue               NO    yes  NO        0.0000     0.0000    -1.0000  NO  NO   state-only kind
  D4.8 noise type Violet             NO    yes  NO        0.0000     0.0000    -1.0000  NO  NO   state-only kind
  D4.9 noise type Grey               NO    yes  NO        0.0000     0.0000    -1.0000  NO  NO   state-only kind
  D4.10 noise type Velvet            NO    yes  NO        0.0000     0.0000    -1.0000  NO  NO   state-only kind
  D4.11 noise type VinylRumble       NO    yes  NO        0.0000     0.0000    -1.0000  NO  NO   state-only kind
  D4.12 noise type RadioStatic       NO    yes  NO        0.0000     0.0000    -1.0000  NO  NO   state-only kind
  D5.1 anchor Free                   NO    NO   NO        0.0000     0.0000    -1.0000  NO  NO   state-only kind
  D5.2 anchor Keyed                  NO    NO   NO        0.0000     0.0000    -1.0000  NO  NO   state-only kind
  D5.3 anchor Hybrid                 yes   NO   NO        0.0000     0.0000    -1.0000  NO  NO   state-only kind
  D6.1 loop filter Lowpass           yes   NO   NO        0.0000     0.0000    -1.0000  NO  NO   state-only kind
  D6.2 loop filter Bandpass          NO    NO   NO        0.0000     0.0000    -1.0000  NO  NO   state-only kind
  D6.3 loop filter Highpass          NO    NO   NO        0.0000     0.0000    -1.0000  NO  NO   state-only kind
  D7.1 loudest sub f/2               yes   NO   NO        0.0000     0.0000    -1.0000  NO  NO   state-only kind
  D7.2 loudest sub f/4               NO    NO   NO        0.0000     0.0000    -1.0000  NO  NO   state-only kind
  D7.3 loudest sub fifth below       NO    NO   NO        0.0000     0.0000    -1.0000  NO  NO   state-only kind
  D8.1 envelope Standard             yes   yes  NO        0.0000     0.0000    -1.0000  yes NO   state-only kind
  D8.2 envelope Growth               NO    yes  NO        0.0000     0.0000    -1.0000  NO  NO   state-only kind
  D9.1 attack span <= 10 s           NO    yes  NO        0.0000     0.0000    -1.0000  NO  NO   state-only kind
  D9.2 attack span >= 90 s           yes   yes  NO        0.0000     0.0000    -1.0000  yes NO   state-only kind
  D10.1 freeze holds a field         NO    NO   NO        0.0000     0.0000    -1.0000  NO  NO   state-only kind
  D10.2 freeze off                   yes   yes  NO        0.0000     0.0000    -1.0000  yes NO   state-only kind
  D11 ghost reverse >= 0.5           NO    NO   NO        0.0000     0.0000    -1.0000  NO  NO   state-only kind
  D12.1 ghost event triggers on       NO    NO   NO        0.0000     0.0000    -1.0000  NO  NO   state-only kind
  D12.2 ghost event triggers off       yes   yes  NO        0.0000     0.0000    -1.0000  yes NO   state-only kind
  D13.1 event rate scale <= 0.3       NO    NO   NO        0.0000     7.4024    -1.0000  NO  NO   state false
  D13.2 event rate scale >= 3.0       NO    NO   NO        0.0000     7.4024    -1.0000  NO  NO   state false
  D14.1 breathing depth >= 0.7       NO    yes  NO        0.0000     7.4024    -1.0000  NO  NO   state false
  D14.2 tidal depth >= 0.7           NO    yes  NO        0.0000     7.4024    -1.0000  NO  NO   state false
[sweep] index 33: computing / loading record...

Hull Ark (index 33): primary D1.8 material WoodenHull, 0 secondaries, s(P) 2.1445
  cell                         claim state conj rend           d      2s(P)     attrib  sec pri  skip
  S1 noise organism                  yes   yes  yes       0.1528     4.2889    -1.0000  NO  NO   
  S2 resonance drift                 yes   yes  yes       1.1667     4.2889    -1.0000  NO  NO   
  S3 spectral smear                  yes   yes  yes       4.0268     4.2889    -1.0000  yes yes  
  S4 feedback ecology                yes   yes  yes       0.0792     4.2889    -1.0000  NO  NO   
  S5 subharmonic                     yes   yes  yes       1.3265     4.2889    -1.0000  NO  NO   
  S6 harmonic bloom                  yes   yes  yes       8.6090     4.2889    -1.0000  yes yes  
  S7 ecosystem                       yes   yes  NO        0.0000     4.2889    -1.0000  NO  NO   override equals stored
  S8 cavern space                    yes   yes  yes       0.2096     4.2889    -1.0000  NO  NO   
  S9 ghost / atmosphere              yes   yes  yes       0.0259     4.2889    -1.0000  NO  NO   
  S10 acoustic body                  yes   yes  yes      11.0353     4.2889    -1.0000  yes yes  
  M1 Darkness                        NO    yes  NO        0.0000     4.2889    -1.0000  NO  NO   M displacement
  M2 Age                             NO    yes  NO        0.0000     4.2889    -1.0000  NO  NO   M displacement
  M3 Density                         NO    yes  NO        0.0000     4.2889    -1.0000  NO  NO   M displacement
  M4 Movement                        NO    yes  NO        0.0000     4.2889    -1.0000  NO  NO   M displacement
  M5 Gravity                         NO    yes  NO        0.0000     4.2889    -1.0000  NO  NO   M displacement
  M6 Entropy                         NO    yes  NO        0.0000     4.2889    -1.0000  NO  NO   M displacement
  M7 Pressure                        NO    yes  NO        0.0000     4.2889    -1.0000  NO  NO   M displacement
  M8 Weight                          NO    yes  NO        0.0000     4.2889    -1.0000  NO  NO   M displacement
  M9 Fog                             NO    yes  NO        0.0000     4.2889    -1.0000  NO  NO   M displacement
  M10 Life                           NO    yes  NO        0.0000     4.2889    -1.0000  NO  NO   M displacement
  M11 Depth                          NO    yes  NO        0.0000     4.2889    -1.0000  NO  NO   M displacement
  M12 Mass                           NO    yes  NO        0.0000     4.2889    -1.0000  NO  NO   M displacement
  E1 partial -> bloom                yes   yes  NO        0.0000     4.2889    -1.0000  NO  NO   ecosystem depth 0
  E2 resonator -> resonance peaks       yes   yes  NO        0.0000     4.2889    -1.0000  NO  NO   ecosystem depth 0
  E3 noise -> noise wake             yes   yes  NO        0.0000     4.2889    -1.0000  NO  NO   ecosystem depth 0
  E4 feedback -> loop wake           yes   yes  NO        0.0000     4.2889    -1.0000  NO  NO   ecosystem depth 0
  E5 ghost -> ghost bursts           yes   yes  NO        0.0000     4.2889    -1.0000  NO  NO   ecosystem depth 0
  E6.hi ecosystem sync rate high       NO    yes  NO        0.0000     4.2889    -1.0000  NO  NO   side predicate
  E7.hi ecosystem self-affinity high       NO    yes  NO        0.0000     4.2889    -1.0000  NO  NO   side predicate
  D1.1 material Glass                NO    yes  NO        0.0000     0.0000    -1.0000  NO  NO   state-only kind
  D1.2 material Strings              NO    yes  NO        0.0000     0.0000    -1.0000  NO  NO   state-only kind
  D1.3 material MetalPlate           NO    yes  NO        0.0000     0.0000    -1.0000  NO  NO   state-only kind
  D1.4 material Chamber              NO    yes  NO        0.0000     0.0000    -1.0000  NO  NO   state-only kind
  D1.5 material Ice                  NO    yes  NO        0.0000     0.0000    -1.0000  NO  NO   state-only kind
  D1.6 material StoneChamber         NO    yes  NO        0.0000     0.0000    -1.0000  NO  NO   state-only kind
  D1.7 material SteelTank            NO    yes  NO        0.0000     0.0000    -1.0000  NO  NO   state-only kind
  D1.8 material WoodenHull     PRI   yes   yes  yes       6.5711     4.2889    -1.0000  yes yes  
  D1.9 material CathedralColumn       NO    yes  NO        0.0000     0.0000    -1.0000  NO  NO   state-only kind
  D1.10 material CavernWall          NO    yes  NO        0.0000     0.0000    -1.0000  NO  NO   state-only kind
  D1.11 material GlassSphere         NO    yes  NO        0.0000     0.0000    -1.0000  NO  NO   state-only kind
  D2 body blend both heard           NO    yes  NO        0.0000     0.0000    -1.0000  NO  NO   state-only kind
  D3.1 noise model Direct            yes   NO   yes       0.1528     0.0000    -1.0000  NO  NO   
  D3.2 noise model FilteredWind       yes   NO   yes       0.1528     0.0000    -1.0000  NO  NO   
  D3.3 noise model GranularDust       yes   NO   yes       0.1528     0.0000    -1.0000  NO  NO   
  D3.4 noise model MetallicHiss       yes   NO   yes       0.1528     0.0000    -1.0000  NO  NO   
  D4.1 noise type White              NO    NO   NO        0.0000     0.0000    -1.0000  NO  NO   state-only kind
  D4.2 noise type Pink               NO    NO   NO        0.0000     0.0000    -1.0000  NO  NO   state-only kind
  D4.3 noise type TapeHiss           NO    NO   NO        0.0000     0.0000    -1.0000  NO  NO   state-only kind
  D4.4 noise type VinylCrackle       NO    NO   NO        0.0000     0.0000    -1.0000  NO  NO   state-only kind
  D4.5 noise type Asperity           NO    NO   NO        0.0000     0.0000    -1.0000  NO  NO   state-only kind
  D4.6 noise type Brown              yes   NO   NO        0.0000     0.0000    -1.0000  NO  NO   state-only kind
  D4.7 noise type Blue               NO    NO   NO        0.0000     0.0000    -1.0000  NO  NO   state-only kind
  D4.8 noise type Violet             NO    NO   NO        0.0000     0.0000    -1.0000  NO  NO   state-only kind
  D4.9 noise type Grey               NO    NO   NO        0.0000     0.0000    -1.0000  NO  NO   state-only kind
  D4.10 noise type Velvet            NO    NO   NO        0.0000     0.0000    -1.0000  NO  NO   state-only kind
  D4.11 noise type VinylRumble       NO    NO   NO        0.0000     0.0000    -1.0000  NO  NO   state-only kind
  D4.12 noise type RadioStatic       NO    NO   NO        0.0000     0.0000    -1.0000  NO  NO   state-only kind
  D5.1 anchor Free                   NO    NO   NO        0.0000     0.0000    -1.0000  NO  NO   state-only kind
  D5.2 anchor Keyed                  NO    NO   NO        0.0000     0.0000    -1.0000  NO  NO   state-only kind
  D5.3 anchor Hybrid                 yes   NO   NO        0.0000     0.0000    -1.0000  NO  NO   state-only kind
  D6.1 loop filter Lowpass           yes   NO   NO        0.0000     0.0000    -1.0000  NO  NO   state-only kind
  D6.2 loop filter Bandpass          NO    NO   NO        0.0000     0.0000    -1.0000  NO  NO   state-only kind
  D6.3 loop filter Highpass          NO    NO   NO        0.0000     0.0000    -1.0000  NO  NO   state-only kind
  D7.1 loudest sub f/2               yes   NO   NO        0.0000     0.0000    -1.0000  NO  NO   state-only kind
  D7.2 loudest sub f/4               NO    NO   NO        0.0000     0.0000    -1.0000  NO  NO   state-only kind
  D7.3 loudest sub fifth below       NO    NO   NO        0.0000     0.0000    -1.0000  NO  NO   state-only kind
  D8.1 envelope Standard             yes   yes  NO        0.0000     0.0000    -1.0000  yes NO   state-only kind
  D8.2 envelope Growth               NO    yes  NO        0.0000     0.0000    -1.0000  NO  NO   state-only kind
  D9.1 attack span <= 10 s           NO    yes  NO        0.0000     0.0000    -1.0000  NO  NO   state-only kind
  D9.2 attack span >= 90 s           yes   yes  NO        0.0000     0.0000    -1.0000  yes NO   state-only kind
  D10.1 freeze holds a field         NO    NO   NO        0.0000     0.0000    -1.0000  NO  NO   state-only kind
  D10.2 freeze off                   yes   yes  NO        0.0000     0.0000    -1.0000  yes NO   state-only kind
  D11 ghost reverse >= 0.5           NO    NO   NO        0.0000     0.0000    -1.0000  NO  NO   state-only kind
  D12.1 ghost event triggers on       NO    NO   NO        0.0000     0.0000    -1.0000  NO  NO   state-only kind
  D12.2 ghost event triggers off       yes   yes  NO        0.0000     0.0000    -1.0000  yes NO   state-only kind
  D13.1 event rate scale <= 0.3       NO    NO   NO        0.0000     4.2889    -1.0000  NO  NO   state false
  D13.2 event rate scale >= 3.0       NO    NO   NO        0.0000     4.2889    -1.0000  NO  NO   state false
  D14.1 breathing depth >= 0.7       NO    yes  NO        0.0000     4.2889    -1.0000  NO  NO   state false
  D14.2 tidal depth >= 0.7           NO    yes  NO        0.0000     4.2889    -1.0000  NO  NO   state false
[sweep] index 34: computing / loading record...

Column Hymn (index 34): primary D1.9 material CathedralColumn, 0 secondaries, s(P) 3.2388
  cell                         claim state conj rend           d      2s(P)     attrib  sec pri  skip
  S1 noise organism                  yes   yes  yes       0.0223     6.4776    -1.0000  NO  NO   
  S2 resonance drift                 yes   yes  yes       0.5174     6.4776    -1.0000  NO  NO   
  S3 spectral smear                  yes   yes  yes      12.4539     6.4776    -1.0000  yes yes  
  S4 feedback ecology                yes   yes  yes       0.0090     6.4776    -1.0000  NO  NO   
  S5 subharmonic                     yes   yes  yes       2.3324     6.4776    -1.0000  yes NO   
  S6 harmonic bloom                  yes   yes  yes       3.9523     6.4776    -1.0000  yes NO   
  S7 ecosystem                       yes   yes  NO        0.0000     6.4776    -1.0000  NO  NO   override equals stored
  S8 cavern space                    yes   yes  yes       1.0801     6.4776    -1.0000  NO  NO   
  S9 ghost / atmosphere              yes   yes  yes       0.1064     6.4776    -1.0000  NO  NO   
  S10 acoustic body                  yes   yes  yes      26.4155     6.4776    -1.0000  yes yes  
  M1 Darkness                        NO    yes  NO        0.0000     6.4776    -1.0000  NO  NO   M displacement
  M2 Age                             NO    yes  NO        0.0000     6.4776    -1.0000  NO  NO   M displacement
  M3 Density                         NO    yes  NO        0.0000     6.4776    -1.0000  NO  NO   M displacement
  M4 Movement                        NO    yes  NO        0.0000     6.4776    -1.0000  NO  NO   M displacement
  M5 Gravity                         NO    yes  NO        0.0000     6.4776    -1.0000  NO  NO   M displacement
  M6 Entropy                         NO    yes  NO        0.0000     6.4776    -1.0000  NO  NO   M displacement
  M7 Pressure                        NO    yes  NO        0.0000     6.4776    -1.0000  NO  NO   M displacement
  M8 Weight                          NO    yes  NO        0.0000     6.4776    -1.0000  NO  NO   M displacement
  M9 Fog                             NO    yes  NO        0.0000     6.4776    -1.0000  NO  NO   M displacement
  M10 Life                           NO    yes  NO        0.0000     6.4776    -1.0000  NO  NO   M displacement
  M11 Depth                          NO    yes  NO        0.0000     6.4776    -1.0000  NO  NO   M displacement
  M12 Mass                           NO    yes  NO        0.0000     6.4776    -1.0000  NO  NO   M displacement
  E1 partial -> bloom                yes   yes  NO        0.0000     6.4776    -1.0000  NO  NO   ecosystem depth 0
  E2 resonator -> resonance peaks       yes   yes  NO        0.0000     6.4776    -1.0000  NO  NO   ecosystem depth 0
  E3 noise -> noise wake             yes   yes  NO        0.0000     6.4776    -1.0000  NO  NO   ecosystem depth 0
  E4 feedback -> loop wake           yes   yes  NO        0.0000     6.4776    -1.0000  NO  NO   ecosystem depth 0
  E5 ghost -> ghost bursts           yes   yes  NO        0.0000     6.4776    -1.0000  NO  NO   ecosystem depth 0
  E6.hi ecosystem sync rate high       NO    yes  NO        0.0000     6.4776    -1.0000  NO  NO   side predicate
  E7.hi ecosystem self-affinity high       NO    yes  NO        0.0000     6.4776    -1.0000  NO  NO   side predicate
  D1.1 material Glass                NO    yes  NO        0.0000     0.0000    -1.0000  NO  NO   state-only kind
  D1.2 material Strings              NO    yes  NO        0.0000     0.0000    -1.0000  NO  NO   state-only kind
  D1.3 material MetalPlate           NO    yes  NO        0.0000     0.0000    -1.0000  NO  NO   state-only kind
  D1.4 material Chamber              NO    yes  NO        0.0000     0.0000    -1.0000  NO  NO   state-only kind
  D1.5 material Ice                  NO    yes  NO        0.0000     0.0000    -1.0000  NO  NO   state-only kind
  D1.6 material StoneChamber         NO    yes  NO        0.0000     0.0000    -1.0000  NO  NO   state-only kind
  D1.7 material SteelTank            NO    yes  NO        0.0000     0.0000    -1.0000  NO  NO   state-only kind
  D1.8 material WoodenHull           NO    yes  NO        0.0000     0.0000    -1.0000  NO  NO   state-only kind
  D1.9 material CathedralColumn PRI   yes   yes  yes       8.9375     6.4776    -1.0000  yes yes  
  D1.10 material CavernWall          NO    yes  NO        0.0000     0.0000    -1.0000  NO  NO   state-only kind
  D1.11 material GlassSphere         NO    yes  NO        0.0000     0.0000    -1.0000  NO  NO   state-only kind
  D2 body blend both heard           NO    yes  NO        0.0000     0.0000    -1.0000  NO  NO   state-only kind
  D3.1 noise model Direct            yes   NO   yes       0.0223     0.0000    -1.0000  NO  NO   
  D3.2 noise model FilteredWind       yes   NO   yes       0.0223     0.0000    -1.0000  NO  NO   
  D3.3 noise model GranularDust       yes   NO   yes       0.0223     0.0000    -1.0000  NO  NO   
  D3.4 noise model MetallicHiss       yes   NO   yes       0.0223     0.0000    -1.0000  NO  NO   
  D4.1 noise type White              NO    NO   NO        0.0000     0.0000    -1.0000  NO  NO   state-only kind
  D4.2 noise type Pink               NO    NO   NO        0.0000     0.0000    -1.0000  NO  NO   state-only kind
  D4.3 noise type TapeHiss           NO    NO   NO        0.0000     0.0000    -1.0000  NO  NO   state-only kind
  D4.4 noise type VinylCrackle       NO    NO   NO        0.0000     0.0000    -1.0000  NO  NO   state-only kind
  D4.5 noise type Asperity           NO    NO   NO        0.0000     0.0000    -1.0000  NO  NO   state-only kind
  D4.6 noise type Brown              yes   NO   NO        0.0000     0.0000    -1.0000  NO  NO   state-only kind
  D4.7 noise type Blue               NO    NO   NO        0.0000     0.0000    -1.0000  NO  NO   state-only kind
  D4.8 noise type Violet             NO    NO   NO        0.0000     0.0000    -1.0000  NO  NO   state-only kind
  D4.9 noise type Grey               NO    NO   NO        0.0000     0.0000    -1.0000  NO  NO   state-only kind
  D4.10 noise type Velvet            NO    NO   NO        0.0000     0.0000    -1.0000  NO  NO   state-only kind
  D4.11 noise type VinylRumble       NO    NO   NO        0.0000     0.0000    -1.0000  NO  NO   state-only kind
  D4.12 noise type RadioStatic       NO    NO   NO        0.0000     0.0000    -1.0000  NO  NO   state-only kind
  D5.1 anchor Free                   NO    NO   NO        0.0000     0.0000    -1.0000  NO  NO   state-only kind
  D5.2 anchor Keyed                  NO    NO   NO        0.0000     0.0000    -1.0000  NO  NO   state-only kind
  D5.3 anchor Hybrid                 yes   NO   NO        0.0000     0.0000    -1.0000  NO  NO   state-only kind
  D6.1 loop filter Lowpass           yes   NO   NO        0.0000     0.0000    -1.0000  NO  NO   state-only kind
  D6.2 loop filter Bandpass          NO    NO   NO        0.0000     0.0000    -1.0000  NO  NO   state-only kind
  D6.3 loop filter Highpass          NO    NO   NO        0.0000     0.0000    -1.0000  NO  NO   state-only kind
  D7.1 loudest sub f/2               yes   yes  NO        0.0000     0.0000    -1.0000  yes NO   state-only kind
  D7.2 loudest sub f/4               NO    yes  NO        0.0000     0.0000    -1.0000  NO  NO   state-only kind
  D7.3 loudest sub fifth below       NO    yes  NO        0.0000     0.0000    -1.0000  NO  NO   state-only kind
  D8.1 envelope Standard             yes   yes  NO        0.0000     0.0000    -1.0000  yes NO   state-only kind
  D8.2 envelope Growth               NO    yes  NO        0.0000     0.0000    -1.0000  NO  NO   state-only kind
  D9.1 attack span <= 10 s           NO    yes  NO        0.0000     0.0000    -1.0000  NO  NO   state-only kind
  D9.2 attack span >= 90 s           yes   yes  NO        0.0000     0.0000    -1.0000  yes NO   state-only kind
  D10.1 freeze holds a field         NO    NO   NO        0.0000     0.0000    -1.0000  NO  NO   state-only kind
  D10.2 freeze off                   yes   yes  NO        0.0000     0.0000    -1.0000  yes NO   state-only kind
  D11 ghost reverse >= 0.5           NO    NO   NO        0.0000     0.0000    -1.0000  NO  NO   state-only kind
  D12.1 ghost event triggers on       NO    NO   NO        0.0000     0.0000    -1.0000  NO  NO   state-only kind
  D12.2 ghost event triggers off       yes   yes  NO        0.0000     0.0000    -1.0000  yes NO   state-only kind
  D13.1 event rate scale <= 0.3       NO    NO   NO        0.0000     6.4776    -1.0000  NO  NO   state false
  D13.2 event rate scale >= 3.0       NO    NO   NO        0.0000     6.4776    -1.0000  NO  NO   state false
  D14.1 breathing depth >= 0.7       NO    yes  NO        0.0000     6.4776    -1.0000  NO  NO   state false
  D14.2 tidal depth >= 0.7           NO    yes  NO        0.0000     6.4776    -1.0000  NO  NO   state false
[sweep] index 35: computing / loading record...

Cavern Wall (index 35): primary D1.10 material CavernWall, 0 secondaries, s(P) 2.9359
  cell                         claim state conj rend           d      2s(P)     attrib  sec pri  skip
  S1 noise organism                  yes   yes  yes       0.0025     5.8718    -1.0000  NO  NO   
  S2 resonance drift                 yes   yes  yes       0.4466     5.8718    -1.0000  NO  NO   
  S3 spectral smear                  yes   yes  yes       6.1661     5.8718    -1.0000  yes yes  
  S4 feedback ecology                yes   yes  yes       0.0125     5.8718    -1.0000  NO  NO   
  S5 subharmonic                     yes   yes  yes       1.8677     5.8718    -1.0000  yes NO   
  S6 harmonic bloom                  yes   yes  yes       0.0031     5.8718    -1.0000  NO  NO   
  S7 ecosystem                       yes   yes  NO        0.0000     5.8718    -1.0000  NO  NO   override equals stored
  S8 cavern space                    yes   yes  yes       0.2746     5.8718    -1.0000  NO  NO   
  S9 ghost / atmosphere              yes   yes  yes       0.0015     5.8718    -1.0000  NO  NO   
  S10 acoustic body                  yes   yes  yes      14.0929     5.8718    -1.0000  yes yes  
  M1 Darkness                        NO    yes  NO        0.0000     5.8718    -1.0000  NO  NO   M displacement
  M2 Age                             NO    yes  NO        0.0000     5.8718    -1.0000  NO  NO   M displacement
  M3 Density                         NO    yes  NO        0.0000     5.8718    -1.0000  NO  NO   M displacement
  M4 Movement                        NO    yes  NO        0.0000     5.8718    -1.0000  NO  NO   M displacement
  M5 Gravity                         NO    yes  NO        0.0000     5.8718    -1.0000  NO  NO   M displacement
  M6 Entropy                         NO    yes  NO        0.0000     5.8718    -1.0000  NO  NO   M displacement
  M7 Pressure                        NO    yes  NO        0.0000     5.8718    -1.0000  NO  NO   M displacement
  M8 Weight                          NO    yes  NO        0.0000     5.8718    -1.0000  NO  NO   M displacement
  M9 Fog                             NO    yes  NO        0.0000     5.8718    -1.0000  NO  NO   M displacement
  M10 Life                           NO    yes  NO        0.0000     5.8718    -1.0000  NO  NO   M displacement
  M11 Depth                          NO    yes  NO        0.0000     5.8718    -1.0000  NO  NO   M displacement
  M12 Mass                           NO    yes  NO        0.0000     5.8718    -1.0000  NO  NO   M displacement
  E1 partial -> bloom                yes   yes  NO        0.0000     5.8718    -1.0000  NO  NO   ecosystem depth 0
  E2 resonator -> resonance peaks       yes   yes  NO        0.0000     5.8718    -1.0000  NO  NO   ecosystem depth 0
  E3 noise -> noise wake             yes   yes  NO        0.0000     5.8718    -1.0000  NO  NO   ecosystem depth 0
  E4 feedback -> loop wake           yes   yes  NO        0.0000     5.8718    -1.0000  NO  NO   ecosystem depth 0
  E5 ghost -> ghost bursts           yes   yes  NO        0.0000     5.8718    -1.0000  NO  NO   ecosystem depth 0
  E6.hi ecosystem sync rate high       NO    yes  NO        0.0000     5.8718    -1.0000  NO  NO   side predicate
  E7.hi ecosystem self-affinity high       NO    yes  NO        0.0000     5.8718    -1.0000  NO  NO   side predicate
  D1.1 material Glass                NO    yes  NO        0.0000     0.0000    -1.0000  NO  NO   state-only kind
  D1.2 material Strings              NO    yes  NO        0.0000     0.0000    -1.0000  NO  NO   state-only kind
  D1.3 material MetalPlate           NO    yes  NO        0.0000     0.0000    -1.0000  NO  NO   state-only kind
  D1.4 material Chamber              NO    yes  NO        0.0000     0.0000    -1.0000  NO  NO   state-only kind
  D1.5 material Ice                  NO    yes  NO        0.0000     0.0000    -1.0000  NO  NO   state-only kind
  D1.6 material StoneChamber         NO    yes  NO        0.0000     0.0000    -1.0000  NO  NO   state-only kind
  D1.7 material SteelTank            NO    yes  NO        0.0000     0.0000    -1.0000  NO  NO   state-only kind
  D1.8 material WoodenHull           NO    yes  NO        0.0000     0.0000    -1.0000  NO  NO   state-only kind
  D1.9 material CathedralColumn       NO    yes  NO        0.0000     0.0000    -1.0000  NO  NO   state-only kind
  D1.10 material CavernWall    PRI   yes   yes  yes       9.8524     5.8718    -1.0000  yes yes  
  D1.11 material GlassSphere         NO    yes  NO        0.0000     0.0000    -1.0000  NO  NO   state-only kind
  D2 body blend both heard           NO    yes  NO        0.0000     0.0000    -1.0000  NO  NO   state-only kind
  D3.1 noise model Direct            yes   NO   yes       0.0025     0.0000    -1.0000  NO  NO   
  D3.2 noise model FilteredWind       yes   NO   yes       0.0025     0.0000    -1.0000  NO  NO   
  D3.3 noise model GranularDust       yes   NO   yes       0.0025     0.0000    -1.0000  NO  NO   
  D3.4 noise model MetallicHiss       yes   NO   yes       0.0025     0.0000    -1.0000  NO  NO   
  D4.1 noise type White              NO    NO   NO        0.0000     0.0000    -1.0000  NO  NO   state-only kind
  D4.2 noise type Pink               NO    NO   NO        0.0000     0.0000    -1.0000  NO  NO   state-only kind
  D4.3 noise type TapeHiss           NO    NO   NO        0.0000     0.0000    -1.0000  NO  NO   state-only kind
  D4.4 noise type VinylCrackle       NO    NO   NO        0.0000     0.0000    -1.0000  NO  NO   state-only kind
  D4.5 noise type Asperity           NO    NO   NO        0.0000     0.0000    -1.0000  NO  NO   state-only kind
  D4.6 noise type Brown              yes   NO   NO        0.0000     0.0000    -1.0000  NO  NO   state-only kind
  D4.7 noise type Blue               NO    NO   NO        0.0000     0.0000    -1.0000  NO  NO   state-only kind
  D4.8 noise type Violet             NO    NO   NO        0.0000     0.0000    -1.0000  NO  NO   state-only kind
  D4.9 noise type Grey               NO    NO   NO        0.0000     0.0000    -1.0000  NO  NO   state-only kind
  D4.10 noise type Velvet            NO    NO   NO        0.0000     0.0000    -1.0000  NO  NO   state-only kind
  D4.11 noise type VinylRumble       NO    NO   NO        0.0000     0.0000    -1.0000  NO  NO   state-only kind
  D4.12 noise type RadioStatic       NO    NO   NO        0.0000     0.0000    -1.0000  NO  NO   state-only kind
  D5.1 anchor Free                   NO    NO   NO        0.0000     0.0000    -1.0000  NO  NO   state-only kind
  D5.2 anchor Keyed                  NO    NO   NO        0.0000     0.0000    -1.0000  NO  NO   state-only kind
  D5.3 anchor Hybrid                 yes   NO   NO        0.0000     0.0000    -1.0000  NO  NO   state-only kind
  D6.1 loop filter Lowpass           yes   NO   NO        0.0000     0.0000    -1.0000  NO  NO   state-only kind
  D6.2 loop filter Bandpass          NO    NO   NO        0.0000     0.0000    -1.0000  NO  NO   state-only kind
  D6.3 loop filter Highpass          NO    NO   NO        0.0000     0.0000    -1.0000  NO  NO   state-only kind
  D7.1 loudest sub f/2               yes   yes  NO        0.0000     0.0000    -1.0000  yes NO   state-only kind
  D7.2 loudest sub f/4               NO    yes  NO        0.0000     0.0000    -1.0000  NO  NO   state-only kind
  D7.3 loudest sub fifth below       NO    yes  NO        0.0000     0.0000    -1.0000  NO  NO   state-only kind
  D8.1 envelope Standard             yes   yes  NO        0.0000     0.0000    -1.0000  yes NO   state-only kind
  D8.2 envelope Growth               NO    yes  NO        0.0000     0.0000    -1.0000  NO  NO   state-only kind
  D9.1 attack span <= 10 s           NO    yes  NO        0.0000     0.0000    -1.0000  NO  NO   state-only kind
  D9.2 attack span >= 90 s           yes   yes  NO        0.0000     0.0000    -1.0000  yes NO   state-only kind
  D10.1 freeze holds a field         NO    NO   NO        0.0000     0.0000    -1.0000  NO  NO   state-only kind
  D10.2 freeze off                   yes   yes  NO        0.0000     0.0000    -1.0000  yes NO   state-only kind
  D11 ghost reverse >= 0.5           NO    NO   NO        0.0000     0.0000    -1.0000  NO  NO   state-only kind
  D12.1 ghost event triggers on       NO    NO   NO        0.0000     0.0000    -1.0000  NO  NO   state-only kind
  D12.2 ghost event triggers off       yes   yes  NO        0.0000     0.0000    -1.0000  yes NO   state-only kind
  D13.1 event rate scale <= 0.3       NO    NO   NO        0.0000     5.8718    -1.0000  NO  NO   state false
  D13.2 event rate scale >= 3.0       NO    NO   NO        0.0000     5.8718    -1.0000  NO  NO   state false
  D14.1 breathing depth >= 0.7       NO    yes  NO        0.0000     5.8718    -1.0000  NO  NO   state false
  D14.2 tidal depth >= 0.7           NO    yes  NO        0.0000     5.8718    -1.0000  NO  NO   state false
[sweep] index 36: computing / loading record...

Glass Sphere (index 36): primary D1.11 material GlassSphere, 0 secondaries, s(P) 3.2833
  cell                         claim state conj rend           d      2s(P)     attrib  sec pri  skip
  S1 noise organism                  yes   yes  yes       0.0170     6.5666    -1.0000  NO  NO   
  S2 resonance drift                 yes   yes  yes       0.8354     6.5666    -1.0000  NO  NO   
  S3 spectral smear                  yes   yes  yes      12.9091     6.5666    -1.0000  yes yes  
  S4 feedback ecology                yes   yes  yes       0.0126     6.5666    -1.0000  NO  NO   
  S5 subharmonic                     yes   yes  yes       1.3694     6.5666    -1.0000  NO  NO   
  S6 harmonic bloom                  yes   yes  yes       0.0839     6.5666    -1.0000  NO  NO   
  S7 ecosystem                       yes   yes  NO        0.0000     6.5666    -1.0000  NO  NO   override equals stored
  S8 cavern space                    yes   yes  NO        0.0000     6.5666    -1.0000  NO  NO   override equals stored
  S9 ghost / atmosphere              yes   yes  yes       0.0031     6.5666    -1.0000  NO  NO   
  S10 acoustic body                  yes   yes  yes      15.0774     6.5666    -1.0000  yes yes  
  M1 Darkness                        NO    yes  NO        0.0000     6.5666    -1.0000  NO  NO   M displacement
  M2 Age                             NO    yes  NO        0.0000     6.5666    -1.0000  NO  NO   M displacement
  M3 Density                         NO    yes  NO        0.0000     6.5666    -1.0000  NO  NO   M displacement
  M4 Movement                        NO    yes  NO        0.0000     6.5666    -1.0000  NO  NO   M displacement
  M5 Gravity                         NO    yes  NO        0.0000     6.5666    -1.0000  NO  NO   M displacement
  M6 Entropy                         NO    yes  NO        0.0000     6.5666    -1.0000  NO  NO   M displacement
  M7 Pressure                        NO    yes  NO        0.0000     6.5666    -1.0000  NO  NO   M displacement
  M8 Weight                          NO    yes  NO        0.0000     6.5666    -1.0000  NO  NO   M displacement
  M9 Fog                             NO    yes  NO        0.0000     6.5666    -1.0000  NO  NO   M displacement
  M10 Life                           NO    yes  NO        0.0000     6.5666    -1.0000  NO  NO   M displacement
  M11 Depth                          NO    yes  NO        0.0000     6.5666    -1.0000  NO  NO   M displacement
  M12 Mass                           NO    yes  NO        0.0000     6.5666    -1.0000  NO  NO   M displacement
  E1 partial -> bloom                yes   yes  NO        0.0000     6.5666    -1.0000  NO  NO   ecosystem depth 0
  E2 resonator -> resonance peaks       yes   yes  NO        0.0000     6.5666    -1.0000  NO  NO   ecosystem depth 0
  E3 noise -> noise wake             yes   yes  NO        0.0000     6.5666    -1.0000  NO  NO   ecosystem depth 0
  E4 feedback -> loop wake           yes   yes  NO        0.0000     6.5666    -1.0000  NO  NO   ecosystem depth 0
  E5 ghost -> ghost bursts           yes   yes  NO        0.0000     6.5666    -1.0000  NO  NO   ecosystem depth 0
  E6.hi ecosystem sync rate high       NO    yes  NO        0.0000     6.5666    -1.0000  NO  NO   side predicate
  E7.hi ecosystem self-affinity high       NO    yes  NO        0.0000     6.5666    -1.0000  NO  NO   side predicate
  D1.1 material Glass                NO    yes  NO        0.0000     0.0000    -1.0000  NO  NO   state-only kind
  D1.2 material Strings              NO    yes  NO        0.0000     0.0000    -1.0000  NO  NO   state-only kind
  D1.3 material MetalPlate           NO    yes  NO        0.0000     0.0000    -1.0000  NO  NO   state-only kind
  D1.4 material Chamber              NO    yes  NO        0.0000     0.0000    -1.0000  NO  NO   state-only kind
  D1.5 material Ice                  NO    yes  NO        0.0000     0.0000    -1.0000  NO  NO   state-only kind
  D1.6 material StoneChamber         NO    yes  NO        0.0000     0.0000    -1.0000  NO  NO   state-only kind
  D1.7 material SteelTank            NO    yes  NO        0.0000     0.0000    -1.0000  NO  NO   state-only kind
  D1.8 material WoodenHull           NO    yes  NO        0.0000     0.0000    -1.0000  NO  NO   state-only kind
  D1.9 material CathedralColumn       NO    yes  NO        0.0000     0.0000    -1.0000  NO  NO   state-only kind
  D1.10 material CavernWall          NO    yes  NO        0.0000     0.0000    -1.0000  NO  NO   state-only kind
  D1.11 material GlassSphere   PRI   yes   yes  yes       4.0815     6.5666    -1.0000  yes yes  
  D2 body blend both heard           NO    yes  NO        0.0000     0.0000    -1.0000  NO  NO   state-only kind
  D3.1 noise model Direct            yes   NO   yes       0.0170     0.0000    -1.0000  NO  NO   
  D3.2 noise model FilteredWind       yes   NO   yes       0.0170     0.0000    -1.0000  NO  NO   
  D3.3 noise model GranularDust       yes   NO   yes       0.0170     0.0000    -1.0000  NO  NO   
  D3.4 noise model MetallicHiss       yes   NO   yes       0.0170     0.0000    -1.0000  NO  NO   
  D4.1 noise type White              NO    NO   NO        0.0000     0.0000    -1.0000  NO  NO   state-only kind
  D4.2 noise type Pink               NO    NO   NO        0.0000     0.0000    -1.0000  NO  NO   state-only kind
  D4.3 noise type TapeHiss           NO    NO   NO        0.0000     0.0000    -1.0000  NO  NO   state-only kind
  D4.4 noise type VinylCrackle       NO    NO   NO        0.0000     0.0000    -1.0000  NO  NO   state-only kind
  D4.5 noise type Asperity           NO    NO   NO        0.0000     0.0000    -1.0000  NO  NO   state-only kind
  D4.6 noise type Brown              yes   NO   NO        0.0000     0.0000    -1.0000  NO  NO   state-only kind
  D4.7 noise type Blue               NO    NO   NO        0.0000     0.0000    -1.0000  NO  NO   state-only kind
  D4.8 noise type Violet             NO    NO   NO        0.0000     0.0000    -1.0000  NO  NO   state-only kind
  D4.9 noise type Grey               NO    NO   NO        0.0000     0.0000    -1.0000  NO  NO   state-only kind
  D4.10 noise type Velvet            NO    NO   NO        0.0000     0.0000    -1.0000  NO  NO   state-only kind
  D4.11 noise type VinylRumble       NO    NO   NO        0.0000     0.0000    -1.0000  NO  NO   state-only kind
  D4.12 noise type RadioStatic       NO    NO   NO        0.0000     0.0000    -1.0000  NO  NO   state-only kind
  D5.1 anchor Free                   NO    NO   NO        0.0000     0.0000    -1.0000  NO  NO   state-only kind
  D5.2 anchor Keyed                  NO    NO   NO        0.0000     0.0000    -1.0000  NO  NO   state-only kind
  D5.3 anchor Hybrid                 yes   NO   NO        0.0000     0.0000    -1.0000  NO  NO   state-only kind
  D6.1 loop filter Lowpass           yes   NO   NO        0.0000     0.0000    -1.0000  NO  NO   state-only kind
  D6.2 loop filter Bandpass          NO    NO   NO        0.0000     0.0000    -1.0000  NO  NO   state-only kind
  D6.3 loop filter Highpass          NO    NO   NO        0.0000     0.0000    -1.0000  NO  NO   state-only kind
  D7.1 loudest sub f/2               yes   NO   NO        0.0000     0.0000    -1.0000  NO  NO   state-only kind
  D7.2 loudest sub f/4               NO    NO   NO        0.0000     0.0000    -1.0000  NO  NO   state-only kind
  D7.3 loudest sub fifth below       NO    NO   NO        0.0000     0.0000    -1.0000  NO  NO   state-only kind
  D8.1 envelope Standard             yes   yes  NO        0.0000     0.0000    -1.0000  yes NO   state-only kind
  D8.2 envelope Growth               NO    yes  NO        0.0000     0.0000    -1.0000  NO  NO   state-only kind
  D9.1 attack span <= 10 s           NO    yes  NO        0.0000     0.0000    -1.0000  NO  NO   state-only kind
  D9.2 attack span >= 90 s           yes   yes  NO        0.0000     0.0000    -1.0000  yes NO   state-only kind
  D10.1 freeze holds a field         NO    NO   NO        0.0000     0.0000    -1.0000  NO  NO   state-only kind
  D10.2 freeze off                   yes   yes  NO        0.0000     0.0000    -1.0000  yes NO   state-only kind
  D11 ghost reverse >= 0.5           NO    NO   NO        0.0000     0.0000    -1.0000  NO  NO   state-only kind
  D12.1 ghost event triggers on       NO    NO   NO        0.0000     0.0000    -1.0000  NO  NO   state-only kind
  D12.2 ghost event triggers off       yes   yes  NO        0.0000     0.0000    -1.0000  yes NO   state-only kind
  D13.1 event rate scale <= 0.3       NO    NO   NO        0.0000     6.5666    -1.0000  NO  NO   state false
  D13.2 event rate scale >= 3.0       NO    NO   NO        0.0000     6.5666    -1.0000  NO  NO   state false
  D14.1 breathing depth >= 0.7       NO    yes  NO        0.0000     6.5666    -1.0000  NO  NO   state false
  D14.2 tidal depth >= 0.7           NO    yes  NO        0.0000     6.5666    -1.0000  NO  NO   state false
[sweep] index 37: computing / loading record...

Sudden Chasm (index 37): primary D9.1 attack span <= 10 s, 0 secondaries, s(P) 2.0921
  cell                         claim state conj rend           d      2s(P)     attrib  sec pri  skip
  S1 noise organism                  yes   yes  yes       0.0101     4.1841    -1.0000  NO  NO   
  S2 resonance drift                 yes   yes  yes       0.2011     4.1841    -1.0000  NO  NO   
  S3 spectral smear                  yes   yes  yes       0.8547     4.1841    -1.0000  NO  NO   
  S4 feedback ecology                yes   yes  yes       0.0085     4.1841    -1.0000  NO  NO   
  S5 subharmonic                     yes   yes  yes       1.7389     4.1841    -1.0000  yes NO   
  S6 harmonic bloom                  yes   yes  yes       0.1250     4.1841    -1.0000  NO  NO   
  S7 ecosystem                       yes   yes  NO        0.0000     4.1841    -1.0000  NO  NO   override equals stored
  S8 cavern space                    yes   yes  yes       7.6275     4.1841    -1.0000  yes yes  
  S9 ghost / atmosphere              yes   yes  yes       0.0000     4.1841    -1.0000  NO  NO   
  S10 acoustic body                  yes   yes  yes       6.5324     4.1841    -1.0000  yes yes  
  M1 Darkness                        NO    yes  NO        0.0000     4.1841    -1.0000  NO  NO   M displacement
  M2 Age                             NO    yes  NO        0.0000     4.1841    -1.0000  NO  NO   M displacement
  M3 Density                         NO    yes  NO        0.0000     4.1841    -1.0000  NO  NO   M displacement
  M4 Movement                        NO    yes  NO        0.0000     4.1841    -1.0000  NO  NO   M displacement
  M5 Gravity                         NO    yes  NO        0.0000     4.1841    -1.0000  NO  NO   M displacement
  M6 Entropy                         NO    yes  NO        0.0000     4.1841    -1.0000  NO  NO   M displacement
  M7 Pressure                        NO    yes  NO        0.0000     4.1841    -1.0000  NO  NO   M displacement
  M8 Weight                          NO    yes  NO        0.0000     4.1841    -1.0000  NO  NO   M displacement
  M9 Fog                             NO    yes  NO        0.0000     4.1841    -1.0000  NO  NO   M displacement
  M10 Life                           NO    yes  NO        0.0000     4.1841    -1.0000  NO  NO   M displacement
  M11 Depth                          NO    yes  NO        0.0000     4.1841    -1.0000  NO  NO   M displacement
  M12 Mass                           NO    yes  NO        0.0000     4.1841    -1.0000  NO  NO   M displacement
  E1 partial -> bloom                yes   yes  NO        0.0000     4.1841    -1.0000  NO  NO   ecosystem depth 0
  E2 resonator -> resonance peaks       yes   yes  NO        0.0000     4.1841    -1.0000  NO  NO   ecosystem depth 0
  E3 noise -> noise wake             yes   yes  NO        0.0000     4.1841    -1.0000  NO  NO   ecosystem depth 0
  E4 feedback -> loop wake           yes   yes  NO        0.0000     4.1841    -1.0000  NO  NO   ecosystem depth 0
  E5 ghost -> ghost bursts           yes   yes  NO        0.0000     4.1841    -1.0000  NO  NO   ecosystem depth 0
  E6.hi ecosystem sync rate high       NO    yes  NO        0.0000     4.1841    -1.0000  NO  NO   side predicate
  E7.hi ecosystem self-affinity high       NO    yes  NO        0.0000     4.1841    -1.0000  NO  NO   side predicate
  D1.1 material Glass                NO    yes  NO        0.0000     0.0000    -1.0000  NO  NO   state-only kind
  D1.2 material Strings              NO    yes  NO        0.0000     0.0000    -1.0000  NO  NO   state-only kind
  D1.3 material MetalPlate           NO    yes  NO        0.0000     0.0000    -1.0000  NO  NO   state-only kind
  D1.4 material Chamber              NO    yes  NO        0.0000     0.0000    -1.0000  NO  NO   state-only kind
  D1.5 material Ice                  NO    yes  NO        0.0000     0.0000    -1.0000  NO  NO   state-only kind
  D1.6 material StoneChamber         yes   yes  NO        0.0000     0.0000    -1.0000  yes NO   state-only kind
  D1.7 material SteelTank            yes   yes  NO        0.0000     0.0000    -1.0000  yes NO   state-only kind
  D1.8 material WoodenHull           NO    yes  NO        0.0000     0.0000    -1.0000  NO  NO   state-only kind
  D1.9 material CathedralColumn       NO    yes  NO        0.0000     0.0000    -1.0000  NO  NO   state-only kind
  D1.10 material CavernWall          NO    yes  NO        0.0000     0.0000    -1.0000  NO  NO   state-only kind
  D1.11 material GlassSphere         NO    yes  NO        0.0000     0.0000    -1.0000  NO  NO   state-only kind
  D2 body blend both heard           yes   yes  NO        0.0000     0.0000    -1.0000  yes NO   state-only kind
  D3.1 noise model Direct            yes   NO   yes       0.0101     0.0000    -1.0000  NO  NO   
  D3.2 noise model FilteredWind       yes   NO   yes       0.0101     0.0000    -1.0000  NO  NO   
  D3.3 noise model GranularDust       yes   NO   yes       0.0101     0.0000    -1.0000  NO  NO   
  D3.4 noise model MetallicHiss       yes   NO   yes       0.0101     0.0000    -1.0000  NO  NO   
  D4.1 noise type White              NO    NO   NO        0.0000     0.0000    -1.0000  NO  NO   state-only kind
  D4.2 noise type Pink               NO    NO   NO        0.0000     0.0000    -1.0000  NO  NO   state-only kind
  D4.3 noise type TapeHiss           NO    NO   NO        0.0000     0.0000    -1.0000  NO  NO   state-only kind
  D4.4 noise type VinylCrackle       NO    NO   NO        0.0000     0.0000    -1.0000  NO  NO   state-only kind
  D4.5 noise type Asperity           NO    NO   NO        0.0000     0.0000    -1.0000  NO  NO   state-only kind
  D4.6 noise type Brown              yes   NO   NO        0.0000     0.0000    -1.0000  NO  NO   state-only kind
  D4.7 noise type Blue               NO    NO   NO        0.0000     0.0000    -1.0000  NO  NO   state-only kind
  D4.8 noise type Violet             NO    NO   NO        0.0000     0.0000    -1.0000  NO  NO   state-only kind
  D4.9 noise type Grey               NO    NO   NO        0.0000     0.0000    -1.0000  NO  NO   state-only kind
  D4.10 noise type Velvet            NO    NO   NO        0.0000     0.0000    -1.0000  NO  NO   state-only kind
  D4.11 noise type VinylRumble       NO    NO   NO        0.0000     0.0000    -1.0000  NO  NO   state-only kind
  D4.12 noise type RadioStatic       NO    NO   NO        0.0000     0.0000    -1.0000  NO  NO   state-only kind
  D5.1 anchor Free                   NO    NO   NO        0.0000     0.0000    -1.0000  NO  NO   state-only kind
  D5.2 anchor Keyed                  NO    NO   NO        0.0000     0.0000    -1.0000  NO  NO   state-only kind
  D5.3 anchor Hybrid                 yes   NO   NO        0.0000     0.0000    -1.0000  NO  NO   state-only kind
  D6.1 loop filter Lowpass           yes   NO   NO        0.0000     0.0000    -1.0000  NO  NO   state-only kind
  D6.2 loop filter Bandpass          NO    NO   NO        0.0000     0.0000    -1.0000  NO  NO   state-only kind
  D6.3 loop filter Highpass          NO    NO   NO        0.0000     0.0000    -1.0000  NO  NO   state-only kind
  D7.1 loudest sub f/2               yes   yes  NO        0.0000     0.0000    -1.0000  yes NO   state-only kind
  D7.2 loudest sub f/4               NO    yes  NO        0.0000     0.0000    -1.0000  NO  NO   state-only kind
  D7.3 loudest sub fifth below       NO    yes  NO        0.0000     0.0000    -1.0000  NO  NO   state-only kind
  D8.1 envelope Standard             yes   yes  NO        0.0000     0.0000    -1.0000  yes NO   state-only kind
  D8.2 envelope Growth               NO    yes  NO        0.0000     0.0000    -1.0000  NO  NO   state-only kind
  D9.1 attack span <= 10 s     PRI   yes   yes  yes       9.6066     4.1841     4.3035  yes yes  
  D9.2 attack span >= 90 s           NO    yes  NO        0.0000     0.0000    -1.0000  NO  NO   state-only kind
  D10.1 freeze holds a field         NO    NO   NO        0.0000     0.0000    -1.0000  NO  NO   state-only kind
  D10.2 freeze off                   yes   yes  NO        0.0000     0.0000    -1.0000  yes NO   state-only kind
  D11 ghost reverse >= 0.5           NO    NO   NO        0.0000     0.0000    -1.0000  NO  NO   state-only kind
  D12.1 ghost event triggers on       NO    NO   NO        0.0000     0.0000    -1.0000  NO  NO   state-only kind
  D12.2 ghost event triggers off       yes   yes  NO        0.0000     0.0000    -1.0000  yes NO   state-only kind
  D13.1 event rate scale <= 0.3       NO    NO   NO        0.0000     4.1841    -1.0000  NO  NO   state false
  D13.2 event rate scale >= 3.0       NO    NO   NO        0.0000     4.1841    -1.0000  NO  NO   state false
  D14.1 breathing depth >= 0.7       NO    yes  NO        0.0000     4.1841    -1.0000  NO  NO   state false
  D14.2 tidal depth >= 0.7           NO    yes  NO        0.0000     4.1841    -1.0000  NO  NO   state false
[sweep] index 38: computing / loading record...

Dead Air (index 38): primary D3.1 noise model Direct, 4 secondaries, s(P) 0.7047
  cell                         claim state conj rend           d      2s(P)     attrib  sec pri  skip
  S1 noise organism                  yes   yes  yes       5.0994     1.4094    -1.0000  yes yes  
  S2 resonance drift                 yes   yes  yes       0.2139     1.4094    -1.0000  NO  NO   
  S3 spectral smear                  yes   yes  yes       0.2382     1.4094    -1.0000  NO  NO   
  S4 feedback ecology                yes   yes  yes       0.2511     1.4094    -1.0000  NO  NO   
  S5 subharmonic                     yes   yes  yes       0.1633     1.4094    -1.0000  NO  NO   
  S6 harmonic bloom                  yes   yes  yes       0.3990     1.4094    -1.0000  NO  NO   
  S7 ecosystem                       yes   yes  NO        0.0000     1.4094    -1.0000  NO  NO   override equals stored
  S8 cavern space                    yes   yes  yes       2.3765     1.4094    -1.0000  yes NO   
  S9 ghost / atmosphere              yes   yes  yes       0.0000     1.4094    -1.0000  NO  NO   
  S10 acoustic body                  yes   yes  yes       0.1472     1.4094    -1.0000  NO  NO   
  M1 Darkness                        NO    yes  NO        0.0000     1.4094    -1.0000  NO  NO   M displacement
  M2 Age                             NO    yes  NO        0.0000     1.4094    -1.0000  NO  NO   M displacement
  M3 Density                         NO    yes  NO        0.0000     1.4094    -1.0000  NO  NO   M displacement
  M4 Movement                        NO    yes  NO        0.0000     1.4094    -1.0000  NO  NO   M displacement
  M5 Gravity                         NO    yes  NO        0.0000     1.4094    -1.0000  NO  NO   M displacement
  M6 Entropy                         NO    yes  NO        0.0000     1.4094    -1.0000  NO  NO   M displacement
  M7 Pressure                        NO    yes  NO        0.0000     1.4094    -1.0000  NO  NO   M displacement
  M8 Weight                          NO    yes  NO        0.0000     1.4094    -1.0000  NO  NO   M displacement
  M9 Fog                             NO    yes  NO        0.0000     1.4094    -1.0000  NO  NO   M displacement
  M10 Life                           NO    yes  NO        0.0000     1.4094    -1.0000  NO  NO   M displacement
  M11 Depth                          NO    yes  NO        0.0000     1.4094    -1.0000  NO  NO   M displacement
  M12 Mass                           NO    yes  NO        0.0000     1.4094    -1.0000  NO  NO   M displacement
  E1 partial -> bloom                yes   yes  NO        0.0000     1.4094    -1.0000  NO  NO   ecosystem depth 0
  E2 resonator -> resonance peaks       yes   yes  NO        0.0000     1.4094    -1.0000  NO  NO   ecosystem depth 0
  E3 noise -> noise wake             yes   yes  NO        0.0000     1.4094    -1.0000  NO  NO   ecosystem depth 0
  E4 feedback -> loop wake           yes   yes  NO        0.0000     1.4094    -1.0000  NO  NO   ecosystem depth 0
  E5 ghost -> ghost bursts           yes   yes  NO        0.0000     1.4094    -1.0000  NO  NO   ecosystem depth 0
  E6.hi ecosystem sync rate high       NO    yes  NO        0.0000     1.4094    -1.0000  NO  NO   side predicate
  E7.hi ecosystem self-affinity high       NO    yes  NO        0.0000     1.4094    -1.0000  NO  NO   side predicate
  D1.1 material Glass                NO    NO   NO        0.0000     0.0000    -1.0000  NO  NO   state-only kind
  D1.2 material Strings              NO    NO   NO        0.0000     0.0000    -1.0000  NO  NO   state-only kind
  D1.3 material MetalPlate           NO    NO   NO        0.0000     0.0000    -1.0000  NO  NO   state-only kind
  D1.4 material Chamber              NO    NO   NO        0.0000     0.0000    -1.0000  NO  NO   state-only kind
  D1.5 material Ice                  NO    NO   NO        0.0000     0.0000    -1.0000  NO  NO   state-only kind
  D1.6 material StoneChamber         yes   NO   NO        0.0000     0.0000    -1.0000  NO  NO   state-only kind
  D1.7 material SteelTank            yes   NO   NO        0.0000     0.0000    -1.0000  NO  NO   state-only kind
  D1.8 material WoodenHull           NO    NO   NO        0.0000     0.0000    -1.0000  NO  NO   state-only kind
  D1.9 material CathedralColumn       NO    NO   NO        0.0000     0.0000    -1.0000  NO  NO   state-only kind
  D1.10 material CavernWall          NO    NO   NO        0.0000     0.0000    -1.0000  NO  NO   state-only kind
  D1.11 material GlassSphere         NO    NO   NO        0.0000     0.0000    -1.0000  NO  NO   state-only kind
  D2 body blend both heard           yes   NO   NO        0.0000     0.0000    -1.0000  NO  NO   state-only kind
  D3.1 noise model Direct      PRI   yes   yes  yes       5.0994     0.0000    -1.0000  yes yes  
  D3.2 noise model FilteredWind       NO    yes  yes       5.0994     0.0000    -1.0000  NO  NO   
  D3.3 noise model GranularDust       NO    yes  yes       5.0994     0.0000    -1.0000  NO  NO   
  D3.4 noise model MetallicHiss       NO    yes  yes       5.0994     0.0000    -1.0000  NO  NO   
  D4.1 noise type White        sec   yes   yes  NO        0.0000     0.0000    -1.0000  yes NO   state-only kind
  D4.2 noise type Pink         sec   yes   yes  NO        0.0000     0.0000    -1.0000  yes NO   state-only kind
  D4.3 noise type TapeHiss     sec   yes   yes  NO        0.0000     0.0000    -1.0000  yes NO   state-only kind
  D4.4 noise type VinylCrackle       NO    yes  NO        0.0000     0.0000    -1.0000  NO  NO   state-only kind
  D4.5 noise type Asperity           NO    yes  NO        0.0000     0.0000    -1.0000  NO  NO   state-only kind
  D4.6 noise type Brown              NO    yes  NO        0.0000     0.0000    -1.0000  NO  NO   state-only kind
  D4.7 noise type Blue               NO    yes  NO        0.0000     0.0000    -1.0000  NO  NO   state-only kind
  D4.8 noise type Violet             NO    yes  NO        0.0000     0.0000    -1.0000  NO  NO   state-only kind
  D4.9 noise type Grey         sec   yes   yes  NO        0.0000     0.0000    -1.0000  yes NO   state-only kind
  D4.10 noise type Velvet            NO    yes  NO        0.0000     0.0000    -1.0000  NO  NO   state-only kind
  D4.11 noise type VinylRumble       NO    yes  NO        0.0000     0.0000    -1.0000  NO  NO   state-only kind
  D4.12 noise type RadioStatic       NO    yes  NO        0.0000     0.0000    -1.0000  NO  NO   state-only kind
  D5.1 anchor Free                   NO    NO   NO        0.0000     0.0000    -1.0000  NO  NO   state-only kind
  D5.2 anchor Keyed                  NO    NO   NO        0.0000     0.0000    -1.0000  NO  NO   state-only kind
  D5.3 anchor Hybrid                 yes   NO   NO        0.0000     0.0000    -1.0000  NO  NO   state-only kind
  D6.1 loop filter Lowpass           yes   NO   NO        0.0000     0.0000    -1.0000  NO  NO   state-only kind
  D6.2 loop filter Bandpass          NO    NO   NO        0.0000     0.0000    -1.0000  NO  NO   state-only kind
  D6.3 loop filter Highpass          NO    NO   NO        0.0000     0.0000    -1.0000  NO  NO   state-only kind
  D7.1 loudest sub f/2               yes   NO   NO        0.0000     0.0000    -1.0000  NO  NO   state-only kind
  D7.2 loudest sub f/4               NO    NO   NO        0.0000     0.0000    -1.0000  NO  NO   state-only kind
  D7.3 loudest sub fifth below       NO    NO   NO        0.0000     0.0000    -1.0000  NO  NO   state-only kind
  D8.1 envelope Standard             yes   yes  NO        0.0000     0.0000    -1.0000  yes NO   state-only kind
  D8.2 envelope Growth               NO    yes  NO        0.0000     0.0000    -1.0000  NO  NO   state-only kind
  D9.1 attack span <= 10 s           NO    yes  NO        0.0000     0.0000    -1.0000  NO  NO   state-only kind
  D9.2 attack span >= 90 s           yes   yes  NO        0.0000     0.0000    -1.0000  yes NO   state-only kind
  D10.1 freeze holds a field         NO    NO   NO        0.0000     0.0000    -1.0000  NO  NO   state-only kind
  D10.2 freeze off                   yes   yes  NO        0.0000     0.0000    -1.0000  yes NO   state-only kind
  D11 ghost reverse >= 0.5           NO    NO   NO        0.0000     0.0000    -1.0000  NO  NO   state-only kind
  D12.1 ghost event triggers on       NO    NO   NO        0.0000     0.0000    -1.0000  NO  NO   state-only kind
  D12.2 ghost event triggers off       yes   yes  NO        0.0000     0.0000    -1.0000  yes NO   state-only kind
  D13.1 event rate scale <= 0.3       NO    NO   NO        0.0000     1.4094    -1.0000  NO  NO   state false
  D13.2 event rate scale >= 3.0       NO    NO   NO        0.0000     1.4094    -1.0000  NO  NO   state false
  D14.1 breathing depth >= 0.7       NO    yes  NO        0.0000     1.4094    -1.0000  NO  NO   state false
  D14.2 tidal depth >= 0.7           NO    yes  NO        0.0000     1.4094    -1.0000  NO  NO   state false
[sweep] index 39: computing / loading record...

Abyssal Wind (index 39): primary D3.2 noise model FilteredWind, 2 secondaries, s(P) 3.9756
  cell                         claim state conj rend           d      2s(P)     attrib  sec pri  skip
  S1 noise organism                  yes   yes  yes       4.6841     7.9512    -1.0000  yes yes  
  S2 resonance drift                 yes   yes  yes       2.8985     7.9512    -1.0000  yes NO   
  S3 spectral smear                  yes   yes  yes       0.5422     7.9512    -1.0000  NO  NO   
  S4 feedback ecology                yes   yes  yes       0.0075     7.9512    -1.0000  NO  NO   
  S5 subharmonic                     yes   yes  yes       3.7032     7.9512    -1.0000  yes NO   
  S6 harmonic bloom                  yes   yes  yes       0.5922     7.9512    -1.0000  NO  NO   
  S7 ecosystem                       yes   yes  NO        0.0000     7.9512    -1.0000  NO  NO   override equals stored
  S8 cavern space                    yes   yes  yes       8.0654     7.9512    -1.0000  yes yes  
  S9 ghost / atmosphere              yes   yes  yes       0.0002     7.9512    -1.0000  NO  NO   
  S10 acoustic body                  yes   yes  yes       9.4463     7.9512    -1.0000  yes yes  
  M1 Darkness                        NO    yes  NO        0.0000     7.9512    -1.0000  NO  NO   M displacement
  M2 Age                             NO    yes  NO        0.0000     7.9512    -1.0000  NO  NO   M displacement
  M3 Density                         NO    yes  NO        0.0000     7.9512    -1.0000  NO  NO   M displacement
  M4 Movement                        NO    yes  NO        0.0000     7.9512    -1.0000  NO  NO   M displacement
  M5 Gravity                         NO    yes  NO        0.0000     7.9512    -1.0000  NO  NO   M displacement
  M6 Entropy                         NO    yes  NO        0.0000     7.9512    -1.0000  NO  NO   M displacement
  M7 Pressure                        NO    yes  NO        0.0000     7.9512    -1.0000  NO  NO   M displacement
  M8 Weight                          NO    yes  NO        0.0000     7.9512    -1.0000  NO  NO   M displacement
  M9 Fog                             NO    yes  NO        0.0000     7.9512    -1.0000  NO  NO   M displacement
  M10 Life                           NO    yes  NO        0.0000     7.9512    -1.0000  NO  NO   M displacement
  M11 Depth                          NO    yes  NO        0.0000     7.9512    -1.0000  NO  NO   M displacement
  M12 Mass                           NO    yes  NO        0.0000     7.9512    -1.0000  NO  NO   M displacement
  E1 partial -> bloom                yes   yes  NO        0.0000     7.9512    -1.0000  NO  NO   ecosystem depth 0
  E2 resonator -> resonance peaks       yes   yes  NO        0.0000     7.9512    -1.0000  NO  NO   ecosystem depth 0
  E3 noise -> noise wake             yes   yes  NO        0.0000     7.9512    -1.0000  NO  NO   ecosystem depth 0
  E4 feedback -> loop wake           yes   yes  NO        0.0000     7.9512    -1.0000  NO  NO   ecosystem depth 0
  E5 ghost -> ghost bursts           yes   yes  NO        0.0000     7.9512    -1.0000  NO  NO   ecosystem depth 0
  E6.hi ecosystem sync rate high       NO    yes  NO        0.0000     7.9512    -1.0000  NO  NO   side predicate
  E7.hi ecosystem self-affinity high       NO    yes  NO        0.0000     7.9512    -1.0000  NO  NO   side predicate
  D1.1 material Glass                NO    yes  NO        0.0000     0.0000    -1.0000  NO  NO   state-only kind
  D1.2 material Strings              NO    yes  NO        0.0000     0.0000    -1.0000  NO  NO   state-only kind
  D1.3 material MetalPlate           NO    yes  NO        0.0000     0.0000    -1.0000  NO  NO   state-only kind
  D1.4 material Chamber              NO    yes  NO        0.0000     0.0000    -1.0000  NO  NO   state-only kind
  D1.5 material Ice                  NO    yes  NO        0.0000     0.0000    -1.0000  NO  NO   state-only kind
  D1.6 material StoneChamber         yes   yes  NO        0.0000     0.0000    -1.0000  yes NO   state-only kind
  D1.7 material SteelTank            yes   yes  NO        0.0000     0.0000    -1.0000  yes NO   state-only kind
  D1.8 material WoodenHull           NO    yes  NO        0.0000     0.0000    -1.0000  NO  NO   state-only kind
  D1.9 material CathedralColumn       NO    yes  NO        0.0000     0.0000    -1.0000  NO  NO   state-only kind
  D1.10 material CavernWall          NO    yes  NO        0.0000     0.0000    -1.0000  NO  NO   state-only kind
  D1.11 material GlassSphere         NO    yes  NO        0.0000     0.0000    -1.0000  NO  NO   state-only kind
  D2 body blend both heard           yes   yes  NO        0.0000     0.0000    -1.0000  yes NO   state-only kind
  D3.1 noise model Direct            NO    yes  yes       4.6841     0.0000    -1.0000  NO  NO   
  D3.2 noise model FilteredWind PRI   yes   yes  yes       4.6841     0.0000    -1.0000  yes yes  
  D3.3 noise model GranularDust       NO    yes  yes       4.6841     0.0000    -1.0000  NO  NO   
  D3.4 noise model MetallicHiss       NO    yes  yes       4.6841     0.0000    -1.0000  NO  NO   
  D4.1 noise type White              NO    yes  NO        0.0000     0.0000    -1.0000  NO  NO   state-only kind
  D4.2 noise type Pink               NO    yes  NO        0.0000     0.0000    -1.0000  NO  NO   state-only kind
  D4.3 noise type TapeHiss           NO    yes  NO        0.0000     0.0000    -1.0000  NO  NO   state-only kind
  D4.4 noise type VinylCrackle       NO    yes  NO        0.0000     0.0000    -1.0000  NO  NO   state-only kind
  D4.5 noise type Asperity           NO    yes  NO        0.0000     0.0000    -1.0000  NO  NO   state-only kind
  D4.6 noise type Brown              NO    yes  NO        0.0000     0.0000    -1.0000  NO  NO   state-only kind
  D4.7 noise type Blue               NO    yes  NO        0.0000     0.0000    -1.0000  NO  NO   state-only kind
  D4.8 noise type Violet             NO    yes  NO        0.0000     0.0000    -1.0000  NO  NO   state-only kind
  D4.9 noise type Grey               NO    yes  NO        0.0000     0.0000    -1.0000  NO  NO   state-only kind
  D4.10 noise type Velvet            NO    yes  NO        0.0000     0.0000    -1.0000  NO  NO   state-only kind
  D4.11 noise type VinylRumble       NO    yes  NO        0.0000     0.0000    -1.0000  NO  NO   state-only kind
  D4.12 noise type RadioStatic       NO    yes  NO        0.0000     0.0000    -1.0000  NO  NO   state-only kind
  D5.1 anchor Free             sec   yes   yes  NO        0.0000     0.0000    -1.0000  yes NO   state-only kind
  D5.2 anchor Keyed                  NO    yes  NO        0.0000     0.0000    -1.0000  NO  NO   state-only kind
  D5.3 anchor Hybrid                 NO    yes  NO        0.0000     0.0000    -1.0000  NO  NO   state-only kind
  D6.1 loop filter Lowpass           yes   NO   NO        0.0000     0.0000    -1.0000  NO  NO   state-only kind
  D6.2 loop filter Bandpass          NO    NO   NO        0.0000     0.0000    -1.0000  NO  NO   state-only kind
  D6.3 loop filter Highpass          NO    NO   NO        0.0000     0.0000    -1.0000  NO  NO   state-only kind
  D7.1 loudest sub f/2               NO    yes  NO        0.0000     0.0000    -1.0000  NO  NO   state-only kind
  D7.2 loudest sub f/4         sec   yes   yes  NO        0.0000     0.0000    -1.0000  yes NO   state-only kind
  D7.3 loudest sub fifth below       NO    yes  NO        0.0000     0.0000    -1.0000  NO  NO   state-only kind
  D8.1 envelope Standard             yes   yes  NO        0.0000     0.0000    -1.0000  yes NO   state-only kind
  D8.2 envelope Growth               NO    yes  NO        0.0000     0.0000    -1.0000  NO  NO   state-only kind
  D9.1 attack span <= 10 s           NO    yes  NO        0.0000     0.0000    -1.0000  NO  NO   state-only kind
  D9.2 attack span >= 90 s           yes   yes  NO        0.0000     0.0000    -1.0000  yes NO   state-only kind
  D10.1 freeze holds a field         NO    NO   NO        0.0000     0.0000    -1.0000  NO  NO   state-only kind
  D10.2 freeze off                   yes   yes  NO        0.0000     0.0000    -1.0000  yes NO   state-only kind
  D11 ghost reverse >= 0.5           NO    NO   NO        0.0000     0.0000    -1.0000  NO  NO   state-only kind
  D12.1 ghost event triggers on       NO    NO   NO        0.0000     0.0000    -1.0000  NO  NO   state-only kind
  D12.2 ghost event triggers off       yes   yes  NO        0.0000     0.0000    -1.0000  yes NO   state-only kind
  D13.1 event rate scale <= 0.3       NO    NO   NO        0.0000     7.9512    -1.0000  NO  NO   state false
  D13.2 event rate scale >= 3.0       NO    NO   NO        0.0000     7.9512    -1.0000  NO  NO   state false
  D14.1 breathing depth >= 0.7       NO    yes  NO        0.0000     7.9512    -1.0000  NO  NO   state false
  D14.2 tidal depth >= 0.7           NO    yes  NO        0.0000     7.9512    -1.0000  NO  NO   state false
[sweep] index 40: computing / loading record...

Spore Drift (index 40): primary D3.3 noise model GranularDust, 2 secondaries, s(P) 3.2400
  cell                         claim state conj rend           d      2s(P)     attrib  sec pri  skip
  S1 noise organism                  yes   yes  yes       1.8135     6.4799    -1.0000  yes NO   
  S2 resonance drift                 yes   yes  yes       0.2008     6.4799    -1.0000  NO  NO   
  S3 spectral smear                  yes   yes  yes       0.8071     6.4799    -1.0000  NO  NO   
  S4 feedback ecology                yes   yes  yes       0.0597     6.4799    -1.0000  NO  NO   
  S5 subharmonic                     yes   yes  yes       0.6109     6.4799    -1.0000  NO  NO   
  S6 harmonic bloom                  yes   yes  yes       0.7122     6.4799    -1.0000  NO  NO   
  S7 ecosystem                       yes   yes  NO        0.0000     6.4799    -1.0000  NO  NO   override equals stored
  S8 cavern space                    yes   yes  yes       6.6465     6.4799    -1.0000  yes yes  
  S9 ghost / atmosphere              yes   yes  yes       0.9555     6.4799    -1.0000  NO  NO   
  S10 acoustic body                  yes   yes  yes      12.8904     6.4799    -1.0000  yes yes  
  M1 Darkness                        NO    yes  NO        0.0000     6.4799    -1.0000  NO  NO   M displacement
  M2 Age                             NO    yes  NO        0.0000     6.4799    -1.0000  NO  NO   M displacement
  M3 Density                         NO    yes  NO        0.0000     6.4799    -1.0000  NO  NO   M displacement
  M4 Movement                        NO    yes  NO        0.0000     6.4799    -1.0000  NO  NO   M displacement
  M5 Gravity                         NO    yes  NO        0.0000     6.4799    -1.0000  NO  NO   M displacement
  M6 Entropy                         NO    yes  NO        0.0000     6.4799    -1.0000  NO  NO   M displacement
  M7 Pressure                        NO    yes  NO        0.0000     6.4799    -1.0000  NO  NO   M displacement
  M8 Weight                          NO    yes  NO        0.0000     6.4799    -1.0000  NO  NO   M displacement
  M9 Fog                             NO    yes  NO        0.0000     6.4799    -1.0000  NO  NO   M displacement
  M10 Life                           NO    yes  NO        0.0000     6.4799    -1.0000  NO  NO   M displacement
  M11 Depth                          NO    yes  NO        0.0000     6.4799    -1.0000  NO  NO   M displacement
  M12 Mass                           NO    yes  NO        0.0000     6.4799    -1.0000  NO  NO   M displacement
  E1 partial -> bloom                yes   yes  NO        0.0000     6.4799    -1.0000  NO  NO   ecosystem depth 0
  E2 resonator -> resonance peaks       yes   yes  NO        0.0000     6.4799    -1.0000  NO  NO   ecosystem depth 0
  E3 noise -> noise wake             yes   yes  NO        0.0000     6.4799    -1.0000  NO  NO   ecosystem depth 0
  E4 feedback -> loop wake           yes   yes  NO        0.0000     6.4799    -1.0000  NO  NO   ecosystem depth 0
  E5 ghost -> ghost bursts           yes   yes  NO        0.0000     6.4799    -1.0000  NO  NO   ecosystem depth 0
  E6.hi ecosystem sync rate high       NO    yes  NO        0.0000     6.4799    -1.0000  NO  NO   side predicate
  E7.hi ecosystem self-affinity high       NO    yes  NO        0.0000     6.4799    -1.0000  NO  NO   side predicate
  D1.1 material Glass                NO    yes  NO        0.0000     0.0000    -1.0000  NO  NO   state-only kind
  D1.2 material Strings              NO    yes  NO        0.0000     0.0000    -1.0000  NO  NO   state-only kind
  D1.3 material MetalPlate           NO    yes  NO        0.0000     0.0000    -1.0000  NO  NO   state-only kind
  D1.4 material Chamber              NO    yes  NO        0.0000     0.0000    -1.0000  NO  NO   state-only kind
  D1.5 material Ice                  NO    yes  NO        0.0000     0.0000    -1.0000  NO  NO   state-only kind
  D1.6 material StoneChamber         yes   yes  NO        0.0000     0.0000    -1.0000  yes NO   state-only kind
  D1.7 material SteelTank            yes   yes  NO        0.0000     0.0000    -1.0000  yes NO   state-only kind
  D1.8 material WoodenHull           NO    yes  NO        0.0000     0.0000    -1.0000  NO  NO   state-only kind
  D1.9 material CathedralColumn       NO    yes  NO        0.0000     0.0000    -1.0000  NO  NO   state-only kind
  D1.10 material CavernWall          NO    yes  NO        0.0000     0.0000    -1.0000  NO  NO   state-only kind
  D1.11 material GlassSphere         NO    yes  NO        0.0000     0.0000    -1.0000  NO  NO   state-only kind
  D2 body blend both heard           yes   yes  NO        0.0000     0.0000    -1.0000  yes NO   state-only kind
  D3.1 noise model Direct            NO    yes  yes       1.8135     0.0000    -1.0000  NO  NO   
  D3.2 noise model FilteredWind       NO    yes  yes       1.8135     0.0000    -1.0000  NO  NO   
  D3.3 noise model GranularDust PRI   yes   yes  yes       1.8135     0.0000    -1.0000  yes NO   
  D3.4 noise model MetallicHiss       NO    yes  yes       1.8135     0.0000    -1.0000  NO  NO   
  D4.1 noise type White              NO    yes  NO        0.0000     0.0000    -1.0000  NO  NO   state-only kind
  D4.2 noise type Pink               NO    yes  NO        0.0000     0.0000    -1.0000  NO  NO   state-only kind
  D4.3 noise type TapeHiss           NO    yes  NO        0.0000     0.0000    -1.0000  NO  NO   state-only kind
  D4.4 noise type VinylCrackle       NO    yes  NO        0.0000     0.0000    -1.0000  NO  NO   state-only kind
  D4.5 noise type Asperity           NO    yes  NO        0.0000     0.0000    -1.0000  NO  NO   state-only kind
  D4.6 noise type Brown              NO    yes  NO        0.0000     0.0000    -1.0000  NO  NO   state-only kind
  D4.7 noise type Blue               NO    yes  NO        0.0000     0.0000    -1.0000  NO  NO   state-only kind
  D4.8 noise type Violet             NO    yes  NO        0.0000     0.0000    -1.0000  NO  NO   state-only kind
  D4.9 noise type Grey               NO    yes  NO        0.0000     0.0000    -1.0000  NO  NO   state-only kind
  D4.10 noise type Velvet            NO    yes  NO        0.0000     0.0000    -1.0000  NO  NO   state-only kind
  D4.11 noise type VinylRumble       NO    yes  NO        0.0000     0.0000    -1.0000  NO  NO   state-only kind
  D4.12 noise type RadioStatic       NO    yes  NO        0.0000     0.0000    -1.0000  NO  NO   state-only kind
  D5.1 anchor Free                   NO    NO   NO        0.0000     0.0000    -1.0000  NO  NO   state-only kind
  D5.2 anchor Keyed                  NO    NO   NO        0.0000     0.0000    -1.0000  NO  NO   state-only kind
  D5.3 anchor Hybrid                 yes   NO   NO        0.0000     0.0000    -1.0000  NO  NO   state-only kind
  D6.1 loop filter Lowpass           yes   NO   NO        0.0000     0.0000    -1.0000  NO  NO   state-only kind
  D6.2 loop filter Bandpass    sec   yes   NO   NO        0.0000     0.0000    -1.0000  NO  NO   state-only kind
  D6.3 loop filter Highpass          NO    NO   NO        0.0000     0.0000    -1.0000  NO  NO   state-only kind
  D7.1 loudest sub f/2               yes   NO   NO        0.0000     0.0000    -1.0000  NO  NO   state-only kind
  D7.2 loudest sub f/4               NO    NO   NO        0.0000     0.0000    -1.0000  NO  NO   state-only kind
  D7.3 loudest sub fifth below       NO    NO   NO        0.0000     0.0000    -1.0000  NO  NO   state-only kind
  D8.1 envelope Standard             yes   yes  NO        0.0000     0.0000    -1.0000  yes NO   state-only kind
  D8.2 envelope Growth               NO    yes  NO        0.0000     0.0000    -1.0000  NO  NO   state-only kind
  D9.1 attack span <= 10 s           NO    yes  NO        0.0000     0.0000    -1.0000  NO  NO   state-only kind
  D9.2 attack span >= 90 s           yes   yes  NO        0.0000     0.0000    -1.0000  yes NO   state-only kind
  D10.1 freeze holds a field         NO    NO   NO        0.0000     0.0000    -1.0000  NO  NO   state-only kind
  D10.2 freeze off                   yes   yes  NO        0.0000     0.0000    -1.0000  yes NO   state-only kind
  D11 ghost reverse >= 0.5     sec   yes   NO   NO        0.0000     0.0000    -1.0000  NO  NO   state-only kind
  D12.1 ghost event triggers on       NO    NO   NO        0.0000     0.0000    -1.0000  NO  NO   state-only kind
  D12.2 ghost event triggers off       yes   yes  NO        0.0000     0.0000    -1.0000  yes NO   state-only kind
  D13.1 event rate scale <= 0.3       NO    NO   NO        0.0000     6.4799    -1.0000  NO  NO   state false
  D13.2 event rate scale >= 3.0       NO    NO   NO        0.0000     6.4799    -1.0000  NO  NO   state false
  D14.1 breathing depth >= 0.7       NO    yes  NO        0.0000     6.4799    -1.0000  NO  NO   state false
  D14.2 tidal depth >= 0.7           NO    yes  NO        0.0000     6.4799    -1.0000  NO  NO   state false
F:\projects\iterum\plugins\vorago\tests\integration\preset_sweep_test.cpp(1203): FAILED:
  CHECK( VoragoTest::verifiedAt(o, primary, ClaimRole::Primary) )
with expansion:
  false
with message:
  Spore Drift primary D3.3 noise model GranularDust: d 1.81345, 2s(P) 0, attrib
  -1, skip []

F:\projects\iterum\plugins\vorago\tests\integration\preset_sweep_test.cpp(1210): FAILED:
  CHECK( VoragoTest::verifiedAt(o, c, ClaimRole::Secondary) )
with expansion:
  false
with message:
  Spore Drift secondary D11 ghost reverse >= 0.5: d 0, 2s(P) 0, attrib -1, skip
  [state-only kind]

F:\projects\iterum\plugins\vorago\tests\integration\preset_sweep_test.cpp(1210): FAILED:
  CHECK( VoragoTest::verifiedAt(o, c, ClaimRole::Secondary) )
with expansion:
  false
with message:
  Spore Drift secondary D6.2 loop filter Bandpass: d 0, 2s(P) 0, attrib -1,
  skip [state-only kind]

[sweep] index 41: computing / loading record...

Steam Vent (index 41): primary D3.4 noise model MetallicHiss, 2 secondaries, s(P) 1.9035
  cell                         claim state conj rend           d      2s(P)     attrib  sec pri  skip
  S1 noise organism                  yes   yes  yes       5.8003     3.8070    -1.0000  yes yes  
  S2 resonance drift                 yes   yes  yes       0.9820     3.8070    -1.0000  NO  NO   
  S3 spectral smear                  yes   yes  yes       2.1605     3.8070    -1.0000  yes NO   
  S4 feedback ecology                yes   yes  yes       0.4261     3.8070    -1.0000  NO  NO   
  S5 subharmonic                     yes   yes  yes       1.3380     3.8070    -1.0000  NO  NO   
  S6 harmonic bloom                  yes   yes  yes       0.2649     3.8070    -1.0000  NO  NO   
  S7 ecosystem                       yes   yes  NO        0.0000     3.8070    -1.0000  NO  NO   override equals stored
  S8 cavern space                    yes   yes  yes       0.8865     3.8070    -1.0000  NO  NO   
  S9 ghost / atmosphere              yes   yes  yes       0.8945     3.8070    -1.0000  NO  NO   
  S10 acoustic body                  yes   yes  yes      11.8413     3.8070    -1.0000  yes yes  
  M1 Darkness                        NO    yes  NO        0.0000     3.8070    -1.0000  NO  NO   M displacement
  M2 Age                             NO    yes  NO        0.0000     3.8070    -1.0000  NO  NO   M displacement
  M3 Density                         NO    yes  NO        0.0000     3.8070    -1.0000  NO  NO   M displacement
  M4 Movement                        NO    yes  NO        0.0000     3.8070    -1.0000  NO  NO   M displacement
  M5 Gravity                         NO    yes  NO        0.0000     3.8070    -1.0000  NO  NO   M displacement
  M6 Entropy                         NO    yes  NO        0.0000     3.8070    -1.0000  NO  NO   M displacement
  M7 Pressure                        NO    yes  NO        0.0000     3.8070    -1.0000  NO  NO   M displacement
  M8 Weight                          NO    yes  NO        0.0000     3.8070    -1.0000  NO  NO   M displacement
  M9 Fog                             NO    yes  NO        0.0000     3.8070    -1.0000  NO  NO   M displacement
  M10 Life                           NO    yes  NO        0.0000     3.8070    -1.0000  NO  NO   M displacement
  M11 Depth                          NO    yes  NO        0.0000     3.8070    -1.0000  NO  NO   M displacement
  M12 Mass                           NO    yes  NO        0.0000     3.8070    -1.0000  NO  NO   M displacement
  E1 partial -> bloom                yes   yes  NO        0.0000     3.8070    -1.0000  NO  NO   ecosystem depth 0
  E2 resonator -> resonance peaks       yes   yes  NO        0.0000     3.8070    -1.0000  NO  NO   ecosystem depth 0
  E3 noise -> noise wake             yes   yes  NO        0.0000     3.8070    -1.0000  NO  NO   ecosystem depth 0
  E4 feedback -> loop wake           yes   yes  NO        0.0000     3.8070    -1.0000  NO  NO   ecosystem depth 0
  E5 ghost -> ghost bursts           yes   yes  NO        0.0000     3.8070    -1.0000  NO  NO   ecosystem depth 0
  E6.hi ecosystem sync rate high       NO    yes  NO        0.0000     3.8070    -1.0000  NO  NO   side predicate
  E7.hi ecosystem self-affinity high       NO    yes  NO        0.0000     3.8070    -1.0000  NO  NO   side predicate
  D1.1 material Glass                NO    yes  NO        0.0000     0.0000    -1.0000  NO  NO   state-only kind
  D1.2 material Strings              NO    yes  NO        0.0000     0.0000    -1.0000  NO  NO   state-only kind
  D1.3 material MetalPlate           NO    yes  NO        0.0000     0.0000    -1.0000  NO  NO   state-only kind
  D1.4 material Chamber              NO    yes  NO        0.0000     0.0000    -1.0000  NO  NO   state-only kind
  D1.5 material Ice                  NO    yes  NO        0.0000     0.0000    -1.0000  NO  NO   state-only kind
  D1.6 material StoneChamber         yes   yes  NO        0.0000     0.0000    -1.0000  yes NO   state-only kind
  D1.7 material SteelTank            yes   yes  NO        0.0000     0.0000    -1.0000  yes NO   state-only kind
  D1.8 material WoodenHull           NO    yes  NO        0.0000     0.0000    -1.0000  NO  NO   state-only kind
  D1.9 material CathedralColumn       NO    yes  NO        0.0000     0.0000    -1.0000  NO  NO   state-only kind
  D1.10 material CavernWall          NO    yes  NO        0.0000     0.0000    -1.0000  NO  NO   state-only kind
  D1.11 material GlassSphere         NO    yes  NO        0.0000     0.0000    -1.0000  NO  NO   state-only kind
  D2 body blend both heard           yes   yes  NO        0.0000     0.0000    -1.0000  yes NO   state-only kind
  D3.1 noise model Direct            NO    yes  yes       5.8003     0.0000    -1.0000  NO  NO   
  D3.2 noise model FilteredWind       NO    yes  yes       5.8003     0.0000    -1.0000  NO  NO   
  D3.3 noise model GranularDust       NO    yes  yes       5.8003     0.0000    -1.0000  NO  NO   
  D3.4 noise model MetallicHiss PRI   yes   yes  yes       5.8003     0.0000    -1.0000  yes yes  
  D4.1 noise type White              NO    yes  NO        0.0000     0.0000    -1.0000  NO  NO   state-only kind
  D4.2 noise type Pink               NO    yes  NO        0.0000     0.0000    -1.0000  NO  NO   state-only kind
  D4.3 noise type TapeHiss           NO    yes  NO        0.0000     0.0000    -1.0000  NO  NO   state-only kind
  D4.4 noise type VinylCrackle       NO    yes  NO        0.0000     0.0000    -1.0000  NO  NO   state-only kind
  D4.5 noise type Asperity           NO    yes  NO        0.0000     0.0000    -1.0000  NO  NO   state-only kind
  D4.6 noise type Brown              NO    yes  NO        0.0000     0.0000    -1.0000  NO  NO   state-only kind
  D4.7 noise type Blue               NO    yes  NO        0.0000     0.0000    -1.0000  NO  NO   state-only kind
  D4.8 noise type Violet             NO    yes  NO        0.0000     0.0000    -1.0000  NO  NO   state-only kind
  D4.9 noise type Grey               NO    yes  NO        0.0000     0.0000    -1.0000  NO  NO   state-only kind
  D4.10 noise type Velvet            NO    yes  NO        0.0000     0.0000    -1.0000  NO  NO   state-only kind
  D4.11 noise type VinylRumble       NO    yes  NO        0.0000     0.0000    -1.0000  NO  NO   state-only kind
  D4.12 noise type RadioStatic       NO    yes  NO        0.0000     0.0000    -1.0000  NO  NO   state-only kind
  D5.1 anchor Free                   NO    NO   NO        0.0000     0.0000    -1.0000  NO  NO   state-only kind
  D5.2 anchor Keyed                  NO    NO   NO        0.0000     0.0000    -1.0000  NO  NO   state-only kind
  D5.3 anchor Hybrid                 yes   NO   NO        0.0000     0.0000    -1.0000  NO  NO   state-only kind
  D6.1 loop filter Lowpass           yes   NO   NO        0.0000     0.0000    -1.0000  NO  NO   state-only kind
  D6.2 loop filter Bandpass          NO    NO   NO        0.0000     0.0000    -1.0000  NO  NO   state-only kind
  D6.3 loop filter Highpass    sec   yes   NO   NO        0.0000     0.0000    -1.0000  NO  NO   state-only kind
  D7.1 loudest sub f/2               NO    NO   NO        0.0000     0.0000    -1.0000  NO  NO   state-only kind
  D7.2 loudest sub f/4         sec   yes   NO   NO        0.0000     0.0000    -1.0000  NO  NO   state-only kind
  D7.3 loudest sub fifth below       NO    NO   NO        0.0000     0.0000    -1.0000  NO  NO   state-only kind
  D8.1 envelope Standard             yes   yes  NO        0.0000     0.0000    -1.0000  yes NO   state-only kind
  D8.2 envelope Growth               NO    yes  NO        0.0000     0.0000    -1.0000  NO  NO   state-only kind
  D9.1 attack span <= 10 s           NO    yes  NO        0.0000     0.0000    -1.0000  NO  NO   state-only kind
  D9.2 attack span >= 90 s           yes   yes  NO        0.0000     0.0000    -1.0000  yes NO   state-only kind
  D10.1 freeze holds a field         NO    NO   NO        0.0000     0.0000    -1.0000  NO  NO   state-only kind
  D10.2 freeze off                   yes   yes  NO        0.0000     0.0000    -1.0000  yes NO   state-only kind
  D11 ghost reverse >= 0.5           NO    NO   NO        0.0000     0.0000    -1.0000  NO  NO   state-only kind
  D12.1 ghost event triggers on       NO    NO   NO        0.0000     0.0000    -1.0000  NO  NO   state-only kind
  D12.2 ghost event triggers off       yes   yes  NO        0.0000     0.0000    -1.0000  yes NO   state-only kind
  D13.1 event rate scale <= 0.3       NO    NO   NO        0.0000     3.8070    -1.0000  NO  NO   state false
  D13.2 event rate scale >= 3.0       NO    NO   NO        0.0000     3.8070    -1.0000  NO  NO   state false
  D14.1 breathing depth >= 0.7       NO    yes  NO        0.0000     3.8070    -1.0000  NO  NO   state false
  D14.2 tidal depth >= 0.7           NO    yes  NO        0.0000     3.8070    -1.0000  NO  NO   state false
F:\projects\iterum\plugins\vorago\tests\integration\preset_sweep_test.cpp(1210): FAILED:
  CHECK( VoragoTest::verifiedAt(o, c, ClaimRole::Secondary) )
with expansion:
  false
with message:
  Steam Vent secondary D6.3 loop filter Highpass: d 0, 2s(P) 0, attrib -1, skip
  [state-only kind]

F:\projects\iterum\plugins\vorago\tests\integration\preset_sweep_test.cpp(1210): FAILED:
  CHECK( VoragoTest::verifiedAt(o, c, ClaimRole::Secondary) )
with expansion:
  false
with message:
  Steam Vent secondary D7.2 loudest sub f/4: d 0, 2s(P) 0, attrib -1, skip
  [state-only kind]

[sweep] index 42: computing / loading record...

<default surface> (index 42): primary <none>, 0 secondaries, s(P) 1.0209
  cell                         claim state conj rend           d      2s(P)     attrib  sec pri  skip
  S1 noise organism                  yes   yes  yes       0.6529     2.0419    -1.0000  NO  NO   
  S2 resonance drift                 yes   yes  yes       1.5411     2.0419    -1.0000  yes NO   
  S3 spectral smear                  yes   yes  yes       0.2502     2.0419    -1.0000  NO  NO   
  S4 feedback ecology                yes   yes  yes       0.0130     2.0419    -1.0000  NO  NO   
  S5 subharmonic                     yes   yes  yes       0.5953     2.0419    -1.0000  NO  NO   
  S6 harmonic bloom                  yes   yes  yes       0.5115     2.0419    -1.0000  NO  NO   
  S7 ecosystem                       yes   yes  yes       5.7457     2.0419    -1.0000  yes yes  
  S8 cavern space                    yes   yes  yes      10.5413     2.0419    -1.0000  yes yes  
  S9 ghost / atmosphere              yes   yes  yes       3.7884     2.0419    -1.0000  yes NO   
  S10 acoustic body                  yes   yes  yes      10.1024     2.0419    -1.0000  yes yes  
  M1 Darkness                        NO    yes  NO        0.0000     2.0419    -1.0000  NO  NO   M displacement
  M2 Age                             NO    yes  NO        0.0000     2.0419    -1.0000  NO  NO   M displacement
  M3 Density                         NO    yes  NO        0.0000     2.0419    -1.0000  NO  NO   M displacement
  M4 Movement                        NO    yes  NO        0.0000     2.0419    -1.0000  NO  NO   M displacement
  M5 Gravity                         NO    yes  NO        0.0000     2.0419    -1.0000  NO  NO   M displacement
  M6 Entropy                         NO    yes  NO        0.0000     2.0419    -1.0000  NO  NO   M displacement
  M7 Pressure                        NO    yes  NO        0.0000     2.0419    -1.0000  NO  NO   M displacement
  M8 Weight                          NO    yes  NO        0.0000     2.0419    -1.0000  NO  NO   M displacement
  M9 Fog                             NO    yes  NO        0.0000     2.0419    -1.0000  NO  NO   M displacement
  M10 Life                           NO    yes  NO        0.0000     2.0419    -1.0000  NO  NO   M displacement
  M11 Depth                          NO    yes  NO        0.0000     2.0419    -1.0000  NO  NO   M displacement
  M12 Mass                           NO    yes  NO        0.0000     2.0419    -1.0000  NO  NO   M displacement
  E1 partial -> bloom                yes   yes  yes       1.2698     7.0629     0.2869  NO  NO   
  E2 resonator -> resonance peaks       yes   yes  yes       1.9479     5.7973     0.2869  yes NO   
  E3 noise -> noise wake             yes   yes  yes       0.4121     6.9632     0.2869  NO  NO   
  E4 feedback -> loop wake           yes   yes  yes       0.2830     5.9952     0.2869  NO  NO   
  E5 ghost -> ghost bursts           yes   yes  yes       5.7800     3.1147     0.2869  yes yes  
  E6.hi ecosystem sync rate high       NO    yes  NO        0.0000     2.0419    -1.0000  NO  NO   side predicate
  E7.hi ecosystem self-affinity high       NO    yes  NO        0.0000     2.0419    -1.0000  NO  NO   side predicate
  D1.1 material Glass                NO    yes  NO        0.0000     0.0000    -1.0000  NO  NO   state-only kind
  D1.2 material Strings              NO    yes  NO        0.0000     0.0000    -1.0000  NO  NO   state-only kind
  D1.3 material MetalPlate           NO    yes  NO        0.0000     0.0000    -1.0000  NO  NO   state-only kind
  D1.4 material Chamber              NO    yes  NO        0.0000     0.0000    -1.0000  NO  NO   state-only kind
  D1.5 material Ice                  NO    yes  NO        0.0000     0.0000    -1.0000  NO  NO   state-only kind
  D1.6 material StoneChamber         yes   yes  NO        0.0000     0.0000    -1.0000  yes NO   state-only kind
  D1.7 material SteelTank            yes   yes  NO        0.0000     0.0000    -1.0000  yes NO   state-only kind
  D1.8 material WoodenHull           NO    yes  NO        0.0000     0.0000    -1.0000  NO  NO   state-only kind
  D1.9 material CathedralColumn       NO    yes  NO        0.0000     0.0000    -1.0000  NO  NO   state-only kind
  D1.10 material CavernWall          NO    yes  NO        0.0000     0.0000    -1.0000  NO  NO   state-only kind
  D1.11 material GlassSphere         NO    yes  NO        0.0000     0.0000    -1.0000  NO  NO   state-only kind
  D2 body blend both heard           yes   yes  NO        0.0000     0.0000    -1.0000  yes NO   state-only kind
  D3.1 noise model Direct            yes   NO   yes       0.6529     0.0000    -1.0000  NO  NO   
  D3.2 noise model FilteredWind       yes   NO   yes       0.6529     0.0000    -1.0000  NO  NO   
  D3.3 noise model GranularDust       yes   NO   yes       0.6529     0.0000    -1.0000  NO  NO   
  D3.4 noise model MetallicHiss       yes   NO   yes       0.6529     0.0000    -1.0000  NO  NO   
  D4.1 noise type White              NO    NO   NO        0.0000     0.0000    -1.0000  NO  NO   state-only kind
  D4.2 noise type Pink               NO    NO   NO        0.0000     0.0000    -1.0000  NO  NO   state-only kind
  D4.3 noise type TapeHiss           NO    NO   NO        0.0000     0.0000    -1.0000  NO  NO   state-only kind
  D4.4 noise type VinylCrackle       NO    NO   NO        0.0000     0.0000    -1.0000  NO  NO   state-only kind
  D4.5 noise type Asperity           NO    NO   NO        0.0000     0.0000    -1.0000  NO  NO   state-only kind
  D4.6 noise type Brown              yes   NO   NO        0.0000     0.0000    -1.0000  NO  NO   state-only kind
  D4.7 noise type Blue               NO    NO   NO        0.0000     0.0000    -1.0000  NO  NO   state-only kind
  D4.8 noise type Violet             NO    NO   NO        0.0000     0.0000    -1.0000  NO  NO   state-only kind
  D4.9 noise type Grey               NO    NO   NO        0.0000     0.0000    -1.0000  NO  NO   state-only kind
  D4.10 noise type Velvet            NO    NO   NO        0.0000     0.0000    -1.0000  NO  NO   state-only kind
  D4.11 noise type VinylRumble       NO    NO   NO        0.0000     0.0000    -1.0000  NO  NO   state-only kind
  D4.12 noise type RadioStatic       NO    NO   NO        0.0000     0.0000    -1.0000  NO  NO   state-only kind
  D5.1 anchor Free                   NO    yes  NO        0.0000     0.0000    -1.0000  NO  NO   state-only kind
  D5.2 anchor Keyed                  NO    yes  NO        0.0000     0.0000    -1.0000  NO  NO   state-only kind
  D5.3 anchor Hybrid                 yes   yes  NO        0.0000     0.0000    -1.0000  yes NO   state-only kind
  D6.1 loop filter Lowpass           yes   NO   NO        0.0000     0.0000    -1.0000  NO  NO   state-only kind
  D6.2 loop filter Bandpass          NO    NO   NO        0.0000     0.0000    -1.0000  NO  NO   state-only kind
  D6.3 loop filter Highpass          NO    NO   NO        0.0000     0.0000    -1.0000  NO  NO   state-only kind
  D7.1 loudest sub f/2               yes   NO   NO        0.0000     0.0000    -1.0000  NO  NO   state-only kind
  D7.2 loudest sub f/4               NO    NO   NO        0.0000     0.0000    -1.0000  NO  NO   state-only kind
  D7.3 loudest sub fifth below       NO    NO   NO        0.0000     0.0000    -1.0000  NO  NO   state-only kind
  D8.1 envelope Standard             yes   yes  NO        0.0000     0.0000    -1.0000  yes NO   state-only kind
  D8.2 envelope Growth               NO    yes  NO        0.0000     0.0000    -1.0000  NO  NO   state-only kind
  D9.1 attack span <= 10 s           NO    yes  NO        0.0000     0.0000    -1.0000  NO  NO   state-only kind
  D9.2 attack span >= 90 s           yes   yes  NO        0.0000     0.0000    -1.0000  yes NO   state-only kind
  D10.1 freeze holds a field         NO    NO   NO        0.0000     0.0000    -1.0000  NO  NO   state-only kind
  D10.2 freeze off                   yes   yes  NO        0.0000     0.0000    -1.0000  yes NO   state-only kind
  D11 ghost reverse >= 0.5           NO    yes  NO        0.0000     0.0000    -1.0000  NO  NO   state-only kind
  D12.1 ghost event triggers on       NO    yes  NO        0.0000     0.0000    -1.0000  NO  NO   state-only kind
  D12.2 ghost event triggers off       yes   yes  NO        0.0000     0.0000    -1.0000  yes NO   state-only kind
  D13.1 event rate scale <= 0.3       NO    yes  NO        0.0000     2.0419    -1.0000  NO  NO   state false
  D13.2 event rate scale >= 3.0       NO    yes  NO        0.0000     2.0419    -1.0000  NO  NO   state false
  D14.1 breathing depth >= 0.7       NO    yes  NO        0.0000     2.0419    -1.0000  NO  NO   state false
  D14.2 tidal depth >= 0.7           NO    yes  NO        0.0000     2.0419    -1.0000  NO  NO   state false
  (default surface: vector recorded, no claims)
shard 0/1: 42 of 42 indices (N = 42)

=== Vorago_PresetSweep_RendersAreReproducible (FR-038, SC-015) ===
[sweep] index 0: computing / loading record...
Wind Through Basalt (index 0): two fresh hosts over [0, 220.00 s], withinTolerance per channel: yes
[sweep] index 1: computing / loading record...
Resonant Shaft (index 1): two fresh hosts over [0, 220.00 s], withinTolerance per channel: yes
[sweep] index 2: computing / loading record...
Smeared Horizon (index 2): two fresh hosts over [0, 220.00 s], withinTolerance per channel: yes
[sweep] index 3: computing / loading record...
Feedback Mire (index 3): two fresh hosts over [0, 220.00 s], withinTolerance per channel: yes
[sweep] index 4: computing / loading record...
Tectonic Floor (index 4): two fresh hosts over [0, 220.00 s], withinTolerance per channel: yes
[sweep] index 5: computing / loading record...
Slow Bloom (index 5): two fresh hosts over [0, 180.00 s], withinTolerance per channel: yes
[sweep] index 6: computing / loading record...
Colony Pulse (index 6): two fresh hosts over [0, 220.00 s], withinTolerance per channel: yes
[sweep] index 7: computing / loading record...
Cathedral Void (index 7): two fresh hosts over [0, 220.00 s], withinTolerance per channel: yes
[sweep] index 8: computing / loading record...
Choir of Absence (index 8): two fresh hosts over [0, 220.00 s], withinTolerance per channel: yes
[sweep] index 9: computing / loading record...
Hull Resonance (index 9): two fresh hosts over [0, 220.00 s], withinTolerance per channel: yes
[sweep] index 10: computing / loading record...
Lightless (index 10): two fresh hosts over [0, 220.00 s], withinTolerance per channel: yes
[sweep] index 11: computing / loading record...
Erosion (index 11): two fresh hosts over [0, 220.00 s], withinTolerance per channel: yes
[sweep] index 12: computing / loading record...
Crowded Dark (index 12): two fresh hosts over [0, 220.00 s], withinTolerance per channel: yes
[sweep] index 13: computing / loading record...
Drifting Strata (index 13): two fresh hosts over [0, 220.00 s], withinTolerance per channel: yes
[sweep] index 14: computing / loading record...
Stone Gravity (index 14): two fresh hosts over [0, 220.00 s], withinTolerance per channel: yes
[sweep] index 15: computing / loading record...
Entropic Hum (index 15): two fresh hosts over [0, 220.00 s], withinTolerance per channel: yes
[sweep] index 16: computing / loading record...
Pressure Front (index 16): two fresh hosts over [0, 220.00 s], withinTolerance per channel: yes
[sweep] index 17: computing / loading record...
Weighted Deep (index 17): two fresh hosts over [0, 220.00 s], withinTolerance per channel: yes
[sweep] index 18: computing / loading record...
Fogbound (index 18): two fresh hosts over [0, 220.00 s], withinTolerance per channel: yes
[sweep] index 19: computing / loading record...
Teeming (index 19): two fresh hosts over [0, 220.00 s], withinTolerance per channel: yes
[sweep] index 20: computing / loading record...
Endless Descent (index 20): two fresh hosts over [0, 220.00 s], withinTolerance per channel: yes
[sweep] index 21: computing / loading record...
Monolith (index 21): two fresh hosts over [0, 220.00 s], withinTolerance per channel: yes
[sweep] index 22: computing / loading record...
Bloom Colony (index 22): two fresh hosts over [0, 220.00 s], withinTolerance per channel: yes
[sweep] index 23: computing / loading record...
Singing Colony (index 23): two fresh hosts over [0, 220.00 s], withinTolerance per channel: yes
[sweep] index 24: computing / loading record...
Swarm Breath (index 24): two fresh hosts over [0, 220.00 s], withinTolerance per channel: yes
[sweep] index 25: computing / loading record...
Feeding Loops (index 25): two fresh hosts over [0, 220.00 s], withinTolerance per channel: yes
[sweep] index 26: computing / loading record...
Haunted Colony (index 26): two fresh hosts over [0, 220.00 s], withinTolerance per channel: yes
[sweep] index 27: computing / loading record...
Growth Ring (index 27): two fresh hosts over [0, 125.00 s], withinTolerance per channel: yes
[sweep] index 28: computing / loading record...
Glass Well (index 28): two fresh hosts over [0, 220.00 s], withinTolerance per channel: yes
[sweep] index 29: computing / loading record...
Strung Abyss (index 29): two fresh hosts over [0, 220.00 s], withinTolerance per channel: yes
[sweep] index 30: computing / loading record...
Iron Plate (index 30): two fresh hosts over [0, 220.00 s], withinTolerance per channel: yes
[sweep] index 31: computing / loading record...
Chamber Drone (index 31): two fresh hosts over [0, 220.00 s], withinTolerance per channel: yes
[sweep] index 32: computing / loading record...
Ice Shelf (index 32): two fresh hosts over [0, 220.00 s], withinTolerance per channel: yes
[sweep] index 33: computing / loading record...
Hull Ark (index 33): two fresh hosts over [0, 220.00 s], withinTolerance per channel: yes
[sweep] index 34: computing / loading record...
Column Hymn (index 34): two fresh hosts over [0, 220.00 s], withinTolerance per channel: yes
[sweep] index 35: computing / loading record...
Cavern Wall (index 35): two fresh hosts over [0, 220.00 s], withinTolerance per channel: yes
[sweep] index 36: computing / loading record...
Glass Sphere (index 36): two fresh hosts over [0, 220.00 s], withinTolerance per channel: yes
[sweep] index 37: computing / loading record...
Sudden Chasm (index 37): two fresh hosts over [0, 74.00 s], withinTolerance per channel: yes
[sweep] index 38: computing / loading record...
Dead Air (index 38): two fresh hosts over [0, 220.00 s], withinTolerance per channel: yes
[sweep] index 39: computing / loading record...
Abyssal Wind (index 39): two fresh hosts over [0, 220.00 s], withinTolerance per channel: yes
[sweep] index 40: computing / loading record...
Spore Drift (index 40): two fresh hosts over [0, 220.00 s], withinTolerance per channel: yes
[sweep] index 41: computing / loading record...
Steam Vent (index 41): two fresh hosts over [0, 220.00 s], withinTolerance per channel: yes
[aggregate] index 0: computing / loading record...
[aggregate] index 1: computing / loading record...
[aggregate] index 2: computing / loading record...
[aggregate] index 3: computing / loading record...
[aggregate] index 4: computing / loading record...
[aggregate] index 5: computing / loading record...
[aggregate] index 6: computing / loading record...
[aggregate] index 7: computing / loading record...
[aggregate] index 8: computing / loading record...
[aggregate] index 9: computing / loading record...
[aggregate] index 10: computing / loading record...
[aggregate] index 11: computing / loading record...
[aggregate] index 12: computing / loading record...
[aggregate] index 13: computing / loading record...
[aggregate] index 14: computing / loading record...
[aggregate] index 15: computing / loading record...
[aggregate] index 16: computing / loading record...
[aggregate] index 17: computing / loading record...
[aggregate] index 18: computing / loading record...
[aggregate] index 19: computing / loading record...
[aggregate] index 20: computing / loading record...
[aggregate] index 21: computing / loading record...
[aggregate] index 22: computing / loading record...
[aggregate] index 23: computing / loading record...
[aggregate] index 24: computing / loading record...
[aggregate] index 25: computing / loading record...
[aggregate] index 26: computing / loading record...
[aggregate] index 27: computing / loading record...
[aggregate] index 28: computing / loading record...
[aggregate] index 29: computing / loading record...
[aggregate] index 30: computing / loading record...
[aggregate] index 31: computing / loading record...
[aggregate] index 32: computing / loading record...
[aggregate] index 33: computing / loading record...
[aggregate] index 34: computing / loading record...
[aggregate] index 35: computing / loading record...
[aggregate] index 36: computing / loading record...
[aggregate] index 37: computing / loading record...
[aggregate] index 38: computing / loading record...
[aggregate] index 39: computing / loading record...
[aggregate] index 40: computing / loading record...
[aggregate] index 41: computing / loading record...
[aggregate] index 42: computing / loading record...

=== Vorago_PresetMatrix_CoverageComplete (FR-013, SC-008, SC-018, SC-029; N = 42, K = 4) ===
Presets (matrix column = index mod 10; last column = default surface):
   0  Wind Through Basalt           primary S1 noise organism
   1  Resonant Shaft                primary S2 resonance drift
   2  Smeared Horizon               primary S3 spectral smear
   3  Feedback Mire                 primary S4 feedback ecology
   4  Tectonic Floor                primary S5 subharmonic
   5  Slow Bloom                    primary S6 harmonic bloom
   6  Colony Pulse                  primary S7 ecosystem
   7  Cathedral Void                primary S8 cavern space
   8  Choir of Absence              primary S9 ghost / atmosphere
   9  Hull Resonance                primary S10 acoustic body
  10  Lightless                     primary M1 Darkness
  11  Erosion                       primary M2 Age
  12  Crowded Dark                  primary M3 Density
  13  Drifting Strata               primary M4 Movement
  14  Stone Gravity                 primary M5 Gravity
  15  Entropic Hum                  primary M6 Entropy
  16  Pressure Front                primary M7 Pressure
  17  Weighted Deep                 primary M8 Weight
  18  Fogbound                      primary M9 Fog
  19  Teeming                       primary M10 Life
  20  Endless Descent               primary M11 Depth
  21  Monolith                      primary M12 Mass
  22  Bloom Colony                  primary E1 partial -> bloom
  23  Singing Colony                primary E2 resonator -> resonance peaks
  24  Swarm Breath                  primary E3 noise -> noise wake
  25  Feeding Loops                 primary E4 feedback -> loop wake
  26  Haunted Colony                primary E5 ghost -> ghost bursts
  27  Growth Ring                   primary D8.2 envelope Growth
  28  Glass Well                    primary D1.1 material Glass
  29  Strung Abyss                  primary D1.2 material Strings
  30  Iron Plate                    primary D1.3 material MetalPlate
  31  Chamber Drone                 primary D1.4 material Chamber
  32  Ice Shelf                     primary D1.5 material Ice
  33  Hull Ark                      primary D1.8 material WoodenHull
  34  Column Hymn                   primary D1.9 material CathedralColumn
  35  Cavern Wall                   primary D1.10 material CavernWall
  36  Glass Sphere                  primary D1.11 material GlassSphere
  37  Sudden Chasm                  primary D9.1 attack span <= 10 s
  38  Dead Air                      primary D3.1 noise model Direct
  39  Abyssal Wind                  primary D3.2 noise model FilteredWind
  40  Spore Drift                   primary D3.3 noise model GranularDust
  41  Steam Vent                    primary D3.4 noise model MetallicHiss
Legend: P verified primary | S verified secondary | X claimed-failed | v unclaimed, verified | . unclaimed, not verified
                                012345678901234567890123456789012345678901 d
  S1 noise organism             X..v..v..v..v..v..S.............v.....vvvv .  (11 factory verifiers)
  S2 resonance drift            .Xvv.vvvv.vvvvvvvvvv.v.v.vv.v..........v.. v  (22 factory verifiers)
  S3 spectral smear             v.Xv.....v.......v....v.vv.vvvvvvvvvv....v .  (18 factory verifiers)
  S4 feedback ecology           ...P.....................v................ .  (2 factory verifiers)
  S5 subharmonic                v...P..v.v...v...v...vv.vv..vv....vv.v.v.. .  (16 factory verifiers)
  S6 harmonic bloom             .....P.........v.............v.vvvv....... .  (7 factory verifiers)
  S7 ecosystem                  vvvv.vPvvvvvvvvvvvvvvvvvvvvvv............. v  (28 factory verifiers)
  S8 cavern space               vvv.vv.P..vv..v.v.vvv.vvv.vv.........vvvv. v  (22 factory verifiers)
  S9 ghost / atmosphere         ....vvvvPvv.vv.vvv.vvv....v............... v  (16 factory verifiers)
  S10 acoustic body             v..vvvvv.Pvvvv.vvvvvvvv.vvvvvvvvvvvvvv.vvv v  (36 factory verifiers)
  M1 Darkness                   ..........X............................... .  (0 factory verifiers)
  M2 Age                        ...........X.............................. .  (0 factory verifiers)
  M3 Density                    ............P............................. .  (1 factory verifier)
  M4 Movement                   .............X............................ .  (0 factory verifiers)
  M5 Gravity                    ..............X........................... .  (0 factory verifiers)
  M6 Entropy                    ...............P.......................... .  (1 factory verifier)
  M7 Pressure                   ................P......................... .  (1 factory verifier)
  M8 Weight                     .................P........................ .  (1 factory verifier)
  M9 Fog                        ..................X....................... .  (0 factory verifiers)
  M10 Life                      ...................X...................... .  (0 factory verifiers)
  M11 Depth                     ....................P..................... .  (1 factory verifier)
  M12 Mass                      .....................X.................... .  (0 factory verifiers)
  E1 partial -> bloom           ......................X................... .  (0 factory verifiers)
  E2 resonator -> resonance pe  ....v.v.v.v.vv...v.....X...v.............. v  (8 factory verifiers)
  E3 noise -> noise wake        v.....v.....v.....v.....X................. .  (4 factory verifiers)
  E4 feedback -> loop wake      .........................X................ .  (0 factory verifiers)
  E5 ghost -> ghost bursts      v....vv.....vv...v.vv.....X............... v  (8 factory verifiers)
  E6.hi ecosystem sync rate hi  ......X................................... .  (0 factory verifiers)
  E7.hi ecosystem self-affinit  ......X................................... .  (0 factory verifiers)
  D1.1 material Glass           ............................P............. .  (1 factory verifier)
  D1.2 material Strings         .............................P............ .  (1 factory verifier)
  D1.3 material MetalPlate      ..............................P........... .  (1 factory verifier)
  D1.4 material Chamber         ...............................P.......... .  (1 factory verifier)
  D1.5 material Ice             ................................P......... .  (1 factory verifier)
  D1.6 material StoneChamber    v..vvvvv.Svvvv.vvvvvvvv.vvvv.........v.vvv v  (27 factory verifiers)
  D1.7 material SteelTank       v..vvvvv.Svvvv.vv.vvvvv.vvvv.........v.vvv v  (26 factory verifiers)
  D1.8 material WoodenHull      .................................P........ .  (1 factory verifier)
  D1.9 material CathedralColum  ..................................P....... .  (1 factory verifier)
  D1.10 material CavernWall     ...................................P...... .  (1 factory verifier)
  D1.11 material GlassSphere    ....................................P..... .  (1 factory verifier)
  D2 body blend both heard      v..vvvvv.Svvvv.vv.vvvvv.vvvv.........v.vvv v  (26 factory verifiers)
  D3.1 noise model Direct       S..v..v..v..v..v..v.............v.....P... .  (9 factory verifiers)
  D3.2 noise model FilteredWin  ...v..v..v..v..v................v......P.. .  (7 factory verifiers)
  D3.3 noise model GranularDus  ...v..v..v.Xv..v................v.......X. .  (6 factory verifiers)
  D3.4 noise model MetallicHis  ...v..v..v..v..v........X.......v........P .  (7 factory verifiers)
  D4.1 noise type White         S.....................................S... .  (2 factory verifiers)
  D4.2 noise type Pink          S.....................................S... .  (2 factory verifiers)
  D4.3 noise type TapeHiss      S.....................................S... .  (2 factory verifiers)
  D4.4 noise type VinylCrackle  ...........X.............................. .  (0 factory verifiers)
  D4.5 noise type Asperity      ...........X.............................. .  (0 factory verifiers)
  D4.6 noise type Brown         ...v..v..v.Xv..v................v......... .  (6 factory verifiers)
  D4.7 noise type Blue          S.......................X................. .  (1 factory verifier)
  D4.8 noise type Violet        ..................S.....X................. .  (1 factory verifier)
  D4.9 noise type Grey          ........................X.............S... .  (1 factory verifier)
  D4.10 noise type Velvet       ..................S....................... .  (1 factory verifier)
  D4.11 noise type VinylRumble  ..................S....................... .  (1 factory verifier)
  D4.12 noise type RadioStatic  ..................S....................... .  (1 factory verifier)
  D5.1 anchor Free              .......................S...............S.. .  (2 factory verifiers)
  D5.2 anchor Keyed             .S........................................ .  (1 factory verifier)
  D5.3 anchor Hybrid            ..vv.vvvv.vvvvSvvvvv.v...vv.v............. v  (20 factory verifiers)
  D6.1 loop filter Lowpass      ...S.....................v................ .  (2 factory verifiers)
  D6.2 loop filter Bandpass     ...S.....................v..............X. .  (2 factory verifiers)
  D6.3 loop filter Highpass     ...S.....................................X .  (1 factory verifier)
  D7.1 loudest sub f/2          v......v.v...v.......Sv.vv..vv....vv.v.... .  (13 factory verifiers)
  D7.2 loudest sub f/4          .................S.....................S.X .  (2 factory verifiers)
  D7.3 loudest sub fifth below  ....S..................................... .  (1 factory verifier)
  D8.1 envelope Standard        vvSvvvvvvvvvvvvvvvvvvvvvvvv.vvvvvvvvvvvvvv v  (41 factory verifiers)
  D8.2 envelope Growth          ...........................P.............. .  (1 factory verifier)
  D9.1 attack span <= 10 s      .....................................P.... .  (1 factory verifier)
  D9.2 attack span >= 90 s      vvvvvSvvvvvvvvvvvvvvvvvvvvv.vvvvvvvvv.vvvv v  (40 factory verifiers)
  D10.1 freeze holds a field    .......S.................................. .  (1 factory verifier)
  D10.2 freeze off              vvSvvvvvvvvvvvvvvvvvvvvvvvvvvvvvvvvvvvvvvv v  (42 factory verifiers)
  D11 ghost reverse >= 0.5      ........S...............................X. .  (1 factory verifier)
  D12.1 ghost event triggers o  ........S................................. .  (1 factory verifier)
  D12.2 ghost event triggers o  vvvvvvvv.vSvvvvvvvvvvvvvvvvvvvvvvvvvvvvvvv v  (41 factory verifiers)
  D13.1 event rate scale <= 0.  ...................X...................... .  (0 factory verifiers)
  D13.2 event rate scale >= 3.  ......X................................... .  (0 factory verifiers)
  D14.1 breathing depth >= 0.7  .....S.................................... .  (1 factory verifier)
  D14.2 tidal depth >= 0.7      .............X............................ .  (0 factory verifiers)

Default-state cells (measured on the default surface, 8): D1.6 material StoneChamber, D1.7 material SteelTank, D2 body blend both heard, D5.3 anchor Hybrid, D8.1 envelope Standard, D9.2 attack span >= 90 s, D10.2 freeze off, D12.2 ghost event triggers off
kRecordedDefaultStateCells (9): D1.6 material StoneChamber, D1.7 material SteelTank, D2 body blend both heard, D5.3 anchor Hybrid, D7.1 loudest sub f/2, D8.1 envelope Standard, D9.2 attack span >= 90 s, D10.2 freeze off, D12.2 ghost event triggers off
-------------------------------------------------------------------------------
Vorago_PresetMatrix_CoverageComplete
-------------------------------------------------------------------------------
F:\projects\iterum\plugins\vorago\tests\integration\preset_matrix_test.cpp(149)
...............................................................................

F:\projects\iterum\plugins\vorago\tests\integration\preset_matrix_test.cpp(215): FAILED:
  CHECK( verifierCount[i] >= 1u )
with expansion:
  0 >= 1
with message:
  cell M1 Darkness has no factory verifier

F:\projects\iterum\plugins\vorago\tests\integration\preset_matrix_test.cpp(215): FAILED:
  CHECK( verifierCount[i] >= 1u )
with expansion:
  0 >= 1
with message:
  cell M2 Age has no factory verifier

F:\projects\iterum\plugins\vorago\tests\integration\preset_matrix_test.cpp(215): FAILED:
  CHECK( verifierCount[i] >= 1u )
with expansion:
  0 >= 1
with message:
  cell M4 Movement has no factory verifier

F:\projects\iterum\plugins\vorago\tests\integration\preset_matrix_test.cpp(215): FAILED:
  CHECK( verifierCount[i] >= 1u )
with expansion:
  0 >= 1
with message:
  cell M5 Gravity has no factory verifier

F:\projects\iterum\plugins\vorago\tests\integration\preset_matrix_test.cpp(215): FAILED:
  CHECK( verifierCount[i] >= 1u )
with expansion:
  0 >= 1
with message:
  cell M9 Fog has no factory verifier

F:\projects\iterum\plugins\vorago\tests\integration\preset_matrix_test.cpp(215): FAILED:
  CHECK( verifierCount[i] >= 1u )
with expansion:
  0 >= 1
with message:
  cell M10 Life has no factory verifier

F:\projects\iterum\plugins\vorago\tests\integration\preset_matrix_test.cpp(215): FAILED:
  CHECK( verifierCount[i] >= 1u )
with expansion:
  0 >= 1
with message:
  cell M12 Mass has no factory verifier

F:\projects\iterum\plugins\vorago\tests\integration\preset_matrix_test.cpp(215): FAILED:
  CHECK( verifierCount[i] >= 1u )
with expansion:
  0 >= 1
with message:
  cell E1 partial -> bloom has no factory verifier

F:\projects\iterum\plugins\vorago\tests\integration\preset_matrix_test.cpp(215): FAILED:
  CHECK( verifierCount[i] >= 1u )
with expansion:
  0 >= 1
with message:
  cell E4 feedback -> loop wake has no factory verifier

F:\projects\iterum\plugins\vorago\tests\integration\preset_matrix_test.cpp(215): FAILED:
  CHECK( verifierCount[i] >= 1u )
with expansion:
  0 >= 1
with message:
  cell E6.hi ecosystem sync rate high has no factory verifier

F:\projects\iterum\plugins\vorago\tests\integration\preset_matrix_test.cpp(215): FAILED:
  CHECK( verifierCount[i] >= 1u )
with expansion:
  0 >= 1
with message:
  cell E7.hi ecosystem self-affinity high has no factory verifier

F:\projects\iterum\plugins\vorago\tests\integration\preset_matrix_test.cpp(215): FAILED:
  CHECK( verifierCount[i] >= 1u )
with expansion:
  0 >= 1
with message:
  cell D4.4 noise type VinylCrackle has no factory verifier

F:\projects\iterum\plugins\vorago\tests\integration\preset_matrix_test.cpp(215): FAILED:
  CHECK( verifierCount[i] >= 1u )
with expansion:
  0 >= 1
with message:
  cell D4.5 noise type Asperity has no factory verifier

F:\projects\iterum\plugins\vorago\tests\integration\preset_matrix_test.cpp(215): FAILED:
  CHECK( verifierCount[i] >= 1u )
with expansion:
  0 >= 1
with message:
  cell D13.1 event rate scale <= 0.3 has no factory verifier

F:\projects\iterum\plugins\vorago\tests\integration\preset_matrix_test.cpp(215): FAILED:
  CHECK( verifierCount[i] >= 1u )
with expansion:
  0 >= 1
with message:
  cell D13.2 event rate scale >= 3.0 has no factory verifier

F:\projects\iterum\plugins\vorago\tests\integration\preset_matrix_test.cpp(215): FAILED:
  CHECK( verifierCount[i] >= 1u )
with expansion:
  0 >= 1
with message:
  cell D14.2 tidal depth >= 0.7 has no factory verifier

F:\projects\iterum\plugins\vorago\tests\integration\preset_matrix_test.cpp(219): FAILED:
  CHECK( claimedFailed == 0u )
with expansion:
  33 == 0
with message:
  claimed-but-failed entries in the matrix (X): 33

F:\projects\iterum\plugins\vorago\tests\integration\preset_matrix_test.cpp(230): FAILED:
  CHECK( atF )
with expansion:
  false
with message:
  Wind Through Basalt primary S1 noise organism: d 3.06003, skip []

F:\projects\iterum\plugins\vorago\tests\integration\preset_matrix_test.cpp(230): FAILED:
  CHECK( atF )
with expansion:
  false
with message:
  Resonant Shaft primary S2 resonance drift: d 2.68506, skip []

F:\projects\iterum\plugins\vorago\tests\integration\preset_matrix_test.cpp(230): FAILED:
  CHECK( atF )
with expansion:
  false
with message:
  Smeared Horizon primary S3 spectral smear: d 3.28819, skip []

F:\projects\iterum\plugins\vorago\tests\integration\preset_matrix_test.cpp(230): FAILED:
  CHECK( atF )
with expansion:
  false
with message:
  Lightless primary M1 Darkness: d 1.78303, skip []

F:\projects\iterum\plugins\vorago\tests\integration\preset_matrix_test.cpp(230): FAILED:
  CHECK( atF )
with expansion:
  false
with message:
  Erosion primary M2 Age: d 2.79451, skip []

F:\projects\iterum\plugins\vorago\tests\integration\preset_matrix_test.cpp(230): FAILED:
  CHECK( atF )
with expansion:
  false
with message:
  Drifting Strata primary M4 Movement: d 0.874524, skip []

F:\projects\iterum\plugins\vorago\tests\integration\preset_matrix_test.cpp(230): FAILED:
  CHECK( atF )
with expansion:
  false
with message:
  Stone Gravity primary M5 Gravity: d 3.18641, skip []

F:\projects\iterum\plugins\vorago\tests\integration\preset_matrix_test.cpp(230): FAILED:
  CHECK( atF )
with expansion:
  false
with message:
  Fogbound primary M9 Fog: d 3.05042, skip []

F:\projects\iterum\plugins\vorago\tests\integration\preset_matrix_test.cpp(230): FAILED:
  CHECK( atF )
with expansion:
  false
with message:
  Teeming primary M10 Life: d 0.994297, skip []

F:\projects\iterum\plugins\vorago\tests\integration\preset_matrix_test.cpp(230): FAILED:
  CHECK( atF )
with expansion:
  false
with message:
  Monolith primary M12 Mass: d 3.74794, skip []

F:\projects\iterum\plugins\vorago\tests\integration\preset_matrix_test.cpp(230): FAILED:
  CHECK( atF )
with expansion:
  false
with message:
  Bloom Colony primary E1 partial -> bloom: d 1.18227, skip []

F:\projects\iterum\plugins\vorago\tests\integration\preset_matrix_test.cpp(230): FAILED:
  CHECK( atF )
with expansion:
  false
with message:
  Singing Colony primary E2 resonator -> resonance peaks: d 3.7914, skip []

F:\projects\iterum\plugins\vorago\tests\integration\preset_matrix_test.cpp(230): FAILED:
  CHECK( atF )
with expansion:
  false
with message:
  Swarm Breath primary E3 noise -> noise wake: d 1.1652, skip []

F:\projects\iterum\plugins\vorago\tests\integration\preset_matrix_test.cpp(230): FAILED:
  CHECK( atF )
with expansion:
  false
with message:
  Feeding Loops primary E4 feedback -> loop wake: d 2.91824, skip []

F:\projects\iterum\plugins\vorago\tests\integration\preset_matrix_test.cpp(230): FAILED:
  CHECK( atF )
with expansion:
  false
with message:
  Haunted Colony primary E5 ghost -> ghost bursts: d 3.90932, skip []

F:\projects\iterum\plugins\vorago\tests\integration\preset_matrix_test.cpp(230): FAILED:
  CHECK( atF )
with expansion:
  false
with message:
  Spore Drift primary D3.3 noise model GranularDust: d 1.81345, skip []

F:\projects\iterum\plugins\vorago\tests\integration\preset_matrix_test.cpp(259): FAILED:
  CHECK( host.has_value() )
with expansion:
  false
with message:
  E1 partial -> bloom is no preset's verified primary

F:\projects\iterum\plugins\vorago\tests\integration\preset_matrix_test.cpp(259): FAILED:
  CHECK( host.has_value() )
with expansion:
  false
with message:
  E2 resonator -> resonance peaks is no preset's verified primary

F:\projects\iterum\plugins\vorago\tests\integration\preset_matrix_test.cpp(259): FAILED:
  CHECK( host.has_value() )
with expansion:
  false
with message:
  E3 noise -> noise wake is no preset's verified primary

F:\projects\iterum\plugins\vorago\tests\integration\preset_matrix_test.cpp(259): FAILED:
  CHECK( host.has_value() )
with expansion:
  false
with message:
  E4 feedback -> loop wake is no preset's verified primary

F:\projects\iterum\plugins\vorago\tests\integration\preset_matrix_test.cpp(259): FAILED:
  CHECK( host.has_value() )
with expansion:
  false
with message:
  E5 ghost -> ghost bursts is no preset's verified primary

F:\projects\iterum\plugins\vorago\tests\integration\preset_matrix_test.cpp(268): FAILED:
  CHECK( eHosts.size() == 5u )
with expansion:
  0 == 5
with message:
  E1-E5 primaries must sit on five distinct presets

F:\projects\iterum\plugins\vorago\tests\integration\preset_matrix_test.cpp(283): FAILED:
  CHECK( hosts >= 1u )
with expansion:
  0 >= 1
with message:
  E6.hi ecosystem sync rate high is no preset's verified secondary claim

F:\projects\iterum\plugins\vorago\tests\integration\preset_matrix_test.cpp(283): FAILED:
  CHECK( hosts >= 1u )
with expansion:
  0 >= 1
with message:
  E7.hi ecosystem self-affinity high is no preset's verified secondary claim

F:\projects\iterum\plugins\vorago\tests\integration\preset_matrix_test.cpp(298): FAILED:
  CHECK( sameSet )
with expansion:
  false
with message:
  measured default-state set: D1.6 material StoneChamber, D1.7 material
  SteelTank, D2 body blend both heard, D5.3 anchor Hybrid, D8.1 envelope
  Standard, D9.2 attack span >= 90 s, D10.2 freeze off, D12.2 ghost event
  triggers off; recorded: D1.6 material StoneChamber, D1.7 material SteelTank,
  D2 body blend both heard, D5.3 anchor Hybrid, D7.1 loudest sub f/2, D8.1
  envelope Standard, D9.2 attack span >= 90 s, D10.2 freeze off, D12.2 ghost
  event triggers off

Required primaries from the measured set: 42; from the recorded constant: 42; verified primaries: 26
F:\projects\iterum\plugins\vorago\tests\integration\preset_matrix_test.cpp(312): FAILED:
  CHECK( primariesMatch )
with expansion:
  false
with messages:
  required (measured): S1 noise organism, S2 resonance drift, S3 spectral
  smear, S4 feedback ecology, S5 subharmonic, S6 harmonic bloom, S7 ecosystem,
  S8 cavern space, S9 ghost / atmosphere, S10 acoustic body, M1 Darkness, M2
  Age, M3 Density, M4 Movement, M5 Gravity, M6 Entropy, M7 Pressure, M8 Weight,
  M9 Fog, M10 Life, M11 Depth, M12 Mass, E1 partial -> bloom, E2 resonator ->
  resonance peaks, E3 noise -> noise wake, E4 feedback -> loop wake, E5 ghost -
  > ghost bursts, D1.1 material Glass, D1.2 material Strings, D1.3 material
  MetalPlate, D1.4 material Chamber, D1.5 material Ice, D1.8 material
  WoodenHull, D1.9 material CathedralColumn, D1.10 material CavernWall, D1.11
  material GlassSphere, D3.1 noise model Direct, D3.2 noise model FilteredWind,
  D3.3 noise model GranularDust, D3.4 noise model MetallicHiss, D8.2 envelope
  Growth, D9.1 attack span <= 10 s
  verified primaries: S4 feedback ecology, S5 subharmonic, S6 harmonic bloom,
  S7 ecosystem, S8 cavern space, S9 ghost / atmosphere, S10 acoustic body, M3
  Density, M6 Entropy, M7 Pressure, M8 Weight, M11 Depth, D1.1 material Glass,
  D1.2 material Strings, D1.3 material MetalPlate, D1.4 material Chamber, D1.5
  material Ice, D1.8 material WoodenHull, D1.9 material CathedralColumn, D1.10
  material CavernWall, D1.11 material GlassSphere, D3.1 noise model Direct, D3.
  2 noise model FilteredWind, D3.4 noise model MetallicHiss, D8.2 envelope
  Growth, D9.1 attack span <= 10 s

[aggregate] index 0: computing / loading record...
[aggregate] index 1: computing / loading record...
[aggregate] index 2: computing / loading record...
[aggregate] index 3: computing / loading record...
[aggregate] index 4: computing / loading record...
[aggregate] index 5: computing / loading record...
[aggregate] index 6: computing / loading record...
[aggregate] index 7: computing / loading record...
[aggregate] index 8: computing / loading record...
[aggregate] index 9: computing / loading record...
[aggregate] index 10: computing / loading record...
[aggregate] index 11: computing / loading record...
[aggregate] index 12: computing / loading record...
[aggregate] index 13: computing / loading record...
[aggregate] index 14: computing / loading record...
[aggregate] index 15: computing / loading record...
[aggregate] index 16: computing / loading record...
[aggregate] index 17: computing / loading record...
[aggregate] index 18: computing / loading record...
[aggregate] index 19: computing / loading record...
[aggregate] index 20: computing / loading record...
[aggregate] index 21: computing / loading record...
[aggregate] index 22: computing / loading record...
[aggregate] index 23: computing / loading record...
[aggregate] index 24: computing / loading record...
[aggregate] index 25: computing / loading record...
[aggregate] index 26: computing / loading record...
[aggregate] index 27: computing / loading record...
[aggregate] index 28: computing / loading record...
[aggregate] index 29: computing / loading record...
[aggregate] index 30: computing / loading record...
[aggregate] index 31: computing / loading record...
[aggregate] index 32: computing / loading record...
[aggregate] index 33: computing / loading record...
[aggregate] index 34: computing / loading record...
[aggregate] index 35: computing / loading record...
[aggregate] index 36: computing / loading record...
[aggregate] index 37: computing / loading record...
[aggregate] index 38: computing / loading record...
[aggregate] index 39: computing / loading record...
[aggregate] index 40: computing / loading record...
[aggregate] index 41: computing / loading record...
[aggregate] index 42: computing / loading record...

=== Vorago_PresetMatrix_NoShowcaseSubset (FR-011a; 1722 ordered pairs) ===

Wind Through Basalt (primary S1 noise organism):
  Wind Through Basalt vs Resonant Shaft: witness S1 noise organism
  Wind Through Basalt vs Smeared Horizon: witness S1 noise organism
  Wind Through Basalt vs Feedback Mire: witness D4.1 noise type White
  Wind Through Basalt vs Tectonic Floor: witness S1 noise organism
  Wind Through Basalt vs Slow Bloom: witness S1 noise organism
  Wind Through Basalt vs Colony Pulse: witness D4.1 noise type White
  Wind Through Basalt vs Cathedral Void: witness S1 noise organism
  Wind Through Basalt vs Choir of Absence: witness S1 noise organism
  Wind Through Basalt vs Hull Resonance: witness D4.1 noise type White
  Wind Through Basalt vs Lightless: witness S1 noise organism
  Wind Through Basalt vs Erosion: witness S1 noise organism
  Wind Through Basalt vs Crowded Dark: witness D4.1 noise type White
  Wind Through Basalt vs Drifting Strata: witness S1 noise organism
  Wind Through Basalt vs Stone Gravity: witness S1 noise organism
  Wind Through Basalt vs Entropic Hum: witness D4.1 noise type White
  Wind Through Basalt vs Pressure Front: witness S1 noise organism
  Wind Through Basalt vs Weighted Deep: witness S1 noise organism
  Wind Through Basalt vs Fogbound: witness D4.1 noise type White
  Wind Through Basalt vs Teeming: witness S1 noise organism
  Wind Through Basalt vs Endless Descent: witness S1 noise organism
  Wind Through Basalt vs Monolith: witness S1 noise organism
  Wind Through Basalt vs Bloom Colony: witness S1 noise organism
  Wind Through Basalt vs Singing Colony: witness S1 noise organism
  Wind Through Basalt vs Swarm Breath: witness S1 noise organism
  Wind Through Basalt vs Feeding Loops: witness S1 noise organism
  Wind Through Basalt vs Haunted Colony: witness S1 noise organism
  Wind Through Basalt vs Growth Ring: witness S1 noise organism
  Wind Through Basalt vs Glass Well: witness S1 noise organism
  Wind Through Basalt vs Strung Abyss: witness S1 noise organism
  Wind Through Basalt vs Iron Plate: witness S1 noise organism
  Wind Through Basalt vs Chamber Drone: witness S1 noise organism
  Wind Through Basalt vs Ice Shelf: witness D4.1 noise type White
  Wind Through Basalt vs Hull Ark: witness S1 noise organism
  Wind Through Basalt vs Column Hymn: witness S1 noise organism
  Wind Through Basalt vs Cavern Wall: witness S1 noise organism
  Wind Through Basalt vs Glass Sphere: witness S1 noise organism
  Wind Through Basalt vs Sudden Chasm: witness S1 noise organism
  Wind Through Basalt vs Dead Air: witness D4.7 noise type Blue
  Wind Through Basalt vs Abyssal Wind: witness D3.1 noise model Direct
  Wind Through Basalt vs Spore Drift: witness D3.1 noise model Direct
  Wind Through Basalt vs Steam Vent: witness D3.1 noise model Direct

Resonant Shaft (primary S2 resonance drift):
  Resonant Shaft vs Wind Through Basalt: witness S2 resonance drift
  Resonant Shaft vs Smeared Horizon: witness D5.2 anchor Keyed
  Resonant Shaft vs Feedback Mire: witness D5.2 anchor Keyed
  Resonant Shaft vs Tectonic Floor: witness S2 resonance drift
  Resonant Shaft vs Slow Bloom: witness D5.2 anchor Keyed
  Resonant Shaft vs Colony Pulse: witness D5.2 anchor Keyed
  Resonant Shaft vs Cathedral Void: witness D5.2 anchor Keyed
  Resonant Shaft vs Choir of Absence: witness D5.2 anchor Keyed
  Resonant Shaft vs Hull Resonance: witness S2 resonance drift
  Resonant Shaft vs Lightless: witness D5.2 anchor Keyed
  Resonant Shaft vs Erosion: witness D5.2 anchor Keyed
  Resonant Shaft vs Crowded Dark: witness D5.2 anchor Keyed
  Resonant Shaft vs Drifting Strata: witness D5.2 anchor Keyed
  Resonant Shaft vs Stone Gravity: witness D5.2 anchor Keyed
  Resonant Shaft vs Entropic Hum: witness D5.2 anchor Keyed
  Resonant Shaft vs Pressure Front: witness D5.2 anchor Keyed
  Resonant Shaft vs Weighted Deep: witness D5.2 anchor Keyed
  Resonant Shaft vs Fogbound: witness D5.2 anchor Keyed
  Resonant Shaft vs Teeming: witness D5.2 anchor Keyed
  Resonant Shaft vs Endless Descent: witness S2 resonance drift
  Resonant Shaft vs Monolith: witness D5.2 anchor Keyed
  Resonant Shaft vs Bloom Colony: witness S2 resonance drift
  Resonant Shaft vs Singing Colony: witness D5.2 anchor Keyed
  Resonant Shaft vs Swarm Breath: witness S2 resonance drift
  Resonant Shaft vs Feeding Loops: witness D5.2 anchor Keyed
  Resonant Shaft vs Haunted Colony: witness D5.2 anchor Keyed
  Resonant Shaft vs Growth Ring: witness S2 resonance drift
  Resonant Shaft vs Glass Well: witness D5.2 anchor Keyed
  Resonant Shaft vs Strung Abyss: witness S2 resonance drift
  Resonant Shaft vs Iron Plate: witness S2 resonance drift
  Resonant Shaft vs Chamber Drone: witness S2 resonance drift
  Resonant Shaft vs Ice Shelf: witness S2 resonance drift
  Resonant Shaft vs Hull Ark: witness S2 resonance drift
  Resonant Shaft vs Column Hymn: witness S2 resonance drift
  Resonant Shaft vs Cavern Wall: witness S2 resonance drift
  Resonant Shaft vs Glass Sphere: witness S2 resonance drift
  Resonant Shaft vs Sudden Chasm: witness S2 resonance drift
  Resonant Shaft vs Dead Air: witness S2 resonance drift
  Resonant Shaft vs Abyssal Wind: witness D5.2 anchor Keyed
  Resonant Shaft vs Spore Drift: witness S2 resonance drift
  Resonant Shaft vs Steam Vent: witness S2 resonance drift

Smeared Horizon (primary S3 spectral smear):
  Smeared Horizon vs Wind Through Basalt: SUBSET
-------------------------------------------------------------------------------
Vorago_PresetMatrix_NoShowcaseSubset
-------------------------------------------------------------------------------
F:\projects\iterum\plugins\vorago\tests\integration\preset_matrix_test.cpp(322)
...............................................................................

F:\projects\iterum\plugins\vorago\tests\integration\preset_matrix_test.cpp(350): FAILED:
  CHECK( w.has_value() )
with expansion:
  false
with message:
  Smeared Horizon vs Wind Through Basalt: every claim of P is verified by Q
  (SUBSET)

  Smeared Horizon vs Resonant Shaft: witness S3 spectral smear
  Smeared Horizon vs Feedback Mire: SUBSET
F:\projects\iterum\plugins\vorago\tests\integration\preset_matrix_test.cpp(350): FAILED:
  CHECK( w.has_value() )
with expansion:
  false
with message:
  Smeared Horizon vs Feedback Mire: every claim of P is verified by Q (SUBSET)

  Smeared Horizon vs Tectonic Floor: witness S3 spectral smear
  Smeared Horizon vs Slow Bloom: witness S3 spectral smear
  Smeared Horizon vs Colony Pulse: witness S3 spectral smear
  Smeared Horizon vs Cathedral Void: witness S3 spectral smear
  Smeared Horizon vs Choir of Absence: witness S3 spectral smear
  Smeared Horizon vs Hull Resonance: SUBSET
F:\projects\iterum\plugins\vorago\tests\integration\preset_matrix_test.cpp(350): FAILED:
  CHECK( w.has_value() )
with expansion:
  false
with message:
  Smeared Horizon vs Hull Resonance: every claim of P is verified by Q (SUBSET)

  Smeared Horizon vs Lightless: witness S3 spectral smear
  Smeared Horizon vs Erosion: witness S3 spectral smear
  Smeared Horizon vs Crowded Dark: witness S3 spectral smear
  Smeared Horizon vs Drifting Strata: witness S3 spectral smear
  Smeared Horizon vs Stone Gravity: witness S3 spectral smear
  Smeared Horizon vs Entropic Hum: witness S3 spectral smear
  Smeared Horizon vs Pressure Front: witness S3 spectral smear
  Smeared Horizon vs Weighted Deep: SUBSET
F:\projects\iterum\plugins\vorago\tests\integration\preset_matrix_test.cpp(350): FAILED:
  CHECK( w.has_value() )
with expansion:
  false
with message:
  Smeared Horizon vs Weighted Deep: every claim of P is verified by Q (SUBSET)

  Smeared Horizon vs Fogbound: witness S3 spectral smear
  Smeared Horizon vs Teeming: witness S3 spectral smear
  Smeared Horizon vs Endless Descent: witness S3 spectral smear
  Smeared Horizon vs Monolith: witness S3 spectral smear
  Smeared Horizon vs Bloom Colony: SUBSET
F:\projects\iterum\plugins\vorago\tests\integration\preset_matrix_test.cpp(350): FAILED:
  CHECK( w.has_value() )
with expansion:
  false
with message:
  Smeared Horizon vs Bloom Colony: every claim of P is verified by Q (SUBSET)

  Smeared Horizon vs Singing Colony: witness S3 spectral smear
  Smeared Horizon vs Swarm Breath: SUBSET
F:\projects\iterum\plugins\vorago\tests\integration\preset_matrix_test.cpp(350): FAILED:
  CHECK( w.has_value() )
with expansion:
  false
with message:
  Smeared Horizon vs Swarm Breath: every claim of P is verified by Q (SUBSET)

  Smeared Horizon vs Feeding Loops: SUBSET
F:\projects\iterum\plugins\vorago\tests\integration\preset_matrix_test.cpp(350): FAILED:
  CHECK( w.has_value() )
with expansion:
  false
with message:
  Smeared Horizon vs Feeding Loops: every claim of P is verified by Q (SUBSET)

  Smeared Horizon vs Haunted Colony: witness S3 spectral smear
  Smeared Horizon vs Growth Ring: witness D8.1 envelope Standard
  Smeared Horizon vs Glass Well: SUBSET
F:\projects\iterum\plugins\vorago\tests\integration\preset_matrix_test.cpp(350): FAILED:
  CHECK( w.has_value() )
with expansion:
  false
with message:
  Smeared Horizon vs Glass Well: every claim of P is verified by Q (SUBSET)

  Smeared Horizon vs Strung Abyss: SUBSET
F:\projects\iterum\plugins\vorago\tests\integration\preset_matrix_test.cpp(350): FAILED:
  CHECK( w.has_value() )
with expansion:
  false
with message:
  Smeared Horizon vs Strung Abyss: every claim of P is verified by Q (SUBSET)

  Smeared Horizon vs Iron Plate: SUBSET
F:\projects\iterum\plugins\vorago\tests\integration\preset_matrix_test.cpp(350): FAILED:
  CHECK( w.has_value() )
with expansion:
  false
with message:
  Smeared Horizon vs Iron Plate: every claim of P is verified by Q (SUBSET)

  Smeared Horizon vs Chamber Drone: SUBSET
F:\projects\iterum\plugins\vorago\tests\integration\preset_matrix_test.cpp(350): FAILED:
  CHECK( w.has_value() )
with expansion:
  false
with message:
  Smeared Horizon vs Chamber Drone: every claim of P is verified by Q (SUBSET)

  Smeared Horizon vs Ice Shelf: SUBSET
F:\projects\iterum\plugins\vorago\tests\integration\preset_matrix_test.cpp(350): FAILED:
  CHECK( w.has_value() )
with expansion:
  false
with message:
  Smeared Horizon vs Ice Shelf: every claim of P is verified by Q (SUBSET)

  Smeared Horizon vs Hull Ark: SUBSET
F:\projects\iterum\plugins\vorago\tests\integration\preset_matrix_test.cpp(350): FAILED:
  CHECK( w.has_value() )
with expansion:
  false
with message:
  Smeared Horizon vs Hull Ark: every claim of P is verified by Q (SUBSET)

  Smeared Horizon vs Column Hymn: SUBSET
F:\projects\iterum\plugins\vorago\tests\integration\preset_matrix_test.cpp(350): FAILED:
  CHECK( w.has_value() )
with expansion:
  false
with message:
  Smeared Horizon vs Column Hymn: every claim of P is verified by Q (SUBSET)

  Smeared Horizon vs Cavern Wall: SUBSET
F:\projects\iterum\plugins\vorago\tests\integration\preset_matrix_test.cpp(350): FAILED:
  CHECK( w.has_value() )
with expansion:
  false
with message:
  Smeared Horizon vs Cavern Wall: every claim of P is verified by Q (SUBSET)

  Smeared Horizon vs Glass Sphere: SUBSET
F:\projects\iterum\plugins\vorago\tests\integration\preset_matrix_test.cpp(350): FAILED:
  CHECK( w.has_value() )
with expansion:
  false
with message:
  Smeared Horizon vs Glass Sphere: every claim of P is verified by Q (SUBSET)

  Smeared Horizon vs Sudden Chasm: witness S3 spectral smear
  Smeared Horizon vs Dead Air: witness S3 spectral smear
  Smeared Horizon vs Abyssal Wind: witness S3 spectral smear
  Smeared Horizon vs Spore Drift: witness S3 spectral smear
  Smeared Horizon vs Steam Vent: SUBSET
F:\projects\iterum\plugins\vorago\tests\integration\preset_matrix_test.cpp(350): FAILED:
  CHECK( w.has_value() )
with expansion:
  false
with message:
  Smeared Horizon vs Steam Vent: every claim of P is verified by Q (SUBSET)


Feedback Mire (primary S4 feedback ecology):
  Feedback Mire vs Wind Through Basalt: witness S4 feedback ecology
  Feedback Mire vs Resonant Shaft: witness S4 feedback ecology
  Feedback Mire vs Smeared Horizon: witness S4 feedback ecology
  Feedback Mire vs Tectonic Floor: witness S4 feedback ecology
  Feedback Mire vs Slow Bloom: witness S4 feedback ecology
  Feedback Mire vs Colony Pulse: witness S4 feedback ecology
  Feedback Mire vs Cathedral Void: witness S4 feedback ecology
  Feedback Mire vs Choir of Absence: witness S4 feedback ecology
  Feedback Mire vs Hull Resonance: witness S4 feedback ecology
  Feedback Mire vs Lightless: witness S4 feedback ecology
  Feedback Mire vs Erosion: witness S4 feedback ecology
  Feedback Mire vs Crowded Dark: witness S4 feedback ecology
  Feedback Mire vs Drifting Strata: witness S4 feedback ecology
  Feedback Mire vs Stone Gravity: witness S4 feedback ecology
  Feedback Mire vs Entropic Hum: witness S4 feedback ecology
  Feedback Mire vs Pressure Front: witness S4 feedback ecology
  Feedback Mire vs Weighted Deep: witness S4 feedback ecology
  Feedback Mire vs Fogbound: witness S4 feedback ecology
  Feedback Mire vs Teeming: witness S4 feedback ecology
  Feedback Mire vs Endless Descent: witness S4 feedback ecology
  Feedback Mire vs Monolith: witness S4 feedback ecology
  Feedback Mire vs Bloom Colony: witness S4 feedback ecology
  Feedback Mire vs Singing Colony: witness S4 feedback ecology
  Feedback Mire vs Swarm Breath: witness S4 feedback ecology
  Feedback Mire vs Feeding Loops: witness D6.3 loop filter Highpass
  Feedback Mire vs Haunted Colony: witness S4 feedback ecology
  Feedback Mire vs Growth Ring: witness S4 feedback ecology
  Feedback Mire vs Glass Well: witness S4 feedback ecology
  Feedback Mire vs Strung Abyss: witness S4 feedback ecology
  Feedback Mire vs Iron Plate: witness S4 feedback ecology
  Feedback Mire vs Chamber Drone: witness S4 feedback ecology
  Feedback Mire vs Ice Shelf: witness S4 feedback ecology
  Feedback Mire vs Hull Ark: witness S4 feedback ecology
  Feedback Mire vs Column Hymn: witness S4 feedback ecology
  Feedback Mire vs Cavern Wall: witness S4 feedback ecology
  Feedback Mire vs Glass Sphere: witness S4 feedback ecology
  Feedback Mire vs Sudden Chasm: witness S4 feedback ecology
  Feedback Mire vs Dead Air: witness S4 feedback ecology
  Feedback Mire vs Abyssal Wind: witness S4 feedback ecology
  Feedback Mire vs Spore Drift: witness S4 feedback ecology
  Feedback Mire vs Steam Vent: witness S4 feedback ecology

Tectonic Floor (primary S5 subharmonic):
  Tectonic Floor vs Wind Through Basalt: witness D7.3 loudest sub fifth below
  Tectonic Floor vs Resonant Shaft: witness S5 subharmonic
  Tectonic Floor vs Smeared Horizon: witness S5 subharmonic
  Tectonic Floor vs Feedback Mire: witness S5 subharmonic
  Tectonic Floor vs Slow Bloom: witness S5 subharmonic
  Tectonic Floor vs Colony Pulse: witness S5 subharmonic
  Tectonic Floor vs Cathedral Void: witness D7.3 loudest sub fifth below
  Tectonic Floor vs Choir of Absence: witness S5 subharmonic
  Tectonic Floor vs Hull Resonance: witness D7.3 loudest sub fifth below
  Tectonic Floor vs Lightless: witness S5 subharmonic
  Tectonic Floor vs Erosion: witness S5 subharmonic
  Tectonic Floor vs Crowded Dark: witness S5 subharmonic
  Tectonic Floor vs Drifting Strata: witness D7.3 loudest sub fifth below
  Tectonic Floor vs Stone Gravity: witness S5 subharmonic
  Tectonic Floor vs Entropic Hum: witness S5 subharmonic
  Tectonic Floor vs Pressure Front: witness S5 subharmonic
  Tectonic Floor vs Weighted Deep: witness D7.3 loudest sub fifth below
  Tectonic Floor vs Fogbound: witness S5 subharmonic
  Tectonic Floor vs Teeming: witness S5 subharmonic
  Tectonic Floor vs Endless Descent: witness S5 subharmonic
  Tectonic Floor vs Monolith: witness D7.3 loudest sub fifth below
  Tectonic Floor vs Bloom Colony: witness D7.3 loudest sub fifth below
  Tectonic Floor vs Singing Colony: witness S5 subharmonic
  Tectonic Floor vs Swarm Breath: witness D7.3 loudest sub fifth below
  Tectonic Floor vs Feeding Loops: witness D7.3 loudest sub fifth below
  Tectonic Floor vs Haunted Colony: witness S5 subharmonic
  Tectonic Floor vs Growth Ring: witness S5 subharmonic
  Tectonic Floor vs Glass Well: witness D7.3 loudest sub fifth below
  Tectonic Floor vs Strung Abyss: witness D7.3 loudest sub fifth below
  Tectonic Floor vs Iron Plate: witness S5 subharmonic
  Tectonic Floor vs Chamber Drone: witness S5 subharmonic
  Tectonic Floor vs Ice Shelf: witness S5 subharmonic
  Tectonic Floor vs Hull Ark: witness S5 subharmonic
  Tectonic Floor vs Column Hymn: witness D7.3 loudest sub fifth below
  Tectonic Floor vs Cavern Wall: witness D7.3 loudest sub fifth below
  Tectonic Floor vs Glass Sphere: witness S5 subharmonic
  Tectonic Floor vs Sudden Chasm: witness D7.3 loudest sub fifth below
  Tectonic Floor vs Dead Air: witness S5 subharmonic
  Tectonic Floor vs Abyssal Wind: witness D7.3 loudest sub fifth below
  Tectonic Floor vs Spore Drift: witness S5 subharmonic
  Tectonic Floor vs Steam Vent: witness S5 subharmonic

Slow Bloom (primary S6 harmonic bloom):
  Slow Bloom vs Wind Through Basalt: witness S6 harmonic bloom
  Slow Bloom vs Resonant Shaft: witness S6 harmonic bloom
  Slow Bloom vs Smeared Horizon: witness S6 harmonic bloom
  Slow Bloom vs Feedback Mire: witness S6 harmonic bloom
  Slow Bloom vs Tectonic Floor: witness S6 harmonic bloom
  Slow Bloom vs Colony Pulse: witness S6 harmonic bloom
  Slow Bloom vs Cathedral Void: witness S6 harmonic bloom
  Slow Bloom vs Choir of Absence: witness S6 harmonic bloom
  Slow Bloom vs Hull Resonance: witness S6 harmonic bloom
  Slow Bloom vs Lightless: witness S6 harmonic bloom
  Slow Bloom vs Erosion: witness S6 harmonic bloom
  Slow Bloom vs Crowded Dark: witness S6 harmonic bloom
  Slow Bloom vs Drifting Strata: witness S6 harmonic bloom
  Slow Bloom vs Stone Gravity: witness S6 harmonic bloom
  Slow Bloom vs Entropic Hum: witness D14.1 breathing depth >= 0.7
  Slow Bloom vs Pressure Front: witness S6 harmonic bloom
  Slow Bloom vs Weighted Deep: witness S6 harmonic bloom
  Slow Bloom vs Fogbound: witness S6 harmonic bloom
  Slow Bloom vs Teeming: witness S6 harmonic bloom
  Slow Bloom vs Endless Descent: witness S6 harmonic bloom
  Slow Bloom vs Monolith: witness S6 harmonic bloom
  Slow Bloom vs Bloom Colony: witness S6 harmonic bloom
  Slow Bloom vs Singing Colony: witness S6 harmonic bloom
  Slow Bloom vs Swarm Breath: witness S6 harmonic bloom
  Slow Bloom vs Feeding Loops: witness S6 harmonic bloom
  Slow Bloom vs Haunted Colony: witness S6 harmonic bloom
  Slow Bloom vs Growth Ring: witness S6 harmonic bloom
  Slow Bloom vs Glass Well: witness S6 harmonic bloom
  Slow Bloom vs Strung Abyss: witness D14.1 breathing depth >= 0.7
  Slow Bloom vs Iron Plate: witness S6 harmonic bloom
  Slow Bloom vs Chamber Drone: witness D14.1 breathing depth >= 0.7
  Slow Bloom vs Ice Shelf: witness D14.1 breathing depth >= 0.7
  Slow Bloom vs Hull Ark: witness D14.1 breathing depth >= 0.7
  Slow Bloom vs Column Hymn: witness D14.1 breathing depth >= 0.7
  Slow Bloom vs Cavern Wall: witness S6 harmonic bloom
  Slow Bloom vs Glass Sphere: witness S6 harmonic bloom
  Slow Bloom vs Sudden Chasm: witness S6 harmonic bloom
  Slow Bloom vs Dead Air: witness S6 harmonic bloom
  Slow Bloom vs Abyssal Wind: witness S6 harmonic bloom
  Slow Bloom vs Spore Drift: witness S6 harmonic bloom
  Slow Bloom vs Steam Vent: witness S6 harmonic bloom

Colony Pulse (primary S7 ecosystem):
  Colony Pulse vs Wind Through Basalt: witness D13.2 event rate scale >= 3.0
  Colony Pulse vs Resonant Shaft: witness D13.2 event rate scale >= 3.0
  Colony Pulse vs Smeared Horizon: witness D13.2 event rate scale >= 3.0
  Colony Pulse vs Feedback Mire: witness D13.2 event rate scale >= 3.0
  Colony Pulse vs Tectonic Floor: witness S7 ecosystem
  Colony Pulse vs Slow Bloom: witness D13.2 event rate scale >= 3.0
  Colony Pulse vs Cathedral Void: witness D13.2 event rate scale >= 3.0
  Colony Pulse vs Choir of Absence: witness D13.2 event rate scale >= 3.0
  Colony Pulse vs Hull Resonance: witness D13.2 event rate scale >= 3.0
  Colony Pulse vs Lightless: witness D13.2 event rate scale >= 3.0
  Colony Pulse vs Erosion: witness D13.2 event rate scale >= 3.0
  Colony Pulse vs Crowded Dark: witness D13.2 event rate scale >= 3.0
  Colony Pulse vs Drifting Strata: witness D13.2 event rate scale >= 3.0
  Colony Pulse vs Stone Gravity: witness D13.2 event rate scale >= 3.0
  Colony Pulse vs Entropic Hum: witness D13.2 event rate scale >= 3.0
  Colony Pulse vs Pressure Front: witness D13.2 event rate scale >= 3.0
  Colony Pulse vs Weighted Deep: witness D13.2 event rate scale >= 3.0
  Colony Pulse vs Fogbound: witness D13.2 event rate scale >= 3.0
  Colony Pulse vs Teeming: witness D13.2 event rate scale >= 3.0
  Colony Pulse vs Endless Descent: witness D13.2 event rate scale >= 3.0
  Colony Pulse vs Monolith: witness D13.2 event rate scale >= 3.0
  Colony Pulse vs Bloom Colony: witness D13.2 event rate scale >= 3.0
  Colony Pulse vs Singing Colony: witness D13.2 event rate scale >= 3.0
  Colony Pulse vs Swarm Breath: witness D13.2 event rate scale >= 3.0
  Colony Pulse vs Feeding Loops: witness D13.2 event rate scale >= 3.0
  Colony Pulse vs Haunted Colony: witness D13.2 event rate scale >= 3.0
  Colony Pulse vs Growth Ring: witness D13.2 event rate scale >= 3.0
  Colony Pulse vs Glass Well: witness D13.2 event rate scale >= 3.0
  Colony Pulse vs Strung Abyss: witness S7 ecosystem
  Colony Pulse vs Iron Plate: witness S7 ecosystem
  Colony Pulse vs Chamber Drone: witness S7 ecosystem
  Colony Pulse vs Ice Shelf: witness S7 ecosystem
  Colony Pulse vs Hull Ark: witness S7 ecosystem
  Colony Pulse vs Column Hymn: witness S7 ecosystem
  Colony Pulse vs Cavern Wall: witness S7 ecosystem
  Colony Pulse vs Glass Sphere: witness S7 ecosystem
  Colony Pulse vs Sudden Chasm: witness S7 ecosystem
  Colony Pulse vs Dead Air: witness S7 ecosystem
  Colony Pulse vs Abyssal Wind: witness S7 ecosystem
  Colony Pulse vs Spore Drift: witness S7 ecosystem
  Colony Pulse vs Steam Vent: witness S7 ecosystem

Cathedral Void (primary S8 cavern space):
  Cathedral Void vs Wind Through Basalt: witness D10.1 freeze holds a field
  Cathedral Void vs Resonant Shaft: witness D10.1 freeze holds a field
  Cathedral Void vs Smeared Horizon: witness D10.1 freeze holds a field
  Cathedral Void vs Feedback Mire: witness S8 cavern space
  Cathedral Void vs Tectonic Floor: witness D10.1 freeze holds a field
  Cathedral Void vs Slow Bloom: witness D10.1 freeze holds a field
  Cathedral Void vs Colony Pulse: witness S8 cavern space
  Cathedral Void vs Choir of Absence: witness S8 cavern space
  Cathedral Void vs Hull Resonance: witness S8 cavern space
  Cathedral Void vs Lightless: witness D10.1 freeze holds a field
  Cathedral Void vs Erosion: witness D10.1 freeze holds a field
  Cathedral Void vs Crowded Dark: witness S8 cavern space
  Cathedral Void vs Drifting Strata: witness S8 cavern space
  Cathedral Void vs Stone Gravity: witness D10.1 freeze holds a field
  Cathedral Void vs Entropic Hum: witness S8 cavern space
  Cathedral Void vs Pressure Front: witness D10.1 freeze holds a field
  Cathedral Void vs Weighted Deep: witness S8 cavern space
  Cathedral Void vs Fogbound: witness D10.1 freeze holds a field
  Cathedral Void vs Teeming: witness D10.1 freeze holds a field
  Cathedral Void vs Endless Descent: witness D10.1 freeze holds a field
  Cathedral Void vs Monolith: witness S8 cavern space
  Cathedral Void vs Bloom Colony: witness D10.1 freeze holds a field
  Cathedral Void vs Singing Colony: witness D10.1 freeze holds a field
  Cathedral Void vs Swarm Breath: witness D10.1 freeze holds a field
  Cathedral Void vs Feeding Loops: witness S8 cavern space
  Cathedral Void vs Haunted Colony: witness D10.1 freeze holds a field
  Cathedral Void vs Growth Ring: witness D10.1 freeze holds a field
  Cathedral Void vs Glass Well: witness S8 cavern space
  Cathedral Void vs Strung Abyss: witness S8 cavern space
  Cathedral Void vs Iron Plate: witness S8 cavern space
  Cathedral Void vs Chamber Drone: witness S8 cavern space
  Cathedral Void vs Ice Shelf: witness S8 cavern space
  Cathedral Void vs Hull Ark: witness S8 cavern space
  Cathedral Void vs Column Hymn: witness S8 cavern space
  Cathedral Void vs Cavern Wall: witness S8 cavern space
  Cathedral Void vs Glass Sphere: witness S8 cavern space
  Cathedral Void vs Sudden Chasm: witness D10.1 freeze holds a field
  Cathedral Void vs Dead Air: witness D10.1 freeze holds a field
  Cathedral Void vs Abyssal Wind: witness D10.1 freeze holds a field
  Cathedral Void vs Spore Drift: witness D10.1 freeze holds a field
  Cathedral Void vs Steam Vent: witness S8 cavern space

Choir of Absence (primary S9 ghost / atmosphere):
  Choir of Absence vs Wind Through Basalt: witness S9 ghost / atmosphere
  Choir of Absence vs Resonant Shaft: witness S9 ghost / atmosphere
  Choir of Absence vs Smeared Horizon: witness S9 ghost / atmosphere
  Choir of Absence vs Feedback Mire: witness S9 ghost / atmosphere
  Choir of Absence vs Tectonic Floor: witness D11 ghost reverse >= 0.5
  Choir of Absence vs Slow Bloom: witness D11 ghost reverse >= 0.5
  Choir of Absence vs Colony Pulse: witness D11 ghost reverse >= 0.5
  Choir of Absence vs Cathedral Void: witness D11 ghost reverse >= 0.5
  Choir of Absence vs Hull Resonance: witness D11 ghost reverse >= 0.5
  Choir of Absence vs Lightless: witness D11 ghost reverse >= 0.5
  Choir of Absence vs Erosion: witness S9 ghost / atmosphere
  Choir of Absence vs Crowded Dark: witness D11 ghost reverse >= 0.5
  Choir of Absence vs Drifting Strata: witness D11 ghost reverse >= 0.5
  Choir of Absence vs Stone Gravity: witness S9 ghost / atmosphere
  Choir of Absence vs Entropic Hum: witness D11 ghost reverse >= 0.5
  Choir of Absence vs Pressure Front: witness D11 ghost reverse >= 0.5
  Choir of Absence vs Weighted Deep: witness D11 ghost reverse >= 0.5
  Choir of Absence vs Fogbound: witness S9 ghost / atmosphere
  Choir of Absence vs Teeming: witness D11 ghost reverse >= 0.5
  Choir of Absence vs Endless Descent: witness D11 ghost reverse >= 0.5
  Choir of Absence vs Monolith: witness D11 ghost reverse >= 0.5
  Choir of Absence vs Bloom Colony: witness S9 ghost / atmosphere
  Choir of Absence vs Singing Colony: witness S9 ghost / atmosphere
  Choir of Absence vs Swarm Breath: witness S9 ghost / atmosphere
  Choir of Absence vs Feeding Loops: witness S9 ghost / atmosphere
  Choir of Absence vs Haunted Colony: witness D11 ghost reverse >= 0.5
  Choir of Absence vs Growth Ring: witness S9 ghost / atmosphere
  Choir of Absence vs Glass Well: witness S9 ghost / atmosphere
  Choir of Absence vs Strung Abyss: witness S9 ghost / atmosphere
  Choir of Absence vs Iron Plate: witness S9 ghost / atmosphere
  Choir of Absence vs Chamber Drone: witness S9 ghost / atmosphere
  Choir of Absence vs Ice Shelf: witness S9 ghost / atmosphere
  Choir of Absence vs Hull Ark: witness S9 ghost / atmosphere
  Choir of Absence vs Column Hymn: witness S9 ghost / atmosphere
  Choir of Absence vs Cavern Wall: witness S9 ghost / atmosphere
  Choir of Absence vs Glass Sphere: witness S9 ghost / atmosphere
  Choir of Absence vs Sudden Chasm: witness S9 ghost / atmosphere
  Choir of Absence vs Dead Air: witness S9 ghost / atmosphere
  Choir of Absence vs Abyssal Wind: witness S9 ghost / atmosphere
  Choir of Absence vs Spore Drift: witness S9 ghost / atmosphere
  Choir of Absence vs Steam Vent: witness S9 ghost / atmosphere

Hull Resonance (primary S10 acoustic body):
  Hull Resonance vs Wind Through Basalt: SUBSET
F:\projects\iterum\plugins\vorago\tests\integration\preset_matrix_test.cpp(350): FAILED:
  CHECK( w.has_value() )
with expansion:
  false
with message:
  Hull Resonance vs Wind Through Basalt: every claim of P is verified by Q
  (SUBSET)

  Hull Resonance vs Resonant Shaft: witness S10 acoustic body
  Hull Resonance vs Smeared Horizon: witness S10 acoustic body
  Hull Resonance vs Feedback Mire: SUBSET
F:\projects\iterum\plugins\vorago\tests\integration\preset_matrix_test.cpp(350): FAILED:
  CHECK( w.has_value() )
with expansion:
  false
with message:
  Hull Resonance vs Feedback Mire: every claim of P is verified by Q (SUBSET)

  Hull Resonance vs Tectonic Floor: SUBSET
F:\projects\iterum\plugins\vorago\tests\integration\preset_matrix_test.cpp(350): FAILED:
  CHECK( w.has_value() )
with expansion:
  false
with message:
  Hull Resonance vs Tectonic Floor: every claim of P is verified by Q (SUBSET)

  Hull Resonance vs Slow Bloom: SUBSET
F:\projects\iterum\plugins\vorago\tests\integration\preset_matrix_test.cpp(350): FAILED:
  CHECK( w.has_value() )
with expansion:
  false
with message:
  Hull Resonance vs Slow Bloom: every claim of P is verified by Q (SUBSET)

  Hull Resonance vs Colony Pulse: SUBSET
F:\projects\iterum\plugins\vorago\tests\integration\preset_matrix_test.cpp(350): FAILED:
  CHECK( w.has_value() )
with expansion:
  false
with message:
  Hull Resonance vs Colony Pulse: every claim of P is verified by Q (SUBSET)

  Hull Resonance vs Cathedral Void: SUBSET
F:\projects\iterum\plugins\vorago\tests\integration\preset_matrix_test.cpp(350): FAILED:
  CHECK( w.has_value() )
with expansion:
  false
with message:
  Hull Resonance vs Cathedral Void: every claim of P is verified by Q (SUBSET)

  Hull Resonance vs Choir of Absence: witness S10 acoustic body
  Hull Resonance vs Lightless: SUBSET
F:\projects\iterum\plugins\vorago\tests\integration\preset_matrix_test.cpp(350): FAILED:
  CHECK( w.has_value() )
with expansion:
  false
with message:
  Hull Resonance vs Lightless: every claim of P is verified by Q (SUBSET)

  Hull Resonance vs Erosion: SUBSET
F:\projects\iterum\plugins\vorago\tests\integration\preset_matrix_test.cpp(350): FAILED:
  CHECK( w.has_value() )
with expansion:
  false
with message:
  Hull Resonance vs Erosion: every claim of P is verified by Q (SUBSET)

  Hull Resonance vs Crowded Dark: SUBSET
F:\projects\iterum\plugins\vorago\tests\integration\preset_matrix_test.cpp(350): FAILED:
  CHECK( w.has_value() )
with expansion:
  false
with message:
  Hull Resonance vs Crowded Dark: every claim of P is verified by Q (SUBSET)

  Hull Resonance vs Drifting Strata: SUBSET
F:\projects\iterum\plugins\vorago\tests\integration\preset_matrix_test.cpp(350): FAILED:
  CHECK( w.has_value() )
with expansion:
  false
with message:
  Hull Resonance vs Drifting Strata: every claim of P is verified by Q (SUBSET)

  Hull Resonance vs Stone Gravity: witness S10 acoustic body
  Hull Resonance vs Entropic Hum: SUBSET
F:\projects\iterum\plugins\vorago\tests\integration\preset_matrix_test.cpp(350): FAILED:
  CHECK( w.has_value() )
with expansion:
  false
with message:
  Hull Resonance vs Entropic Hum: every claim of P is verified by Q (SUBSET)

  Hull Resonance vs Pressure Front: SUBSET
F:\projects\iterum\plugins\vorago\tests\integration\preset_matrix_test.cpp(350): FAILED:
  CHECK( w.has_value() )
with expansion:
  false
with message:
  Hull Resonance vs Pressure Front: every claim of P is verified by Q (SUBSET)

  Hull Resonance vs Weighted Deep: witness D2 body blend both heard
  Hull Resonance vs Fogbound: SUBSET
F:\projects\iterum\plugins\vorago\tests\integration\preset_matrix_test.cpp(350): FAILED:
  CHECK( w.has_value() )
with expansion:
  false
with message:
  Hull Resonance vs Fogbound: every claim of P is verified by Q (SUBSET)

  Hull Resonance vs Teeming: SUBSET
F:\projects\iterum\plugins\vorago\tests\integration\preset_matrix_test.cpp(350): FAILED:
  CHECK( w.has_value() )
with expansion:
  false
with message:
  Hull Resonance vs Teeming: every claim of P is verified by Q (SUBSET)

  Hull Resonance vs Endless Descent: SUBSET
F:\projects\iterum\plugins\vorago\tests\integration\preset_matrix_test.cpp(350): FAILED:
  CHECK( w.has_value() )
with expansion:
  false
with message:
  Hull Resonance vs Endless Descent: every claim of P is verified by Q (SUBSET)

  Hull Resonance vs Monolith: SUBSET
F:\projects\iterum\plugins\vorago\tests\integration\preset_matrix_test.cpp(350): FAILED:
  CHECK( w.has_value() )
with expansion:
  false
with message:
  Hull Resonance vs Monolith: every claim of P is verified by Q (SUBSET)

  Hull Resonance vs Bloom Colony: SUBSET
F:\projects\iterum\plugins\vorago\tests\integration\preset_matrix_test.cpp(350): FAILED:
  CHECK( w.has_value() )
with expansion:
  false
with message:
  Hull Resonance vs Bloom Colony: every claim of P is verified by Q (SUBSET)

  Hull Resonance vs Singing Colony: witness S10 acoustic body
  Hull Resonance vs Swarm Breath: SUBSET
F:\projects\iterum\plugins\vorago\tests\integration\preset_matrix_test.cpp(350): FAILED:
  CHECK( w.has_value() )
with expansion:
  false
with message:
  Hull Resonance vs Swarm Breath: every claim of P is verified by Q (SUBSET)

  Hull Resonance vs Feeding Loops: SUBSET
F:\projects\iterum\plugins\vorago\tests\integration\preset_matrix_test.cpp(350): FAILED:
  CHECK( w.has_value() )
with expansion:
  false
with message:
  Hull Resonance vs Feeding Loops: every claim of P is verified by Q (SUBSET)

  Hull Resonance vs Haunted Colony: SUBSET
F:\projects\iterum\plugins\vorago\tests\integration\preset_matrix_test.cpp(350): FAILED:
  CHECK( w.has_value() )
with expansion:
  false
with message:
  Hull Resonance vs Haunted Colony: every claim of P is verified by Q (SUBSET)

  Hull Resonance vs Growth Ring: SUBSET
F:\projects\iterum\plugins\vorago\tests\integration\preset_matrix_test.cpp(350): FAILED:
  CHECK( w.has_value() )
with expansion:
  false
with message:
  Hull Resonance vs Growth Ring: every claim of P is verified by Q (SUBSET)

  Hull Resonance vs Glass Well: witness D2 body blend both heard
  Hull Resonance vs Strung Abyss: witness D2 body blend both heard
  Hull Resonance vs Iron Plate: witness D2 body blend both heard
  Hull Resonance vs Chamber Drone: witness D2 body blend both heard
  Hull Resonance vs Ice Shelf: witness D2 body blend both heard
  Hull Resonance vs Hull Ark: witness D2 body blend both heard
  Hull Resonance vs Column Hymn: witness D2 body blend both heard
  Hull Resonance vs Cavern Wall: witness D2 body blend both heard
  Hull Resonance vs Glass Sphere: witness D2 body blend both heard
  Hull Resonance vs Sudden Chasm: SUBSET
F:\projects\iterum\plugins\vorago\tests\integration\preset_matrix_test.cpp(350): FAILED:
  CHECK( w.has_value() )
with expansion:
  false
with message:
  Hull Resonance vs Sudden Chasm: every claim of P is verified by Q (SUBSET)

  Hull Resonance vs Dead Air: witness S10 acoustic body
  Hull Resonance vs Abyssal Wind: SUBSET
F:\projects\iterum\plugins\vorago\tests\integration\preset_matrix_test.cpp(350): FAILED:
  CHECK( w.has_value() )
with expansion:
  false
with message:
  Hull Resonance vs Abyssal Wind: every claim of P is verified by Q (SUBSET)

  Hull Resonance vs Spore Drift: SUBSET
F:\projects\iterum\plugins\vorago\tests\integration\preset_matrix_test.cpp(350): FAILED:
  CHECK( w.has_value() )
with expansion:
  false
with message:
  Hull Resonance vs Spore Drift: every claim of P is verified by Q (SUBSET)

  Hull Resonance vs Steam Vent: SUBSET
F:\projects\iterum\plugins\vorago\tests\integration\preset_matrix_test.cpp(350): FAILED:
  CHECK( w.has_value() )
with expansion:
  false
with message:
  Hull Resonance vs Steam Vent: every claim of P is verified by Q (SUBSET)


Lightless (primary M1 Darkness):
  Lightless vs Wind Through Basalt: witness M1 Darkness
  Lightless vs Resonant Shaft: witness M1 Darkness
  Lightless vs Smeared Horizon: witness M1 Darkness
  Lightless vs Feedback Mire: witness M1 Darkness
  Lightless vs Tectonic Floor: witness M1 Darkness
  Lightless vs Slow Bloom: witness M1 Darkness
  Lightless vs Colony Pulse: witness M1 Darkness
  Lightless vs Cathedral Void: witness M1 Darkness
  Lightless vs Choir of Absence: witness M1 Darkness
  Lightless vs Hull Resonance: witness M1 Darkness
  Lightless vs Erosion: witness M1 Darkness
  Lightless vs Crowded Dark: witness M1 Darkness
  Lightless vs Drifting Strata: witness M1 Darkness
  Lightless vs Stone Gravity: witness M1 Darkness
  Lightless vs Entropic Hum: witness M1 Darkness
  Lightless vs Pressure Front: witness M1 Darkness
  Lightless vs Weighted Deep: witness M1 Darkness
  Lightless vs Fogbound: witness M1 Darkness
  Lightless vs Teeming: witness M1 Darkness
  Lightless vs Endless Descent: witness M1 Darkness
  Lightless vs Monolith: witness M1 Darkness
  Lightless vs Bloom Colony: witness M1 Darkness
  Lightless vs Singing Colony: witness M1 Darkness
  Lightless vs Swarm Breath: witness M1 Darkness
  Lightless vs Feeding Loops: witness M1 Darkness
  Lightless vs Haunted Colony: witness M1 Darkness
  Lightless vs Growth Ring: witness M1 Darkness
  Lightless vs Glass Well: witness M1 Darkness
  Lightless vs Strung Abyss: witness M1 Darkness
  Lightless vs Iron Plate: witness M1 Darkness
  Lightless vs Chamber Drone: witness M1 Darkness
  Lightless vs Ice Shelf: witness M1 Darkness
  Lightless vs Hull Ark: witness M1 Darkness
  Lightless vs Column Hymn: witness M1 Darkness
  Lightless vs Cavern Wall: witness M1 Darkness
  Lightless vs Glass Sphere: witness M1 Darkness
  Lightless vs Sudden Chasm: witness M1 Darkness
  Lightless vs Dead Air: witness M1 Darkness
  Lightless vs Abyssal Wind: witness M1 Darkness
  Lightless vs Spore Drift: witness M1 Darkness
  Lightless vs Steam Vent: witness M1 Darkness

Erosion (primary M2 Age):
  Erosion vs Wind Through Basalt: witness M2 Age
  Erosion vs Resonant Shaft: witness M2 Age
  Erosion vs Smeared Horizon: witness M2 Age
  Erosion vs Feedback Mire: witness M2 Age
  Erosion vs Tectonic Floor: witness M2 Age
  Erosion vs Slow Bloom: witness M2 Age
  Erosion vs Colony Pulse: witness M2 Age
  Erosion vs Cathedral Void: witness M2 Age
  Erosion vs Choir of Absence: witness M2 Age
  Erosion vs Hull Resonance: witness M2 Age
  Erosion vs Lightless: witness M2 Age
  Erosion vs Crowded Dark: witness M2 Age
  Erosion vs Drifting Strata: witness M2 Age
  Erosion vs Stone Gravity: witness M2 Age
  Erosion vs Entropic Hum: witness M2 Age
  Erosion vs Pressure Front: witness M2 Age
  Erosion vs Weighted Deep: witness M2 Age
  Erosion vs Fogbound: witness M2 Age
  Erosion vs Teeming: witness M2 Age
  Erosion vs Endless Descent: witness M2 Age
  Erosion vs Monolith: witness M2 Age
  Erosion vs Bloom Colony: witness M2 Age
  Erosion vs Singing Colony: witness M2 Age
  Erosion vs Swarm Breath: witness M2 Age
  Erosion vs Feeding Loops: witness M2 Age
  Erosion vs Haunted Colony: witness M2 Age
  Erosion vs Growth Ring: witness M2 Age
  Erosion vs Glass Well: witness M2 Age
  Erosion vs Strung Abyss: witness M2 Age
  Erosion vs Iron Plate: witness M2 Age
  Erosion vs Chamber Drone: witness M2 Age
  Erosion vs Ice Shelf: witness M2 Age
  Erosion vs Hull Ark: witness M2 Age
  Erosion vs Column Hymn: witness M2 Age
  Erosion vs Cavern Wall: witness M2 Age
  Erosion vs Glass Sphere: witness M2 Age
  Erosion vs Sudden Chasm: witness M2 Age
  Erosion vs Dead Air: witness M2 Age
  Erosion vs Abyssal Wind: witness M2 Age
  Erosion vs Spore Drift: witness M2 Age
  Erosion vs Steam Vent: witness M2 Age

Crowded Dark (primary M3 Density):
  Crowded Dark vs Wind Through Basalt: witness M3 Density
  Crowded Dark vs Resonant Shaft: witness M3 Density
  Crowded Dark vs Smeared Horizon: witness M3 Density
  Crowded Dark vs Feedback Mire: witness M3 Density
  Crowded Dark vs Tectonic Floor: witness M3 Density
  Crowded Dark vs Slow Bloom: witness M3 Density
  Crowded Dark vs Colony Pulse: witness M3 Density
  Crowded Dark vs Cathedral Void: witness M3 Density
  Crowded Dark vs Choir of Absence: witness M3 Density
  Crowded Dark vs Hull Resonance: witness M3 Density
  Crowded Dark vs Lightless: witness M3 Density
  Crowded Dark vs Erosion: witness M3 Density
  Crowded Dark vs Drifting Strata: witness M3 Density
  Crowded Dark vs Stone Gravity: witness M3 Density
  Crowded Dark vs Entropic Hum: witness M3 Density
  Crowded Dark vs Pressure Front: witness M3 Density
  Crowded Dark vs Weighted Deep: witness M3 Density
  Crowded Dark vs Fogbound: witness M3 Density
  Crowded Dark vs Teeming: witness M3 Density
  Crowded Dark vs Endless Descent: witness M3 Density
  Crowded Dark vs Monolith: witness M3 Density
  Crowded Dark vs Bloom Colony: witness M3 Density
  Crowded Dark vs Singing Colony: witness M3 Density
  Crowded Dark vs Swarm Breath: witness M3 Density
  Crowded Dark vs Feeding Loops: witness M3 Density
  Crowded Dark vs Haunted Colony: witness M3 Density
  Crowded Dark vs Growth Ring: witness M3 Density
  Crowded Dark vs Glass Well: witness M3 Density
  Crowded Dark vs Strung Abyss: witness M3 Density
  Crowded Dark vs Iron Plate: witness M3 Density
  Crowded Dark vs Chamber Drone: witness M3 Density
  Crowded Dark vs Ice Shelf: witness M3 Density
  Crowded Dark vs Hull Ark: witness M3 Density
  Crowded Dark vs Column Hymn: witness M3 Density
  Crowded Dark vs Cavern Wall: witness M3 Density
  Crowded Dark vs Glass Sphere: witness M3 Density
  Crowded Dark vs Sudden Chasm: witness M3 Density
  Crowded Dark vs Dead Air: witness M3 Density
  Crowded Dark vs Abyssal Wind: witness M3 Density
  Crowded Dark vs Spore Drift: witness M3 Density
  Crowded Dark vs Steam Vent: witness M3 Density

Drifting Strata (primary M4 Movement):
  Drifting Strata vs Wind Through Basalt: witness M4 Movement
  Drifting Strata vs Resonant Shaft: witness M4 Movement
  Drifting Strata vs Smeared Horizon: witness M4 Movement
  Drifting Strata vs Feedback Mire: witness M4 Movement
  Drifting Strata vs Tectonic Floor: witness M4 Movement
  Drifting Strata vs Slow Bloom: witness M4 Movement
  Drifting Strata vs Colony Pulse: witness M4 Movement
  Drifting Strata vs Cathedral Void: witness M4 Movement
  Drifting Strata vs Choir of Absence: witness M4 Movement
  Drifting Strata vs Hull Resonance: witness M4 Movement
  Drifting Strata vs Lightless: witness M4 Movement
  Drifting Strata vs Erosion: witness M4 Movement
  Drifting Strata vs Crowded Dark: witness M4 Movement
  Drifting Strata vs Stone Gravity: witness M4 Movement
  Drifting Strata vs Entropic Hum: witness M4 Movement
  Drifting Strata vs Pressure Front: witness M4 Movement
  Drifting Strata vs Weighted Deep: witness M4 Movement
  Drifting Strata vs Fogbound: witness M4 Movement
  Drifting Strata vs Teeming: witness M4 Movement
  Drifting Strata vs Endless Descent: witness M4 Movement
  Drifting Strata vs Monolith: witness M4 Movement
  Drifting Strata vs Bloom Colony: witness M4 Movement
  Drifting Strata vs Singing Colony: witness M4 Movement
  Drifting Strata vs Swarm Breath: witness M4 Movement
  Drifting Strata vs Feeding Loops: witness M4 Movement
  Drifting Strata vs Haunted Colony: witness M4 Movement
  Drifting Strata vs Growth Ring: witness M4 Movement
  Drifting Strata vs Glass Well: witness M4 Movement
  Drifting Strata vs Strung Abyss: witness M4 Movement
  Drifting Strata vs Iron Plate: witness M4 Movement
  Drifting Strata vs Chamber Drone: witness M4 Movement
  Drifting Strata vs Ice Shelf: witness M4 Movement
  Drifting Strata vs Hull Ark: witness M4 Movement
  Drifting Strata vs Column Hymn: witness M4 Movement
  Drifting Strata vs Cavern Wall: witness M4 Movement
  Drifting Strata vs Glass Sphere: witness M4 Movement
  Drifting Strata vs Sudden Chasm: witness M4 Movement
  Drifting Strata vs Dead Air: witness M4 Movement
  Drifting Strata vs Abyssal Wind: witness M4 Movement
  Drifting Strata vs Spore Drift: witness M4 Movement
  Drifting Strata vs Steam Vent: witness M4 Movement

Stone Gravity (primary M5 Gravity):
  Stone Gravity vs Wind Through Basalt: witness M5 Gravity
  Stone Gravity vs Resonant Shaft: witness M5 Gravity
  Stone Gravity vs Smeared Horizon: witness M5 Gravity
  Stone Gravity vs Feedback Mire: witness M5 Gravity
  Stone Gravity vs Tectonic Floor: witness M5 Gravity
  Stone Gravity vs Slow Bloom: witness M5 Gravity
  Stone Gravity vs Colony Pulse: witness M5 Gravity
  Stone Gravity vs Cathedral Void: witness M5 Gravity
  Stone Gravity vs Choir of Absence: witness M5 Gravity
  Stone Gravity vs Hull Resonance: witness M5 Gravity
  Stone Gravity vs Lightless: witness M5 Gravity
  Stone Gravity vs Erosion: witness M5 Gravity
  Stone Gravity vs Crowded Dark: witness M5 Gravity
  Stone Gravity vs Drifting Strata: witness M5 Gravity
  Stone Gravity vs Entropic Hum: witness M5 Gravity
  Stone Gravity vs Pressure Front: witness M5 Gravity
  Stone Gravity vs Weighted Deep: witness M5 Gravity
  Stone Gravity vs Fogbound: witness M5 Gravity
  Stone Gravity vs Teeming: witness M5 Gravity
  Stone Gravity vs Endless Descent: witness M5 Gravity
  Stone Gravity vs Monolith: witness M5 Gravity
  Stone Gravity vs Bloom Colony: witness M5 Gravity
  Stone Gravity vs Singing Colony: witness M5 Gravity
  Stone Gravity vs Swarm Breath: witness M5 Gravity
  Stone Gravity vs Feeding Loops: witness M5 Gravity
  Stone Gravity vs Haunted Colony: witness M5 Gravity
  Stone Gravity vs Growth Ring: witness M5 Gravity
  Stone Gravity vs Glass Well: witness M5 Gravity
  Stone Gravity vs Strung Abyss: witness M5 Gravity
  Stone Gravity vs Iron Plate: witness M5 Gravity
  Stone Gravity vs Chamber Drone: witness M5 Gravity
  Stone Gravity vs Ice Shelf: witness M5 Gravity
  Stone Gravity vs Hull Ark: witness M5 Gravity
  Stone Gravity vs Column Hymn: witness M5 Gravity
  Stone Gravity vs Cavern Wall: witness M5 Gravity
  Stone Gravity vs Glass Sphere: witness M5 Gravity
  Stone Gravity vs Sudden Chasm: witness M5 Gravity
  Stone Gravity vs Dead Air: witness M5 Gravity
  Stone Gravity vs Abyssal Wind: witness M5 Gravity
  Stone Gravity vs Spore Drift: witness M5 Gravity
  Stone Gravity vs Steam Vent: witness M5 Gravity

Entropic Hum (primary M6 Entropy):
  Entropic Hum vs Wind Through Basalt: witness M6 Entropy
  Entropic Hum vs Resonant Shaft: witness M6 Entropy
  Entropic Hum vs Smeared Horizon: witness M6 Entropy
  Entropic Hum vs Feedback Mire: witness M6 Entropy
  Entropic Hum vs Tectonic Floor: witness M6 Entropy
  Entropic Hum vs Slow Bloom: witness M6 Entropy
  Entropic Hum vs Colony Pulse: witness M6 Entropy
  Entropic Hum vs Cathedral Void: witness M6 Entropy
  Entropic Hum vs Choir of Absence: witness M6 Entropy
  Entropic Hum vs Hull Resonance: witness M6 Entropy
  Entropic Hum vs Lightless: witness M6 Entropy
  Entropic Hum vs Erosion: witness M6 Entropy
  Entropic Hum vs Crowded Dark: witness M6 Entropy
  Entropic Hum vs Drifting Strata: witness M6 Entropy
  Entropic Hum vs Stone Gravity: witness M6 Entropy
  Entropic Hum vs Pressure Front: witness M6 Entropy
  Entropic Hum vs Weighted Deep: witness M6 Entropy
  Entropic Hum vs Fogbound: witness M6 Entropy
  Entropic Hum vs Teeming: witness M6 Entropy
  Entropic Hum vs Endless Descent: witness M6 Entropy
  Entropic Hum vs Monolith: witness M6 Entropy
  Entropic Hum vs Bloom Colony: witness M6 Entropy
  Entropic Hum vs Singing Colony: witness M6 Entropy
  Entropic Hum vs Swarm Breath: witness M6 Entropy
  Entropic Hum vs Feeding Loops: witness M6 Entropy
  Entropic Hum vs Haunted Colony: witness M6 Entropy
  Entropic Hum vs Growth Ring: witness M6 Entropy
  Entropic Hum vs Glass Well: witness M6 Entropy
  Entropic Hum vs Strung Abyss: witness M6 Entropy
  Entropic Hum vs Iron Plate: witness M6 Entropy
  Entropic Hum vs Chamber Drone: witness M6 Entropy
  Entropic Hum vs Ice Shelf: witness M6 Entropy
  Entropic Hum vs Hull Ark: witness M6 Entropy
  Entropic Hum vs Column Hymn: witness M6 Entropy
  Entropic Hum vs Cavern Wall: witness M6 Entropy
  Entropic Hum vs Glass Sphere: witness M6 Entropy
  Entropic Hum vs Sudden Chasm: witness M6 Entropy
  Entropic Hum vs Dead Air: witness M6 Entropy
  Entropic Hum vs Abyssal Wind: witness M6 Entropy
  Entropic Hum vs Spore Drift: witness M6 Entropy
  Entropic Hum vs Steam Vent: witness M6 Entropy

Pressure Front (primary M7 Pressure):
  Pressure Front vs Wind Through Basalt: witness M7 Pressure
  Pressure Front vs Resonant Shaft: witness M7 Pressure
  Pressure Front vs Smeared Horizon: witness M7 Pressure
  Pressure Front vs Feedback Mire: witness M7 Pressure
  Pressure Front vs Tectonic Floor: witness M7 Pressure
  Pressure Front vs Slow Bloom: witness M7 Pressure
  Pressure Front vs Colony Pulse: witness M7 Pressure
  Pressure Front vs Cathedral Void: witness M7 Pressure
  Pressure Front vs Choir of Absence: witness M7 Pressure
  Pressure Front vs Hull Resonance: witness M7 Pressure
  Pressure Front vs Lightless: witness M7 Pressure
  Pressure Front vs Erosion: witness M7 Pressure
  Pressure Front vs Crowded Dark: witness M7 Pressure
  Pressure Front vs Drifting Strata: witness M7 Pressure
  Pressure Front vs Stone Gravity: witness M7 Pressure
  Pressure Front vs Entropic Hum: witness M7 Pressure
  Pressure Front vs Weighted Deep: witness M7 Pressure
  Pressure Front vs Fogbound: witness M7 Pressure
  Pressure Front vs Teeming: witness M7 Pressure
  Pressure Front vs Endless Descent: witness M7 Pressure
  Pressure Front vs Monolith: witness M7 Pressure
  Pressure Front vs Bloom Colony: witness M7 Pressure
  Pressure Front vs Singing Colony: witness M7 Pressure
  Pressure Front vs Swarm Breath: witness M7 Pressure
  Pressure Front vs Feeding Loops: witness M7 Pressure
  Pressure Front vs Haunted Colony: witness M7 Pressure
  Pressure Front vs Growth Ring: witness M7 Pressure
  Pressure Front vs Glass Well: witness M7 Pressure
  Pressure Front vs Strung Abyss: witness M7 Pressure
  Pressure Front vs Iron Plate: witness M7 Pressure
  Pressure Front vs Chamber Drone: witness M7 Pressure
  Pressure Front vs Ice Shelf: witness M7 Pressure
  Pressure Front vs Hull Ark: witness M7 Pressure
  Pressure Front vs Column Hymn: witness M7 Pressure
  Pressure Front vs Cavern Wall: witness M7 Pressure
  Pressure Front vs Glass Sphere: witness M7 Pressure
  Pressure Front vs Sudden Chasm: witness M7 Pressure
  Pressure Front vs Dead Air: witness M7 Pressure
  Pressure Front vs Abyssal Wind: witness M7 Pressure
  Pressure Front vs Spore Drift: witness M7 Pressure
  Pressure Front vs Steam Vent: witness M7 Pressure

Weighted Deep (primary M8 Weight):
  Weighted Deep vs Wind Through Basalt: witness M8 Weight
  Weighted Deep vs Resonant Shaft: witness M8 Weight
  Weighted Deep vs Smeared Horizon: witness M8 Weight
  Weighted Deep vs Feedback Mire: witness M8 Weight
  Weighted Deep vs Tectonic Floor: witness M8 Weight
  Weighted Deep vs Slow Bloom: witness M8 Weight
  Weighted Deep vs Colony Pulse: witness M8 Weight
  Weighted Deep vs Cathedral Void: witness M8 Weight
  Weighted Deep vs Choir of Absence: witness M8 Weight
  Weighted Deep vs Hull Resonance: witness M8 Weight
  Weighted Deep vs Lightless: witness M8 Weight
  Weighted Deep vs Erosion: witness M8 Weight
  Weighted Deep vs Crowded Dark: witness M8 Weight
  Weighted Deep vs Drifting Strata: witness M8 Weight
  Weighted Deep vs Stone Gravity: witness M8 Weight
  Weighted Deep vs Entropic Hum: witness M8 Weight
  Weighted Deep vs Pressure Front: witness M8 Weight
  Weighted Deep vs Fogbound: witness M8 Weight
  Weighted Deep vs Teeming: witness M8 Weight
  Weighted Deep vs Endless Descent: witness M8 Weight
  Weighted Deep vs Monolith: witness M8 Weight
  Weighted Deep vs Bloom Colony: witness M8 Weight
  Weighted Deep vs Singing Colony: witness M8 Weight
  Weighted Deep vs Swarm Breath: witness M8 Weight
  Weighted Deep vs Feeding Loops: witness M8 Weight
  Weighted Deep vs Haunted Colony: witness M8 Weight
  Weighted Deep vs Growth Ring: witness M8 Weight
  Weighted Deep vs Glass Well: witness M8 Weight
  Weighted Deep vs Strung Abyss: witness M8 Weight
  Weighted Deep vs Iron Plate: witness M8 Weight
  Weighted Deep vs Chamber Drone: witness M8 Weight
  Weighted Deep vs Ice Shelf: witness M8 Weight
  Weighted Deep vs Hull Ark: witness M8 Weight
  Weighted Deep vs Column Hymn: witness M8 Weight
  Weighted Deep vs Cavern Wall: witness M8 Weight
  Weighted Deep vs Glass Sphere: witness M8 Weight
  Weighted Deep vs Sudden Chasm: witness M8 Weight
  Weighted Deep vs Dead Air: witness M8 Weight
  Weighted Deep vs Abyssal Wind: witness M8 Weight
  Weighted Deep vs Spore Drift: witness M8 Weight
  Weighted Deep vs Steam Vent: witness M8 Weight

Fogbound (primary M9 Fog):
  Fogbound vs Wind Through Basalt: witness M9 Fog
  Fogbound vs Resonant Shaft: witness M9 Fog
  Fogbound vs Smeared Horizon: witness M9 Fog
  Fogbound vs Feedback Mire: witness M9 Fog
  Fogbound vs Tectonic Floor: witness M9 Fog
  Fogbound vs Slow Bloom: witness M9 Fog
  Fogbound vs Colony Pulse: witness M9 Fog
  Fogbound vs Cathedral Void: witness M9 Fog
  Fogbound vs Choir of Absence: witness M9 Fog
  Fogbound vs Hull Resonance: witness M9 Fog
  Fogbound vs Lightless: witness M9 Fog
  Fogbound vs Erosion: witness M9 Fog
  Fogbound vs Crowded Dark: witness M9 Fog
  Fogbound vs Drifting Strata: witness M9 Fog
  Fogbound vs Stone Gravity: witness M9 Fog
  Fogbound vs Entropic Hum: witness M9 Fog
  Fogbound vs Pressure Front: witness M9 Fog
  Fogbound vs Weighted Deep: witness M9 Fog
  Fogbound vs Teeming: witness M9 Fog
  Fogbound vs Endless Descent: witness M9 Fog
  Fogbound vs Monolith: witness M9 Fog
  Fogbound vs Bloom Colony: witness M9 Fog
  Fogbound vs Singing Colony: witness M9 Fog
  Fogbound vs Swarm Breath: witness M9 Fog
  Fogbound vs Feeding Loops: witness M9 Fog
  Fogbound vs Haunted Colony: witness M9 Fog
  Fogbound vs Growth Ring: witness M9 Fog
  Fogbound vs Glass Well: witness M9 Fog
  Fogbound vs Strung Abyss: witness M9 Fog
  Fogbound vs Iron Plate: witness M9 Fog
  Fogbound vs Chamber Drone: witness M9 Fog
  Fogbound vs Ice Shelf: witness M9 Fog
  Fogbound vs Hull Ark: witness M9 Fog
  Fogbound vs Column Hymn: witness M9 Fog
  Fogbound vs Cavern Wall: witness M9 Fog
  Fogbound vs Glass Sphere: witness M9 Fog
  Fogbound vs Sudden Chasm: witness M9 Fog
  Fogbound vs Dead Air: witness M9 Fog
  Fogbound vs Abyssal Wind: witness M9 Fog
  Fogbound vs Spore Drift: witness M9 Fog
  Fogbound vs Steam Vent: witness M9 Fog

Teeming (primary M10 Life):
  Teeming vs Wind Through Basalt: witness M10 Life
  Teeming vs Resonant Shaft: witness M10 Life
  Teeming vs Smeared Horizon: witness M10 Life
  Teeming vs Feedback Mire: witness M10 Life
  Teeming vs Tectonic Floor: witness M10 Life
  Teeming vs Slow Bloom: witness M10 Life
  Teeming vs Colony Pulse: witness M10 Life
  Teeming vs Cathedral Void: witness M10 Life
  Teeming vs Choir of Absence: witness M10 Life
  Teeming vs Hull Resonance: witness M10 Life
  Teeming vs Lightless: witness M10 Life
  Teeming vs Erosion: witness M10 Life
  Teeming vs Crowded Dark: witness M10 Life
  Teeming vs Drifting Strata: witness M10 Life
  Teeming vs Stone Gravity: witness M10 Life
  Teeming vs Entropic Hum: witness M10 Life
  Teeming vs Pressure Front: witness M10 Life
  Teeming vs Weighted Deep: witness M10 Life
  Teeming vs Fogbound: witness M10 Life
  Teeming vs Endless Descent: witness M10 Life
  Teeming vs Monolith: witness M10 Life
  Teeming vs Bloom Colony: witness M10 Life
  Teeming vs Singing Colony: witness M10 Life
  Teeming vs Swarm Breath: witness M10 Life
  Teeming vs Feeding Loops: witness M10 Life
  Teeming vs Haunted Colony: witness M10 Life
  Teeming vs Growth Ring: witness M10 Life
  Teeming vs Glass Well: witness M10 Life
  Teeming vs Strung Abyss: witness M10 Life
  Teeming vs Iron Plate: witness M10 Life
  Teeming vs Chamber Drone: witness M10 Life
  Teeming vs Ice Shelf: witness M10 Life
  Teeming vs Hull Ark: witness M10 Life
  Teeming vs Column Hymn: witness M10 Life
  Teeming vs Cavern Wall: witness M10 Life
  Teeming vs Glass Sphere: witness M10 Life
  Teeming vs Sudden Chasm: witness M10 Life
  Teeming vs Dead Air: witness M10 Life
  Teeming vs Abyssal Wind: witness M10 Life
  Teeming vs Spore Drift: witness M10 Life
  Teeming vs Steam Vent: witness M10 Life

Endless Descent (primary M11 Depth):
  Endless Descent vs Wind Through Basalt: witness M11 Depth
  Endless Descent vs Resonant Shaft: witness M11 Depth
  Endless Descent vs Smeared Horizon: witness M11 Depth
  Endless Descent vs Feedback Mire: witness M11 Depth
  Endless Descent vs Tectonic Floor: witness M11 Depth
  Endless Descent vs Slow Bloom: witness M11 Depth
  Endless Descent vs Colony Pulse: witness M11 Depth
  Endless Descent vs Cathedral Void: witness M11 Depth
  Endless Descent vs Choir of Absence: witness M11 Depth
  Endless Descent vs Hull Resonance: witness M11 Depth
  Endless Descent vs Lightless: witness M11 Depth
  Endless Descent vs Erosion: witness M11 Depth
  Endless Descent vs Crowded Dark: witness M11 Depth
  Endless Descent vs Drifting Strata: witness M11 Depth
  Endless Descent vs Stone Gravity: witness M11 Depth
  Endless Descent vs Entropic Hum: witness M11 Depth
  Endless Descent vs Pressure Front: witness M11 Depth
  Endless Descent vs Weighted Deep: witness M11 Depth
  Endless Descent vs Fogbound: witness M11 Depth
  Endless Descent vs Teeming: witness M11 Depth
  Endless Descent vs Monolith: witness M11 Depth
  Endless Descent vs Bloom Colony: witness M11 Depth
  Endless Descent vs Singing Colony: witness M11 Depth
  Endless Descent vs Swarm Breath: witness M11 Depth
  Endless Descent vs Feeding Loops: witness M11 Depth
  Endless Descent vs Haunted Colony: witness M11 Depth
  Endless Descent vs Growth Ring: witness M11 Depth
  Endless Descent vs Glass Well: witness M11 Depth
  Endless Descent vs Strung Abyss: witness M11 Depth
  Endless Descent vs Iron Plate: witness M11 Depth
  Endless Descent vs Chamber Drone: witness M11 Depth
  Endless Descent vs Ice Shelf: witness M11 Depth
  Endless Descent vs Hull Ark: witness M11 Depth
  Endless Descent vs Column Hymn: witness M11 Depth
  Endless Descent vs Cavern Wall: witness M11 Depth
  Endless Descent vs Glass Sphere: witness M11 Depth
  Endless Descent vs Sudden Chasm: witness M11 Depth
  Endless Descent vs Dead Air: witness M11 Depth
  Endless Descent vs Abyssal Wind: witness M11 Depth
  Endless Descent vs Spore Drift: witness M11 Depth
  Endless Descent vs Steam Vent: witness M11 Depth

Monolith (primary M12 Mass):
  Monolith vs Wind Through Basalt: witness M12 Mass
  Monolith vs Resonant Shaft: witness M12 Mass
  Monolith vs Smeared Horizon: witness M12 Mass
  Monolith vs Feedback Mire: witness M12 Mass
  Monolith vs Tectonic Floor: witness M12 Mass
  Monolith vs Slow Bloom: witness M12 Mass
  Monolith vs Colony Pulse: witness M12 Mass
  Monolith vs Cathedral Void: witness M12 Mass
  Monolith vs Choir of Absence: witness M12 Mass
  Monolith vs Hull Resonance: witness M12 Mass
  Monolith vs Lightless: witness M12 Mass
  Monolith vs Erosion: witness M12 Mass
  Monolith vs Crowded Dark: witness M12 Mass
  Monolith vs Drifting Strata: witness M12 Mass
  Monolith vs Stone Gravity: witness M12 Mass
  Monolith vs Entropic Hum: witness M12 Mass
  Monolith vs Pressure Front: witness M12 Mass
  Monolith vs Weighted Deep: witness M12 Mass
  Monolith vs Fogbound: witness M12 Mass
  Monolith vs Teeming: witness M12 Mass
  Monolith vs Endless Descent: witness M12 Mass
  Monolith vs Bloom Colony: witness M12 Mass
  Monolith vs Singing Colony: witness M12 Mass
  Monolith vs Swarm Breath: witness M12 Mass
  Monolith vs Feeding Loops: witness M12 Mass
  Monolith vs Haunted Colony: witness M12 Mass
  Monolith vs Growth Ring: witness M12 Mass
  Monolith vs Glass Well: witness M12 Mass
  Monolith vs Strung Abyss: witness M12 Mass
  Monolith vs Iron Plate: witness M12 Mass
  Monolith vs Chamber Drone: witness M12 Mass
  Monolith vs Ice Shelf: witness M12 Mass
  Monolith vs Hull Ark: witness M12 Mass
  Monolith vs Column Hymn: witness M12 Mass
  Monolith vs Cavern Wall: witness M12 Mass
  Monolith vs Glass Sphere: witness M12 Mass
  Monolith vs Sudden Chasm: witness M12 Mass
  Monolith vs Dead Air: witness M12 Mass
  Monolith vs Abyssal Wind: witness M12 Mass
  Monolith vs Spore Drift: witness M12 Mass
  Monolith vs Steam Vent: witness M12 Mass

Bloom Colony (primary E1 partial -> bloom):
  Bloom Colony vs Wind Through Basalt: witness E1 partial -> bloom
  Bloom Colony vs Resonant Shaft: witness E1 partial -> bloom
  Bloom Colony vs Smeared Horizon: witness E1 partial -> bloom
  Bloom Colony vs Feedback Mire: witness E1 partial -> bloom
  Bloom Colony vs Tectonic Floor: witness E1 partial -> bloom
  Bloom Colony vs Slow Bloom: witness E1 partial -> bloom
  Bloom Colony vs Colony Pulse: witness E1 partial -> bloom
  Bloom Colony vs Cathedral Void: witness E1 partial -> bloom
  Bloom Colony vs Choir of Absence: witness E1 partial -> bloom
  Bloom Colony vs Hull Resonance: witness E1 partial -> bloom
  Bloom Colony vs Lightless: witness E1 partial -> bloom
  Bloom Colony vs Erosion: witness E1 partial -> bloom
  Bloom Colony vs Crowded Dark: witness E1 partial -> bloom
  Bloom Colony vs Drifting Strata: witness E1 partial -> bloom
  Bloom Colony vs Stone Gravity: witness E1 partial -> bloom
  Bloom Colony vs Entropic Hum: witness E1 partial -> bloom
  Bloom Colony vs Pressure Front: witness E1 partial -> bloom
  Bloom Colony vs Weighted Deep: witness E1 partial -> bloom
  Bloom Colony vs Fogbound: witness E1 partial -> bloom
  Bloom Colony vs Teeming: witness E1 partial -> bloom
  Bloom Colony vs Endless Descent: witness E1 partial -> bloom
  Bloom Colony vs Monolith: witness E1 partial -> bloom
  Bloom Colony vs Singing Colony: witness E1 partial -> bloom
  Bloom Colony vs Swarm Breath: witness E1 partial -> bloom
  Bloom Colony vs Feeding Loops: witness E1 partial -> bloom
  Bloom Colony vs Haunted Colony: witness E1 partial -> bloom
  Bloom Colony vs Growth Ring: witness E1 partial -> bloom
  Bloom Colony vs Glass Well: witness E1 partial -> bloom
  Bloom Colony vs Strung Abyss: witness E1 partial -> bloom
  Bloom Colony vs Iron Plate: witness E1 partial -> bloom
  Bloom Colony vs Chamber Drone: witness E1 partial -> bloom
  Bloom Colony vs Ice Shelf: witness E1 partial -> bloom
  Bloom Colony vs Hull Ark: witness E1 partial -> bloom
  Bloom Colony vs Column Hymn: witness E1 partial -> bloom
  Bloom Colony vs Cavern Wall: witness E1 partial -> bloom
  Bloom Colony vs Glass Sphere: witness E1 partial -> bloom
  Bloom Colony vs Sudden Chasm: witness E1 partial -> bloom
  Bloom Colony vs Dead Air: witness E1 partial -> bloom
  Bloom Colony vs Abyssal Wind: witness E1 partial -> bloom
  Bloom Colony vs Spore Drift: witness E1 partial -> bloom
  Bloom Colony vs Steam Vent: witness E1 partial -> bloom

Singing Colony (primary E2 resonator -> resonance peaks):
  Singing Colony vs Wind Through Basalt: witness E2 resonator -> resonance peaks
  Singing Colony vs Resonant Shaft: witness E2 resonator -> resonance peaks
  Singing Colony vs Smeared Horizon: witness E2 resonator -> resonance peaks
  Singing Colony vs Feedback Mire: witness E2 resonator -> resonance peaks
  Singing Colony vs Tectonic Floor: witness D5.1 anchor Free
  Singing Colony vs Slow Bloom: witness E2 resonator -> resonance peaks
  Singing Colony vs Colony Pulse: witness D5.1 anchor Free
  Singing Colony vs Cathedral Void: witness E2 resonator -> resonance peaks
  Singing Colony vs Choir of Absence: witness D5.1 anchor Free
  Singing Colony vs Hull Resonance: witness E2 resonator -> resonance peaks
  Singing Colony vs Lightless: witness D5.1 anchor Free
  Singing Colony vs Erosion: witness E2 resonator -> resonance peaks
  Singing Colony vs Crowded Dark: witness D5.1 anchor Free
  Singing Colony vs Drifting Strata: witness D5.1 anchor Free
  Singing Colony vs Stone Gravity: witness E2 resonator -> resonance peaks
  Singing Colony vs Entropic Hum: witness E2 resonator -> resonance peaks
  Singing Colony vs Pressure Front: witness E2 resonator -> resonance peaks
  Singing Colony vs Weighted Deep: witness D5.1 anchor Free
  Singing Colony vs Fogbound: witness E2 resonator -> resonance peaks
  Singing Colony vs Teeming: witness E2 resonator -> resonance peaks
  Singing Colony vs Endless Descent: witness E2 resonator -> resonance peaks
  Singing Colony vs Monolith: witness E2 resonator -> resonance peaks
  Singing Colony vs Bloom Colony: witness E2 resonator -> resonance peaks
  Singing Colony vs Swarm Breath: witness E2 resonator -> resonance peaks
  Singing Colony vs Feeding Loops: witness E2 resonator -> resonance peaks
  Singing Colony vs Haunted Colony: witness E2 resonator -> resonance peaks
  Singing Colony vs Growth Ring: witness D5.1 anchor Free
  Singing Colony vs Glass Well: witness E2 resonator -> resonance peaks
  Singing Colony vs Strung Abyss: witness E2 resonator -> resonance peaks
  Singing Colony vs Iron Plate: witness E2 resonator -> resonance peaks
  Singing Colony vs Chamber Drone: witness E2 resonator -> resonance peaks
  Singing Colony vs Ice Shelf: witness E2 resonator -> resonance peaks
  Singing Colony vs Hull Ark: witness E2 resonator -> resonance peaks
  Singing Colony vs Column Hymn: witness E2 resonator -> resonance peaks
  Singing Colony vs Cavern Wall: witness E2 resonator -> resonance peaks
  Singing Colony vs Glass Sphere: witness E2 resonator -> resonance peaks
  Singing Colony vs Sudden Chasm: witness E2 resonator -> resonance peaks
  Singing Colony vs Dead Air: witness E2 resonator -> resonance peaks
  Singing Colony vs Abyssal Wind: witness E2 resonator -> resonance peaks
  Singing Colony vs Spore Drift: witness E2 resonator -> resonance peaks
  Singing Colony vs Steam Vent: witness E2 resonator -> resonance peaks

Swarm Breath (primary E3 noise -> noise wake):
  Swarm Breath vs Wind Through Basalt: witness D3.4 noise model MetallicHiss
  Swarm Breath vs Resonant Shaft: witness E3 noise -> noise wake
  Swarm Breath vs Smeared Horizon: witness E3 noise -> noise wake
  Swarm Breath vs Feedback Mire: witness E3 noise -> noise wake
  Swarm Breath vs Tectonic Floor: witness E3 noise -> noise wake
  Swarm Breath vs Slow Bloom: witness E3 noise -> noise wake
  Swarm Breath vs Colony Pulse: witness D4.7 noise type Blue
  Swarm Breath vs Cathedral Void: witness E3 noise -> noise wake
  Swarm Breath vs Choir of Absence: witness E3 noise -> noise wake
  Swarm Breath vs Hull Resonance: witness E3 noise -> noise wake
  Swarm Breath vs Lightless: witness E3 noise -> noise wake
  Swarm Breath vs Erosion: witness E3 noise -> noise wake
  Swarm Breath vs Crowded Dark: witness D4.7 noise type Blue
  Swarm Breath vs Drifting Strata: witness E3 noise -> noise wake
  Swarm Breath vs Stone Gravity: witness E3 noise -> noise wake
  Swarm Breath vs Entropic Hum: witness E3 noise -> noise wake
  Swarm Breath vs Pressure Front: witness E3 noise -> noise wake
  Swarm Breath vs Weighted Deep: witness E3 noise -> noise wake
  Swarm Breath vs Fogbound: witness D3.4 noise model MetallicHiss
  Swarm Breath vs Teeming: witness E3 noise -> noise wake
  Swarm Breath vs Endless Descent: witness E3 noise -> noise wake
  Swarm Breath vs Monolith: witness E3 noise -> noise wake
  Swarm Breath vs Bloom Colony: witness E3 noise -> noise wake
  Swarm Breath vs Singing Colony: witness E3 noise -> noise wake
  Swarm Breath vs Feeding Loops: witness E3 noise -> noise wake
  Swarm Breath vs Haunted Colony: witness E3 noise -> noise wake
  Swarm Breath vs Growth Ring: witness E3 noise -> noise wake
  Swarm Breath vs Glass Well: witness E3 noise -> noise wake
  Swarm Breath vs Strung Abyss: witness E3 noise -> noise wake
  Swarm Breath vs Iron Plate: witness E3 noise -> noise wake
  Swarm Breath vs Chamber Drone: witness E3 noise -> noise wake
  Swarm Breath vs Ice Shelf: witness E3 noise -> noise wake
  Swarm Breath vs Hull Ark: witness E3 noise -> noise wake
  Swarm Breath vs Column Hymn: witness E3 noise -> noise wake
  Swarm Breath vs Cavern Wall: witness E3 noise -> noise wake
  Swarm Breath vs Glass Sphere: witness E3 noise -> noise wake
  Swarm Breath vs Sudden Chasm: witness E3 noise -> noise wake
  Swarm Breath vs Dead Air: witness E3 noise -> noise wake
  Swarm Breath vs Abyssal Wind: witness E3 noise -> noise wake
  Swarm Breath vs Spore Drift: witness E3 noise -> noise wake
  Swarm Breath vs Steam Vent: witness E3 noise -> noise wake

Feeding Loops (primary E4 feedback -> loop wake):
  Feeding Loops vs Wind Through Basalt: witness E4 feedback -> loop wake
  Feeding Loops vs Resonant Shaft: witness E4 feedback -> loop wake
  Feeding Loops vs Smeared Horizon: witness E4 feedback -> loop wake
  Feeding Loops vs Feedback Mire: witness E4 feedback -> loop wake
  Feeding Loops vs Tectonic Floor: witness E4 feedback -> loop wake
  Feeding Loops vs Slow Bloom: witness E4 feedback -> loop wake
  Feeding Loops vs Colony Pulse: witness E4 feedback -> loop wake
  Feeding Loops vs Cathedral Void: witness E4 feedback -> loop wake
  Feeding Loops vs Choir of Absence: witness E4 feedback -> loop wake
  Feeding Loops vs Hull Resonance: witness E4 feedback -> loop wake
  Feeding Loops vs Lightless: witness E4 feedback -> loop wake
  Feeding Loops vs Erosion: witness E4 feedback -> loop wake
  Feeding Loops vs Crowded Dark: witness E4 feedback -> loop wake
  Feeding Loops vs Drifting Strata: witness E4 feedback -> loop wake
  Feeding Loops vs Stone Gravity: witness E4 feedback -> loop wake
  Feeding Loops vs Entropic Hum: witness E4 feedback -> loop wake
  Feeding Loops vs Pressure Front: witness E4 feedback -> loop wake
  Feeding Loops vs Weighted Deep: witness E4 feedback -> loop wake
  Feeding Loops vs Fogbound: witness E4 feedback -> loop wake
  Feeding Loops vs Teeming: witness E4 feedback -> loop wake
  Feeding Loops vs Endless Descent: witness E4 feedback -> loop wake
  Feeding Loops vs Monolith: witness E4 feedback -> loop wake
  Feeding Loops vs Bloom Colony: witness E4 feedback -> loop wake
  Feeding Loops vs Singing Colony: witness E4 feedback -> loop wake
  Feeding Loops vs Swarm Breath: witness E4 feedback -> loop wake
  Feeding Loops vs Haunted Colony: witness E4 feedback -> loop wake
  Feeding Loops vs Growth Ring: witness E4 feedback -> loop wake
  Feeding Loops vs Glass Well: witness E4 feedback -> loop wake
  Feeding Loops vs Strung Abyss: witness E4 feedback -> loop wake
  Feeding Loops vs Iron Plate: witness E4 feedback -> loop wake
  Feeding Loops vs Chamber Drone: witness E4 feedback -> loop wake
  Feeding Loops vs Ice Shelf: witness E4 feedback -> loop wake
  Feeding Loops vs Hull Ark: witness E4 feedback -> loop wake
  Feeding Loops vs Column Hymn: witness E4 feedback -> loop wake
  Feeding Loops vs Cavern Wall: witness E4 feedback -> loop wake
  Feeding Loops vs Glass Sphere: witness E4 feedback -> loop wake
  Feeding Loops vs Sudden Chasm: witness E4 feedback -> loop wake
  Feeding Loops vs Dead Air: witness E4 feedback -> loop wake
  Feeding Loops vs Abyssal Wind: witness E4 feedback -> loop wake
  Feeding Loops vs Spore Drift: witness E4 feedback -> loop wake
  Feeding Loops vs Steam Vent: witness E4 feedback -> loop wake

Haunted Colony (primary E5 ghost -> ghost bursts):
  Haunted Colony vs Wind Through Basalt: SUBSET
F:\projects\iterum\plugins\vorago\tests\integration\preset_matrix_test.cpp(350): FAILED:
  CHECK( w.has_value() )
with expansion:
  false
with message:
  Haunted Colony vs Wind Through Basalt: every claim of P is verified by Q
  (SUBSET)

  Haunted Colony vs Resonant Shaft: witness E5 ghost -> ghost bursts
  Haunted Colony vs Smeared Horizon: witness E5 ghost -> ghost bursts
  Haunted Colony vs Feedback Mire: witness E5 ghost -> ghost bursts
  Haunted Colony vs Tectonic Floor: witness E5 ghost -> ghost bursts
  Haunted Colony vs Slow Bloom: SUBSET
F:\projects\iterum\plugins\vorago\tests\integration\preset_matrix_test.cpp(350): FAILED:
  CHECK( w.has_value() )
with expansion:
  false
with message:
  Haunted Colony vs Slow Bloom: every claim of P is verified by Q (SUBSET)

  Haunted Colony vs Colony Pulse: SUBSET
F:\projects\iterum\plugins\vorago\tests\integration\preset_matrix_test.cpp(350): FAILED:
  CHECK( w.has_value() )
with expansion:
  false
with message:
  Haunted Colony vs Colony Pulse: every claim of P is verified by Q (SUBSET)

  Haunted Colony vs Cathedral Void: witness E5 ghost -> ghost bursts
  Haunted Colony vs Choir of Absence: witness E5 ghost -> ghost bursts
  Haunted Colony vs Hull Resonance: witness E5 ghost -> ghost bursts
  Haunted Colony vs Lightless: witness E5 ghost -> ghost bursts
  Haunted Colony vs Erosion: witness E5 ghost -> ghost bursts
  Haunted Colony vs Crowded Dark: SUBSET
F:\projects\iterum\plugins\vorago\tests\integration\preset_matrix_test.cpp(350): FAILED:
  CHECK( w.has_value() )
with expansion:
  false
with message:
  Haunted Colony vs Crowded Dark: every claim of P is verified by Q (SUBSET)

  Haunted Colony vs Drifting Strata: SUBSET
F:\projects\iterum\plugins\vorago\tests\integration\preset_matrix_test.cpp(350): FAILED:
  CHECK( w.has_value() )
with expansion:
  false
with message:
  Haunted Colony vs Drifting Strata: every claim of P is verified by Q (SUBSET)

  Haunted Colony vs Stone Gravity: witness E5 ghost -> ghost bursts
  Haunted Colony vs Entropic Hum: witness E5 ghost -> ghost bursts
  Haunted Colony vs Pressure Front: witness E5 ghost -> ghost bursts
  Haunted Colony vs Weighted Deep: SUBSET
F:\projects\iterum\plugins\vorago\tests\integration\preset_matrix_test.cpp(350): FAILED:
  CHECK( w.has_value() )
with expansion:
  false
with message:
  Haunted Colony vs Weighted Deep: every claim of P is verified by Q (SUBSET)

  Haunted Colony vs Fogbound: witness E5 ghost -> ghost bursts
  Haunted Colony vs Teeming: SUBSET
F:\projects\iterum\plugins\vorago\tests\integration\preset_matrix_test.cpp(350): FAILED:
  CHECK( w.has_value() )
with expansion:
  false
with message:
  Haunted Colony vs Teeming: every claim of P is verified by Q (SUBSET)

  Haunted Colony vs Endless Descent: SUBSET
F:\projects\iterum\plugins\vorago\tests\integration\preset_matrix_test.cpp(350): FAILED:
  CHECK( w.has_value() )
with expansion:
  false
with message:
  Haunted Colony vs Endless Descent: every claim of P is verified by Q (SUBSET)

  Haunted Colony vs Monolith: witness E5 ghost -> ghost bursts
  Haunted Colony vs Bloom Colony: witness E5 ghost -> ghost bursts
  Haunted Colony vs Singing Colony: witness E5 ghost -> ghost bursts
  Haunted Colony vs Swarm Breath: witness E5 ghost -> ghost bursts
  Haunted Colony vs Feeding Loops: witness E5 ghost -> ghost bursts
  Haunted Colony vs Growth Ring: witness E5 ghost -> ghost bursts
  Haunted Colony vs Glass Well: witness E5 ghost -> ghost bursts
  Haunted Colony vs Strung Abyss: witness E5 ghost -> ghost bursts
  Haunted Colony vs Iron Plate: witness E5 ghost -> ghost bursts
  Haunted Colony vs Chamber Drone: witness E5 ghost -> ghost bursts
  Haunted Colony vs Ice Shelf: witness E5 ghost -> ghost bursts
  Haunted Colony vs Hull Ark: witness E5 ghost -> ghost bursts
  Haunted Colony vs Column Hymn: witness E5 ghost -> ghost bursts
  Haunted Colony vs Cavern Wall: witness E5 ghost -> ghost bursts
  Haunted Colony vs Glass Sphere: witness E5 ghost -> ghost bursts
  Haunted Colony vs Sudden Chasm: witness E5 ghost -> ghost bursts
  Haunted Colony vs Dead Air: witness E5 ghost -> ghost bursts
  Haunted Colony vs Abyssal Wind: witness E5 ghost -> ghost bursts
  Haunted Colony vs Spore Drift: witness E5 ghost -> ghost bursts
  Haunted Colony vs Steam Vent: witness E5 ghost -> ghost bursts

Growth Ring (primary D8.2 envelope Growth):
  Growth Ring vs Wind Through Basalt: witness D8.2 envelope Growth
  Growth Ring vs Resonant Shaft: witness D8.2 envelope Growth
  Growth Ring vs Smeared Horizon: witness D8.2 envelope Growth
  Growth Ring vs Feedback Mire: witness D8.2 envelope Growth
  Growth Ring vs Tectonic Floor: witness D8.2 envelope Growth
  Growth Ring vs Slow Bloom: witness D8.2 envelope Growth
  Growth Ring vs Colony Pulse: witness D8.2 envelope Growth
  Growth Ring vs Cathedral Void: witness D8.2 envelope Growth
  Growth Ring vs Choir of Absence: witness D8.2 envelope Growth
  Growth Ring vs Hull Resonance: witness D8.2 envelope Growth
  Growth Ring vs Lightless: witness D8.2 envelope Growth
  Growth Ring vs Erosion: witness D8.2 envelope Growth
  Growth Ring vs Crowded Dark: witness D8.2 envelope Growth
  Growth Ring vs Drifting Strata: witness D8.2 envelope Growth
  Growth Ring vs Stone Gravity: witness D8.2 envelope Growth
  Growth Ring vs Entropic Hum: witness D8.2 envelope Growth
  Growth Ring vs Pressure Front: witness D8.2 envelope Growth
  Growth Ring vs Weighted Deep: witness D8.2 envelope Growth
  Growth Ring vs Fogbound: witness D8.2 envelope Growth
  Growth Ring vs Teeming: witness D8.2 envelope Growth
  Growth Ring vs Endless Descent: witness D8.2 envelope Growth
  Growth Ring vs Monolith: witness D8.2 envelope Growth
  Growth Ring vs Bloom Colony: witness D8.2 envelope Growth
  Growth Ring vs Singing Colony: witness D8.2 envelope Growth
  Growth Ring vs Swarm Breath: witness D8.2 envelope Growth
  Growth Ring vs Feeding Loops: witness D8.2 envelope Growth
  Growth Ring vs Haunted Colony: witness D8.2 envelope Growth
  Growth Ring vs Glass Well: witness D8.2 envelope Growth
  Growth Ring vs Strung Abyss: witness D8.2 envelope Growth
  Growth Ring vs Iron Plate: witness D8.2 envelope Growth
  Growth Ring vs Chamber Drone: witness D8.2 envelope Growth
  Growth Ring vs Ice Shelf: witness D8.2 envelope Growth
  Growth Ring vs Hull Ark: witness D8.2 envelope Growth
  Growth Ring vs Column Hymn: witness D8.2 envelope Growth
  Growth Ring vs Cavern Wall: witness D8.2 envelope Growth
  Growth Ring vs Glass Sphere: witness D8.2 envelope Growth
  Growth Ring vs Sudden Chasm: witness D8.2 envelope Growth
  Growth Ring vs Dead Air: witness D8.2 envelope Growth
  Growth Ring vs Abyssal Wind: witness D8.2 envelope Growth
  Growth Ring vs Spore Drift: witness D8.2 envelope Growth
  Growth Ring vs Steam Vent: witness D8.2 envelope Growth

Glass Well (primary D1.1 material Glass):
  Glass Well vs Wind Through Basalt: witness D1.1 material Glass
  Glass Well vs Resonant Shaft: witness D1.1 material Glass
  Glass Well vs Smeared Horizon: witness D1.1 material Glass
  Glass Well vs Feedback Mire: witness D1.1 material Glass
  Glass Well vs Tectonic Floor: witness D1.1 material Glass
  Glass Well vs Slow Bloom: witness D1.1 material Glass
  Glass Well vs Colony Pulse: witness D1.1 material Glass
  Glass Well vs Cathedral Void: witness D1.1 material Glass
  Glass Well vs Choir of Absence: witness D1.1 material Glass
  Glass Well vs Hull Resonance: witness D1.1 material Glass
  Glass Well vs Lightless: witness D1.1 material Glass
  Glass Well vs Erosion: witness D1.1 material Glass
  Glass Well vs Crowded Dark: witness D1.1 material Glass
  Glass Well vs Drifting Strata: witness D1.1 material Glass
  Glass Well vs Stone Gravity: witness D1.1 material Glass
  Glass Well vs Entropic Hum: witness D1.1 material Glass
  Glass Well vs Pressure Front: witness D1.1 material Glass
  Glass Well vs Weighted Deep: witness D1.1 material Glass
  Glass Well vs Fogbound: witness D1.1 material Glass
  Glass Well vs Teeming: witness D1.1 material Glass
  Glass Well vs Endless Descent: witness D1.1 material Glass
  Glass Well vs Monolith: witness D1.1 material Glass
  Glass Well vs Bloom Colony: witness D1.1 material Glass
  Glass Well vs Singing Colony: witness D1.1 material Glass
  Glass Well vs Swarm Breath: witness D1.1 material Glass
  Glass Well vs Feeding Loops: witness D1.1 material Glass
  Glass Well vs Haunted Colony: witness D1.1 material Glass
  Glass Well vs Growth Ring: witness D1.1 material Glass
  Glass Well vs Strung Abyss: witness D1.1 material Glass
  Glass Well vs Iron Plate: witness D1.1 material Glass
  Glass Well vs Chamber Drone: witness D1.1 material Glass
  Glass Well vs Ice Shelf: witness D1.1 material Glass
  Glass Well vs Hull Ark: witness D1.1 material Glass
  Glass Well vs Column Hymn: witness D1.1 material Glass
  Glass Well vs Cavern Wall: witness D1.1 material Glass
  Glass Well vs Glass Sphere: witness D1.1 material Glass
  Glass Well vs Sudden Chasm: witness D1.1 material Glass
  Glass Well vs Dead Air: witness D1.1 material Glass
  Glass Well vs Abyssal Wind: witness D1.1 material Glass
  Glass Well vs Spore Drift: witness D1.1 material Glass
  Glass Well vs Steam Vent: witness D1.1 material Glass

Strung Abyss (primary D1.2 material Strings):
  Strung Abyss vs Wind Through Basalt: witness D1.2 material Strings
  Strung Abyss vs Resonant Shaft: witness D1.2 material Strings
  Strung Abyss vs Smeared Horizon: witness D1.2 material Strings
  Strung Abyss vs Feedback Mire: witness D1.2 material Strings
  Strung Abyss vs Tectonic Floor: witness D1.2 material Strings
  Strung Abyss vs Slow Bloom: witness D1.2 material Strings
  Strung Abyss vs Colony Pulse: witness D1.2 material Strings
  Strung Abyss vs Cathedral Void: witness D1.2 material Strings
  Strung Abyss vs Choir of Absence: witness D1.2 material Strings
  Strung Abyss vs Hull Resonance: witness D1.2 material Strings
  Strung Abyss vs Lightless: witness D1.2 material Strings
  Strung Abyss vs Erosion: witness D1.2 material Strings
  Strung Abyss vs Crowded Dark: witness D1.2 material Strings
  Strung Abyss vs Drifting Strata: witness D1.2 material Strings
  Strung Abyss vs Stone Gravity: witness D1.2 material Strings
  Strung Abyss vs Entropic Hum: witness D1.2 material Strings
  Strung Abyss vs Pressure Front: witness D1.2 material Strings
  Strung Abyss vs Weighted Deep: witness D1.2 material Strings
  Strung Abyss vs Fogbound: witness D1.2 material Strings
  Strung Abyss vs Teeming: witness D1.2 material Strings
  Strung Abyss vs Endless Descent: witness D1.2 material Strings
  Strung Abyss vs Monolith: witness D1.2 material Strings
  Strung Abyss vs Bloom Colony: witness D1.2 material Strings
  Strung Abyss vs Singing Colony: witness D1.2 material Strings
  Strung Abyss vs Swarm Breath: witness D1.2 material Strings
  Strung Abyss vs Feeding Loops: witness D1.2 material Strings
  Strung Abyss vs Haunted Colony: witness D1.2 material Strings
  Strung Abyss vs Growth Ring: witness D1.2 material Strings
  Strung Abyss vs Glass Well: witness D1.2 material Strings
  Strung Abyss vs Iron Plate: witness D1.2 material Strings
  Strung Abyss vs Chamber Drone: witness D1.2 material Strings
  Strung Abyss vs Ice Shelf: witness D1.2 material Strings
  Strung Abyss vs Hull Ark: witness D1.2 material Strings
  Strung Abyss vs Column Hymn: witness D1.2 material Strings
  Strung Abyss vs Cavern Wall: witness D1.2 material Strings
  Strung Abyss vs Glass Sphere: witness D1.2 material Strings
  Strung Abyss vs Sudden Chasm: witness D1.2 material Strings
  Strung Abyss vs Dead Air: witness D1.2 material Strings
  Strung Abyss vs Abyssal Wind: witness D1.2 material Strings
  Strung Abyss vs Spore Drift: witness D1.2 material Strings
  Strung Abyss vs Steam Vent: witness D1.2 material Strings

Iron Plate (primary D1.3 material MetalPlate):
  Iron Plate vs Wind Through Basalt: witness D1.3 material MetalPlate
  Iron Plate vs Resonant Shaft: witness D1.3 material MetalPlate
  Iron Plate vs Smeared Horizon: witness D1.3 material MetalPlate
  Iron Plate vs Feedback Mire: witness D1.3 material MetalPlate
  Iron Plate vs Tectonic Floor: witness D1.3 material MetalPlate
  Iron Plate vs Slow Bloom: witness D1.3 material MetalPlate
  Iron Plate vs Colony Pulse: witness D1.3 material MetalPlate
  Iron Plate vs Cathedral Void: witness D1.3 material MetalPlate
  Iron Plate vs Choir of Absence: witness D1.3 material MetalPlate
  Iron Plate vs Hull Resonance: witness D1.3 material MetalPlate
  Iron Plate vs Lightless: witness D1.3 material MetalPlate
  Iron Plate vs Erosion: witness D1.3 material MetalPlate
  Iron Plate vs Crowded Dark: witness D1.3 material MetalPlate
  Iron Plate vs Drifting Strata: witness D1.3 material MetalPlate
  Iron Plate vs Stone Gravity: witness D1.3 material MetalPlate
  Iron Plate vs Entropic Hum: witness D1.3 material MetalPlate
  Iron Plate vs Pressure Front: witness D1.3 material MetalPlate
  Iron Plate vs Weighted Deep: witness D1.3 material MetalPlate
  Iron Plate vs Fogbound: witness D1.3 material MetalPlate
  Iron Plate vs Teeming: witness D1.3 material MetalPlate
  Iron Plate vs Endless Descent: witness D1.3 material MetalPlate
  Iron Plate vs Monolith: witness D1.3 material MetalPlate
  Iron Plate vs Bloom Colony: witness D1.3 material MetalPlate
  Iron Plate vs Singing Colony: witness D1.3 material MetalPlate
  Iron Plate vs Swarm Breath: witness D1.3 material MetalPlate
  Iron Plate vs Feeding Loops: witness D1.3 material MetalPlate
  Iron Plate vs Haunted Colony: witness D1.3 material MetalPlate
  Iron Plate vs Growth Ring: witness D1.3 material MetalPlate
  Iron Plate vs Glass Well: witness D1.3 material MetalPlate
  Iron Plate vs Strung Abyss: witness D1.3 material MetalPlate
  Iron Plate vs Chamber Drone: witness D1.3 material MetalPlate
  Iron Plate vs Ice Shelf: witness D1.3 material MetalPlate
  Iron Plate vs Hull Ark: witness D1.3 material MetalPlate
  Iron Plate vs Column Hymn: witness D1.3 material MetalPlate
  Iron Plate vs Cavern Wall: witness D1.3 material MetalPlate
  Iron Plate vs Glass Sphere: witness D1.3 material MetalPlate
  Iron Plate vs Sudden Chasm: witness D1.3 material MetalPlate
  Iron Plate vs Dead Air: witness D1.3 material MetalPlate
  Iron Plate vs Abyssal Wind: witness D1.3 material MetalPlate
  Iron Plate vs Spore Drift: witness D1.3 material MetalPlate
  Iron Plate vs Steam Vent: witness D1.3 material MetalPlate

Chamber Drone (primary D1.4 material Chamber):
  Chamber Drone vs Wind Through Basalt: witness D1.4 material Chamber
  Chamber Drone vs Resonant Shaft: witness D1.4 material Chamber
  Chamber Drone vs Smeared Horizon: witness D1.4 material Chamber
  Chamber Drone vs Feedback Mire: witness D1.4 material Chamber
  Chamber Drone vs Tectonic Floor: witness D1.4 material Chamber
  Chamber Drone vs Slow Bloom: witness D1.4 material Chamber
  Chamber Drone vs Colony Pulse: witness D1.4 material Chamber
  Chamber Drone vs Cathedral Void: witness D1.4 material Chamber
  Chamber Drone vs Choir of Absence: witness D1.4 material Chamber
  Chamber Drone vs Hull Resonance: witness D1.4 material Chamber
  Chamber Drone vs Lightless: witness D1.4 material Chamber
  Chamber Drone vs Erosion: witness D1.4 material Chamber
  Chamber Drone vs Crowded Dark: witness D1.4 material Chamber
  Chamber Drone vs Drifting Strata: witness D1.4 material Chamber
  Chamber Drone vs Stone Gravity: witness D1.4 material Chamber
  Chamber Drone vs Entropic Hum: witness D1.4 material Chamber
  Chamber Drone vs Pressure Front: witness D1.4 material Chamber
  Chamber Drone vs Weighted Deep: witness D1.4 material Chamber
  Chamber Drone vs Fogbound: witness D1.4 material Chamber
  Chamber Drone vs Teeming: witness D1.4 material Chamber
  Chamber Drone vs Endless Descent: witness D1.4 material Chamber
  Chamber Drone vs Monolith: witness D1.4 material Chamber
  Chamber Drone vs Bloom Colony: witness D1.4 material Chamber
  Chamber Drone vs Singing Colony: witness D1.4 material Chamber
  Chamber Drone vs Swarm Breath: witness D1.4 material Chamber
  Chamber Drone vs Feeding Loops: witness D1.4 material Chamber
  Chamber Drone vs Haunted Colony: witness D1.4 material Chamber
  Chamber Drone vs Growth Ring: witness D1.4 material Chamber
  Chamber Drone vs Glass Well: witness D1.4 material Chamber
  Chamber Drone vs Strung Abyss: witness D1.4 material Chamber
  Chamber Drone vs Iron Plate: witness D1.4 material Chamber
  Chamber Drone vs Ice Shelf: witness D1.4 material Chamber
  Chamber Drone vs Hull Ark: witness D1.4 material Chamber
  Chamber Drone vs Column Hymn: witness D1.4 material Chamber
  Chamber Drone vs Cavern Wall: witness D1.4 material Chamber
  Chamber Drone vs Glass Sphere: witness D1.4 material Chamber
  Chamber Drone vs Sudden Chasm: witness D1.4 material Chamber
  Chamber Drone vs Dead Air: witness D1.4 material Chamber
  Chamber Drone vs Abyssal Wind: witness D1.4 material Chamber
  Chamber Drone vs Spore Drift: witness D1.4 material Chamber
  Chamber Drone vs Steam Vent: witness D1.4 material Chamber

Ice Shelf (primary D1.5 material Ice):
  Ice Shelf vs Wind Through Basalt: witness D1.5 material Ice
  Ice Shelf vs Resonant Shaft: witness D1.5 material Ice
  Ice Shelf vs Smeared Horizon: witness D1.5 material Ice
  Ice Shelf vs Feedback Mire: witness D1.5 material Ice
  Ice Shelf vs Tectonic Floor: witness D1.5 material Ice
  Ice Shelf vs Slow Bloom: witness D1.5 material Ice
  Ice Shelf vs Colony Pulse: witness D1.5 material Ice
  Ice Shelf vs Cathedral Void: witness D1.5 material Ice
  Ice Shelf vs Choir of Absence: witness D1.5 material Ice
  Ice Shelf vs Hull Resonance: witness D1.5 material Ice
  Ice Shelf vs Lightless: witness D1.5 material Ice
  Ice Shelf vs Erosion: witness D1.5 material Ice
  Ice Shelf vs Crowded Dark: witness D1.5 material Ice
  Ice Shelf vs Drifting Strata: witness D1.5 material Ice
  Ice Shelf vs Stone Gravity: witness D1.5 material Ice
  Ice Shelf vs Entropic Hum: witness D1.5 material Ice
  Ice Shelf vs Pressure Front: witness D1.5 material Ice
  Ice Shelf vs Weighted Deep: witness D1.5 material Ice
  Ice Shelf vs Fogbound: witness D1.5 material Ice
  Ice Shelf vs Teeming: witness D1.5 material Ice
  Ice Shelf vs Endless Descent: witness D1.5 material Ice
  Ice Shelf vs Monolith: witness D1.5 material Ice
  Ice Shelf vs Bloom Colony: witness D1.5 material Ice
  Ice Shelf vs Singing Colony: witness D1.5 material Ice
  Ice Shelf vs Swarm Breath: witness D1.5 material Ice
  Ice Shelf vs Feeding Loops: witness D1.5 material Ice
  Ice Shelf vs Haunted Colony: witness D1.5 material Ice
  Ice Shelf vs Growth Ring: witness D1.5 material Ice
  Ice Shelf vs Glass Well: witness D1.5 material Ice
  Ice Shelf vs Strung Abyss: witness D1.5 material Ice
  Ice Shelf vs Iron Plate: witness D1.5 material Ice
  Ice Shelf vs Chamber Drone: witness D1.5 material Ice
  Ice Shelf vs Hull Ark: witness D1.5 material Ice
  Ice Shelf vs Column Hymn: witness D1.5 material Ice
  Ice Shelf vs Cavern Wall: witness D1.5 material Ice
  Ice Shelf vs Glass Sphere: witness D1.5 material Ice
  Ice Shelf vs Sudden Chasm: witness D1.5 material Ice
  Ice Shelf vs Dead Air: witness D1.5 material Ice
  Ice Shelf vs Abyssal Wind: witness D1.5 material Ice
  Ice Shelf vs Spore Drift: witness D1.5 material Ice
  Ice Shelf vs Steam Vent: witness D1.5 material Ice

Hull Ark (primary D1.8 material WoodenHull):
  Hull Ark vs Wind Through Basalt: witness D1.8 material WoodenHull
  Hull Ark vs Resonant Shaft: witness D1.8 material WoodenHull
  Hull Ark vs Smeared Horizon: witness D1.8 material WoodenHull
  Hull Ark vs Feedback Mire: witness D1.8 material WoodenHull
  Hull Ark vs Tectonic Floor: witness D1.8 material WoodenHull
  Hull Ark vs Slow Bloom: witness D1.8 material WoodenHull
  Hull Ark vs Colony Pulse: witness D1.8 material WoodenHull
  Hull Ark vs Cathedral Void: witness D1.8 material WoodenHull
  Hull Ark vs Choir of Absence: witness D1.8 material WoodenHull
  Hull Ark vs Hull Resonance: witness D1.8 material WoodenHull
  Hull Ark vs Lightless: witness D1.8 material WoodenHull
  Hull Ark vs Erosion: witness D1.8 material WoodenHull
  Hull Ark vs Crowded Dark: witness D1.8 material WoodenHull
  Hull Ark vs Drifting Strata: witness D1.8 material WoodenHull
  Hull Ark vs Stone Gravity: witness D1.8 material WoodenHull
  Hull Ark vs Entropic Hum: witness D1.8 material WoodenHull
  Hull Ark vs Pressure Front: witness D1.8 material WoodenHull
  Hull Ark vs Weighted Deep: witness D1.8 material WoodenHull
  Hull Ark vs Fogbound: witness D1.8 material WoodenHull
  Hull Ark vs Teeming: witness D1.8 material WoodenHull
  Hull Ark vs Endless Descent: witness D1.8 material WoodenHull
  Hull Ark vs Monolith: witness D1.8 material WoodenHull
  Hull Ark vs Bloom Colony: witness D1.8 material WoodenHull
  Hull Ark vs Singing Colony: witness D1.8 material WoodenHull
  Hull Ark vs Swarm Breath: witness D1.8 material WoodenHull
  Hull Ark vs Feeding Loops: witness D1.8 material WoodenHull
  Hull Ark vs Haunted Colony: witness D1.8 material WoodenHull
  Hull Ark vs Growth Ring: witness D1.8 material WoodenHull
  Hull Ark vs Glass Well: witness D1.8 material WoodenHull
  Hull Ark vs Strung Abyss: witness D1.8 material WoodenHull
  Hull Ark vs Iron Plate: witness D1.8 material WoodenHull
  Hull Ark vs Chamber Drone: witness D1.8 material WoodenHull
  Hull Ark vs Ice Shelf: witness D1.8 material WoodenHull
  Hull Ark vs Column Hymn: witness D1.8 material WoodenHull
  Hull Ark vs Cavern Wall: witness D1.8 material WoodenHull
  Hull Ark vs Glass Sphere: witness D1.8 material WoodenHull
  Hull Ark vs Sudden Chasm: witness D1.8 material WoodenHull
  Hull Ark vs Dead Air: witness D1.8 material WoodenHull
  Hull Ark vs Abyssal Wind: witness D1.8 material WoodenHull
  Hull Ark vs Spore Drift: witness D1.8 material WoodenHull
  Hull Ark vs Steam Vent: witness D1.8 material WoodenHull

Column Hymn (primary D1.9 material CathedralColumn):
  Column Hymn vs Wind Through Basalt: witness D1.9 material CathedralColumn
  Column Hymn vs Resonant Shaft: witness D1.9 material CathedralColumn
  Column Hymn vs Smeared Horizon: witness D1.9 material CathedralColumn
  Column Hymn vs Feedback Mire: witness D1.9 material CathedralColumn
  Column Hymn vs Tectonic Floor: witness D1.9 material CathedralColumn
  Column Hymn vs Slow Bloom: witness D1.9 material CathedralColumn
  Column Hymn vs Colony Pulse: witness D1.9 material CathedralColumn
  Column Hymn vs Cathedral Void: witness D1.9 material CathedralColumn
  Column Hymn vs Choir of Absence: witness D1.9 material CathedralColumn
  Column Hymn vs Hull Resonance: witness D1.9 material CathedralColumn
  Column Hymn vs Lightless: witness D1.9 material CathedralColumn
  Column Hymn vs Erosion: witness D1.9 material CathedralColumn
  Column Hymn vs Crowded Dark: witness D1.9 material CathedralColumn
  Column Hymn vs Drifting Strata: witness D1.9 material CathedralColumn
  Column Hymn vs Stone Gravity: witness D1.9 material CathedralColumn
  Column Hymn vs Entropic Hum: witness D1.9 material CathedralColumn
  Column Hymn vs Pressure Front: witness D1.9 material CathedralColumn
  Column Hymn vs Weighted Deep: witness D1.9 material CathedralColumn
  Column Hymn vs Fogbound: witness D1.9 material CathedralColumn
  Column Hymn vs Teeming: witness D1.9 material CathedralColumn
  Column Hymn vs Endless Descent: witness D1.9 material CathedralColumn
  Column Hymn vs Monolith: witness D1.9 material CathedralColumn
  Column Hymn vs Bloom Colony: witness D1.9 material CathedralColumn
  Column Hymn vs Singing Colony: witness D1.9 material CathedralColumn
  Column Hymn vs Swarm Breath: witness D1.9 material CathedralColumn
  Column Hymn vs Feeding Loops: witness D1.9 material CathedralColumn
  Column Hymn vs Haunted Colony: witness D1.9 material CathedralColumn
  Column Hymn vs Growth Ring: witness D1.9 material CathedralColumn
  Column Hymn vs Glass Well: witness D1.9 material CathedralColumn
  Column Hymn vs Strung Abyss: witness D1.9 material CathedralColumn
  Column Hymn vs Iron Plate: witness D1.9 material CathedralColumn
  Column Hymn vs Chamber Drone: witness D1.9 material CathedralColumn
  Column Hymn vs Ice Shelf: witness D1.9 material CathedralColumn
  Column Hymn vs Hull Ark: witness D1.9 material CathedralColumn
  Column Hymn vs Cavern Wall: witness D1.9 material CathedralColumn
  Column Hymn vs Glass Sphere: witness D1.9 material CathedralColumn
  Column Hymn vs Sudden Chasm: witness D1.9 material CathedralColumn
  Column Hymn vs Dead Air: witness D1.9 material CathedralColumn
  Column Hymn vs Abyssal Wind: witness D1.9 material CathedralColumn
  Column Hymn vs Spore Drift: witness D1.9 material CathedralColumn
  Column Hymn vs Steam Vent: witness D1.9 material CathedralColumn

Cavern Wall (primary D1.10 material CavernWall):
  Cavern Wall vs Wind Through Basalt: witness D1.10 material CavernWall
  Cavern Wall vs Resonant Shaft: witness D1.10 material CavernWall
  Cavern Wall vs Smeared Horizon: witness D1.10 material CavernWall
  Cavern Wall vs Feedback Mire: witness D1.10 material CavernWall
  Cavern Wall vs Tectonic Floor: witness D1.10 material CavernWall
  Cavern Wall vs Slow Bloom: witness D1.10 material CavernWall
  Cavern Wall vs Colony Pulse: witness D1.10 material CavernWall
  Cavern Wall vs Cathedral Void: witness D1.10 material CavernWall
  Cavern Wall vs Choir of Absence: witness D1.10 material CavernWall
  Cavern Wall vs Hull Resonance: witness D1.10 material CavernWall
  Cavern Wall vs Lightless: witness D1.10 material CavernWall
  Cavern Wall vs Erosion: witness D1.10 material CavernWall
  Cavern Wall vs Crowded Dark: witness D1.10 material CavernWall
  Cavern Wall vs Drifting Strata: witness D1.10 material CavernWall
  Cavern Wall vs Stone Gravity: witness D1.10 material CavernWall
  Cavern Wall vs Entropic Hum: witness D1.10 material CavernWall
  Cavern Wall vs Pressure Front: witness D1.10 material CavernWall
  Cavern Wall vs Weighted Deep: witness D1.10 material CavernWall
  Cavern Wall vs Fogbound: witness D1.10 material CavernWall
  Cavern Wall vs Teeming: witness D1.10 material CavernWall
  Cavern Wall vs Endless Descent: witness D1.10 material CavernWall
  Cavern Wall vs Monolith: witness D1.10 material CavernWall
  Cavern Wall vs Bloom Colony: witness D1.10 material CavernWall
  Cavern Wall vs Singing Colony: witness D1.10 material CavernWall
  Cavern Wall vs Swarm Breath: witness D1.10 material CavernWall
  Cavern Wall vs Feeding Loops: witness D1.10 material CavernWall
  Cavern Wall vs Haunted Colony: witness D1.10 material CavernWall
  Cavern Wall vs Growth Ring: witness D1.10 material CavernWall
  Cavern Wall vs Glass Well: witness D1.10 material CavernWall
  Cavern Wall vs Strung Abyss: witness D1.10 material CavernWall
  Cavern Wall vs Iron Plate: witness D1.10 material CavernWall
  Cavern Wall vs Chamber Drone: witness D1.10 material CavernWall
  Cavern Wall vs Ice Shelf: witness D1.10 material CavernWall
  Cavern Wall vs Hull Ark: witness D1.10 material CavernWall
  Cavern Wall vs Column Hymn: witness D1.10 material CavernWall
  Cavern Wall vs Glass Sphere: witness D1.10 material CavernWall
  Cavern Wall vs Sudden Chasm: witness D1.10 material CavernWall
  Cavern Wall vs Dead Air: witness D1.10 material CavernWall
  Cavern Wall vs Abyssal Wind: witness D1.10 material CavernWall
  Cavern Wall vs Spore Drift: witness D1.10 material CavernWall
  Cavern Wall vs Steam Vent: witness D1.10 material CavernWall

Glass Sphere (primary D1.11 material GlassSphere):
  Glass Sphere vs Wind Through Basalt: witness D1.11 material GlassSphere
  Glass Sphere vs Resonant Shaft: witness D1.11 material GlassSphere
  Glass Sphere vs Smeared Horizon: witness D1.11 material GlassSphere
  Glass Sphere vs Feedback Mire: witness D1.11 material GlassSphere
  Glass Sphere vs Tectonic Floor: witness D1.11 material GlassSphere
  Glass Sphere vs Slow Bloom: witness D1.11 material GlassSphere
  Glass Sphere vs Colony Pulse: witness D1.11 material GlassSphere
  Glass Sphere vs Cathedral Void: witness D1.11 material GlassSphere
  Glass Sphere vs Choir of Absence: witness D1.11 material GlassSphere
  Glass Sphere vs Hull Resonance: witness D1.11 material GlassSphere
  Glass Sphere vs Lightless: witness D1.11 material GlassSphere
  Glass Sphere vs Erosion: witness D1.11 material GlassSphere
  Glass Sphere vs Crowded Dark: witness D1.11 material GlassSphere
  Glass Sphere vs Drifting Strata: witness D1.11 material GlassSphere
  Glass Sphere vs Stone Gravity: witness D1.11 material GlassSphere
  Glass Sphere vs Entropic Hum: witness D1.11 material GlassSphere
  Glass Sphere vs Pressure Front: witness D1.11 material GlassSphere
  Glass Sphere vs Weighted Deep: witness D1.11 material GlassSphere
  Glass Sphere vs Fogbound: witness D1.11 material GlassSphere
  Glass Sphere vs Teeming: witness D1.11 material GlassSphere
  Glass Sphere vs Endless Descent: witness D1.11 material GlassSphere
  Glass Sphere vs Monolith: witness D1.11 material GlassSphere
  Glass Sphere vs Bloom Colony: witness D1.11 material GlassSphere
  Glass Sphere vs Singing Colony: witness D1.11 material GlassSphere
  Glass Sphere vs Swarm Breath: witness D1.11 material GlassSphere
  Glass Sphere vs Feeding Loops: witness D1.11 material GlassSphere
  Glass Sphere vs Haunted Colony: witness D1.11 material GlassSphere
  Glass Sphere vs Growth Ring: witness D1.11 material GlassSphere
  Glass Sphere vs Glass Well: witness D1.11 material GlassSphere
  Glass Sphere vs Strung Abyss: witness D1.11 material GlassSphere
  Glass Sphere vs Iron Plate: witness D1.11 material GlassSphere
  Glass Sphere vs Chamber Drone: witness D1.11 material GlassSphere
  Glass Sphere vs Ice Shelf: witness D1.11 material GlassSphere
  Glass Sphere vs Hull Ark: witness D1.11 material GlassSphere
  Glass Sphere vs Column Hymn: witness D1.11 material GlassSphere
  Glass Sphere vs Cavern Wall: witness D1.11 material GlassSphere
  Glass Sphere vs Sudden Chasm: witness D1.11 material GlassSphere
  Glass Sphere vs Dead Air: witness D1.11 material GlassSphere
  Glass Sphere vs Abyssal Wind: witness D1.11 material GlassSphere
  Glass Sphere vs Spore Drift: witness D1.11 material GlassSphere
  Glass Sphere vs Steam Vent: witness D1.11 material GlassSphere

Sudden Chasm (primary D9.1 attack span <= 10 s):
  Sudden Chasm vs Wind Through Basalt: witness D9.1 attack span <= 10 s
  Sudden Chasm vs Resonant Shaft: witness D9.1 attack span <= 10 s
  Sudden Chasm vs Smeared Horizon: witness D9.1 attack span <= 10 s
  Sudden Chasm vs Feedback Mire: witness D9.1 attack span <= 10 s
  Sudden Chasm vs Tectonic Floor: witness D9.1 attack span <= 10 s
  Sudden Chasm vs Slow Bloom: witness D9.1 attack span <= 10 s
  Sudden Chasm vs Colony Pulse: witness D9.1 attack span <= 10 s
  Sudden Chasm vs Cathedral Void: witness D9.1 attack span <= 10 s
  Sudden Chasm vs Choir of Absence: witness D9.1 attack span <= 10 s
  Sudden Chasm vs Hull Resonance: witness D9.1 attack span <= 10 s
  Sudden Chasm vs Lightless: witness D9.1 attack span <= 10 s
  Sudden Chasm vs Erosion: witness D9.1 attack span <= 10 s
  Sudden Chasm vs Crowded Dark: witness D9.1 attack span <= 10 s
  Sudden Chasm vs Drifting Strata: witness D9.1 attack span <= 10 s
  Sudden Chasm vs Stone Gravity: witness D9.1 attack span <= 10 s
  Sudden Chasm vs Entropic Hum: witness D9.1 attack span <= 10 s
  Sudden Chasm vs Pressure Front: witness D9.1 attack span <= 10 s
  Sudden Chasm vs Weighted Deep: witness D9.1 attack span <= 10 s
  Sudden Chasm vs Fogbound: witness D9.1 attack span <= 10 s
  Sudden Chasm vs Teeming: witness D9.1 attack span <= 10 s
  Sudden Chasm vs Endless Descent: witness D9.1 attack span <= 10 s
  Sudden Chasm vs Monolith: witness D9.1 attack span <= 10 s
  Sudden Chasm vs Bloom Colony: witness D9.1 attack span <= 10 s
  Sudden Chasm vs Singing Colony: witness D9.1 attack span <= 10 s
  Sudden Chasm vs Swarm Breath: witness D9.1 attack span <= 10 s
  Sudden Chasm vs Feeding Loops: witness D9.1 attack span <= 10 s
  Sudden Chasm vs Haunted Colony: witness D9.1 attack span <= 10 s
  Sudden Chasm vs Growth Ring: witness D9.1 attack span <= 10 s
  Sudden Chasm vs Glass Well: witness D9.1 attack span <= 10 s
  Sudden Chasm vs Strung Abyss: witness D9.1 attack span <= 10 s
  Sudden Chasm vs Iron Plate: witness D9.1 attack span <= 10 s
  Sudden Chasm vs Chamber Drone: witness D9.1 attack span <= 10 s
  Sudden Chasm vs Ice Shelf: witness D9.1 attack span <= 10 s
  Sudden Chasm vs Hull Ark: witness D9.1 attack span <= 10 s
  Sudden Chasm vs Column Hymn: witness D9.1 attack span <= 10 s
  Sudden Chasm vs Cavern Wall: witness D9.1 attack span <= 10 s
  Sudden Chasm vs Glass Sphere: witness D9.1 attack span <= 10 s
  Sudden Chasm vs Dead Air: witness D9.1 attack span <= 10 s
  Sudden Chasm vs Abyssal Wind: witness D9.1 attack span <= 10 s
  Sudden Chasm vs Spore Drift: witness D9.1 attack span <= 10 s
  Sudden Chasm vs Steam Vent: witness D9.1 attack span <= 10 s

Dead Air (primary D3.1 noise model Direct):
  Dead Air vs Wind Through Basalt: witness D4.9 noise type Grey
  Dead Air vs Resonant Shaft: witness D3.1 noise model Direct
  Dead Air vs Smeared Horizon: witness D3.1 noise model Direct
  Dead Air vs Feedback Mire: witness D4.1 noise type White
  Dead Air vs Tectonic Floor: witness D3.1 noise model Direct
  Dead Air vs Slow Bloom: witness D3.1 noise model Direct
  Dead Air vs Colony Pulse: witness D4.1 noise type White
  Dead Air vs Cathedral Void: witness D3.1 noise model Direct
  Dead Air vs Choir of Absence: witness D3.1 noise model Direct
  Dead Air vs Hull Resonance: witness D4.1 noise type White
  Dead Air vs Lightless: witness D3.1 noise model Direct
  Dead Air vs Erosion: witness D3.1 noise model Direct
  Dead Air vs Crowded Dark: witness D4.1 noise type White
  Dead Air vs Drifting Strata: witness D3.1 noise model Direct
  Dead Air vs Stone Gravity: witness D3.1 noise model Direct
  Dead Air vs Entropic Hum: witness D4.1 noise type White
  Dead Air vs Pressure Front: witness D3.1 noise model Direct
  Dead Air vs Weighted Deep: witness D3.1 noise model Direct
  Dead Air vs Fogbound: witness D4.1 noise type White
  Dead Air vs Teeming: witness D3.1 noise model Direct
  Dead Air vs Endless Descent: witness D3.1 noise model Direct
  Dead Air vs Monolith: witness D3.1 noise model Direct
  Dead Air vs Bloom Colony: witness D3.1 noise model Direct
  Dead Air vs Singing Colony: witness D3.1 noise model Direct
  Dead Air vs Swarm Breath: witness D3.1 noise model Direct
  Dead Air vs Feeding Loops: witness D3.1 noise model Direct
  Dead Air vs Haunted Colony: witness D3.1 noise model Direct
  Dead Air vs Growth Ring: witness D3.1 noise model Direct
  Dead Air vs Glass Well: witness D3.1 noise model Direct
  Dead Air vs Strung Abyss: witness D3.1 noise model Direct
  Dead Air vs Iron Plate: witness D3.1 noise model Direct
  Dead Air vs Chamber Drone: witness D3.1 noise model Direct
  Dead Air vs Ice Shelf: witness D4.1 noise type White
  Dead Air vs Hull Ark: witness D3.1 noise model Direct
  Dead Air vs Column Hymn: witness D3.1 noise model Direct
  Dead Air vs Cavern Wall: witness D3.1 noise model Direct
  Dead Air vs Glass Sphere: witness D3.1 noise model Direct
  Dead Air vs Sudden Chasm: witness D3.1 noise model Direct
  Dead Air vs Abyssal Wind: witness D3.1 noise model Direct
  Dead Air vs Spore Drift: witness D3.1 noise model Direct
  Dead Air vs Steam Vent: witness D3.1 noise model Direct

Abyssal Wind (primary D3.2 noise model FilteredWind):
  Abyssal Wind vs Wind Through Basalt: witness D3.2 noise model FilteredWind
  Abyssal Wind vs Resonant Shaft: witness D3.2 noise model FilteredWind
  Abyssal Wind vs Smeared Horizon: witness D3.2 noise model FilteredWind
  Abyssal Wind vs Feedback Mire: witness D7.2 loudest sub f/4
  Abyssal Wind vs Tectonic Floor: witness D3.2 noise model FilteredWind
  Abyssal Wind vs Slow Bloom: witness D3.2 noise model FilteredWind
  Abyssal Wind vs Colony Pulse: witness D7.2 loudest sub f/4
  Abyssal Wind vs Cathedral Void: witness D3.2 noise model FilteredWind
  Abyssal Wind vs Choir of Absence: witness D3.2 noise model FilteredWind
  Abyssal Wind vs Hull Resonance: witness D7.2 loudest sub f/4
  Abyssal Wind vs Lightless: witness D3.2 noise model FilteredWind
  Abyssal Wind vs Erosion: witness D3.2 noise model FilteredWind
  Abyssal Wind vs Crowded Dark: witness D7.2 loudest sub f/4
  Abyssal Wind vs Drifting Strata: witness D3.2 noise model FilteredWind
  Abyssal Wind vs Stone Gravity: witness D3.2 noise model FilteredWind
  Abyssal Wind vs Entropic Hum: witness D7.2 loudest sub f/4
  Abyssal Wind vs Pressure Front: witness D3.2 noise model FilteredWind
  Abyssal Wind vs Weighted Deep: witness D3.2 noise model FilteredWind
  Abyssal Wind vs Fogbound: witness D3.2 noise model FilteredWind
  Abyssal Wind vs Teeming: witness D3.2 noise model FilteredWind
  Abyssal Wind vs Endless Descent: witness D3.2 noise model FilteredWind
  Abyssal Wind vs Monolith: witness D3.2 noise model FilteredWind
  Abyssal Wind vs Bloom Colony: witness D3.2 noise model FilteredWind
  Abyssal Wind vs Singing Colony: witness D3.2 noise model FilteredWind
  Abyssal Wind vs Swarm Breath: witness D3.2 noise model FilteredWind
  Abyssal Wind vs Feeding Loops: witness D3.2 noise model FilteredWind
  Abyssal Wind vs Haunted Colony: witness D3.2 noise model FilteredWind
  Abyssal Wind vs Growth Ring: witness D3.2 noise model FilteredWind
  Abyssal Wind vs Glass Well: witness D3.2 noise model FilteredWind
  Abyssal Wind vs Strung Abyss: witness D3.2 noise model FilteredWind
  Abyssal Wind vs Iron Plate: witness D3.2 noise model FilteredWind
  Abyssal Wind vs Chamber Drone: witness D3.2 noise model FilteredWind
  Abyssal Wind vs Ice Shelf: witness D7.2 loudest sub f/4
  Abyssal Wind vs Hull Ark: witness D3.2 noise model FilteredWind
  Abyssal Wind vs Column Hymn: witness D3.2 noise model FilteredWind
  Abyssal Wind vs Cavern Wall: witness D3.2 noise model FilteredWind
  Abyssal Wind vs Glass Sphere: witness D3.2 noise model FilteredWind
  Abyssal Wind vs Sudden Chasm: witness D3.2 noise model FilteredWind
  Abyssal Wind vs Dead Air: witness D3.2 noise model FilteredWind
  Abyssal Wind vs Spore Drift: witness D3.2 noise model FilteredWind
  Abyssal Wind vs Steam Vent: witness D3.2 noise model FilteredWind

Spore Drift (primary D3.3 noise model GranularDust):
  Spore Drift vs Wind Through Basalt: witness D3.3 noise model GranularDust
  Spore Drift vs Resonant Shaft: witness D3.3 noise model GranularDust
  Spore Drift vs Smeared Horizon: witness D3.3 noise model GranularDust
  Spore Drift vs Feedback Mire: witness D11 ghost reverse >= 0.5
  Spore Drift vs Tectonic Floor: witness D3.3 noise model GranularDust
  Spore Drift vs Slow Bloom: witness D3.3 noise model GranularDust
  Spore Drift vs Colony Pulse: witness D11 ghost reverse >= 0.5
  Spore Drift vs Cathedral Void: witness D3.3 noise model GranularDust
  Spore Drift vs Choir of Absence: witness D3.3 noise model GranularDust
  Spore Drift vs Hull Resonance: witness D11 ghost reverse >= 0.5
  Spore Drift vs Lightless: witness D3.3 noise model GranularDust
  Spore Drift vs Erosion: witness D3.3 noise model GranularDust
  Spore Drift vs Crowded Dark: witness D11 ghost reverse >= 0.5
  Spore Drift vs Drifting Strata: witness D3.3 noise model GranularDust
  Spore Drift vs Stone Gravity: witness D3.3 noise model GranularDust
  Spore Drift vs Entropic Hum: witness D11 ghost reverse >= 0.5
  Spore Drift vs Pressure Front: witness D3.3 noise model GranularDust
  Spore Drift vs Weighted Deep: witness D3.3 noise model GranularDust
  Spore Drift vs Fogbound: witness D3.3 noise model GranularDust
  Spore Drift vs Teeming: witness D3.3 noise model GranularDust
  Spore Drift vs Endless Descent: witness D3.3 noise model GranularDust
  Spore Drift vs Monolith: witness D3.3 noise model GranularDust
  Spore Drift vs Bloom Colony: witness D3.3 noise model GranularDust
  Spore Drift vs Singing Colony: witness D3.3 noise model GranularDust
  Spore Drift vs Swarm Breath: witness D3.3 noise model GranularDust
  Spore Drift vs Feeding Loops: witness D3.3 noise model GranularDust
  Spore Drift vs Haunted Colony: witness D3.3 noise model GranularDust
  Spore Drift vs Growth Ring: witness D3.3 noise model GranularDust
  Spore Drift vs Glass Well: witness D3.3 noise model GranularDust
  Spore Drift vs Strung Abyss: witness D3.3 noise model GranularDust
  Spore Drift vs Iron Plate: witness D3.3 noise model GranularDust
  Spore Drift vs Chamber Drone: witness D3.3 noise model GranularDust
  Spore Drift vs Ice Shelf: witness D11 ghost reverse >= 0.5
  Spore Drift vs Hull Ark: witness D3.3 noise model GranularDust
  Spore Drift vs Column Hymn: witness D3.3 noise model GranularDust
  Spore Drift vs Cavern Wall: witness D3.3 noise model GranularDust
  Spore Drift vs Glass Sphere: witness D3.3 noise model GranularDust
  Spore Drift vs Sudden Chasm: witness D3.3 noise model GranularDust
  Spore Drift vs Dead Air: witness D3.3 noise model GranularDust
  Spore Drift vs Abyssal Wind: witness D3.3 noise model GranularDust
  Spore Drift vs Steam Vent: witness D3.3 noise model GranularDust

Steam Vent (primary D3.4 noise model MetallicHiss):
  Steam Vent vs Wind Through Basalt: witness D3.4 noise model MetallicHiss
  Steam Vent vs Resonant Shaft: witness D3.4 noise model MetallicHiss
  Steam Vent vs Smeared Horizon: witness D3.4 noise model MetallicHiss
  Steam Vent vs Feedback Mire: witness D7.2 loudest sub f/4
  Steam Vent vs Tectonic Floor: witness D3.4 noise model MetallicHiss
  Steam Vent vs Slow Bloom: witness D3.4 noise model MetallicHiss
  Steam Vent vs Colony Pulse: witness D6.3 loop filter Highpass
  Steam Vent vs Cathedral Void: witness D3.4 noise model MetallicHiss
  Steam Vent vs Choir of Absence: witness D3.4 noise model MetallicHiss
  Steam Vent vs Hull Resonance: witness D6.3 loop filter Highpass
  Steam Vent vs Lightless: witness D3.4 noise model MetallicHiss
  Steam Vent vs Erosion: witness D3.4 noise model MetallicHiss
  Steam Vent vs Crowded Dark: witness D6.3 loop filter Highpass
  Steam Vent vs Drifting Strata: witness D3.4 noise model MetallicHiss
  Steam Vent vs Stone Gravity: witness D3.4 noise model MetallicHiss
  Steam Vent vs Entropic Hum: witness D6.3 loop filter Highpass
  Steam Vent vs Pressure Front: witness D3.4 noise model MetallicHiss
  Steam Vent vs Weighted Deep: witness D3.4 noise model MetallicHiss
  Steam Vent vs Fogbound: witness D3.4 noise model MetallicHiss
  Steam Vent vs Teeming: witness D3.4 noise model MetallicHiss
  Steam Vent vs Endless Descent: witness D3.4 noise model MetallicHiss
  Steam Vent vs Monolith: witness D3.4 noise model MetallicHiss
  Steam Vent vs Bloom Colony: witness D3.4 noise model MetallicHiss
  Steam Vent vs Singing Colony: witness D3.4 noise model MetallicHiss
  Steam Vent vs Swarm Breath: witness D3.4 noise model MetallicHiss
  Steam Vent vs Feeding Loops: witness D3.4 noise model MetallicHiss
  Steam Vent vs Haunted Colony: witness D3.4 noise model MetallicHiss
  Steam Vent vs Growth Ring: witness D3.4 noise model MetallicHiss
  Steam Vent vs Glass Well: witness D3.4 noise model MetallicHiss
  Steam Vent vs Strung Abyss: witness D3.4 noise model MetallicHiss
  Steam Vent vs Iron Plate: witness D3.4 noise model MetallicHiss
  Steam Vent vs Chamber Drone: witness D3.4 noise model MetallicHiss
  Steam Vent vs Ice Shelf: witness D6.3 loop filter Highpass
  Steam Vent vs Hull Ark: witness D3.4 noise model MetallicHiss
  Steam Vent vs Column Hymn: witness D3.4 noise model MetallicHiss
  Steam Vent vs Cavern Wall: witness D3.4 noise model MetallicHiss
  Steam Vent vs Glass Sphere: witness D3.4 noise model MetallicHiss
  Steam Vent vs Sudden Chasm: witness D3.4 noise model MetallicHiss
  Steam Vent vs Dead Air: witness D3.4 noise model MetallicHiss
  Steam Vent vs Abyssal Wind: witness D3.4 noise model MetallicHiss
  Steam Vent vs Spore Drift: witness D3.4 noise model MetallicHiss

SUBSET pairs: 50
[aggregate] index 0: computing / loading record...
[aggregate] index 1: computing / loading record...
[aggregate] index 2: computing / loading record...
[aggregate] index 3: computing / loading record...
[aggregate] index 4: computing / loading record...
[aggregate] index 5: computing / loading record...
[aggregate] index 6: computing / loading record...
[aggregate] index 7: computing / loading record...
[aggregate] index 8: computing / loading record...
[aggregate] index 9: computing / loading record...
[aggregate] index 10: computing / loading record...
[aggregate] index 11: computing / loading record...
[aggregate] index 12: computing / loading record...
[aggregate] index 13: computing / loading record...
[aggregate] index 14: computing / loading record...
[aggregate] index 15: computing / loading record...
[aggregate] index 16: computing / loading record...
[aggregate] index 17: computing / loading record...
[aggregate] index 18: computing / loading record...
[aggregate] index 19: computing / loading record...
[aggregate] index 20: computing / loading record...
[aggregate] index 21: computing / loading record...
[aggregate] index 22: computing / loading record...
[aggregate] index 23: computing / loading record...
[aggregate] index 24: computing / loading record...
[aggregate] index 25: computing / loading record...
[aggregate] index 26: computing / loading record...
[aggregate] index 27: computing / loading record...
[aggregate] index 28: computing / loading record...
[aggregate] index 29: computing / loading record...
[aggregate] index 30: computing / loading record...
[aggregate] index 31: computing / loading record...
[aggregate] index 32: computing / loading record...
[aggregate] index 33: computing / loading record...
[aggregate] index 34: computing / loading record...
[aggregate] index 35: computing / loading record...
[aggregate] index 36: computing / loading record...
[aggregate] index 37: computing / loading record...
[aggregate] index 38: computing / loading record...
[aggregate] index 39: computing / loading record...
[aggregate] index 40: computing / loading record...
[aggregate] index 41: computing / loading record...
[aggregate] index 42: computing / loading record...

=== Vorago_PresetSweep_SoundSpaceDistinct (FR-015, FR-036, SC-010; N = 42, K = 4) ===
Control set C (5): [Monolith] [Dead Air] [Cathedral Void] [Pressure Front] [Weighted Deep]

(a) level twin (bound < 0.05):
  Wind Through Basalt          d 0.000014
  Resonant Shaft               d 0.000006
  Smeared Horizon              d 0.000003
  Feedback Mire                d 0.000005
  Tectonic Floor               d 0.000008
  Slow Bloom                   d 0.000011
  Colony Pulse                 d 0.000003
  Cathedral Void               d 0.000005
  Choir of Absence             d 0.000000
  Hull Resonance               d 0.000011
  Lightless                    d 0.000020
  Erosion                      d 0.000028
  Crowded Dark                 d 0.000011
  Drifting Strata              d 0.000005
  Stone Gravity                d 0.000005
  Entropic Hum                 d 0.000004
  Pressure Front               d 0.000017
  Weighted Deep                d 0.000002
  Fogbound                     d 0.000002
  Teeming                      d 0.000010
  Endless Descent              d 0.000001
  Monolith                     d 0.000073
  Bloom Colony                 d 0.000048
  Singing Colony               d 0.000030
  Swarm Breath                 d 0.000069
  Feeding Loops                d 0.000004
  Haunted Colony               d 0.000002
  Growth Ring                  d 0.000027
  Glass Well                   d 0.000008
  Strung Abyss                 d 0.000002
  Iron Plate                   d 0.000230
  Chamber Drone                d 0.000005
  Ice Shelf                    d 0.000000
  Hull Ark                     d 0.000039
  Column Hymn                  d 0.000001
  Cavern Wall                  d 0.000224
  Glass Sphere                 d 0.000650
  Sudden Chasm                 d 0.000115
  Dead Air                     d 0.000017
  Abyssal Wind                 d 0.000097
  Spore Drift                  d 0.000025
  Steam Vent                   d 0.000108

(a') gain twin on Pressure Front (Pressure 1.0000): d 2.3059 (bound <= 2.00)
-------------------------------------------------------------------------------
Vorago_PresetSweep_SoundSpaceDistinct
-------------------------------------------------------------------------------
F:\projects\iterum\plugins\vorago\tests\integration\preset_matrix_test.cpp(361)
...............................................................................

F:\projects\iterum\plugins\vorago\tests\integration\preset_matrix_test.cpp(437): FAILED:
  CHECK( *d <= VoragoTest::kSeedTwinMargin )
with expansion:
  2.3059415937 <= 2.0
with message:
  Pressure Front: gain twin (FR-017 stop on failure)


(b) seed twins (t_K <= 2.00) and (c) sub twins (d < 4.00):
  Monolith                     t_K 1.5599  |  sub -0.125: d 2.4035  sub +0.125: d 3.6214  [ok]
  Dead Air                     t_K 0.2630  |  sub -0.125: d 0.0976  sub +0.125: d 0.2585  [ok]
  Cathedral Void               t_K 0.8057  |  sub -0.125: d 1.1574  sub +0.125: d 2.0846  [ok]
  Pressure Front               t_K 2.1656  |  sub -0.125: d 0.5763  sub +0.125: d 0.6900  [ok]
F:\projects\iterum\plugins\vorago\tests\integration\preset_matrix_test.cpp(470): FAILED:
  CHECK( *tK <= VoragoTest::kSeedTwinMargin )
with expansion:
  2.1655608126 <= 2.0
with message:
  Pressure Front: seed twin t_K (FR-017 stop on failure)

  Weighted Deep                t_K 2.8645  |  sub -0.125: d 3.2601  sub +0.125: d 3.9172  [ok]
F:\projects\iterum\plugins\vorago\tests\integration\preset_matrix_test.cpp(470): FAILED:
  CHECK( *tK <= VoragoTest::kSeedTwinMargin )
with expansion:
  2.8645204228 <= 2.0
with message:
  Weighted Deep: seed twin t_K (FR-017 stop on failure)


s(P) per preset:
  Wind Through Basalt          s(P) 2.2026
  Resonant Shaft               s(P) 4.9125
  Smeared Horizon              s(P) 4.7327
  Feedback Mire                s(P) 2.8348
  Tectonic Floor               s(P) 4.3961
  Slow Bloom                   s(P) 1.6698
  Colony Pulse                 s(P) 2.8917
  Cathedral Void               s(P) 1.3278
  Choir of Absence             s(P) 3.4109
  Hull Resonance               s(P) 5.0127
  Lightless                    s(P) 3.5254
  Erosion                      s(P) 2.3046
  Crowded Dark                 s(P) 2.8337
  Drifting Strata              s(P) 2.7531
  Stone Gravity                s(P) 5.1749
  Entropic Hum                 s(P) 3.6620
  Pressure Front               s(P) 2.9982
  Weighted Deep                s(P) 4.3234
  Fogbound                     s(P) 0.7878
  Teeming                      s(P) 1.7084
  Endless Descent              s(P) 1.1382
  Monolith                     s(P) 7.9137
  Bloom Colony                 s(P) 3.6196
  Singing Colony               s(P) 2.3278
  Swarm Breath                 s(P) 3.9645
  Feeding Loops                s(P) 2.2738
  Haunted Colony               s(P) 3.9099
  Growth Ring                  s(P) 3.7183
  Glass Well                   s(P) 3.9119
  Strung Abyss                 s(P) 3.9375
  Iron Plate                   s(P) 5.5822
  Chamber Drone                s(P) 1.8787
  Ice Shelf                    s(P) 3.7012
  Hull Ark                     s(P) 2.1445
  Column Hymn                  s(P) 3.2388
  Cavern Wall                  s(P) 2.9359
  Glass Sphere                 s(P) 3.2833
  Sudden Chasm                 s(P) 2.0921
  Dead Air                     s(P) 0.7047
  Abyssal Wind                 s(P) 3.9756
  Spore Drift                  s(P) 3.2400
  Steam Vent                   s(P) 1.9035
  BELOW FLOOR: Wind Through Basalt vs Feedback Mire: d 5.0507 < floor 5.7290
F:\projects\iterum\plugins\vorago\tests\integration\preset_matrix_test.cpp(517): FAILED:
  CHECK( d >= pf )
with expansion:
  5.0506921597 >= 5.7290408456
with message:
  Wind Through Basalt vs Feedback Mire: d 5.05069, floor 5.72904

  BELOW FLOOR: Wind Through Basalt vs Tectonic Floor: d 5.0450 < floor 5.7290
F:\projects\iterum\plugins\vorago\tests\integration\preset_matrix_test.cpp(517): FAILED:
  CHECK( d >= pf )
with expansion:
  5.0450165784 >= 5.7290408456
with message:
  Wind Through Basalt vs Tectonic Floor: d 5.04502, floor 5.72904

  BELOW FLOOR: Wind Through Basalt vs Slow Bloom: d 4.3278 < floor 5.7290
F:\projects\iterum\plugins\vorago\tests\integration\preset_matrix_test.cpp(517): FAILED:
  CHECK( d >= pf )
with expansion:
  4.3278406745 >= 5.7290408456
with message:
  Wind Through Basalt vs Slow Bloom: d 4.32784, floor 5.72904

  BELOW FLOOR: Wind Through Basalt vs Colony Pulse: d 4.8994 < floor 5.7290
F:\projects\iterum\plugins\vorago\tests\integration\preset_matrix_test.cpp(517): FAILED:
  CHECK( d >= pf )
with expansion:
  4.899408475 >= 5.7290408456
with message:
  Wind Through Basalt vs Colony Pulse: d 4.89941, floor 5.72904

  BELOW FLOOR: Wind Through Basalt vs Drifting Strata: d 3.9981 < floor 5.7290
F:\projects\iterum\plugins\vorago\tests\integration\preset_matrix_test.cpp(517): FAILED:
  CHECK( d >= pf )
with expansion:
  3.9981037265 >= 5.7290408456
with message:
  Wind Through Basalt vs Drifting Strata: d 3.9981, floor 5.72904

  BELOW FLOOR: Wind Through Basalt vs Entropic Hum: d 4.5423 < floor 5.7290
F:\projects\iterum\plugins\vorago\tests\integration\preset_matrix_test.cpp(517): FAILED:
  CHECK( d >= pf )
with expansion:
  4.542257504 >= 5.7290408456
with message:
  Wind Through Basalt vs Entropic Hum: d 4.54226, floor 5.72904

  BELOW FLOOR: Wind Through Basalt vs Weighted Deep: d 5.5079 < floor 5.7290
F:\projects\iterum\plugins\vorago\tests\integration\preset_matrix_test.cpp(517): FAILED:
  CHECK( d >= pf )
with expansion:
  5.5078898471 >= 5.7290408456
with message:
  Wind Through Basalt vs Weighted Deep: d 5.50789, floor 5.72904

  BELOW FLOOR: Wind Through Basalt vs Monolith: d 2.7240 < floor 5.7290
F:\projects\iterum\plugins\vorago\tests\integration\preset_matrix_test.cpp(517): FAILED:
  CHECK( d >= pf )
with expansion:
  2.7239596596 >= 5.7290408456
with message:
  Wind Through Basalt vs Monolith: d 2.72396, floor 5.72904

  BELOW FLOOR: Wind Through Basalt vs Bloom Colony: d 2.2505 < floor 5.7290
F:\projects\iterum\plugins\vorago\tests\integration\preset_matrix_test.cpp(517): FAILED:
  CHECK( d >= pf )
with expansion:
  2.2505402695 >= 5.7290408456
with message:
  Wind Through Basalt vs Bloom Colony: d 2.25054, floor 5.72904

  BELOW FLOOR: Wind Through Basalt vs Column Hymn: d 5.5296 < floor 5.7290
F:\projects\iterum\plugins\vorago\tests\integration\preset_matrix_test.cpp(517): FAILED:
  CHECK( d >= pf )
with expansion:
  5.5296239085 >= 5.7290408456
with message:
  Wind Through Basalt vs Column Hymn: d 5.52962, floor 5.72904

  BELOW FLOOR: Resonant Shaft vs Smeared Horizon: d 3.6362 < floor 5.7290
F:\projects\iterum\plugins\vorago\tests\integration\preset_matrix_test.cpp(517): FAILED:
  CHECK( d >= pf )
with expansion:
  3.6362351481 >= 5.7290408456
with message:
  Resonant Shaft vs Smeared Horizon: d 3.63624, floor 5.72904

  BELOW FLOOR: Resonant Shaft vs Endless Descent: d 3.8500 < floor 5.7290
F:\projects\iterum\plugins\vorago\tests\integration\preset_matrix_test.cpp(517): FAILED:
  CHECK( d >= pf )
with expansion:
  3.8500194327 >= 5.7290408456
with message:
  Resonant Shaft vs Endless Descent: d 3.85002, floor 5.72904

  BELOW FLOOR: Resonant Shaft vs Iron Plate: d 4.8814 < floor 5.7290
F:\projects\iterum\plugins\vorago\tests\integration\preset_matrix_test.cpp(517): FAILED:
  CHECK( d >= pf )
with expansion:
  4.8814202465 >= 5.7290408456
with message:
  Resonant Shaft vs Iron Plate: d 4.88142, floor 5.72904

  BELOW FLOOR: Resonant Shaft vs Dead Air: d 2.6476 < floor 5.7290
F:\projects\iterum\plugins\vorago\tests\integration\preset_matrix_test.cpp(517): FAILED:
  CHECK( d >= pf )
with expansion:
  2.647570444 >= 5.7290408456
with message:
  Resonant Shaft vs Dead Air: d 2.64757, floor 5.72904

  BELOW FLOOR: Smeared Horizon vs Cathedral Void: d 5.2612 < floor 5.7290
F:\projects\iterum\plugins\vorago\tests\integration\preset_matrix_test.cpp(517): FAILED:
  CHECK( d >= pf )
with expansion:
  5.2611774005 >= 5.7290408456
with message:
  Smeared Horizon vs Cathedral Void: d 5.26118, floor 5.72904

  BELOW FLOOR: Smeared Horizon vs Choir of Absence: d 4.3292 < floor 5.7290
F:\projects\iterum\plugins\vorago\tests\integration\preset_matrix_test.cpp(517): FAILED:
  CHECK( d >= pf )
with expansion:
  4.3292138265 >= 5.7290408456
with message:
  Smeared Horizon vs Choir of Absence: d 4.32921, floor 5.72904

  BELOW FLOOR: Smeared Horizon vs Endless Descent: d 3.9209 < floor 5.7290
F:\projects\iterum\plugins\vorago\tests\integration\preset_matrix_test.cpp(517): FAILED:
  CHECK( d >= pf )
with expansion:
  3.9208502638 >= 5.7290408456
with message:
  Smeared Horizon vs Endless Descent: d 3.92085, floor 5.72904

  BELOW FLOOR: Smeared Horizon vs Singing Colony: d 4.0241 < floor 5.7290
F:\projects\iterum\plugins\vorago\tests\integration\preset_matrix_test.cpp(517): FAILED:
  CHECK( d >= pf )
with expansion:
  4.0240568119 >= 5.7290408456
with message:
  Smeared Horizon vs Singing Colony: d 4.02406, floor 5.72904

  BELOW FLOOR: Smeared Horizon vs Dead Air: d 3.5327 < floor 5.7290
F:\projects\iterum\plugins\vorago\tests\integration\preset_matrix_test.cpp(517): FAILED:
  CHECK( d >= pf )
with expansion:
  3.5327193841 >= 5.7290408456
with message:
  Smeared Horizon vs Dead Air: d 3.53272, floor 5.72904

  BELOW FLOOR: Feedback Mire vs Tectonic Floor: d 4.6119 < floor 5.7290
F:\projects\iterum\plugins\vorago\tests\integration\preset_matrix_test.cpp(517): FAILED:
  CHECK( d >= pf )
with expansion:
  4.6118978026 >= 5.7290408456
with message:
  Feedback Mire vs Tectonic Floor: d 4.6119, floor 5.72904

  BELOW FLOOR: Feedback Mire vs Slow Bloom: d 3.1664 < floor 5.7290
F:\projects\iterum\plugins\vorago\tests\integration\preset_matrix_test.cpp(517): FAILED:
  CHECK( d >= pf )
with expansion:
  3.1664081259 >= 5.7290408456
with message:
  Feedback Mire vs Slow Bloom: d 3.16641, floor 5.72904

  BELOW FLOOR: Feedback Mire vs Colony Pulse: d 3.9246 < floor 5.7290
F:\projects\iterum\plugins\vorago\tests\integration\preset_matrix_test.cpp(517): FAILED:
  CHECK( d >= pf )
with expansion:
  3.9245638983 >= 5.7290408456
with message:
  Feedback Mire vs Colony Pulse: d 3.92456, floor 5.72904

  BELOW FLOOR: Feedback Mire vs Crowded Dark: d 5.6147 < floor 5.7290
F:\projects\iterum\plugins\vorago\tests\integration\preset_matrix_test.cpp(517): FAILED:
  CHECK( d >= pf )
with expansion:
  5.6146630541 >= 5.7290408456
with message:
  Feedback Mire vs Crowded Dark: d 5.61466, floor 5.72904

  BELOW FLOOR: Feedback Mire vs Drifting Strata: d 3.9766 < floor 5.7290
F:\projects\iterum\plugins\vorago\tests\integration\preset_matrix_test.cpp(517): FAILED:
  CHECK( d >= pf )
with expansion:
  3.9766241287 >= 5.7290408456
with message:
  Feedback Mire vs Drifting Strata: d 3.97662, floor 5.72904

  BELOW FLOOR: Feedback Mire vs Entropic Hum: d 3.7519 < floor 5.7290
F:\projects\iterum\plugins\vorago\tests\integration\preset_matrix_test.cpp(517): FAILED:
  CHECK( d >= pf )
with expansion:
  3.7519108998 >= 5.7290408456
with message:
  Feedback Mire vs Entropic Hum: d 3.75191, floor 5.72904

  BELOW FLOOR: Feedback Mire vs Pressure Front: d 5.0422 < floor 5.7290
F:\projects\iterum\plugins\vorago\tests\integration\preset_matrix_test.cpp(517): FAILED:
  CHECK( d >= pf )
with expansion:
  5.0422256954 >= 5.7290408456
with message:
  Feedback Mire vs Pressure Front: d 5.04223, floor 5.72904

  BELOW FLOOR: Feedback Mire vs Fogbound: d 5.2650 < floor 5.7290
F:\projects\iterum\plugins\vorago\tests\integration\preset_matrix_test.cpp(517): FAILED:
  CHECK( d >= pf )
with expansion:
  5.2650285832 >= 5.7290408456
with message:
  Feedback Mire vs Fogbound: d 5.26503, floor 5.72904

  BELOW FLOOR: Feedback Mire vs Monolith: d 5.6325 < floor 5.7290
F:\projects\iterum\plugins\vorago\tests\integration\preset_matrix_test.cpp(517): FAILED:
  CHECK( d >= pf )
with expansion:
  5.6325153366 >= 5.7290408456
with message:
  Feedback Mire vs Monolith: d 5.63252, floor 5.72904

  BELOW FLOOR: Feedback Mire vs Bloom Colony: d 5.5661 < floor 5.7290
F:\projects\iterum\plugins\vorago\tests\integration\preset_matrix_test.cpp(517): FAILED:
  CHECK( d >= pf )
with expansion:
  5.5660505253 >= 5.7290408456
with message:
  Feedback Mire vs Bloom Colony: d 5.56605, floor 5.72904

  BELOW FLOOR: Tectonic Floor vs Slow Bloom: d 1.7474 < floor 5.7290
F:\projects\iterum\plugins\vorago\tests\integration\preset_matrix_test.cpp(517): FAILED:
  CHECK( d >= pf )
with expansion:
  1.7473544648 >= 5.7290408456
with message:
  Tectonic Floor vs Slow Bloom: d 1.74735, floor 5.72904

  BELOW FLOOR: Tectonic Floor vs Colony Pulse: d 4.4444 < floor 5.7290
F:\projects\iterum\plugins\vorago\tests\integration\preset_matrix_test.cpp(517): FAILED:
  CHECK( d >= pf )
with expansion:
  4.4444257518 >= 5.7290408456
with message:
  Tectonic Floor vs Colony Pulse: d 4.44443, floor 5.72904

  BELOW FLOOR: Tectonic Floor vs Erosion: d 5.0356 < floor 5.7290
F:\projects\iterum\plugins\vorago\tests\integration\preset_matrix_test.cpp(517): FAILED:
  CHECK( d >= pf )
with expansion:
  5.0356304173 >= 5.7290408456
with message:
  Tectonic Floor vs Erosion: d 5.03563, floor 5.72904

  BELOW FLOOR: Tectonic Floor vs Drifting Strata: d 5.1399 < floor 5.7290
F:\projects\iterum\plugins\vorago\tests\integration\preset_matrix_test.cpp(517): FAILED:
  CHECK( d >= pf )
with expansion:
  5.1398853545 >= 5.7290408456
with message:
  Tectonic Floor vs Drifting Strata: d 5.13989, floor 5.72904

  BELOW FLOOR: Tectonic Floor vs Entropic Hum: d 4.8870 < floor 5.7290
F:\projects\iterum\plugins\vorago\tests\integration\preset_matrix_test.cpp(517): FAILED:
  CHECK( d >= pf )
with expansion:
  4.8869689057 >= 5.7290408456
with message:
  Tectonic Floor vs Entropic Hum: d 4.88697, floor 5.72904

  BELOW FLOOR: Tectonic Floor vs Pressure Front: d 4.1771 < floor 5.7290
F:\projects\iterum\plugins\vorago\tests\integration\preset_matrix_test.cpp(517): FAILED:
  CHECK( d >= pf )
with expansion:
  4.177081549 >= 5.7290408456
with message:
  Tectonic Floor vs Pressure Front: d 4.17708, floor 5.72904

  BELOW FLOOR: Tectonic Floor vs Weighted Deep: d 4.7526 < floor 5.7290
F:\projects\iterum\plugins\vorago\tests\integration\preset_matrix_test.cpp(517): FAILED:
  CHECK( d >= pf )
with expansion:
  4.7526077876 >= 5.7290408456
with message:
  Tectonic Floor vs Weighted Deep: d 4.75261, floor 5.72904

  BELOW FLOOR: Tectonic Floor vs Fogbound: d 2.9046 < floor 5.7290
F:\projects\iterum\plugins\vorago\tests\integration\preset_matrix_test.cpp(517): FAILED:
  CHECK( d >= pf )
with expansion:
  2.9045566948 >= 5.7290408456
with message:
  Tectonic Floor vs Fogbound: d 2.90456, floor 5.72904

  BELOW FLOOR: Tectonic Floor vs Teeming: d 4.1096 < floor 5.7290
F:\projects\iterum\plugins\vorago\tests\integration\preset_matrix_test.cpp(517): FAILED:
  CHECK( d >= pf )
with expansion:
  4.1095726057 >= 5.7290408456
with message:
  Tectonic Floor vs Teeming: d 4.10957, floor 5.72904

  BELOW FLOOR: Tectonic Floor vs Monolith: d 4.2962 < floor 5.7290
F:\projects\iterum\plugins\vorago\tests\integration\preset_matrix_test.cpp(517): FAILED:
  CHECK( d >= pf )
with expansion:
  4.2961765565 >= 5.7290408456
with message:
  Tectonic Floor vs Monolith: d 4.29618, floor 5.72904

  BELOW FLOOR: Tectonic Floor vs Bloom Colony: d 3.7928 < floor 5.7290
F:\projects\iterum\plugins\vorago\tests\integration\preset_matrix_test.cpp(517): FAILED:
  CHECK( d >= pf )
with expansion:
  3.7927934883 >= 5.7290408456
with message:
  Tectonic Floor vs Bloom Colony: d 3.79279, floor 5.72904

  BELOW FLOOR: Tectonic Floor vs Feeding Loops: d 4.9377 < floor 5.7290
F:\projects\iterum\plugins\vorago\tests\integration\preset_matrix_test.cpp(517): FAILED:
  CHECK( d >= pf )
with expansion:
  4.9376851897 >= 5.7290408456
with message:
  Tectonic Floor vs Feeding Loops: d 4.93769, floor 5.72904

  BELOW FLOOR: Tectonic Floor vs Haunted Colony: d 4.4887 < floor 5.7290
F:\projects\iterum\plugins\vorago\tests\integration\preset_matrix_test.cpp(517): FAILED:
  CHECK( d >= pf )
with expansion:
  4.4886650703 >= 5.7290408456
with message:
  Tectonic Floor vs Haunted Colony: d 4.48867, floor 5.72904

  BELOW FLOOR: Tectonic Floor vs Column Hymn: d 5.3709 < floor 5.7290
F:\projects\iterum\plugins\vorago\tests\integration\preset_matrix_test.cpp(517): FAILED:
  CHECK( d >= pf )
with expansion:
  5.3708926505 >= 5.7290408456
with message:
  Tectonic Floor vs Column Hymn: d 5.37089, floor 5.72904

  BELOW FLOOR: Tectonic Floor vs Spore Drift: d 5.3444 < floor 5.7290
F:\projects\iterum\plugins\vorago\tests\integration\preset_matrix_test.cpp(517): FAILED:
  CHECK( d >= pf )
with expansion:
  5.3443921124 >= 5.7290408456
with message:
  Tectonic Floor vs Spore Drift: d 5.34439, floor 5.72904

  BELOW FLOOR: Tectonic Floor vs Steam Vent: d 4.4127 < floor 5.7290
F:\projects\iterum\plugins\vorago\tests\integration\preset_matrix_test.cpp(517): FAILED:
  CHECK( d >= pf )
with expansion:
  4.4127087215 >= 5.7290408456
with message:
  Tectonic Floor vs Steam Vent: d 4.41271, floor 5.72904

  BELOW FLOOR: Slow Bloom vs Colony Pulse: d 3.1043 < floor 5.7290
F:\projects\iterum\plugins\vorago\tests\integration\preset_matrix_test.cpp(517): FAILED:
  CHECK( d >= pf )
with expansion:
  3.1043361751 >= 5.7290408456
with message:
  Slow Bloom vs Colony Pulse: d 3.10434, floor 5.72904

  BELOW FLOOR: Slow Bloom vs Crowded Dark: d 5.3634 < floor 5.7290
F:\projects\iterum\plugins\vorago\tests\integration\preset_matrix_test.cpp(517): FAILED:
  CHECK( d >= pf )
with expansion:
  5.3633529251 >= 5.7290408456
with message:
  Slow Bloom vs Crowded Dark: d 5.36335, floor 5.72904

  BELOW FLOOR: Slow Bloom vs Drifting Strata: d 3.7572 < floor 5.7290
F:\projects\iterum\plugins\vorago\tests\integration\preset_matrix_test.cpp(517): FAILED:
  CHECK( d >= pf )
with expansion:
  3.7572474749 >= 5.7290408456
with message:
  Slow Bloom vs Drifting Strata: d 3.75725, floor 5.72904

  BELOW FLOOR: Slow Bloom vs Entropic Hum: d 3.5573 < floor 5.7290
F:\projects\iterum\plugins\vorago\tests\integration\preset_matrix_test.cpp(517): FAILED:
  CHECK( d >= pf )
with expansion:
  3.5572659886 >= 5.7290408456
with message:
  Slow Bloom vs Entropic Hum: d 3.55727, floor 5.72904

  BELOW FLOOR: Slow Bloom vs Pressure Front: d 4.0763 < floor 5.7290
F:\projects\iterum\plugins\vorago\tests\integration\preset_matrix_test.cpp(517): FAILED:
  CHECK( d >= pf )
with expansion:
  4.0763156938 >= 5.7290408456
with message:
  Slow Bloom vs Pressure Front: d 4.07632, floor 5.72904

  BELOW FLOOR: Slow Bloom vs Weighted Deep: d 5.0381 < floor 5.7290
F:\projects\iterum\plugins\vorago\tests\integration\preset_matrix_test.cpp(517): FAILED:
  CHECK( d >= pf )
with expansion:
  5.038110144 >= 5.7290408456
with message:
  Slow Bloom vs Weighted Deep: d 5.03811, floor 5.72904

  BELOW FLOOR: Slow Bloom vs Fogbound: d 3.1860 < floor 5.7290
F:\projects\iterum\plugins\vorago\tests\integration\preset_matrix_test.cpp(517): FAILED:
  CHECK( d >= pf )
with expansion:
  3.1859968422 >= 5.7290408456
with message:
  Slow Bloom vs Fogbound: d 3.186, floor 5.72904

  BELOW FLOOR: Slow Bloom vs Teeming: d 4.6272 < floor 5.7290
F:\projects\iterum\plugins\vorago\tests\integration\preset_matrix_test.cpp(517): FAILED:
  CHECK( d >= pf )
with expansion:
  4.6272221259 >= 5.7290408456
with message:
  Slow Bloom vs Teeming: d 4.62722, floor 5.72904

  BELOW FLOOR: Slow Bloom vs Monolith: d 4.0740 < floor 5.7290
F:\projects\iterum\plugins\vorago\tests\integration\preset_matrix_test.cpp(517): FAILED:
  CHECK( d >= pf )
with expansion:
  4.0740439162 >= 5.7290408456
with message:
  Slow Bloom vs Monolith: d 4.07404, floor 5.72904

  BELOW FLOOR: Slow Bloom vs Bloom Colony: d 3.5852 < floor 5.7290
F:\projects\iterum\plugins\vorago\tests\integration\preset_matrix_test.cpp(517): FAILED:
  CHECK( d >= pf )
with expansion:
  3.5851935747 >= 5.7290408456
with message:
  Slow Bloom vs Bloom Colony: d 3.58519, floor 5.72904

  BELOW FLOOR: Slow Bloom vs Feeding Loops: d 4.6985 < floor 5.7290
F:\projects\iterum\plugins\vorago\tests\integration\preset_matrix_test.cpp(517): FAILED:
  CHECK( d >= pf )
with expansion:
  4.6984990018 >= 5.7290408456
with message:
  Slow Bloom vs Feeding Loops: d 4.6985, floor 5.72904

  BELOW FLOOR: Slow Bloom vs Haunted Colony: d 4.9253 < floor 5.7290
F:\projects\iterum\plugins\vorago\tests\integration\preset_matrix_test.cpp(517): FAILED:
  CHECK( d >= pf )
with expansion:
  4.9253427705 >= 5.7290408456
with message:
  Slow Bloom vs Haunted Colony: d 4.92534, floor 5.72904

  BELOW FLOOR: Slow Bloom vs Column Hymn: d 5.6392 < floor 5.7290
F:\projects\iterum\plugins\vorago\tests\integration\preset_matrix_test.cpp(517): FAILED:
  CHECK( d >= pf )
with expansion:
  5.639198727 >= 5.7290408456
with message:
  Slow Bloom vs Column Hymn: d 5.6392, floor 5.72904

  BELOW FLOOR: Slow Bloom vs Steam Vent: d 4.1574 < floor 5.7290
F:\projects\iterum\plugins\vorago\tests\integration\preset_matrix_test.cpp(517): FAILED:
  CHECK( d >= pf )
with expansion:
  4.1574133095 >= 5.7290408456
with message:
  Slow Bloom vs Steam Vent: d 4.15741, floor 5.72904

  BELOW FLOOR: Colony Pulse vs Crowded Dark: d 3.5722 < floor 5.7290
F:\projects\iterum\plugins\vorago\tests\integration\preset_matrix_test.cpp(517): FAILED:
  CHECK( d >= pf )
with expansion:
  3.5721515259 >= 5.7290408456
with message:
  Colony Pulse vs Crowded Dark: d 3.57215, floor 5.72904

  BELOW FLOOR: Colony Pulse vs Drifting Strata: d 1.9207 < floor 5.7290
F:\projects\iterum\plugins\vorago\tests\integration\preset_matrix_test.cpp(517): FAILED:
  CHECK( d >= pf )
with expansion:
  1.9207303556 >= 5.7290408456
with message:
  Colony Pulse vs Drifting Strata: d 1.92073, floor 5.72904

  BELOW FLOOR: Colony Pulse vs Entropic Hum: d 2.1524 < floor 5.7290
F:\projects\iterum\plugins\vorago\tests\integration\preset_matrix_test.cpp(517): FAILED:
  CHECK( d >= pf )
with expansion:
  2.1524415887 >= 5.7290408456
with message:
  Colony Pulse vs Entropic Hum: d 2.15244, floor 5.72904

  BELOW FLOOR: Colony Pulse vs Fogbound: d 3.9766 < floor 5.7290
F:\projects\iterum\plugins\vorago\tests\integration\preset_matrix_test.cpp(517): FAILED:
  CHECK( d >= pf )
with expansion:
  3.9765841429 >= 5.7290408456
with message:
  Colony Pulse vs Fogbound: d 3.97658, floor 5.72904

  BELOW FLOOR: Colony Pulse vs Teeming: d 5.5732 < floor 5.7290
F:\projects\iterum\plugins\vorago\tests\integration\preset_matrix_test.cpp(517): FAILED:
  CHECK( d >= pf )
with expansion:
  5.5732154241 >= 5.7290408456
with message:
  Colony Pulse vs Teeming: d 5.57322, floor 5.72904

  BELOW FLOOR: Colony Pulse vs Endless Descent: d 4.9073 < floor 5.7290
F:\projects\iterum\plugins\vorago\tests\integration\preset_matrix_test.cpp(517): FAILED:
  CHECK( d >= pf )
with expansion:
  4.907305545 >= 5.7290408456
with message:
  Colony Pulse vs Endless Descent: d 4.90731, floor 5.72904

  BELOW FLOOR: Colony Pulse vs Monolith: d 5.6238 < floor 5.7290
F:\projects\iterum\plugins\vorago\tests\integration\preset_matrix_test.cpp(517): FAILED:
  CHECK( d >= pf )
with expansion:
  5.6237648168 >= 5.7290408456
with message:
  Colony Pulse vs Monolith: d 5.62376, floor 5.72904

  BELOW FLOOR: Colony Pulse vs Bloom Colony: d 4.8414 < floor 5.7290
F:\projects\iterum\plugins\vorago\tests\integration\preset_matrix_test.cpp(517): FAILED:
  CHECK( d >= pf )
with expansion:
  4.8414426542 >= 5.7290408456
with message:
  Colony Pulse vs Bloom Colony: d 4.84144, floor 5.72904

  BELOW FLOOR: Colony Pulse vs Dead Air: d 5.6051 < floor 5.7290
F:\projects\iterum\plugins\vorago\tests\integration\preset_matrix_test.cpp(517): FAILED:
  CHECK( d >= pf )
with expansion:
  5.605092684 >= 5.7290408456
with message:
  Colony Pulse vs Dead Air: d 5.60509, floor 5.72904

  BELOW FLOOR: Colony Pulse vs Steam Vent: d 5.2628 < floor 5.7290
F:\projects\iterum\plugins\vorago\tests\integration\preset_matrix_test.cpp(517): FAILED:
  CHECK( d >= pf )
with expansion:
  5.2627592704 >= 5.7290408456
with message:
  Colony Pulse vs Steam Vent: d 5.26276, floor 5.72904

  BELOW FLOOR: Cathedral Void vs Choir of Absence: d 4.6509 < floor 5.7290
F:\projects\iterum\plugins\vorago\tests\integration\preset_matrix_test.cpp(517): FAILED:
  CHECK( d >= pf )
with expansion:
  4.6509050844 >= 5.7290408456
with message:
  Cathedral Void vs Choir of Absence: d 4.65091, floor 5.72904

  BELOW FLOOR: Cathedral Void vs Stone Gravity: d 4.9692 < floor 5.7290
F:\projects\iterum\plugins\vorago\tests\integration\preset_matrix_test.cpp(517): FAILED:
  CHECK( d >= pf )
with expansion:
  4.9692339664 >= 5.7290408456
with message:
  Cathedral Void vs Stone Gravity: d 4.96923, floor 5.72904

  BELOW FLOOR: Cathedral Void vs Endless Descent: d 4.6471 < floor 5.7290
F:\projects\iterum\plugins\vorago\tests\integration\preset_matrix_test.cpp(517): FAILED:
  CHECK( d >= pf )
with expansion:
  4.6471013439 >= 5.7290408456
with message:
  Cathedral Void vs Endless Descent: d 4.6471, floor 5.72904

  BELOW FLOOR: Cathedral Void vs Singing Colony: d 5.1845 < floor 5.7290
F:\projects\iterum\plugins\vorago\tests\integration\preset_matrix_test.cpp(517): FAILED:
  CHECK( d >= pf )
with expansion:
  5.1845030036 >= 5.7290408456
with message:
  Cathedral Void vs Singing Colony: d 5.1845, floor 5.72904

  BELOW FLOOR: Cathedral Void vs Abyssal Wind: d 4.1423 < floor 5.7290
F:\projects\iterum\plugins\vorago\tests\integration\preset_matrix_test.cpp(517): FAILED:
  CHECK( d >= pf )
with expansion:
  4.1423126857 >= 5.7290408456
with message:
  Cathedral Void vs Abyssal Wind: d 4.14231, floor 5.72904

  BELOW FLOOR: Choir of Absence vs Stone Gravity: d 3.6785 < floor 5.7290
F:\projects\iterum\plugins\vorago\tests\integration\preset_matrix_test.cpp(517): FAILED:
  CHECK( d >= pf )
with expansion:
  3.6785452626 >= 5.7290408456
with message:
  Choir of Absence vs Stone Gravity: d 3.67855, floor 5.72904

  BELOW FLOOR: Choir of Absence vs Singing Colony: d 4.2895 < floor 5.7290
F:\projects\iterum\plugins\vorago\tests\integration\preset_matrix_test.cpp(517): FAILED:
  CHECK( d >= pf )
with expansion:
  4.2894680885 >= 5.7290408456
with message:
  Choir of Absence vs Singing Colony: d 4.28947, floor 5.72904

  BELOW FLOOR: Hull Resonance vs Crowded Dark: d 5.2387 < floor 5.7290
F:\projects\iterum\plugins\vorago\tests\integration\preset_matrix_test.cpp(517): FAILED:
  CHECK( d >= pf )
with expansion:
  5.2387071964 >= 5.7290408456
with message:
  Hull Resonance vs Crowded Dark: d 5.23871, floor 5.72904

  BELOW FLOOR: Hull Resonance vs Pressure Front: d 4.0730 < floor 5.7290
F:\projects\iterum\plugins\vorago\tests\integration\preset_matrix_test.cpp(517): FAILED:
  CHECK( d >= pf )
with expansion:
  4.0729884551 >= 5.7290408456
with message:
  Hull Resonance vs Pressure Front: d 4.07299, floor 5.72904

  BELOW FLOOR: Hull Resonance vs Endless Descent: d 4.7422 < floor 5.7290
F:\projects\iterum\plugins\vorago\tests\integration\preset_matrix_test.cpp(517): FAILED:
  CHECK( d >= pf )
with expansion:
  4.7421894814 >= 5.7290408456
with message:
  Hull Resonance vs Endless Descent: d 4.74219, floor 5.72904

  BELOW FLOOR: Hull Resonance vs Feeding Loops: d 2.2116 < floor 5.7290
F:\projects\iterum\plugins\vorago\tests\integration\preset_matrix_test.cpp(517): FAILED:
  CHECK( d >= pf )
with expansion:
  2.2115917671 >= 5.7290408456
with message:
  Hull Resonance vs Feeding Loops: d 2.21159, floor 5.72904

  BELOW FLOOR: Hull Resonance vs Iron Plate: d 4.7807 < floor 5.7290
F:\projects\iterum\plugins\vorago\tests\integration\preset_matrix_test.cpp(517): FAILED:
  CHECK( d >= pf )
with expansion:
  4.7806527934 >= 5.7290408456
with message:
  Hull Resonance vs Iron Plate: d 4.78065, floor 5.72904

  BELOW FLOOR: Hull Resonance vs Abyssal Wind: d 5.3385 < floor 5.7290
F:\projects\iterum\plugins\vorago\tests\integration\preset_matrix_test.cpp(517): FAILED:
  CHECK( d >= pf )
with expansion:
  5.338481212 >= 5.7290408456
with message:
  Hull Resonance vs Abyssal Wind: d 5.33848, floor 5.72904

  BELOW FLOOR: Hull Resonance vs Steam Vent: d 4.0238 < floor 5.7290
F:\projects\iterum\plugins\vorago\tests\integration\preset_matrix_test.cpp(517): FAILED:
  CHECK( d >= pf )
with expansion:
  4.023837054 >= 5.7290408456
with message:
  Hull Resonance vs Steam Vent: d 4.02384, floor 5.72904

  BELOW FLOOR: Lightless vs Erosion: d 3.0531 < floor 5.7290
F:\projects\iterum\plugins\vorago\tests\integration\preset_matrix_test.cpp(517): FAILED:
  CHECK( d >= pf )
with expansion:
  3.0531021533 >= 5.7290408456
with message:
  Lightless vs Erosion: d 3.0531, floor 5.72904

  BELOW FLOOR: Lightless vs Fogbound: d 4.9560 < floor 5.7290
F:\projects\iterum\plugins\vorago\tests\integration\preset_matrix_test.cpp(517): FAILED:
  CHECK( d >= pf )
with expansion:
  4.9560262772 >= 5.7290408456
with message:
  Lightless vs Fogbound: d 4.95603, floor 5.72904

  BELOW FLOOR: Lightless vs Growth Ring: d 3.5680 < floor 5.7290
F:\projects\iterum\plugins\vorago\tests\integration\preset_matrix_test.cpp(517): FAILED:
  CHECK( d >= pf )
with expansion:
  3.5679540686 >= 5.7290408456
with message:
  Lightless vs Growth Ring: d 3.56795, floor 5.72904

  BELOW FLOOR: Lightless vs Sudden Chasm: d 5.2084 < floor 5.7290
F:\projects\iterum\plugins\vorago\tests\integration\preset_matrix_test.cpp(517): FAILED:
  CHECK( d >= pf )
with expansion:
  5.2084453683 >= 5.7290408456
with message:
  Lightless vs Sudden Chasm: d 5.20845, floor 5.72904

  BELOW FLOOR: Lightless vs Abyssal Wind: d 3.7576 < floor 5.7290
F:\projects\iterum\plugins\vorago\tests\integration\preset_matrix_test.cpp(517): FAILED:
  CHECK( d >= pf )
with expansion:
  3.7575740528 >= 5.7290408456
with message:
  Lightless vs Abyssal Wind: d 3.75757, floor 5.72904

  BELOW FLOOR: Lightless vs Spore Drift: d 5.5152 < floor 5.7290
F:\projects\iterum\plugins\vorago\tests\integration\preset_matrix_test.cpp(517): FAILED:
  CHECK( d >= pf )
with expansion:
  5.5152267775 >= 5.7290408456
with message:
  Lightless vs Spore Drift: d 5.51523, floor 5.72904

  BELOW FLOOR: Erosion vs Fogbound: d 3.6874 < floor 5.7290
F:\projects\iterum\plugins\vorago\tests\integration\preset_matrix_test.cpp(517): FAILED:
  CHECK( d >= pf )
with expansion:
  3.6873562157 >= 5.7290408456
with message:
  Erosion vs Fogbound: d 3.68736, floor 5.72904

  BELOW FLOOR: Erosion vs Teeming: d 4.1979 < floor 5.7290
F:\projects\iterum\plugins\vorago\tests\integration\preset_matrix_test.cpp(517): FAILED:
  CHECK( d >= pf )
with expansion:
  4.1979116147 >= 5.7290408456
with message:
  Erosion vs Teeming: d 4.19791, floor 5.72904

  BELOW FLOOR: Erosion vs Growth Ring: d 3.1806 < floor 5.7290
F:\projects\iterum\plugins\vorago\tests\integration\preset_matrix_test.cpp(517): FAILED:
  CHECK( d >= pf )
with expansion:
  3.1805584626 >= 5.7290408456
with message:
  Erosion vs Growth Ring: d 3.18056, floor 5.72904

  BELOW FLOOR: Erosion vs Sudden Chasm: d 4.3257 < floor 5.7290
F:\projects\iterum\plugins\vorago\tests\integration\preset_matrix_test.cpp(517): FAILED:
  CHECK( d >= pf )
with expansion:
  4.3256535617 >= 5.7290408456
with message:
  Erosion vs Sudden Chasm: d 4.32565, floor 5.72904

  BELOW FLOOR: Erosion vs Abyssal Wind: d 4.3207 < floor 5.7290
F:\projects\iterum\plugins\vorago\tests\integration\preset_matrix_test.cpp(517): FAILED:
  CHECK( d >= pf )
with expansion:
  4.3207313063 >= 5.7290408456
with message:
  Erosion vs Abyssal Wind: d 4.32073, floor 5.72904

  BELOW FLOOR: Erosion vs Spore Drift: d 3.3076 < floor 5.7290
F:\projects\iterum\plugins\vorago\tests\integration\preset_matrix_test.cpp(517): FAILED:
  CHECK( d >= pf )
with expansion:
  3.3075529719 >= 5.7290408456
with message:
  Erosion vs Spore Drift: d 3.30755, floor 5.72904

  BELOW FLOOR: Crowded Dark vs Drifting Strata: d 4.4746 < floor 5.7290
F:\projects\iterum\plugins\vorago\tests\integration\preset_matrix_test.cpp(517): FAILED:
  CHECK( d >= pf )
with expansion:
  4.4745756991 >= 5.7290408456
with message:
  Crowded Dark vs Drifting Strata: d 4.47458, floor 5.72904

  BELOW FLOOR: Crowded Dark vs Entropic Hum: d 5.1073 < floor 5.7290
F:\projects\iterum\plugins\vorago\tests\integration\preset_matrix_test.cpp(517): FAILED:
  CHECK( d >= pf )
with expansion:
  5.107302278 >= 5.7290408456
with message:
  Crowded Dark vs Entropic Hum: d 5.1073, floor 5.72904

  BELOW FLOOR: Crowded Dark vs Fogbound: d 5.6778 < floor 5.7290
F:\projects\iterum\plugins\vorago\tests\integration\preset_matrix_test.cpp(517): FAILED:
  CHECK( d >= pf )
with expansion:
  5.6777887189 >= 5.7290408456
with message:
  Crowded Dark vs Fogbound: d 5.67779, floor 5.72904

  BELOW FLOOR: Crowded Dark vs Endless Descent: d 3.6409 < floor 5.7290
F:\projects\iterum\plugins\vorago\tests\integration\preset_matrix_test.cpp(517): FAILED:
  CHECK( d >= pf )
with expansion:
  3.6408795271 >= 5.7290408456
with message:
  Crowded Dark vs Endless Descent: d 3.64088, floor 5.72904

  BELOW FLOOR: Crowded Dark vs Feeding Loops: d 5.1990 < floor 5.7290
F:\projects\iterum\plugins\vorago\tests\integration\preset_matrix_test.cpp(517): FAILED:
  CHECK( d >= pf )
with expansion:
  5.198993067 >= 5.7290408456
with message:
  Crowded Dark vs Feeding Loops: d 5.19899, floor 5.72904

  BELOW FLOOR: Crowded Dark vs Dead Air: d 5.4669 < floor 5.7290
F:\projects\iterum\plugins\vorago\tests\integration\preset_matrix_test.cpp(517): FAILED:
  CHECK( d >= pf )
with expansion:
  5.4668503712 >= 5.7290408456
with message:
  Crowded Dark vs Dead Air: d 5.46685, floor 5.72904

  BELOW FLOOR: Crowded Dark vs Steam Vent: d 5.6009 < floor 5.7290
F:\projects\iterum\plugins\vorago\tests\integration\preset_matrix_test.cpp(517): FAILED:
  CHECK( d >= pf )
with expansion:
  5.6008667688 >= 5.7290408456
with message:
  Crowded Dark vs Steam Vent: d 5.60087, floor 5.72904

  BELOW FLOOR: Drifting Strata vs Entropic Hum: d 1.5435 < floor 5.7290
F:\projects\iterum\plugins\vorago\tests\integration\preset_matrix_test.cpp(517): FAILED:
  CHECK( d >= pf )
with expansion:
  1.5435056967 >= 5.7290408456
with message:
  Drifting Strata vs Entropic Hum: d 1.54351, floor 5.72904

  BELOW FLOOR: Drifting Strata vs Fogbound: d 5.1469 < floor 5.7290
F:\projects\iterum\plugins\vorago\tests\integration\preset_matrix_test.cpp(517): FAILED:
  CHECK( d >= pf )
with expansion:
  5.1468598554 >= 5.7290408456
with message:
  Drifting Strata vs Fogbound: d 5.14686, floor 5.72904

  BELOW FLOOR: Drifting Strata vs Monolith: d 5.1720 < floor 5.7290
F:\projects\iterum\plugins\vorago\tests\integration\preset_matrix_test.cpp(517): FAILED:
  CHECK( d >= pf )
with expansion:
  5.1719658906 >= 5.7290408456
with message:
  Drifting Strata vs Monolith: d 5.17197, floor 5.72904

  BELOW FLOOR: Drifting Strata vs Bloom Colony: d 4.5239 < floor 5.7290
F:\projects\iterum\plugins\vorago\tests\integration\preset_matrix_test.cpp(517): FAILED:
  CHECK( d >= pf )
with expansion:
  4.5238576875 >= 5.7290408456
with message:
  Drifting Strata vs Bloom Colony: d 4.52386, floor 5.72904

  BELOW FLOOR: Stone Gravity vs Singing Colony: d 3.6372 < floor 5.7290
F:\projects\iterum\plugins\vorago\tests\integration\preset_matrix_test.cpp(517): FAILED:
  CHECK( d >= pf )
with expansion:
  3.6371824869 >= 5.7290408456
with message:
  Stone Gravity vs Singing Colony: d 3.63718, floor 5.72904

  BELOW FLOOR: Entropic Hum vs Fogbound: d 4.6291 < floor 5.7290
F:\projects\iterum\plugins\vorago\tests\integration\preset_matrix_test.cpp(517): FAILED:
  CHECK( d >= pf )
with expansion:
  4.6291053343 >= 5.7290408456
with message:
  Entropic Hum vs Fogbound: d 4.62911, floor 5.72904

  BELOW FLOOR: Entropic Hum vs Teeming: d 5.4558 < floor 5.7290
F:\projects\iterum\plugins\vorago\tests\integration\preset_matrix_test.cpp(517): FAILED:
  CHECK( d >= pf )
with expansion:
  5.4558132011 >= 5.7290408456
with message:
  Entropic Hum vs Teeming: d 5.45581, floor 5.72904

  BELOW FLOOR: Entropic Hum vs Monolith: d 5.5224 < floor 5.7290
F:\projects\iterum\plugins\vorago\tests\integration\preset_matrix_test.cpp(517): FAILED:
  CHECK( d >= pf )
with expansion:
  5.5224325421 >= 5.7290408456
with message:
  Entropic Hum vs Monolith: d 5.52243, floor 5.72904

  BELOW FLOOR: Entropic Hum vs Bloom Colony: d 4.9460 < floor 5.7290
F:\projects\iterum\plugins\vorago\tests\integration\preset_matrix_test.cpp(517): FAILED:
  CHECK( d >= pf )
with expansion:
  4.9460220454 >= 5.7290408456
with message:
  Entropic Hum vs Bloom Colony: d 4.94602, floor 5.72904

  BELOW FLOOR: Entropic Hum vs Haunted Colony: d 5.2779 < floor 5.7290
F:\projects\iterum\plugins\vorago\tests\integration\preset_matrix_test.cpp(517): FAILED:
  CHECK( d >= pf )
with expansion:
  5.2778720411 >= 5.7290408456
with message:
  Entropic Hum vs Haunted Colony: d 5.27787, floor 5.72904

  BELOW FLOOR: Pressure Front vs Fogbound: d 5.1684 < floor 5.7290
F:\projects\iterum\plugins\vorago\tests\integration\preset_matrix_test.cpp(517): FAILED:
  CHECK( d >= pf )
with expansion:
  5.1683607888 >= 5.7290408456
with message:
  Pressure Front vs Fogbound: d 5.16836, floor 5.72904

  BELOW FLOOR: Pressure Front vs Endless Descent: d 5.2144 < floor 5.7290
F:\projects\iterum\plugins\vorago\tests\integration\preset_matrix_test.cpp(517): FAILED:
  CHECK( d >= pf )
with expansion:
  5.2144129595 >= 5.7290408456
with message:
  Pressure Front vs Endless Descent: d 5.21441, floor 5.72904

  BELOW FLOOR: Pressure Front vs Feeding Loops: d 3.8984 < floor 5.7290
F:\projects\iterum\plugins\vorago\tests\integration\preset_matrix_test.cpp(517): FAILED:
  CHECK( d >= pf )
with expansion:
  3.8983587988 >= 5.7290408456
with message:
  Pressure Front vs Feeding Loops: d 3.89836, floor 5.72904

  BELOW FLOOR: Pressure Front vs Abyssal Wind: d 5.2469 < floor 5.7290
F:\projects\iterum\plugins\vorago\tests\integration\preset_matrix_test.cpp(517): FAILED:
  CHECK( d >= pf )
with expansion:
  5.2469091403 >= 5.7290408456
with message:
  Pressure Front vs Abyssal Wind: d 5.24691, floor 5.72904

  BELOW FLOOR: Pressure Front vs Steam Vent: d 3.8899 < floor 5.7290
F:\projects\iterum\plugins\vorago\tests\integration\preset_matrix_test.cpp(517): FAILED:
  CHECK( d >= pf )
with expansion:
  3.8898959893 >= 5.7290408456
with message:
  Pressure Front vs Steam Vent: d 3.8899, floor 5.72904

  BELOW FLOOR: Weighted Deep vs Monolith: d 3.9142 < floor 5.7290
F:\projects\iterum\plugins\vorago\tests\integration\preset_matrix_test.cpp(517): FAILED:
  CHECK( d >= pf )
with expansion:
  3.9142493604 >= 5.7290408456
with message:
  Weighted Deep vs Monolith: d 3.91425, floor 5.72904

  BELOW FLOOR: Weighted Deep vs Bloom Colony: d 3.5702 < floor 5.7290
F:\projects\iterum\plugins\vorago\tests\integration\preset_matrix_test.cpp(517): FAILED:
  CHECK( d >= pf )
with expansion:
  3.5701522428 >= 5.7290408456
with message:
  Weighted Deep vs Bloom Colony: d 3.57015, floor 5.72904

  BELOW FLOOR: Weighted Deep vs Column Hymn: d 2.7897 < floor 5.7290
F:\projects\iterum\plugins\vorago\tests\integration\preset_matrix_test.cpp(517): FAILED:
  CHECK( d >= pf )
with expansion:
  2.7897322992 >= 5.7290408456
with message:
  Weighted Deep vs Column Hymn: d 2.78973, floor 5.72904

  BELOW FLOOR: Weighted Deep vs Steam Vent: d 4.3761 < floor 5.7290
F:\projects\iterum\plugins\vorago\tests\integration\preset_matrix_test.cpp(517): FAILED:
  CHECK( d >= pf )
with expansion:
  4.3761004979 >= 5.7290408456
with message:
  Weighted Deep vs Steam Vent: d 4.3761, floor 5.72904

  BELOW FLOOR: Fogbound vs Teeming: d 2.7824 < floor 5.7290
F:\projects\iterum\plugins\vorago\tests\integration\preset_matrix_test.cpp(517): FAILED:
  CHECK( d >= pf )
with expansion:
  2.7824184433 >= 5.7290408456
with message:
  Fogbound vs Teeming: d 2.78242, floor 5.72904

  BELOW FLOOR: Fogbound vs Endless Descent: d 5.5058 < floor 5.7290
F:\projects\iterum\plugins\vorago\tests\integration\preset_matrix_test.cpp(517): FAILED:
  CHECK( d >= pf )
with expansion:
  5.5057921827 >= 5.7290408456
with message:
  Fogbound vs Endless Descent: d 5.50579, floor 5.72904

  BELOW FLOOR: Fogbound vs Haunted Colony: d 3.9777 < floor 5.7290
F:\projects\iterum\plugins\vorago\tests\integration\preset_matrix_test.cpp(517): FAILED:
  CHECK( d >= pf )
with expansion:
  3.9776744168 >= 5.7290408456
with message:
  Fogbound vs Haunted Colony: d 3.97767, floor 5.72904

  BELOW FLOOR: Fogbound vs Growth Ring: d 5.5372 < floor 5.7290
F:\projects\iterum\plugins\vorago\tests\integration\preset_matrix_test.cpp(517): FAILED:
  CHECK( d >= pf )
with expansion:
  5.5371880787 >= 5.7290408456
with message:
  Fogbound vs Growth Ring: d 5.53719, floor 5.72904

  BELOW FLOOR: Fogbound vs Abyssal Wind: d 5.1675 < floor 5.7290
F:\projects\iterum\plugins\vorago\tests\integration\preset_matrix_test.cpp(517): FAILED:
  CHECK( d >= pf )
with expansion:
  5.1675195987 >= 5.7290408456
with message:
  Fogbound vs Abyssal Wind: d 5.16752, floor 5.72904

  BELOW FLOOR: Fogbound vs Spore Drift: d 5.2280 < floor 5.7290
F:\projects\iterum\plugins\vorago\tests\integration\preset_matrix_test.cpp(517): FAILED:
  CHECK( d >= pf )
with expansion:
  5.2280229204 >= 5.7290408456
with message:
  Fogbound vs Spore Drift: d 5.22802, floor 5.72904

  BELOW FLOOR: Fogbound vs Steam Vent: d 5.5380 < floor 5.7290
F:\projects\iterum\plugins\vorago\tests\integration\preset_matrix_test.cpp(517): FAILED:
  CHECK( d >= pf )
with expansion:
  5.537972251 >= 5.7290408456
with message:
  Fogbound vs Steam Vent: d 5.53797, floor 5.72904

  BELOW FLOOR: Teeming vs Haunted Colony: d 2.1201 < floor 5.7290
F:\projects\iterum\plugins\vorago\tests\integration\preset_matrix_test.cpp(517): FAILED:
  CHECK( d >= pf )
with expansion:
  2.1201216331 >= 5.7290408456
with message:
  Teeming vs Haunted Colony: d 2.12012, floor 5.72904

  BELOW FLOOR: Teeming vs Spore Drift: d 4.5066 < floor 5.7290
F:\projects\iterum\plugins\vorago\tests\integration\preset_matrix_test.cpp(517): FAILED:
  CHECK( d >= pf )
with expansion:
  4.5065858596 >= 5.7290408456
with message:
  Teeming vs Spore Drift: d 4.50659, floor 5.72904

  BELOW FLOOR: Endless Descent vs Feeding Loops: d 5.5522 < floor 5.7290
F:\projects\iterum\plugins\vorago\tests\integration\preset_matrix_test.cpp(517): FAILED:
  CHECK( d >= pf )
with expansion:
  5.5522424464 >= 5.7290408456
with message:
  Endless Descent vs Feeding Loops: d 5.55224, floor 5.72904

  BELOW FLOOR: Endless Descent vs Iron Plate: d 4.8287 < floor 5.7290
F:\projects\iterum\plugins\vorago\tests\integration\preset_matrix_test.cpp(517): FAILED:
  CHECK( d >= pf )
with expansion:
  4.8287033069 >= 5.7290408456
with message:
  Endless Descent vs Iron Plate: d 4.8287, floor 5.72904

  BELOW FLOOR: Endless Descent vs Chamber Drone: d 5.6231 < floor 5.7290
F:\projects\iterum\plugins\vorago\tests\integration\preset_matrix_test.cpp(517): FAILED:
  CHECK( d >= pf )
with expansion:
  5.6231073174 >= 5.7290408456
with message:
  Endless Descent vs Chamber Drone: d 5.62311, floor 5.72904

  BELOW FLOOR: Endless Descent vs Dead Air: d 3.1598 < floor 5.7290
F:\projects\iterum\plugins\vorago\tests\integration\preset_matrix_test.cpp(517): FAILED:
  CHECK( d >= pf )
with expansion:
  3.1598331337 >= 5.7290408456
with message:
  Endless Descent vs Dead Air: d 3.15983, floor 5.72904

  BELOW FLOOR: Endless Descent vs Steam Vent: d 5.6126 < floor 5.7290
F:\projects\iterum\plugins\vorago\tests\integration\preset_matrix_test.cpp(517): FAILED:
  CHECK( d >= pf )
with expansion:
  5.6126070042 >= 5.7290408456
with message:
  Endless Descent vs Steam Vent: d 5.61261, floor 5.72904

  BELOW FLOOR: Monolith vs Bloom Colony: d 1.5339 < floor 5.7290
F:\projects\iterum\plugins\vorago\tests\integration\preset_matrix_test.cpp(517): FAILED:
  CHECK( d >= pf )
with expansion:
  1.5339335082 >= 5.7290408456
with message:
  Monolith vs Bloom Colony: d 1.53393, floor 5.72904

  BELOW FLOOR: Monolith vs Column Hymn: d 4.1804 < floor 5.7290
F:\projects\iterum\plugins\vorago\tests\integration\preset_matrix_test.cpp(517): FAILED:
  CHECK( d >= pf )
with expansion:
  4.180367012 >= 5.7290408456
with message:
  Monolith vs Column Hymn: d 4.18037, floor 5.72904

  BELOW FLOOR: Bloom Colony vs Column Hymn: d 3.6091 < floor 5.7290
F:\projects\iterum\plugins\vorago\tests\integration\preset_matrix_test.cpp(517): FAILED:
  CHECK( d >= pf )
with expansion:
  3.6091342997 >= 5.7290408456
with message:
  Bloom Colony vs Column Hymn: d 3.60913, floor 5.72904

  BELOW FLOOR: Bloom Colony vs Steam Vent: d 5.6673 < floor 5.7290
F:\projects\iterum\plugins\vorago\tests\integration\preset_matrix_test.cpp(517): FAILED:
  CHECK( d >= pf )
with expansion:
  5.6672969188 >= 5.7290408456
with message:
  Bloom Colony vs Steam Vent: d 5.6673, floor 5.72904

  BELOW FLOOR: Feeding Loops vs Abyssal Wind: d 5.2169 < floor 5.7290
F:\projects\iterum\plugins\vorago\tests\integration\preset_matrix_test.cpp(517): FAILED:
  CHECK( d >= pf )
with expansion:
  5.2169045433 >= 5.7290408456
with message:
  Feeding Loops vs Abyssal Wind: d 5.2169, floor 5.72904

  BELOW FLOOR: Feeding Loops vs Steam Vent: d 2.6353 < floor 5.7290
F:\projects\iterum\plugins\vorago\tests\integration\preset_matrix_test.cpp(517): FAILED:
  CHECK( d >= pf )
with expansion:
  2.6353090553 >= 5.7290408456
with message:
  Feeding Loops vs Steam Vent: d 2.63531, floor 5.72904

  BELOW FLOOR: Haunted Colony vs Spore Drift: d 5.4783 < floor 5.7290
F:\projects\iterum\plugins\vorago\tests\integration\preset_matrix_test.cpp(517): FAILED:
  CHECK( d >= pf )
with expansion:
  5.4783283773 >= 5.7290408456
with message:
  Haunted Colony vs Spore Drift: d 5.47833, floor 5.72904

  BELOW FLOOR: Growth Ring vs Sudden Chasm: d 1.8141 < floor 5.7290
F:\projects\iterum\plugins\vorago\tests\integration\preset_matrix_test.cpp(517): FAILED:
  CHECK( d >= pf )
with expansion:
  1.8140680124 >= 5.7290408456
with message:
  Growth Ring vs Sudden Chasm: d 1.81407, floor 5.72904

  BELOW FLOOR: Growth Ring vs Abyssal Wind: d 5.1751 < floor 5.7290
F:\projects\iterum\plugins\vorago\tests\integration\preset_matrix_test.cpp(517): FAILED:
  CHECK( d >= pf )
with expansion:
  5.1751216258 >= 5.7290408456
with message:
  Growth Ring vs Abyssal Wind: d 5.17512, floor 5.72904

  BELOW FLOOR: Growth Ring vs Spore Drift: d 3.0168 < floor 5.7290
F:\projects\iterum\plugins\vorago\tests\integration\preset_matrix_test.cpp(517): FAILED:
  CHECK( d >= pf )
with expansion:
  3.016800063 >= 5.7290408456
with message:
  Growth Ring vs Spore Drift: d 3.0168, floor 5.72904

  BELOW FLOOR: Glass Well vs Cavern Wall: d 4.8372 < floor 5.7290
F:\projects\iterum\plugins\vorago\tests\integration\preset_matrix_test.cpp(517): FAILED:
  CHECK( d >= pf )
with expansion:
  4.8372446179 >= 5.7290408456
with message:
  Glass Well vs Cavern Wall: d 4.83724, floor 5.72904

  BELOW FLOOR: Glass Well vs Glass Sphere: d 5.2915 < floor 5.7290
F:\projects\iterum\plugins\vorago\tests\integration\preset_matrix_test.cpp(517): FAILED:
  CHECK( d >= pf )
with expansion:
  5.2915222349 >= 5.7290408456
with message:
  Glass Well vs Glass Sphere: d 5.29152, floor 5.72904

  BELOW FLOOR: Glass Well vs Abyssal Wind: d 4.8754 < floor 5.7290
F:\projects\iterum\plugins\vorago\tests\integration\preset_matrix_test.cpp(517): FAILED:
  CHECK( d >= pf )
with expansion:
  4.8754263247 >= 5.7290408456
with message:
  Glass Well vs Abyssal Wind: d 4.87543, floor 5.72904

  BELOW FLOOR: Glass Well vs Steam Vent: d 5.0414 < floor 5.7290
F:\projects\iterum\plugins\vorago\tests\integration\preset_matrix_test.cpp(517): FAILED:
  CHECK( d >= pf )
with expansion:
  5.0414367788 >= 5.7290408456
with message:
  Glass Well vs Steam Vent: d 5.04144, floor 5.72904

  BELOW FLOOR: Iron Plate vs Chamber Drone: d 3.7700 < floor 5.7290
F:\projects\iterum\plugins\vorago\tests\integration\preset_matrix_test.cpp(517): FAILED:
  CHECK( d >= pf )
with expansion:
  3.7700225681 >= 5.7290408456
with message:
  Iron Plate vs Chamber Drone: d 3.77002, floor 5.72904

  BELOW FLOOR: Column Hymn vs Steam Vent: d 5.3615 < floor 5.7290
F:\projects\iterum\plugins\vorago\tests\integration\preset_matrix_test.cpp(517): FAILED:
  CHECK( d >= pf )
with expansion:
  5.3615447682 >= 5.7290408456
with message:
  Column Hymn vs Steam Vent: d 5.36154, floor 5.72904

  BELOW FLOOR: Cavern Wall vs Glass Sphere: d 4.3173 < floor 5.7290
F:\projects\iterum\plugins\vorago\tests\integration\preset_matrix_test.cpp(517): FAILED:
  CHECK( d >= pf )
with expansion:
  4.3173165979 >= 5.7290408456
with message:
  Cavern Wall vs Glass Sphere: d 4.31732, floor 5.72904

  BELOW FLOOR: Glass Sphere vs Abyssal Wind: d 5.6735 < floor 5.7290
F:\projects\iterum\plugins\vorago\tests\integration\preset_matrix_test.cpp(517): FAILED:
  CHECK( d >= pf )
with expansion:
  5.6734946318 >= 5.7290408456
with message:
  Glass Sphere vs Abyssal Wind: d 5.67349, floor 5.72904

  BELOW FLOOR: Glass Sphere vs Steam Vent: d 5.0854 < floor 5.7290
F:\projects\iterum\plugins\vorago\tests\integration\preset_matrix_test.cpp(517): FAILED:
  CHECK( d >= pf )
with expansion:
  5.0854404918 >= 5.7290408456
with message:
  Glass Sphere vs Steam Vent: d 5.08544, floor 5.72904

  BELOW FLOOR: Sudden Chasm vs Spore Drift: d 2.5702 < floor 5.7290
F:\projects\iterum\plugins\vorago\tests\integration\preset_matrix_test.cpp(517): FAILED:
  CHECK( d >= pf )
with expansion:
  2.5701733619 >= 5.7290408456
with message:
  Sudden Chasm vs Spore Drift: d 2.57017, floor 5.72904

  BELOW FLOOR: Abyssal Wind vs Steam Vent: d 4.7773 < floor 5.7290
F:\projects\iterum\plugins\vorago\tests\integration\preset_matrix_test.cpp(517): FAILED:
  CHECK( d >= pf )
with expansion:
  4.7773328407 >= 5.7290408456
with message:
  Abyssal Wind vs Steam Vent: d 4.77733, floor 5.72904


Pairs 861: min d 1.5339 (Monolith vs Bloom Colony, floor 5.7290)  median d 8.5783  max d 29.4088
t_max 2.8645  K 4  effective floor max(F, 2 t_max) = 5.7290 (s(P) recorded, not gated - ruling 2026-09-30)  pairs below floor: 156
===============================================================================
test cases:    49 |    44 passed |   5 failed
assertions: 22497 | 22207 passed | 290 failed

exit=255 END 2026-10-03 14:50:24
