START 2026-09-29 05:50:05 after-CPU: pinned perf roster, alone, machine idle since 05:34
pin-perf-cores: performance-core mask 0xFFFF
Filters: [performance],[perf],[.perf] [.perf],[benchmark],[!benchmark]
Randomness seeded to: 2774433152

~~~~~~~~~~~~~~~~~~~~~~~~~~~~~~~~~~~~~~~~~~~~~~~~~~~~~~~~~~~~~~~~~~~~~~~~~~~~~~~
dsp_systems_tests.exe is a Catch2 v3.4.0 host application.
Run with -? for options

-------------------------------------------------------------------------------
VectorMixer: 512 samples mono performance benchmark (SC-003)
-------------------------------------------------------------------------------
F:\projects\iterum\dsp\tests\unit\systems\vector_mixer_tests.cpp(1047)
...............................................................................

F:\projects\iterum\dsp\tests\unit\systems\vector_mixer_tests.cpp(1088): warning:
  VectorMixer SC-003: best-of-25 per-block time 0.001592 ms; audio buffer 11.61
  ms; CPU usage 0.0137123 % (bound 0.05 %)

-------------------------------------------------------------------------------
SynthVoice CPU usage under 1%
-------------------------------------------------------------------------------
F:\projects\iterum\dsp\tests\unit\systems\synth_voice_test.cpp(1590)
...............................................................................

benchmark name                       samples       iterations    estimated
                                     mean          low mean      high mean
                                     std dev       low std dev   high std dev
-------------------------------------------------------------------------------
SynthVoice 1 second at 44.1kHz                 100             1     146.58 ms 
                                        1.45197 ms    1.43053 ms     1.4788 ms 
                                        121.236 us    93.9191 us    186.632 us 
                                                                               

-------------------------------------------------------------------------------
HarmonizerEngine SC-008 CPU benchmark all modes
  Simple mode < 1% CPU
-------------------------------------------------------------------------------
F:\projects\iterum\dsp\tests\unit\systems\harmonizer_engine_test.cpp(3228)
...............................................................................

benchmark name                       samples       iterations    estimated
                                     mean          low mean      high mean
                                     std dev       low std dev   high std dev
-------------------------------------------------------------------------------
HarmonizerEngine Simple 4 voices               100             1     2.0693 ms 
                                         18.343 us     18.264 us     18.482 us 
                                        518.917 ns     335.23 ns    958.365 ns 
                                                                               

-------------------------------------------------------------------------------
HarmonizerEngine SC-008 CPU benchmark all modes
  PitchSync mode benchmark
-------------------------------------------------------------------------------
F:\projects\iterum\dsp\tests\unit\systems\harmonizer_engine_test.cpp(3245)
...............................................................................

benchmark name                       samples       iterations    estimated
                                     mean          low mean      high mean
                                     std dev       low std dev   high std dev
-------------------------------------------------------------------------------
HarmonizerEngine PitchSync 4 voices            100             1     2.7689 ms 
                                         26.096 us     25.708 us     26.603 us 
                                        2.25045 us    1.85601 us    3.23051 us 
                                                                               

F:\projects\iterum\dsp\tests\unit\systems\harmonizer_engine_test.cpp(3266): warning:
  PitchSync CPU 0.450535% exceeds 3% budget -- per-voice pitch detection
  overhead. See research.md for analysis.

-------------------------------------------------------------------------------
HarmonizerEngine SC-008 CPU benchmark all modes
  Granular mode < 5% CPU
-------------------------------------------------------------------------------
F:\projects\iterum\dsp\tests\unit\systems\harmonizer_engine_test.cpp(3269)
...............................................................................

benchmark name                       samples       iterations    estimated
                                     mean          low mean      high mean
                                     std dev       low std dev   high std dev
-------------------------------------------------------------------------------
HarmonizerEngine Granular 4 voices             100             1     2.0117 ms 
                                         17.901 us     17.844 us     18.085 us 
                                        464.038 ns    98.7725 ns    1.02285 us 
                                                                               

-------------------------------------------------------------------------------
HarmonizerEngine SC-008 CPU benchmark all modes
  PhaseVocoder mode benchmark
-------------------------------------------------------------------------------
F:\projects\iterum\dsp\tests\unit\systems\harmonizer_engine_test.cpp(3286)
...............................................................................

benchmark name                       samples       iterations    estimated
                                     mean          low mean      high mean
                                     std dev       low std dev   high std dev
-------------------------------------------------------------------------------
HarmonizerEngine PhaseVocoder 4                                                
voices                                         100             1    33.9697 ms 
                                        332.946 us    229.167 us     450.73 us 
                                        563.481 us    489.334 us    617.356 us 
                                                                               

F:\projects\iterum\dsp\tests\unit\systems\harmonizer_engine_test.cpp(3307): warning:
  PhaseVocoder CPU 5.66041% exceeds 15% budget -- FR-020 shared-analysis
  deferred. See research.md for analysis.

-------------------------------------------------------------------------------
HarmonizerEngine SC-008 orchestration overhead benchmark
  Chromatic mode (pure orchestration, no PitchTracker)
-------------------------------------------------------------------------------
F:\projects\iterum\dsp\tests\unit\systems\harmonizer_engine_test.cpp(3335)
...............................................................................

benchmark name                       samples       iterations    estimated
                                     mean          low mean      high mean
                                     std dev       low std dev   high std dev
-------------------------------------------------------------------------------
HarmonizerEngine orchestration                                                 
overhead (Chromatic, all muted)                100            38     1.4706 ms 
                                        323.474 ns    320.842 ns    327.211 ns 
                                        15.8853 ns    12.0939 ns    19.8088 ns 
                                                                               

-------------------------------------------------------------------------------
HarmonizerEngine SC-008 orchestration overhead benchmark
  Scalic mode (orchestration + PitchTracker)
-------------------------------------------------------------------------------
F:\projects\iterum\dsp\tests\unit\systems\harmonizer_engine_test.cpp(3370)
...............................................................................

benchmark name                       samples       iterations    estimated
                                     mean          low mean      high mean
                                     std dev       low std dev   high std dev
-------------------------------------------------------------------------------
HarmonizerEngine orchestration                                                 
overhead (Scalic, all muted)                   100             3      2.124 ms 
                                        6.36533 us    6.18367 us      7.017 us 
                                        1.55979 us     423.96 ns    3.56065 us 
                                                                               

F:\projects\iterum\dsp\tests\unit\systems\harmonizer_engine_test.cpp(3411): warning:
  Scalic orchestration overhead: 0.114264%. PitchTracker contributes
  significant overhead.

-------------------------------------------------------------------------------
T032: HarmonizerEngine PhaseVocoder 4-voice shared-analysis benchmark (SC-001)
-------------------------------------------------------------------------------
F:\projects\iterum\dsp\tests\unit\systems\harmonizer_engine_test.cpp(3993)
...............................................................................

benchmark name                       samples       iterations    estimated
                                     mean          low mean      high mean
                                     std dev       low std dev   high std dev
-------------------------------------------------------------------------------
HarmonizerEngine PhaseVocoder 4                                                
voices (shared analysis)                       100             1     33.324 ms 
                                        338.905 us    233.456 us    459.593 us 
                                        573.807 us    499.071 us    629.704 us 
                                                                               

F:\projects\iterum\dsp\tests\unit\systems\harmonizer_engine_test.cpp(4066): warning:
  PhaseVocoder 4 voices: CPU: 5.78315%, process(): 333.843 us avg

-------------------------------------------------------------------------------
T058: HarmonizerEngine PitchSync 4-voice re-benchmark (SC-008)
-------------------------------------------------------------------------------
F:\projects\iterum\dsp\tests\unit\systems\harmonizer_engine_test.cpp(4540)
...............................................................................

benchmark name                       samples       iterations    estimated
                                     mean          low mean      high mean
                                     std dev       low std dev   high std dev
-------------------------------------------------------------------------------
HarmonizerEngine PitchSync 4 voices                                            
(post-refactor)                                100             1     2.7779 ms 
                                         26.073 us     25.573 us     27.284 us 
                                         3.7353 us    1.89184 us    7.51053 us 
                                                                               

F:\projects\iterum\dsp\tests\unit\systems\harmonizer_engine_test.cpp(4610): warning:
  PitchSync 4 voices: CPU: 0.472495%, process(): 29.3583 us avg

F:\projects\iterum\dsp\tests\unit\systems\harmonizer_engine_test.cpp(4616): warning:
  PitchSync spec-064 baseline: ~26.4% CPU, 1460-1588 us/block

F:\projects\iterum\dsp\tests\unit\systems\harmonizer_engine_test.cpp(4617): warning:
  PitchSync post-refactor measurement is informational only (SC-008).

-------------------------------------------------------------------------------
SympatheticResonance SIMD performance benchmark
-------------------------------------------------------------------------------
F:\projects\iterum\dsp\tests\unit\systems\sympathetic_resonance_test.cpp(2453)
...............................................................................

F:\projects\iterum\dsp\tests\unit\systems\sympathetic_resonance_test.cpp(2526): warning:
  Scalar throughput: 64.3739 Msamples/sec (6.8506 ms for 441000 samples, 64
  resonators)

F:\projects\iterum\dsp\tests\unit\systems\sympathetic_resonance_test.cpp(2559): warning:
  SIMD throughput:   45.8797 Msamples/sec (9.6121 ms for 441000 samples, 64
  resonators)

F:\projects\iterum\dsp\tests\unit\systems\sympathetic_resonance_test.cpp(2564): warning:
  SIMD/Scalar ratio: 0.712706x

F:\projects\iterum\dsp\tests\unit\systems\sympathetic_resonance_test.cpp(2578): FAILED:
  REQUIRE( simdThroughput >= scalarThroughput * 0.9 )
with expansion:
  45879672.4961246774 >= 57936531.1067643762

-------------------------------------------------------------------------------
HarmonicCloud_CpuBudget
-------------------------------------------------------------------------------
F:\projects\iterum\dsp\tests\unit\systems\harmonic_cloud_perf_test.cpp(302)
...............................................................................

F:\projects\iterum\dsp\tests\unit\systems\harmonic_cloud_perf_test.cpp(342): warning:
  SC-007 (static) HarmonicCloud: 64 partials, Mutation 1.0, drift depth max,
  both lane banks live, 8 chunks/block, no setter calls.
    measured        : 23530.6 ns/block (512 samples @ 48 kHz)
    block budget    : 1.06667e+07 ns
    % of budget     : 0.220599 %  (roadmap headline: <= 0.5 %)
    reference figure: 53333.3 ns/block
    checked-in base : 24000 ns/block  (gate: x1.5 = 36000 ns/block)

-------------------------------------------------------------------------------
HarmonicCloud_CpuBudgetUnderAutomation
-------------------------------------------------------------------------------
F:\projects\iterum\dsp\tests\unit\systems\harmonic_cloud_perf_test.cpp(355)
...............................................................................

F:\projects\iterum\dsp\tests\unit\systems\harmonic_cloud_perf_test.cpp(394): warning:
  SC-007 (automated, GATING) HarmonicCloud: the static configuration plus the
  Phase-7 call pattern - five macros + setFundamentalHz stepped once per block.
    measured        : 22122.4 ns/block (512 samples @ 48 kHz)
    block budget    : 1.06667e+07 ns
    % of budget     : 0.207398 %  (roadmap headline: <= 0.5 %)
    reference figure: 53333.3 ns/block
    checked-in base : 26000 ns/block  (gate: x1.5 = 39000 ns/block)

F:\projects\iterum\dsp\tests\unit\systems\harmonic_cloud_perf_test.cpp(446): warning:
  SC-007 (quiescent, plan S4.1 early-out) HarmonicCloud:
    sounding        : 22122.4 ns/block
    quiescent       : 9475.6 ns/block
    ratio           : 0.428326  (expected: materially below 1 - the early-out
  advances both lane banks and fills silence, nothing else)

-------------------------------------------------------------------------------
SpectralMorph_CpuBudget
-------------------------------------------------------------------------------
F:\projects\iterum\dsp\tests\unit\systems\spectral_morph_perf_test.cpp(522)
...............................................................................

F:\projects\iterum\dsp\tests\unit\systems\spectral_morph_perf_test.cpp(572): warning:
  SC-010 clause 1 (GATING) SpectralMorphEngine alone: 4 states, bloom 1.0,
  entropy 1.0, Spline travel at kDefaultInterval, 8 chunks/block.
    measured        : 8895 ns/block (512 samples @ 48 kHz)
    block budget    : 1.06667e+07 ns
    % of budget     : 0.0833906 %  (SC-010 clause 1: <= 0.15 %)
    reference figure: 16000 ns/block
    checked-in base : 9300 ns/block  (gate: x1.5 = 13950 ns/block)

F:\projects\iterum\dsp\tests\unit\systems\spectral_morph_perf_test.cpp(619): warning:
  SC-010 clause 2 target-table dirty coverage (both per-slot masks must move):
    ratio-dirty slots/chunk : min 63, mean 63.0156 of 64
    amp-dirty slots/chunk   : min 45, mean 49.4375 of 64

F:\projects\iterum\dsp\tests\unit\systems\spectral_morph_perf_test.cpp(747): warning:
  SC-010 clauses 2 and 3 - HarmonicCloud in the FR-086 slice cadence (8 x 64
  samples per 512-sample block), Phase 2 SC-007's static cloud configuration,
  differing only in whether and how a spectral target is supplied.
    no target       : 19871.4 ns/block
    unchanged target: 20376.2 ns/block  (ratio 1.0254, bound 1.1)
    changing target : 25905.6 ns/block  (0.242865 % of budget; Phase 2
  envelope: <= 0.5 %)
    reference figure: 53333.3 ns/block
    checked-in base : 29200 ns/block  (gate: x1.5 = 43800 ns/block)
    injection cost  : 6034.2 ns/block  -- REPORTED ONLY, NEVER A GATE: the
  difference of two sampled
                      minima is a biased, possibly negative statistic that a
                      multiplicative regression factor cannot bound (spec.md:
  1864-1868).

-------------------------------------------------------------------------------
ContinuousBody_CpuBudget
-------------------------------------------------------------------------------
F:\projects\iterum\dsp\tests\unit\systems\continuous_body_perf_test.cpp(790)
...............................................................................

F:\projects\iterum\dsp\tests\unit\systems\continuous_body_perf_test.cpp(811): warning:
  SC-005 (steady state - one material, cloud active, no crossfade, static
  params) ContinuousBody, ns per 512-sample block @ 48 kHz
    block budget    : 1.06667e+07 ns
    reference       : 53333.3 ns/block  (0.5 % of one core)
    checked-in base : 35500 ns/block  (gate: x1.5 = 53250 ns/block)
    Glass : 26744.4 ns/block  (0.250729 % of one core)
    Strings : 33943 ns/block  (0.318216 % of one core)
    MetalPlate : 29303.8 ns/block  (0.274723 % of one core)
    Chamber : 32136.8 ns/block  (0.301283 % of one core)
    Ice : 28944 ns/block  (0.27135 % of one core)
    StoneChamber : 27861 ns/block  (0.261197 % of one core)
    SteelTank : 28100.4 ns/block  (0.263441 % of one core)
    WoodenHull : 27739.4 ns/block  (0.260057 % of one core)
    CathedralColumn : 26739.4 ns/block  (0.250682 % of one core)
    CavernWall : 27821.8 ns/block  (0.260829 % of one core)
    GlassSphere : 26673 ns/block  (0.250059 % of one core)
    worst material  : Strings at 33943 ns/block (this is what the baseline must
  be pinned to)

F:\projects\iterum\dsp\tests\unit\systems\continuous_body_perf_test.cpp(826): warning:
  SC-005 (operating point - every setter stepped per 64-sample chunk, note
  gliding) ContinuousBody, ns per 512-sample block @ 48 kHz
    block budget    : 1.06667e+07 ns
    reference       : 53333.3 ns/block  (0.5 % of one core)
    checked-in base : 35500 ns/block  (gate: x1.5 = 53250 ns/block)
    Glass : 37332.4 ns/block  (0.349991 % of one core)
    Strings : 37327.8 ns/block  (0.349948 % of one core)
    MetalPlate : 34375 ns/block  (0.322266 % of one core)
    Chamber : 36681.8 ns/block  (0.343892 % of one core)
    Ice : 31124.8 ns/block  (0.291795 % of one core)
    StoneChamber : 35484.8 ns/block  (0.33267 % of one core)
    SteelTank : 37146 ns/block  (0.348244 % of one core)
    WoodenHull : 33063 ns/block  (0.309966 % of one core)
    CathedralColumn : 32586.4 ns/block  (0.305498 % of one core)
    CavernWall : 34243.2 ns/block  (0.32103 % of one core)
    GlassSphere : 30978 ns/block  (0.290419 % of one core)
    worst material  : Glass at 37332.4 ns/block (this is what the baseline must
  be pinned to)

F:\projects\iterum\dsp\tests\unit\systems\continuous_body_perf_test.cpp(847): warning:
  SC-005 (crossfade window - material change, two engines advanced)
  ContinuousBody, ns per 512-sample block @ 48 kHz
    block budget    : 1.06667e+07 ns
    reference       : 106667 ns/block  (1 % of one core (the roadmap figure; no
  transient exemption))
    checked-in base : 54000 ns/block  (gate: x1.5 = 81000 ns/block)
    Glass : 44557.6 ns/block  (0.417728 % of one core)
    Strings : 44840 ns/block  (0.420375 % of one core)
    MetalPlate : 42503.2 ns/block  (0.398468 % of one core)
    Chamber : 39207.4 ns/block  (0.367569 % of one core)
    Ice : 32471.2 ns/block  (0.304418 % of one core)
    StoneChamber : 34480 ns/block  (0.32325 % of one core)
    SteelTank : 36187.2 ns/block  (0.339255 % of one core)
    WoodenHull : 34150.4 ns/block  (0.32016 % of one core)
    CathedralColumn : 34211.2 ns/block  (0.32073 % of one core)
    CavernWall : 34404 ns/block  (0.322538 % of one core)
    GlassSphere : 34769 ns/block  (0.325959 % of one core)
    worst material  : Strings at 44840 ns/block (this is what the baseline must
  be pinned to)

F:\projects\iterum\dsp\tests\unit\systems\continuous_body_perf_test.cpp(862): warning:
  SC-005 (cloud only - setResonatorBypass(true), cloudMix 1.0) ContinuousBody,
  ns per 512-sample block @ 48 kHz
    block budget    : 1.06667e+07 ns
    reference       : 53333.3 ns/block  (0.5 % of one core)
    checked-in base : 26500 ns/block  (gate: x1.5 = 39750 ns/block)
    Glass : 22246.6 ns/block  (0.208562 % of one core)
    Strings : 21888.4 ns/block  (0.205204 % of one core)
    MetalPlate : 22148 ns/block  (0.207638 % of one core)
    Chamber : 22326.8 ns/block  (0.209314 % of one core)
    Ice : 22083.2 ns/block  (0.20703 % of one core)
    StoneChamber : 22454 ns/block  (0.210506 % of one core)
    SteelTank : 22395.8 ns/block  (0.209961 % of one core)
    WoodenHull : 22090.2 ns/block  (0.207096 % of one core)
    CathedralColumn : 22000.4 ns/block  (0.206254 % of one core)
    CavernWall : 22150.4 ns/block  (0.20766 % of one core)
    GlassSphere : 22218.6 ns/block  (0.208299 % of one core)
    worst material  : StoneChamber at 22454 ns/block (this is what the baseline
  must be pinned to)

F:\projects\iterum\dsp\tests\unit\systems\continuous_body_perf_test.cpp(906): warning:
  SC-005 per-material spread, engine-attributable (steady state minus that
  material's own cloud-only figure):
    Glass : 4497.8 ns/block  (26744.4 - 22246.6)
    Strings : 12054.6 ns/block  (33943 - 21888.4)
    MetalPlate : 7155.8 ns/block  (29303.8 - 22148)
    Chamber : 9810 ns/block  (32136.8 - 22326.8)
    Ice : 6860.8 ns/block  (28944 - 22083.2)
    StoneChamber : 5407 ns/block  (27861 - 22454)
    SteelTank : 5704.6 ns/block  (28100.4 - 22395.8)
    WoodenHull : 5649.2 ns/block  (27739.4 - 22090.2)
    CathedralColumn : 4739 ns/block  (26739.4 - 22000.4)
    CavernWall : 5671.4 ns/block  (27821.8 - 22150.4)
    GlassSphere : 4454.4 ns/block  (26673 - 22218.6)
    cheapest 4454.4, most expensive 12054.6, ratio 0.369519 (required: <= 0.7)

F:\projects\iterum\dsp\tests\unit\systems\continuous_body_perf_test.cpp(1027): warning:
  SC-005 / risk R-6 (30 s tail, cloud only, material StoneChamber, cloudDecay
  30 s, silent input):
    early tail      : 26872 ns/block
    after 30 s      : 26537 ns/block
    ratio late/early: 0.987533  (a denormal stall is a 10-100x event; expected
  ~1)
    checked-in base : 26500 ns/block  (gate: x1.5 = 39750 ns/block)

-------------------------------------------------------------------------------
AtmosphereEngine_GrainSampleCost
-------------------------------------------------------------------------------
F:\projects\iterum\dsp\tests\unit\systems\atmosphere_engine_perf_test.cpp(1251)
...............................................................................

F:\projects\iterum\dsp\tests\unit\systems\atmosphere_engine_perf_test.cpp(1266): warning:
  FR-022 grain-sample cost (worst case - 30 s ring, decorrelation 1.0,
  positionSpread 1.0), AtmosphereEngine, grain layer only:
    captureSeconds  : 30 s  -> ring 2097152 samples (16 MiB stereo float)
    measured        : 237673 ns/block (512 samples @ 48 kHz)
    mean population : 64 grains (winning trial, per block); at trial boundaries
  63 .. 64
    pool-full skips : 3551  (FR-023's path; must be > 0)
    PER GRAIN-SAMPLE: 7.2532 ns
    ceiling         : 4.88281 ns  (160000 ns / (64 x 512))
    fraction of it  : 1.48546  (>= 1 means the saturated pool cannot fit the 1.
  5 % budget at kMaxGrains = 64; it does not, which is why the saturated
  configuration (c) is OUT-OF-REGION per the 2026-07-28 decision rather than a
  reason to shrink the pool)
    % of one core   : 2.22818 %

F:\projects\iterum\dsp\tests\unit\systems\atmosphere_engine_perf_test.cpp(1267): warning:
  FR-022 grain-sample cost (default - 8 s ring, same everything else),
  AtmosphereEngine, grain layer only:
    captureSeconds  : 8 s  -> ring 524288 samples (4 MiB stereo float)
    measured        : 238272 ns/block (512 samples @ 48 kHz)
    mean population : 64 grains (winning trial, per block); at trial boundaries
  63 .. 64
    pool-full skips : 3040  (FR-023's path; must be > 0)
    PER GRAIN-SAMPLE: 7.27148 ns
    ceiling         : 4.88281 ns  (160000 ns / (64 x 512))
    fraction of it  : 1.4892  (>= 1 means the saturated pool cannot fit the 1.5
  % budget at kMaxGrains = 64; it does not, which is why the saturated
  configuration (c) is OUT-OF-REGION per the 2026-07-28 decision rather than a
  reason to shrink the pool)
    % of one core   : 2.2338 %

F:\projects\iterum\dsp\tests\unit\systems\atmosphere_engine_perf_test.cpp(1279): warning:
  FR-022 / O-3 verdict input - the number tasks.md T019 step 5 turns on:
    30 s ring : 7.2532 ns per grain-sample
     8 s ring : 7.27148 ns per grain-sample
    ratio     : 0.997486  (a ratio well above 1 is the memory system talking,
  not the ALU)
    ceiling   : 4.88281 ns per grain-sample
    Paste both figures into this file's MEASUREMENT RECORD block verbatim.

-------------------------------------------------------------------------------
AtmosphereEngine_CpuBudget
-------------------------------------------------------------------------------
F:\projects\iterum\dsp\tests\unit\systems\atmosphere_engine_perf_test.cpp(1322)
...............................................................................

F:\projects\iterum\dsp\tests\unit\systems\atmosphere_engine_perf_test.cpp(1333): warning:
  SC-004 (a - defaults, blur off, freeze off; 4 grains/s x 4 s = 16 concurrent)
  AtmosphereEngine:
    measured        : 64342.2 ns/block (512 samples @ 48 kHz)
    block budget    : 1.06667e+07 ns
    % of one core   : 0.603208 %  (amended ceiling 2026-07-28: <= 1.5 % per
  voice)
    reference       : 160000 ns/block  (1.5 % of one core)
    checked-in base : 91000 ns/block  (gate: x1.5 = 136500 ns/block)
    population      : mean 15.3 grains in the winning trial; at trial
  boundaries 15 .. 17
    pool-full skips : 0  (FR-023's path)
    applied blur    : 0, layer latency 0 samples, freeze captured: no

F:\projects\iterum\dsp\tests\unit\systems\atmosphere_engine_perf_test.cpp(1335): warning:
  SC-004 (b - defaults, blur on at blurFftSize 1024, blur knob 1.0)
  AtmosphereEngine:
    measured        : 82341.6 ns/block (512 samples @ 48 kHz)
    block budget    : 1.06667e+07 ns
    % of one core   : 0.771953 %  (amended ceiling 2026-07-28: <= 1.5 % per
  voice)
    reference       : 160000 ns/block  (1.5 % of one core)
    checked-in base : 106666 ns/block  (gate: x1.5 = 159999 ns/block)
    population      : mean 15.3 grains in the winning trial; at trial
  boundaries 15 .. 17
    pool-full skips : 0  (FR-023's path)
    applied blur    : 1, layer latency 1024 samples, freeze captured: no

F:\projects\iterum\dsp\tests\unit\systems\atmosphere_engine_perf_test.cpp(1337): warning:
  SC-004 (c - pool saturated at 64, blur on, blurFftSize 256 (8 frames/block))
  AtmosphereEngine:
    measured        : 266003 ns/block (512 samples @ 48 kHz)
    block budget    : 1.06667e+07 ns
    % of one core   : 2.49378 %  (amended ceiling 2026-07-28: <= 1.5 % per
  voice)
    reference       : 160000 ns/block  (1.5 % of one core)
    checked-in base : 361000 ns/block  (gate: x1.5 = 541500 ns/block)
    population      : mean 63.924 grains in the winning trial; at trial
  boundaries 63 .. 64
    pool-full skips : 3040  (FR-023's path)
    applied blur    : 1, layer latency 256 samples, freeze captured: no

F:\projects\iterum\dsp\tests\unit\systems\atmosphere_engine_perf_test.cpp(1339): warning:
  SC-004 (d - freezeMix 1.0 WITH the grain layer still running)
  AtmosphereEngine:
    measured        : 102426 ns/block (512 samples @ 48 kHz)
    block budget    : 1.06667e+07 ns
    % of one core   : 0.96024 %  (amended ceiling 2026-07-28: <= 1.5 % per
  voice)
    reference       : 160000 ns/block  (1.5 % of one core)
    checked-in base : 106666 ns/block  (gate: x1.5 = 159999 ns/block)
    population      : mean 15.966 grains in the winning trial; at trial
  boundaries 15 .. 17
    pool-full skips : 0  (FR-023's path)
    applied blur    : 1, layer latency 1024 samples, freeze captured: yes

F:\projects\iterum\dsp\tests\unit\systems\atmosphere_engine_perf_test.cpp(1341): warning:
  SC-004 (e - configuration (b) + alternating setGrainEnvelope once per block)
  AtmosphereEngine:
    measured        : 83880.2 ns/block (512 samples @ 48 kHz)
    block budget    : 1.06667e+07 ns
    % of one core   : 0.786377 %  (amended ceiling 2026-07-28: <= 1.5 % per
  voice)
    reference       : 160000 ns/block  (1.5 % of one core)
    checked-in base : 106666 ns/block  (gate: x1.5 = 159999 ns/block)
    population      : mean 15.3 grains in the winning trial; at trial
  boundaries 15 .. 17
    pool-full skips : 0  (FR-023's path)
    applied blur    : 1, layer latency 1024 samples, freeze captured: no

F:\projects\iterum\dsp\tests\unit\systems\atmosphere_engine_perf_test.cpp(1381): warning:
  SC-004 - THE FIVE FIGURES, ns per 512-sample block @ 48 kHz.
  RA-4: the roadmap's per-phase budgets sum to 45 % against its own 25 % Phase
  7
  ceiling, so Phase 7 needs five REAL numbers from this phase, not a ceiling
  nobody approached. Copy all five into the phase's compliance document and
  into
  this file's BASELINE PROVENANCE table VERBATIM.
    (a) defaults, blur off, freeze off  : 64342.2 ns/block  (0.603208 % of one
  core; baseline 91000, gate 136500)
    (b) defaults, blur on               : 82341.6 ns/block  (0.771953 % of one
  core; baseline 106666, gate 159999)
    (c) saturated 64, blur fft 256      : 266003 ns/block  (2.49378 % of one
  core; baseline 361000, gate 541500)
    (d) freezeMix 1.0 + grain layer     : 102426 ns/block  (0.96024 % of one
  core; baseline 106666, gate 159999)
    (e) (b) + envelope churn per block  : 83880.2 ns/block  (0.786377 % of one
  core; baseline 106666, gate 159999)
    reference                      : 160000 ns/block (1.5 % of one core,
  amended 2026-07-28)
    largest admissible baseline    : 106667 ns/block
    derived: blur stage (b) - (a)  : 17999.4 ns/block
    derived: freeze leg (d) - (b)  : 20084 ns/block
    derived: envelope regen (e)-(b): 1538.6 ns/block  (one 4096-entry
  regeneration per block)

-------------------------------------------------------------------------------
SeraphisEngine_FullPolyCpuBudget
-------------------------------------------------------------------------------
F:\projects\iterum\dsp\tests\unit\systems\seraphis_perf_test.cpp(1192)
...............................................................................

F:\projects\iterum\dsp\tests\unit\systems\seraphis_perf_test.cpp(1209): warning:
  SC-001 body-material survey (standalone ContinuousBody, the phase-4 perf
  configuration):
    Glass : 32617.5 ns/block
    Strings : 39573.5 ns/block
    MetalPlate : 30615 ns/block
    Chamber : 33323.5 ns/block
    Ice : 28484.5 ns/block
    worst material  : Strings  (the one SC-001 and SC-002 pin)

F:\projects\iterum\dsp\tests\unit\systems\seraphis_perf_test.cpp(1318): warning:
  SC-001 full-poly composed chain (polyphony 8, all sounding, atmosphere
  FROZEN,
          worst measured body material, 64 partials + drift, AetherReverb
  config (c)):
    block budget    : 1.06667e+07 ns  (512 samples @ 48 kHz)
    reference (25 %): 2.66667e+06 ns/block  (roadmap line 311, KEPT by RQ-1)
    measured        : 1.94637e+06 ns/block  (18.2472 % of one core)
    RA-1 prediction : 20.36 % of one core (before the voice sum, the spatial
  stage,
                      the output stage and the macro matrix)
    checked-in base : 2.24764e+06 ns/block  (MEASURED 2026-07-31; gate: x1.15 =
  2.58479e+06 ns/block)
    admissible base : 2.31884e+06 ns/block  (25 % / 1.15 = 21.74 %)
    headroom vs ref : 72.989 % of the reference

-------------------------------------------------------------------------------
SeraphisVoice_CompositionOverhead
-------------------------------------------------------------------------------
F:\projects\iterum\dsp\tests\unit\systems\seraphis_perf_test.cpp(1330)
...............................................................................

F:\projects\iterum\dsp\tests\unit\systems\seraphis_perf_test.cpp(1396): warning:
  SC-002 per-voice composition overhead (512-sample blocks @ 48 kHz, best-of-16
  x 200,
          64 partials + drift, FR-019 defaults, worst body material (Strings),
  atmosphere UNFROZEN,
          Standard envelope gated on, spatial depth 0.5):
    HarmonicCloud       : 20394.5 ns/block
    SpectralMorphEngine : 8234 ns/block
    ContinuousBody      : 33825.5 ns/block
    AtmosphereEngine    : 79720 ns/block
    MultiStageEnvelope  : 1217.5 ns/block
    GrowthEnvelope      : 20.5 ns/block  (in the denominator by FR-002's eight;
  the
                          Standard-mode voice never advances it, so this term
  biases
                          the ratio DOWNWARD - see the ratio excluding it
  below)
    OrbitModulator      : 593.5 ns/block
    MidSideProcessor    : 1535 ns/block
    --- sum of eight    : 145540 ns/block
    SeraphisVoice       : 170118 ns/block
    ratio (SC-002)      : 1.16887   (bound <= 1.1)
    ratio excl. growth  : 1.16903   (reported for compliance.md, NOT the gate)

F:\projects\iterum\dsp\tests\unit\systems\seraphis_perf_test.cpp(1402): FAILED:
  REQUIRE( ratio <= kCompositionOverheadBound )
with expansion:
  1.1688670851 <= 1.1
with message:
  SC-002: the 10 % allowance covers the carry-FIFO copies, the per-sample
  envelope multiply, the spatial stage's two multiplies and the morph->cloud
  handoff, and nothing else

-------------------------------------------------------------------------------
SeraphisEngine_PerfObservables
-------------------------------------------------------------------------------
F:\projects\iterum\dsp\tests\unit\systems\seraphis_perf_test.cpp(1427)
...............................................................................

F:\projects\iterum\dsp\tests\unit\systems\seraphis_perf_test.cpp(1445): warning:
  T005 sizes on THIS toolchain (plan §6.3's stack rule is derived from them):
    sizeof(SeraphisVoice)  : 47072 B  (bound 50048 B)
    sizeof(SeraphisEngine) : 765632 B  (bound 866304 B)
    voices_ share          : 98.37 % of the engine object
    => every SeraphisEngine in every TU is heap-allocated; MSVC's default main-
  thread stack is 1 MiB

F:\projects\iterum\dsp\tests\unit\systems\seraphis_perf_test.cpp(1577): warning:
  plan §9 R14 - freeze fan-out burst (engine only, polyphony 8, best-of-5 arm/
  capture cycles):
    worst single chunk : 322100 ns  (24.1575 % of the 64-sample deadline 1.
  33333e+06 ns)
    mean of the maxima : 423420 ns
    quiet chunk (ref)  : 178416 ns
    chunks to fan out  : 16  (kFreezeRetriesPerChunk = 1, so >= kMaxVoices
  chunks by design)
    chunks to release  : 9  (the one-hop unfreeze fade, untimed)
    priced worst case  : 2 x FFT(freezeFftSize) - one per channel - in ONE
  chunk;
                         an un-staggered fan-out would be 16 x 2 = 32 in one
  chunk

-------------------------------------------------------------------------------
NoiseOrganism_StageCostProbe
-------------------------------------------------------------------------------
F:\projects\iterum\dsp\tests\unit\systems\noise_organism_perf_test.cpp(601)
...............................................................................

F:\projects\iterum\dsp\tests\unit\systems\noise_organism_perf_test.cpp(700): warning:
  
============================================================================
  =====
    NoiseOrganism T002 STAGE-COST PROBE - measured before the component exists
    (specs/vorago-phase2-noise-organism, plan S11, FR-095 / OQ-CPU-POLICY)
    48 kHz, 512-sample blocks, best-of-25 x 500 blocks after 400 warm-up
  =============================================================================
  ====
  1. NoiseGenerator (Brown only)                      4884.0 ns/block      0.
  0458 % of one core
  2. ResonatorBank (3 @ 70/140/260 Hz, 1.5 s)         6614.2 ns/block      0.
  0620 % of one core
  3. TimeVaryingCombBank, 2 combs, PER-SAMPLE        14469.4 ns/block      0.
  1357 % of one core
  4. TimeVaryingCombBank, 2 combs, HOISTED            4203.4 ns/block      0.
  0394 % of one core
  5. StochasticFilter (Walk, 0.03 Hz, 1 oct)         11644.4 ns/block      0.
  1092 % of one core
  6. dust loop, full 24-slot pool                    24898.0 ns/block      0.
  2334 % of one core
  -----------------------------------------------------------------------------
  ----
     shared 512-float refill (inside 2 and 5)            9.0 ns/block      0.
  0001 % of one core
     dust pool live slots at end of measurement : 20 / 24   (saturated pool =
  24)
     snapSmoothers() saving on the comb stage   : 3.44x
  -----------------------------------------------------------------------------
  ----
  per slot (hoisted combs)                           27346.0 ns/block      0.
  2564 % of one core
  SC-004 (c) = 4 x slot + dust  [HOISTED]           134282.0 ns/block      1.
  2589 % of one core
  SC-004 (c) = 4 x slot + dust  [PER-SAMPLE]        175346.0 ns/block      1.
  6439 % of one core
  FR-095 BUDGET (1.75 % of one core)                186666.0 ns/block      1.
  7500 % of one core
  =============================================================================
  ====
    WITHIN BUDGET: 52384.0 ns of headroom (71.94 % of the FR-095 ceiling).
    The reference configuration is feasible; proceed to T003. Note this
    projection EXCLUDES control-rate work (plan S11 estimates < 2,000
    ns/block) and the organism's own mix tail.
  =============================================================================
  ====

-------------------------------------------------------------------------------
NoiseOrganism_CpuBudget
-------------------------------------------------------------------------------
F:\projects\iterum\dsp\tests\unit\systems\noise_organism_perf_test.cpp(1803)
...............................................................................

F:\projects\iterum\dsp\tests\unit\systems\noise_organism_perf_test.cpp(1901): warning:
  
============================================================================
  =====
    NoiseOrganism SC-004 CPU BUDGET   (48 kHz, 512-sample blocks)
    specs/vorago-phase2-noise-organism, FR-095 / SC-004, tasks.md T020
    best-of-25 x 500 blocks after 400 warm-up, 200 settle blocks before each
  =============================================================================
  ====
  (a) 2 slots, Direct, 2 res + 2 combs               75734.4 ns/block      0.
  7100 % of one core
          baseline    62532.0   gate (x1.5)    93798.0   within baseline
  (b) 4 slots, Direct, 3 res + 2 combs              125859.8 ns/block      1.
  1799 % of one core
          baseline   124444.0   gate (x1.5)   186666.0   within baseline
  (c) ref: 4 slots, 4 models, 3 res + 2 combs       128403.4 ns/block      1.
  2038 % of one core
          baseline   124444.0   gate (x1.5)   186666.0   within baseline
  (d) max caps: 4 slots dust, 4 res + 4 combs       263912.6 ns/block      2.
  4742 % of one core
          baseline   282950.0   gate (x1.5)   424425.0   within baseline
  [out-of-region: own baseline only]
  (e) all dormant: (c) with every slot dormant       48044.2 ns/block      0.
  4504 % of one core
          baseline    56138.0   gate (x1.5)    84207.0   within baseline
  [out-of-region: own baseline only]
  -----------------------------------------------------------------------------
  ----
  FR-095 BUDGET (1.75 % of one core)                186666.0 ns/block      1.
  7500 % of one core
    FR-071 dormancy saving, (c) - (e)                  80359.2 ns/block   62.58
  % of (c)
  -----------------------------------------------------------------------------
  ----
    copy-pasteable baselines, MEASURED on this machine and this build:
        constexpr double kCpuBaselineNsA    =    75734.4;
        constexpr double kCpuBaselineNsB    =   125859.8;
        constexpr double kCpuBaselineNsC    =   128403.4;
        constexpr double kCpuBaselineNsD    =   263912.6;
        constexpr double kCpuBaselineNsE    =    48044.2;
    Transcribing a measured figure OVER a projection is always correct.
    RAISING one so a REQUIRE passes is forbidden (FR-095 / OQ-CPU-POLICY).
    A transcribed (a)/(b)/(c) baseline must still satisfy BOTH compile-time
    clauses; one that cannot is the stop-and-surface case, not a licence to
    weaken the clause.
  =============================================================================
  ====
    SC-004 (c) IS WITHIN BUDGET: 58262.6 ns of headroom (68.79 % of the FR-095
  ceiling).
  =============================================================================
  ====

-------------------------------------------------------------------------------
ResonanceDriftNetwork_StageCostProbe
-------------------------------------------------------------------------------
F:\projects\iterum\dsp\tests\unit\systems\resonance_drift_network_perf_test.cpp(706)
...............................................................................

F:\projects\iterum\dsp\tests\unit\systems\resonance_drift_network_perf_test.cpp(902): warning:
  
============================================================================
  =====
    ResonanceDriftNetwork T002 STAGE-COST PROBE - measured before the component
    exists (specs/vorago-phase3-resonance-drift, plan S10.2/S10.5, FR-060)
    48 kHz, 512-sample blocks, best-of-25 x 500 blocks after 400 warm-up
    RUN IN ISOLATION. A figure taken beside a build or another suite is not
    evidence.
  =============================================================================
  ====
    (a) ENGINE - both shapes, side by side
        (a1) 12 x single-resonator ResonatorBank             68509.6 ns/block
  0.6423 % of one core
        (a2) 1 x 12-resonator bank, raw                      18171.8 ns/block
  0.1704 % of one core
        (a2) 1 x 12-resonator bank, net of refill            18162.0 ns/block
  0.1703 % of one core
        (a2) is a LOWER BOUND on the Tier-1 engine: processIndividual would
  also
        write 12 floats per sample, which processBlock does not.
  -----------------------------------------------------------------------------
  ----
    (b) LANES - 48 BrownianDrift, processBlock(64), depth 1.0
        (b) 48 lanes, dec  1 (rate 1.0 Hz)                   11221.0 ns/block
  0.1052 % of one core
        (b) 48 lanes, dec  2 (rate 0.03 Hz, DEFAULT)          5763.2 ns/block
  0.0540 % of one core
        (b) 48 lanes, dec 17 (rate 0.002 Hz)                   685.6 ns/block
  0.0064 % of one core
        (b) 36 non-pan lanes, dec 2                           4343.0 ns/block
  0.0407 % of one core
        (b) 12 PAN lanes ISOLATED, dec  1                     3254.6 ns/block
  0.0305 % of one core
        (b) 12 PAN lanes ISOLATED, dec  2                     1334.8 ns/block
  0.0125 % of one core
        (b) 12 PAN lanes ISOLATED, dec 17                      182.6 ns/block
  0.0017 % of one core
  -----------------------------------------------------------------------------
  ----
    (c) CONTROL WRITES - 12 peaks, once per 64-sample chunk
        (c) no change detection                               2713.4 ns/block
  0.0254 % of one core
        (c) change detection, static (FR-034 off)              197.4 ns/block
  0.0019 % of one core
        (c) FR-015 OR-pair, freq+Q always together            1686.2 ns/block
  0.0158 % of one core
  -----------------------------------------------------------------------------
  ----
    (d) FR-044 per-sample tail (no banks)                    16368.6 ns/block
  0.1535 % of one core
  -----------------------------------------------------------------------------
  ----
    (e) FR-042 sleep edge: reset + re-apply + enable            57.8 ns/EDGE
        Amortised against a 20-90 s schedule (slow_event_scheduler.h:164-165)
  this
        is ~0 ns/block; it is reported, never added to the projection.
  -----------------------------------------------------------------------------
  ----
    shared 512-float refill (inside (a2) only)                   9.8 ns/block
  0.0001 % of one core
  =============================================================================
  ====
    GATE 1 - FR-013 Tier-1 trigger (spec.md:292-296). Stage (a1) ONLY.
  =============================================================================
  ====
    stage (a1) measured                                      68509.6 ns/block
  0.6423 % of one core
    FR-013 Tier-1 trigger (60 % of SC-004)                   48000.0 ns/block
  0.4500 % of one core
    *** VERDICT: (a1) EXCEEDS 48 000 ns -> FR-013 TIER 1 IS TAKEN.
    *** Groups C and D RUN, before the component is written:
    ***   T003 - failing tests for ResonatorBank::processIndividual
    ***          (+ resetResonatorState, OQ-1 option (i)),
    ***   T004 - the purely additive implementation, every existing method
    ***          byte-for-byte unchanged, behind the SC-013 consumer-suite
    ***          regression gate (membrum_tests, innexus_tests,
    ***          dsp_processors_tests, dsp_systems_tests, seraphis_tests
    ***          before AND after; any moved result is a regression to
    ***          surface, NEVER a golden to update).
    *** The projection below is re-computed on the (a2) net figure.
  =============================================================================
  ====
    GATE 2 - SC-004 budget, on the TOTAL (plan S10.4/S10.5)
  =============================================================================
  ====
    engine (a2 net, Tier 1 selected by gate 1)               18162.0 ns/block
  0.1703 % of one core
    + lanes (b), 48 @ decimation 2                            5763.2 ns/block
  0.0540 % of one core
    + control writes (c), FR-015 OR-pair                      1686.2 ns/block
  0.0158 % of one core
    + per-sample tail (d)                                    16368.6 ns/block
  0.1535 % of one core
    = SC-004 PROJECTION                                      41980.0 ns/block
  0.3936 % of one core
    SC-004 BUDGET (0.75 % of one core, per voice)            80000.0 ns/block
  0.7500 % of one core
    WITHIN BUDGET: 38020.0 ns of headroom (52.48 % of the SC-004 ceiling).
    Proceed. Note this projection EXCLUDES the sleep edge (amortised ~0) and
    any per-block harness overhead the component itself does not have.
  =============================================================================
  ====
    RECORD the full table above, BOTH gate verdicts and the chosen tier in the
    scratchpad log and, later, in compliance.md (T024).
  =============================================================================
  ====

-------------------------------------------------------------------------------
ResonanceDriftNetwork_CpuBudget
-------------------------------------------------------------------------------
F:\projects\iterum\dsp\tests\unit\systems\resonance_drift_network_perf_test.cpp(3189)
...............................................................................

F:\projects\iterum\dsp\tests\unit\systems\resonance_drift_network_perf_test.cpp(3314): warning:
  
============================================================================
  =====
    ResonanceDriftNetwork SC-004 CPU BUDGET   (48 kHz, 512-sample blocks)
    specs/vorago-phase3-resonance-drift, SC-004 / FR-060, tasks.md T020
    best-of-25 x 500 blocks after 400 warm-up, 200 settle blocks before each
    engine tier: FR-013 Tier 1 (one ResonatorBank, processIndividual)
  =============================================================================
  ====
  (a) reference: 12 peaks, Hybrid g=0.5, wander on           46264.4 ns/block
  0.4337 % of one core
          baseline    45771.0   gate (x1.5)    68656.5   within baseline
  (b) wander off: (a) + setWanderEnabled(false)              43849.8 ns/block
  0.4111 % of one core
          baseline    43562.4   gate (x1.5)    65343.6   within baseline
  (c) all dormant: (a) + every peak dormant                  19984.2 ns/block
  0.1874 % of one core
          baseline    20501.2   gate (x1.5)    30751.8   within baseline
  -----------------------------------------------------------------------------
  ----
  SC-004 BUDGET (0.75 % of one core)                         80000.0 ns/block
  0.7500 % of one core
    FR-015 change-detection saving, (a) - (b)           2414.6 ns/block   5.22
  % of (a)   [SC-004 (b) needs >= 10 %]
    FR-042 dormancy saving,        (a) - (c)          26280.2 ns/block   56.80
  % of (a)   [SC-004 (c) needs >= 40 %]
  -----------------------------------------------------------------------------
  ----
    audio preconditions, measured over 40 fully-scanned blocks per arm (both
  channels):
        (a) engine-active peaks 12 / 12   RMS -13.55 dBFS   finite yes
        (b) engine-active peaks 12 / 12   RMS -13.98 dBFS   finite yes
        (c) engine-active peaks 0 / 12   exactly 0.0f on both channels
  throughout: yes
  -----------------------------------------------------------------------------
  ----
    copy-pasteable baselines, MEASURED on this machine and this build:
        constexpr double kBaselineReferenceNs     =    46264.4;
        constexpr double kBaselineWanderOffNs     =    43849.8;
        constexpr double kBaselineAllDormantNs    =    19984.2;
    Transcribing a measured figure OVER a projection is always correct; take it
    from the LOWEST of several isolated runs, never from one sample. RAISING
  one
    so a REQUIRE passes is forbidden. A transcribed baseline must still satisfy
    BOTH compile-time clauses (x1.5 <= 80000.0 and >= 1600.0); one that cannot
  is the
    stop-and-surface case, not a licence to weaken a clause.
  =============================================================================
  ====
    SC-004 (a) IS WITHIN BUDGET: 33735.6 ns of headroom (57.83 % of the
  ceiling).
  =============================================================================
  ====

-------------------------------------------------------------------------------
FeedbackEcology_StageCostProbe
-------------------------------------------------------------------------------
F:\projects\iterum\dsp\tests\unit\systems\feedback_ecology_perf_test.cpp(865)
...............................................................................

F:\projects\iterum\dsp\tests\unit\systems\feedback_ecology_perf_test.cpp(1075): warning:
  
============================================================================
  =====
    FeedbackEcology T004 STAGE-COST PROBE - measured BEFORE the component
  exists
    (specs/vorago-phase5-feedback-ecology, plan S14.1, FR-080)
    48 kHz, 512-sample blocks, best-of-25 x 500 blocks after 400 warm-up
    RUN IN ISOLATION. A figure taken beside a build or another suite is not
    evidence. Record this whole table in the build transcript and in plan S14.1
    as the measured row set (tasks.md T005).
  =============================================================================
  ====
    THE LOOP CHAIN - six instances of each, in loop position
        (a) SVF::process x 6, smoothing on            [D-1]     34443.2 ns/
  block      0.3229 % of one core
        (b) MultimodeFilter::processSample x 6        [D-1]     64744.6 ns/
  block      0.6070 % of one core
        (c) CrossfadingDelayLine::process x 6, 520 ms          28474.4 ns/block
  0.2669 % of one core
        (d) Biquad::process x 6, direct RBJ          [OQ-1]      3470.0 ns/
  block      0.0325 % of one core
        (g) 6 x single-slot ResonatorBank            [OQ-1]     35701.0 ns/
  block      0.3347 % of one core
        (e) DCBlocker::process x 6                              3288.8 ns/block
  0.0308 % of one core
        (f) std::tanh x 6                      [OQ-2 lvr 1]      8751.4 ns/
  block      0.0820 % of one core
        (f) FastMath::fastTanh x 6             [OQ-2 lvr 1]      5724.6 ns/
  block      0.0537 % of one core
  -----------------------------------------------------------------------------
  ----
    THE GOVERNOR AND THE LANES
        (h) EnvelopeFollower RMS, 1 sample/sample               2402.6 ns/block
  0.0225 % of one core
        (i) 12 lanes, dec  1 (rate 1.0 Hz)                      3105.0 ns/block
  0.0291 % of one core
        (i) 12 lanes, dec  2 (rate 0.03 Hz, DEFAULT)            1468.4 ns/block
  0.0138 % of one core
        (i) 12 lanes, dec 17 (rate 0.002 Hz)                     203.0 ns/block
  0.0019 % of one core
  -----------------------------------------------------------------------------
  ----
    THE FIXED PER-SAMPLE OVERHEAD
        (j) 15 LinearRamp, SETTLED (early-out)                  3498.4 ns/block
  0.0328 % of one core
        (j) 15 LinearRamp, MOVING  (projected)                 12981.4 ns/block
  0.1217 % of one core
        (j) 16 LinearRamp, MOVING  (enumeration)               12380.2 ns/block
  0.1161 % of one core
        tasks.md T004 and plan S14.1 both SAY fifteen and both ENUMERATE
  sixteen
        (mix + wet trim + 6 input gains + 6 gates + governor + normGain). Both
  are
        measured; the projection uses the stated fifteen. T006 settles the
  count
        when it writes the header's member list.
  -----------------------------------------------------------------------------
  ----
    (0) harness floor: 512-iteration loop + sink, no DSP          22.2 ns/block
  0.0002 % of one core
        REPORTED, NOT SUBTRACTED. The eight-term projection carries this floor
        eight times over, so the projection OVER-estimates - the correct
  direction
        for a budget probe.
  =============================================================================
  ====
    D-1 - the loop filter: SVF (a) vs MultimodeFilter (b)
  =============================================================================
  ====
    VERDICT: (a) SVF is cheaper by 30301.4 ns/block (1.88x). FR-011 STANDS AS
  WRITTEN, now with the evidence,
    and the roadmap line-272 write-back (T002) is confirmed by measurement.
  =============================================================================
  ====
    OQ-1 realisation - the resonator: direct Biquad (d) vs ResonatorBank (g)
  =============================================================================
  ====
    VERDICT: (d) the direct Biquad is cheaper by 32231.0 ns/block (10.29x), as
  D-3 predicts. FR-013's plain-Biquad realisation STANDS, and it is
    the only one of the two that reaches kMaxResonatorQ = 100 without routing
    through BiquadCoefficients::calculate's kMaxQ = 30 clamp.
  =============================================================================
  ====
    OQ-2 LEVER 1 and the FR-080 PROJECTION (tasks.md T004)
  =============================================================================
  ====
    (a) SVF x 6                                                34443.2 ns/block
  0.3229 % of one core
    + (c) CrossfadingDelayLine x 6                             28474.4 ns/block
  0.2669 % of one core
    + (d) Biquad x 6                                            3470.0 ns/block
  0.0325 % of one core
    + (e) DCBlocker x 6                                         3288.8 ns/block
  0.0308 % of one core
    + (f) std::tanh x 6                                         8751.4 ns/block
  0.0820 % of one core
    + (h) EnvelopeFollower                                      2402.6 ns/block
  0.0225 % of one core
    + (i) 12 lanes @ decimation 2                               1468.4 ns/block
  0.0138 % of one core
    + (j) 15 LinearRamp, moving                                12981.4 ns/block
  0.1217 % of one core
    = FR-080 PROJECTION, std::tanh                             95280.2 ns/block
  0.8933 % of one core
    = FR-080 PROJECTION, lever 1 (fastTanh)                    92253.4 ns/block
  0.8649 % of one core
    GATED BASELINE (160 000 / 1.5)                            106666.7 ns/block
  1.0000 % of one core
    ABSOLUTE CEILING (1.5 %/voice)                            160000.0 ns/block
  1.5000 % of one core
    per-sample: 186.09 ns measured vs 208.33 ns budgeted (plan S14.3's 139 ns)
    lever 1 saving: 3026.8 ns/block
    WITHIN THE GATED BASELINE AS WRITTEN: 11386.5 ns of headroom (89.33 % of
  the line). std::tanh stays;
    OQ-2 lever 1 is NOT taken, and T020's fastTanh error-bound test is NOT
    written. Note this projection EXCLUDES the coupling matrix, the control
    step's own arithmetic and the output stage, and INCLUDES the harness floor
    eight times - it is first-order in both directions.
    *** NO AGENT MAY lower kMaxLoops, raise the budget, relax a threshold, or
    *** shrink a workload to make this fit. Reduce cost, never move the line
    *** (resonance_drift_network_perf_test.cpp:59-65, inherited verbatim).
  =============================================================================
  ====
    RECORD the full table, all three verdicts and the chosen levers in the
  build
    transcript, in plan S14.1, and later in compliance.md.
  =============================================================================
  ====

-------------------------------------------------------------------------------
FeedbackEcology_CpuBudget
-------------------------------------------------------------------------------
F:\projects\iterum\dsp\tests\unit\systems\feedback_ecology_perf_test.cpp(1818)
...............................................................................

F:\projects\iterum\dsp\tests\unit\systems\feedback_ecology_perf_test.cpp(2050): warning:
  
============================================================================
  =====
    FeedbackEcology SC-004 CPU BUDGET   (48 kHz, 512-sample blocks)
    specs/vorago-phase5-feedback-ecology, SC-004 / FR-080, tasks.md T020
    best-of-25 x 500 blocks after 400 warm-up, 200 settle blocks before each
    reference patch: 6 loops, default tables, wander on, mix 1, wetGain 0 dB,
    drive white noise at -12.0 dBFS RMS on both channels, seed 0x5EED
  =============================================================================
  ====
  (a) reference: 6 loops awake, wander on, mix 1              100119.8 ns/block
  0.9386 % of one core
          baseline    94106.4   gate (x1.5)   141159.6   within baseline
  (b) wander off: (a) + setWanderEnabled(false)                81623.0 ns/block
  0.7652 % of one core
          baseline    77370.6   gate (x1.5)   116055.9   within baseline
  (c) all dormant: (a) + every loop dormant                     8947.8 ns/block
  0.0839 % of one core
          baseline     9873.0   gate (x1.5)    14809.5   within baseline
  (d) numLoops = 1: the per-loop marginal cost                 19813.2 ns/block
  0.1857 % of one core
          reported only - SC-004 (d) sets the per-loop marginal cost
  -----------------------------------------------------------------------------
  ----
    SC-004 GATED LINE (160 000 / 1.5)                         106666.7 ns/block
  1.0000 % of one core
    SC-004 ABSOLUTE CEILING (1.5 %/voice)                     160000.0 ns/block
  1.5000 % of one core
    (b) wander-off delta,       (b) - (a)         -18496.8 ns/block   -18.47 %
  of (a)   [SC-004 (b) band: <= +2.00 %]
    (c) dormancy saving,        (a) - (c)          91172.0 ns/block   91.06 %
  of (a)   [SC-004 (c) needs >= 40.00 %]
    (d) marginal cost per loop, ((a)-(d))/5        16061.3 ns/block
  [reported]
  -----------------------------------------------------------------------------
  ----
    audio preconditions, measured over 40 fully-scanned blocks per arm (both
  channels):
        (a) engine-active loops 6 / 6   RMS -56.06 dBFS   finite yes   clamps 0
  non-finite resets 0
        (b) engine-active loops 6 / 6   RMS -55.96 dBFS   finite yes
        (c) engine-active loops 0 / 6   exactly 0.0f on both channels
  throughout: yes
        (d) engine-active loops 1 / 6   RMS -56.09 dBFS   finite yes
        the measured reference level is expected near -56.7 dBFS: this patch is
        quiet BY DESIGN (six Q ~ 100 resonators, 3.3-18.8 Hz of noise bandwidth
        out of 24 kHz), so the precondition below is an ANTI-SILENCE floor at -
  80.0 dBFS,
        not a level assertion.
  =============================================================================
  ====
    SC-004 (f) - THE TRANSITION BLOCKS, gated at each rate against (1) the
  steady
    block in the same state x 1.1 (the O(buffer) detector) and (2) the same
  ABSOLUTE
    per-block ceiling as 48 kHz (NOT against kBaseline). Best of 25 trials,
    each re-established from 2.0 s of settled render. This is FR-019's O(1)
  detector.
  =============================================================================
  ====
    48 kHz  (f1) simultaneous 5-loop sleep edge, setNumLoops(6->1)
        transition block                                       74200.0 ns/block
  0.6956 % of one core   within ceiling
        steady block, same rate and state                      92400.0 ns/block
  0.8663 % of one core
        transition OVERHEAD (transition - steady)       -18200.0 ns
        ceiling 160000.0 ns   trials found 25 / 25   edge at block +4   active
  6 -> 1   non-finite resets in the block [0, 0]   finite yes
    48 kHz  (f2) rung-5 trap fire, FR-048 probe on loop 2
        transition block                                       89800.0 ns/block
  0.8419 % of one core   within ceiling
        steady block, same rate and state                      93200.0 ns/block
  0.8738 % of one core
        transition OVERHEAD (transition - steady)        -3400.0 ns
        ceiling 160000.0 ns   trials found 25 / 25   edge at block +0   active
  6 -> 6   non-finite resets in the block [1, 1]   finite yes
    192 kHz  (f1) simultaneous 5-loop sleep edge, setNumLoops(6->1)
        transition block                                       62600.0 ns/block
  2.3475 % of one core   within ceiling
        steady block, same rate and state                      76300.0 ns/block
  2.8613 % of one core
        transition OVERHEAD (transition - steady)       -13700.0 ns
        ceiling 160000.0 ns   trials found 25 / 25   edge at block +18   active
  6 -> 1   non-finite resets in the block [0, 0]   finite yes
    192 kHz  (f2) rung-5 trap fire, FR-048 probe on loop 2
        transition block                                       74100.0 ns/block
  2.7788 % of one core   within ceiling
        steady block, same rate and state                      76000.0 ns/block
  2.8500 % of one core
        transition OVERHEAD (transition - steady)        -1900.0 ns
        ceiling 160000.0 ns   trials found 25 / 25   edge at block +0   active
  6 -> 6   non-finite resets in the block [1, 1]   finite yes
  =============================================================================
  ====
    copy-pasteable baselines, MEASURED on this machine and this build:
        constexpr double kBaselineReferenceNs     =   100119.8;
        constexpr double kBaselineWanderOffNs     =    81623.0;
        constexpr double kBaselineAllDormantNs    =     8947.8;
    Transcribing a measured figure OVER a projection is always correct; take it
    from the LOWEST of several isolated runs, never from one sample. RAISING
  one
    so a REQUIRE passes is forbidden. A transcribed baseline must still satisfy
    BOTH compile-time clauses (x1.5 <= 160000.0 and >= 3200.0); one that
    cannot is the stop-and-surface case, not a licence to weaken a clause.
  =============================================================================
  ====
    SC-004 (a) IS WITHIN THE GATED LINE: 6546.9 ns of headroom (93.86 % of the
  line, 62.57 % of the absolute ceiling).
    *** NO AGENT MAY lower kMaxLoops, raise a budget, relax a threshold, or
  shrink
    *** a workload to make this fit. Reduce cost, never move the line
    *** (resonance_drift_network_perf_test.cpp:59-65, inherited verbatim).
    RUN IT ALONE: node tools/run-cpu-tests.js dsp_systems_tests. A verdict that
    flips between runs is measuring the machine, not the code.
    RECORD the whole table in the build transcript and in plan S14.2.
  =============================================================================
  ====

-------------------------------------------------------------------------------
SubharmonicEngine_StageCostProbe
-------------------------------------------------------------------------------
F:\projects\iterum\dsp\tests\unit\systems\subharmonic_engine_perf_test.cpp(1152)
...............................................................................

F:\projects\iterum\dsp\tests\unit\systems\subharmonic_engine_perf_test.cpp(1279): warning:
  
============================================================================
  =====
    SubharmonicEngine T004 STAGE-COST PROBE - measured before the component
    exists (specs/vorago-phase6-subharmonic, plan S12.2/S12.4, FR-071 arms a-h)
    48 kHz, 512-sample blocks, best-of-25 x 500 blocks after 400 warm-up
    RUN IN ISOLATION. A figure taken beside a build or another suite is not
    evidence.
  =============================================================================
  ====
    THE GENERATORS
        (a) two PhaseAccumulators, advance() x2/sample           980.2 ns/block
  0.0092 % of one core
        (b) ONE SubOscillator, Sine (has 1 advance in it)       3539.2 ns/block
  0.0332 % of one core
        (c) ONE SubOscillator, Square (minBLEP, no sin)         1850.0 ns/block
  0.0173 % of one core
        (d) THREE tones + 3 LinearRamp + held breath           11601.6 ns/block
  0.1088 % of one core
        (c) - (b) is the honest price of D-6's waveform choice; (d) against
        3 x (b) is where a superlinear surprise would show.
  -----------------------------------------------------------------------------
  ----
    THE CHAIN, IN FR-040 ORDER
        (e) EnvelopeFollower RMS + S7.6 isFinite guard          2235.4 ns/block
  0.0210 % of one core
        (f) TwoPoleLP/sample + glide exp2+compare/64            1818.4 ns/block
  0.0170 % of one core
        (g) SaturationProcessor::processSample, Tape            2068.0 ns/block
  0.0194 % of one core
        (h) DCBlocker2::process at 18 Hz                        1547.0 ns/block
  0.0145 % of one core
  -----------------------------------------------------------------------------
  ----
    THE TAIL
        (r) 8 parked LinearRamp::process()/sample               1660.6 ns/block
  0.0156 % of one core
        Supplementary, not an FR-071 letter: T005's formula names this term and
        no lettered arm contains it.
  =============================================================================
  ====
    T005 PREDICTION: (a) + 3 x (b) + (e) + (f) + (g) + (h) + (r)
  =============================================================================
  ====
    predicted engine total at defaults                         20927.2 ns/block
  0.1962 % of one core
    SC-013 BUDGET (0.5 % of one core, per voice)               53333.0 ns/block
  0.5000 % of one core
    UNDER the ceiling by 32405.8 ns (39.24 % of the SC-013 line).
    T005 records the eight figures, this total and this margin, then Group D
    proceeds unchanged. NO LEVER IS TAKEN on a prediction that fits.
  -----------------------------------------------------------------------------
  ----
    HONESTY NOTES that must travel with T005's transcription:
     * OVER-counts: arm (b) contains one PhaseAccumulator::advance, so 3 x (b)
       charges three master advances on top of arm (a)'s two.
     * UNDER-counts: no BreathingModulator::processBlock(64), no three-virtual
       getCurrentValue refresh, no per-sample summing/multiplying tail, no
       dormancy branch, no FR-026 sleep-edge memset. Only the whole-engine arms
       (i)-(n) in T020 can settle SC-013.
     * Arm (r) is a FLOOR: every ramp is parked, LinearRamp::process() early-
  outs
       at smoother.h:371-373, and the compiler may hoist the load out of the
       inner loop. It is measured parked anyway because parked is the shape the
       component holds at steady state (plan S12.4).
     * The FR-041 default drive is +3.0 dB in / -3.0 dB out, and the follower
       reference is -18.0 dBFS; the body driving
       arms (e)-(h) is a 55.0 Hz sine at -12.0 dBFS.
  =============================================================================
  ====
    RECORD the full table above and the verdict in the scratchpad log and, at
    T005, in the phase's compliance notes.
  =============================================================================
  ====

-------------------------------------------------------------------------------
SubharmonicEngine_CpuBudget
-------------------------------------------------------------------------------
F:\projects\iterum\dsp\tests\unit\systems\subharmonic_engine_perf_test.cpp(1290)
...............................................................................

F:\projects\iterum\dsp\tests\unit\systems\subharmonic_engine_perf_test.cpp(1417): warning:
  
============================================================================
  =====
    SubharmonicEngine T020 CPU BUDGET - the whole-engine arms (i)-(n)
    specs/vorago-phase6-subharmonic: SC-013 (a)-(d), FR-076 / SC-018, plan S12.
  3
    48 kHz, 512-sample blocks, best-of-25 x 500 blocks after 400 warm-up
    RUN IN ISOLATION - nothing else executing, and not back-to-back. A figure
    taken beside a build, a lint or another suite is not evidence.
  =============================================================================
  ====
    THE GATED ARMS
        (i) whole engine, defaults, live body                  19161.0 ns/block
  0.1796 % of one core
        (j) whole engine, all three tones Square               14184.8 ns/block
  0.1330 % of one core
        (k) whole engine dormant (FR-025 skip)                  5857.2 ns/block
  0.0549 % of one core
        SC-013 BUDGET (0.5 % of one core, /voice)              53333.0 ns/block
  0.5000 % of one core
  -----------------------------------------------------------------------------
  ----
    SC-013 (c): the dormancy saving
        (i) - (k) = 13303.8 ns/block, i.e. 69.43 % cheaper
        required: at least 15.0 % - NOT NEGOTIABLE, and never lowered to fit a
  figure.
  -----------------------------------------------------------------------------
  ----
    THE REPORTED ARMS
        (n) f = 40 Hz, Div4 floored, 2 tones awake             19843.6 ns/block
  0.1860 % of one core
        (l) ONE instance at defaults                           19365.8 ns/block
  0.1816 % of one core
        (m) EIGHT instances at defaults                       158650.6 ns/block
  1.4873 % of one core
        (i) vs (l) - the same workload measured twice - differ by 1.06 %.
        That spread IS this run's noise floor: read every margin below against
        it before treating a difference as a property of the code.
  =============================================================================
  ====
    FR-076 / SC-018 - THE PLACEMENT TABLE (plan S12.3). T021 transcribes this
    and PRESENTS IT TO THE USER; the roadmap Open Question 4 ruling is theirs.
    Placement                       inst      cost/block    % core   % per
  voice
  -----------------------------------------------------------------------------
  ----
    global (post-voice-sum)            1       19365.8 ns     0.182 %     0.182
  %/voice
    per-voice, 4 voices                4       77463.2 ns     0.726 %     0.182
  %/voice
    per-voice, 6 voices                6      116194.8 ns     1.089 %     0.182
  %/voice
    per-voice, 8 voices (measured)     8      158650.6 ns     1.487 %     0.186
  %/voice
    per-voice, 8, 6 dormant            8       73874.8 ns     0.693 %     0.087
  %/voice
  -----------------------------------------------------------------------------
  ----
    Set the per-voice column against the roadmap's 4-5 % per-voice envelope
    (roadmap line 92) NET of what phases 2, 3 and 5 have already spent -
    1.75 % + 0.75 % + 1.5 % = 4.0 % - so the per-voice placement has about
    0.5-1.0 % of headroom left, and a 0.5 % component fits only at the top of
    that range. The global row is measured against the GLOBAL budget, not the
    per-voice line.
  =============================================================================
  ====
    CHECKED-IN BASELINES - copy these over the constants in this file's
    baseline block, taking the LOWEST of several isolated runs. Transcribing a
    MEASUREMENT over a PROJECTION is always correct; RAISING one so a gate
    passes is forbidden.
  -----------------------------------------------------------------------------
  ----
      constexpr double kBaselineDefaultsNs          = 19161.0;
      constexpr double kBaselineAllSquareNs         = 14184.8;
      constexpr double kBaselineDormantNs           = 5857.2;
      constexpr double kBaselineOneInstanceNs       = 19365.8;
      constexpr double kBaselineEightInstancesNs    = 158650.6;
  -----------------------------------------------------------------------------
  ----
    The currently checked-in values (PROJECTIONS until transcribed):
      constexpr double kBaselineDefaultsNs          = 19591.6;
      constexpr double kBaselineAllSquareNs         = 13312.6;
      constexpr double kBaselineDormantNs           = 6999.4;
      constexpr double kBaselineOneInstanceNs       = 19925.6;
      constexpr double kBaselineEightInstancesNs    = 163104.2;
    Regression readout (reported, NOT gated - see kRegressionFactor): measured
    against baseline x 1.5 gives (i) within, (j) within, (k) within, (l)
  within, (m) within.
  =============================================================================
  ====
    IF A GATE BELOW FAILS: REDUCE COST, NEVER MOVE THE LINE.
     * (a)/(b) over kBudgetNs -> plan S12.4's levers, IN ORDER. Lever 1
  replaces
       the SaturationProcessor stage with a direct Sigmoid::tanh and is A
       DEPARTURE FROM FR-041 that must be raised as a spec question, never
  taken
       silently. If (j) alone misses, the WAVEFORM OPTION is what is
       reconsidered - roadmap line 321's budget is unqualified.
     * (c) below 15 % -> stop and surface, and reconsider what FR-025 skips.
       DO NOT LOWER kDormancyMinSaving.
     * A verdict that flips between runs is measuring the machine. Confirm
       nothing else was running, let the machine idle, re-run this suite alone,
       and only then treat it as a defect.
  =============================================================================
  ====

-------------------------------------------------------------------------------
BloomEngine_CpuBudget
-------------------------------------------------------------------------------
F:\projects\iterum\dsp\tests\unit\systems\bloom_engine_perf_test.cpp(682)
...............................................................................

F:\projects\iterum\dsp\tests\unit\systems\bloom_engine_perf_test.cpp(789): warning:
  
============================================================================
  =====
    BloomEngine SC-011 CPU BUDGET (FR-072) - tasks.md T020
    48 kHz, 512-sample blocks, best-of-25 x 500 blocks after 400 warm-up
    Worst case: numChildSlots = 16 ALL LIVE, parentCount = 48, K = 8,
    childrenPerEvent = 4, spawn rate = 0.05 Hz (maximum).
    RUN IN ISOLATION. A figure taken beside a build or another suite is not
    evidence.
  =============================================================================
  ====
    WORST CASE  (8 x 64-sample processChunk calls)             395.0 ns/block
  0.0037 % of one core
    FR-072 BUDGET (0.1 % of one core)                        10667.0 ns/block
  0.1000 % of one core
    baseline x 1.5                                            3750.0 ns/block
  0.0352 % of one core
      worst case as a fraction of the budget: 3.70 %
  -----------------------------------------------------------------------------
  ----
    PLAN S12.2 LEVER 1 (1 x 512-sample call)                   230.6 ns/block
  0.0022 % of one core
        Output-identical by FR-006 / SC-008 (b). Saving against the worst case:
  41.6 %.
        This is the FIRST lever if a future change misses the ceiling, and it
  is
        CALLER-SIDE: Phase 10's voice chooses it, and it costs this component
        nothing. The second is a narrower capacity - parentCount. The DIRTY-
  FLAG
        SKIP IS UNAVAILABLE (plan S12.2, normative) and must not be
  implemented.
  =============================================================================
  ====
    BASELINE TRANSCRIPTION (copy-paste over the PROVISIONAL projection)
  =============================================================================
  ====
      constexpr double kBaselineWorstCaseNs = 395.0;
      A transcribed baseline must satisfy BOTH compile-time clauses: <= 7111.0
  (ceiling)
      and >= 100.0 (anti-no-op floor). One that cannot is the
      STOP-AND-SURFACE case, never a licence to weaken a clause.
      Take it from the LOWEST of several ISOLATED runs - this repo has measured
  a
      6.4 % run-to-run spread and ~14 % session drift on unchanged code.
    WITHIN BUDGET: 10272.0 ns of headroom (3.70 % of the ceiling).
    *** NO AGENT MAY lower kMaxChildren, raise kBudgetNs, raise a baseline to
    *** make a REQUIRE pass, relax a threshold, shrink a workload, or widen a
    *** tolerance. Reduce cost, never move the line
    *** (resonance_drift_network_perf_test.cpp:57-64, inherited verbatim).
  =============================================================================
  ====

-------------------------------------------------------------------------------
BloomEngine_StageCostProbe
-------------------------------------------------------------------------------
F:\projects\iterum\dsp\tests\unit\systems\bloom_engine_perf_test.cpp(813)
...............................................................................

F:\projects\iterum\dsp\tests\unit\systems\bloom_engine_perf_test.cpp(989): warning:
  
============================================================================
  =====
    BloomEngine FR-073 STAGE-COST PROBE - RE-POINTED AT THE REAL ENGINE (T020)
    (specs/vorago-phase7-harmonic-bloom, plan S12.2/S12.3)
    48 kHz, 512-sample blocks, best-of-25 x 500 blocks after 400 warm-up
    Every arm drives the REAL BloomEngine through processChunk(). The private
    stages cannot be called directly (advanceChildren/applyOutput/runEvent are
    private and the header is read-only in T020), so each arm is a
  CONFIGURATION
    minus the configuration one rung below it. Compare against T003's STAND-IN
    table in the compliance notes - same basis, same trial shape.
    RUN IN ISOLATION. A figure taken beside a build or another suite is not
    evidence.
  =============================================================================
  ====
    RAW CONFIGURATION FIGURES (what the clock actually saw)
  -----------------------------------------------------------------------------
  ----
    disengaged, numChildSlots = 0                               79.6 ns/block
  0.0007 % of one core
    engaged, table EMPTY, clock off                            164.2 ns/block
  0.0015 % of one core
    engaged, 16 children LIVE, clock off                       405.0 ns/block
  0.0038 % of one core
    engaged, 16 LIVE, one event per call                      2766.8 ns/block
  0.0259 % of one core
  =============================================================================
  ====
    THE FOUR ARMS
  =============================================================================
  ====
    (a) child bookkeeping + live-child writes                  240.8 ns/block
  0.0023 % of one core
        = (16 live) - (table empty). advanceChildren() over 16 children in
        Phase::FadeIn - one double division plus one smoothstep each, 16 x 8
  per
        block - PLUS applyOutput()'s live-child loop (2 stores + flushDenormal
  per
        child per call). Those two cannot be separated through the public
  surface.
  -----------------------------------------------------------------------------
  ----
    (b) owned-slot write phase                                  84.6 ns/block
  0.0008 % of one core
        = (engaged, empty) - (disengaged). *** PLAN S12.2 PREDICTS THIS ARM
        DOMINATES. *** 32 stores per call x 8 calls = 256 stores/block.
        FINDING, recorded rather than silently resolved: plan S12.3 prices this
  at
        (capacity - parentCount) + 2*numChildSlots = (64-48) + 2*16 = 48 stores
  per
        call. IN THE SC-011 WORST CASE THAT DOUBLE-COUNTS: parentCount (48) IS
        reserveBase(), so the FR-051 gap loop [pc, base) is EMPTY and the
  region
        [48, 64) is written exactly once, by the owned-region loop - 2 floats
  per
        slot, 32 stores per call. Plan S3.4's 1 152-store/block ceiling needs a
        SHORTER parentCount, which is plan S12.2's lever 2 in reverse.
  -----------------------------------------------------------------------------
  ----
    (c) one full spawn event, RAW                              295.2 ns/EVENT
    (c) amortised / 1875 blocks  (plan S12.2)                    0.2 ns/block
  0.0000 % of one core
    (c) amortised / 15000 blocks (tasks.md T003)                 0.0 ns/block
  0.0000 % of one core
        = ((one event per call) - (16 live, no events)) / 8 calls per block.
        THE EVENT SHAPE THE SC-011 CONFIGURATION ACTUALLY RUNS: the strongest-K
        scan over 48 parents, the 48-entry occupied set (one std::log2 each)
        plus one per live child, then 4 slot-exhausted refusals - with all 16
        owned slots live, peekSlot() fails BEFORE any draw (FR-025), so the
        candidate-draw path is NOT in this figure. It cannot be: a steady state
        with free slots is a steady state whose child count is not 16.
        Max rate 0.05 Hz => p = rate * 64 / 48000 => a mean interval of
        15000 CONTROL STEPS = 1875 blocks. plan S12.2 says 15 000 control
        steps; tasks.md T003's arm table says 15 000 BLOCKS (8x more generous).
        BOTH are printed; the CONSERVATIVE one enters the sum.
  -----------------------------------------------------------------------------
  ----
    (d) disengaged clock                                        79.6 ns/block
  0.0007 % of one core
        The floor a caller pays for having the component in the chain at all:
        the unconditional clock draw and depth-ramp step of plan S3.3 (1)-(2),
  the
        all-Idle advanceChildren() walk, and applyOutput()'s !engaged_ early
        return. NOTE vs T003's stand-in (d): the real depth ramp is SETTLED
  here
        (prepare() snaps it, SC-014 (a)), so LinearRamp::process() takes its
        early-out; T003 deliberately held a stand-in ramp in flight.
  =============================================================================
  ====
    ORDERING CHECK - plan S12.2 predicts (b) >> (a) >> (d) >> amortised (c)
  =============================================================================
  ====
      (b) > (a)                : NO
      (a) > (d)                : yes
      (d) > amortised (c)      : yes
      *** THE PREDICTED ORDERING DOES NOT HOLD. This is INFORMATION, not a
      *** failure: it says the cost is somewhere plan S12.2 did not expect,
      *** and the caller-side levers named there may not be the right ones.
      *** RECORD IT and re-read plan S12.3 before choosing a lever.
  =============================================================================
  ====
    CROSS-CHECK against the FR-072 ceiling
  =============================================================================
  ====
    = FR-073 SUM (a)+(b)+amortised(c)+(d)                      405.2 ns/block
  0.0038 % of one core
    engaged, 16 live (the same thing, measured)                405.0 ns/block
  0.0038 % of one core
    FR-072 BUDGET (0.1 % of one core)                        10667.0 ns/block
  0.1000 % of one core
      The sum telescopes back to the raw 16-live figure by construction; a
  large
      divergence between those two lines means measurement noise is the same
  size
      as an arm, and the table should be re-taken on an idle machine.
      sum as a fraction of the budget: 3.80 %
    *** NO AGENT MAY lower kMaxChildren, raise kBudgetNs, relax a threshold,
    *** shrink a workload, or widen a tolerance to make a figure fit. Reduce
    *** cost, never move the line (resonance_drift_network_perf_test.cpp:57-64,
    *** inherited verbatim).
  =============================================================================
  ====
    RECORD the four arm figures and the sum in compliance.md, beside T003's
    stand-in table. The two are directly comparable: same basis, same trial
  shape.
  =============================================================================
  ====

-------------------------------------------------------------------------------
EcosystemEngine_CpuBudget
-------------------------------------------------------------------------------
F:\projects\iterum\dsp\tests\unit\systems\ecosystem_engine_perf_test.cpp(482)
...............................................................................

F:\projects\iterum\dsp\tests\unit\systems\ecosystem_engine_perf_test.cpp(559): warning:
  
============================================================================
  =====
    EcosystemEngine SC-011 CPU BUDGET   (48 kHz, 512-sample blocks)
    specs/vorago-phase8-ecosystem, SC-011 / FR-085, tasks.md T015
    best-of-25 x 500 blocks after 400 warm-up blocks
    worst-case rule configuration: agents 48, cells 96, kernelSigma 0.35,
  syncRate 0.50, leakExponent 2.50
    (every other knob at its Appendix-A default)
  =============================================================================
  ====
    (a) worst case, stepIntervalChunks = 8 (floor)      24074.0 ns/block     0.
  226 % core
          pairs 1128   live cells 96 / 96   steps/8 blocks 8 (expected 8)
  finite yes   any output > 0 yes
    (b) worst case, stepIntervalChunks = 64            3916.6 ns/block     0.
  037 % core
          pairs 1128   live cells 27 / 96   steps/8 blocks 1 (expected 1)
  finite yes   any output > 0 yes
  -----------------------------------------------------------------------------
  ----
    FR-085 CEILING (0.5 % of one core)                53333.0 ns/block     0.
  500 % core
    (a) / (b) step-rate scaling                           6.15x         [1
  step/block vs 1 per 8 blocks; <= 8x expected]
    measured 2026-09-16 before any ruling (plan S12.2):  (a) 55 275   (at 1)
  404 614 ns
    measured after E-1/E-2/E-3, floor 4 (2nd ruling):   (a) 27 224   (at 4)  60
  176 ns
  =============================================================================
  ====
    SC-011 (a) IS WITHIN BUDGET: 29259.0 ns of headroom (45.14 % of the
  ceiling).
    SC-011 (b) IS WITHIN BUDGET: 49416.4 ns of headroom (7.34 % of the ceiling)
  .

-------------------------------------------------------------------------------
EcosystemEngine_StageCostProbe
-------------------------------------------------------------------------------
F:\projects\iterum\dsp\tests\unit\systems\ecosystem_engine_perf_test.cpp(609)
...............................................................................

F:\projects\iterum\dsp\tests\unit\systems\ecosystem_engine_perf_test.cpp(718): warning:
  
============================================================================
  =====
    EcosystemEngine STAGE COST PROBE   (48 kHz, 512-sample blocks)   NOT A GATE
    specs/vorago-phase8-ecosystem, SC-011's non-gating table / FR-072, tasks.md
  T015
    best-of-25 x 500 blocks after 400 warm-up blocks
  =============================================================================
  ====
    THE LADDER (each rung changes exactly one axis from the one above it)
    F0  1 agent, 1 cell, sigma 0.01 (floor)              38.2 ns/block     0.
  000 % core
          pairs 0   live cells 1 / 1   steps/8 blocks 8 (expected 8)   finite
  yes   any output > 0 yes
    F   48 agents, 1 cell, sigma 0.01                  3549.2 ns/block     0.
  033 % core
          pairs 8   live cells 1 / 1   steps/8 blocks 8 (expected 8)   finite
  yes   any output > 0 yes
    T1  F + sigma 0.35 (pair kernel survives)         11487.2 ns/block     0.
  108 % core
          pairs 1128   live cells 1 / 1   steps/8 blocks 8 (expected 8)
  finite yes   any output > 0 yes
    T2  T1 + 96 cells (grazing loop)                  22139.6 ns/block     0.
  208 % core
          pairs 1128   live cells 96 / 96   steps/8 blocks 8 (expected 8)
  finite yes   any output > 0 yes
    T3  T2 + syncRate 0.5 (Kuramoto sin)              24270.4 ns/block     0.
  228 % core
          pairs 1128   live cells 96 / 96   steps/8 blocks 8 (expected 8)
  finite yes   any output > 0 yes
    W8  T3 + leakExponent 2.5  == SC-011 (a)          24516.2 ns/block     0.
  230 % core
          pairs 1128   live cells 96 / 96   steps/8 blocks 8 (expected 8)
  finite yes   any output > 0 yes
    W64 W8 at stepIntervalChunks = 64                  4479.6 ns/block     0.
  042 % core
          pairs 1128   live cells 27 / 96   steps/8 blocks 1 (expected 1)
  finite yes   any output > 0 yes
    D   Appendix-A defaults                            5792.4 ns/block     0.
  054 % core
          pairs 32   live cells 64 / 64   steps/8 blocks 8 (expected 8)
  finite yes   any output > 0 yes
    Z   W8 with EVERY agent dormant                   25197.2 ns/block     0.
  236 % core
          pairs 1128   live cells 96 / 96   steps/8 blocks 8 (expected 8)
  finite yes   any output > 0 no
  -----------------------------------------------------------------------------
  ----
    STAGE ATTRIBUTION, BY DIFFERENCING THE LADDER
    pair kernel work, 1 128 pairs (T1 - F)             7938.0 ns/block    69.10
  % of its rung
          + 48 cell visits at C = 1 (each seeding an E-1 run: 2 exps)
    grazing loop, 95 of 96 cells (T2 - T1)            10652.4 ns/block    48.11
  % of its rung
          extrapolated to all 96 cells: 10764.5 ns/block
          (4 608 visits: ~192 exps by lever E-1's recurrence, was 4 608)
    Kuramoto term, 1 128 pairs (T3 - T2)               2130.8 ns/block     8.78
  % of its rung
          (96 sin/cos by lever E-2's table, was 1 128 sin)
    nonlinear leak, 48 pow (W8 - T3)                    245.8 ns/block     1.00
  % of its rung
    traversal + per-agent tail (F itself)              3549.2 ns/block
          stages 4 and 8-13 for 48 agents, PLUS 1 128 pairs and 48 cell visits
          rejected by the exp-free pre-test. NOT splittable through the public
          API: moveRate 0 still pays the sqrt, freqDrift 0 still draws (A-8),
          and publish() is unconditional. F0 (38.2 ns/block) is the same tail
  for ONE agent.
  -----------------------------------------------------------------------------
  ----
    STEP-RATE SCALING (FR-082's range [8, 64], at the worst case)
    W8 / W64 5.47x   [1 step/block vs 1 per 8 blocks; ~8x expected]
    defaults D as a fraction of W8: 23.63 %
  -----------------------------------------------------------------------------
  ----
    FR-072's PREDICTION: all-dormant is NOT cheaper (dormancy gates the OUTPUT,
    not the simulation - ecosystem_engine.h:737-752).
    Z - W8 = 681.0 ns/block (2.78 % of W8).  A saving materially larger than
  run-to-run noise would mean the
    prediction is WRONG and FR-072's rationale needs re-reading - a finding to
    surface, not a number to absorb.
  -----------------------------------------------------------------------------
  ----
    FR-085 CEILING (0.5 % of one core)                53333.0 ns/block     0.
  500 % core
    This case asserts NOTHING about any of the figures above beyond finiteness
    and positivity. The gate is EcosystemEngine_CpuBudget; the response to a
    miss is plan S12.3's ladder, taken IN ORDER (L1-L3 and E-1/E-2 are in),
    with L4/L5 and any further L6 narrowing going to the USER.
    NO AGENT MAY relax a threshold or shrink a workload from this table.
  =============================================================================
  ====

-------------------------------------------------------------------------------
VoragoEngine_CpuSurvey
-------------------------------------------------------------------------------
F:\projects\iterum\dsp\tests\unit\systems\vorago_perf_test.cpp(812)
...............................................................................

F:\projects\iterum\dsp\tests\unit\systems\vorago_perf_test.cpp(873): warning:
  SC-001a - VoragoEngine polyphony survey, ns per 512-sample block @ 48 kHz
    block budget         : 1.06667e+07 ns
    reference (30 %)     : 3.2e+06 ns/block   (roadmap line 470, GLOBAL)
    regression-gated line: 2.13333e+06 ns/block   (reference / 1.5)
    kMaxVoices (compiled): 6   - a COMPILE-TIME constant, so its cost is
  evaluated arithmetically below
    V (voice, standalone): 475201 ns/block
    L (advanceLifeOnly)  : 9449.4 ns/block   (B-6's spare-slot term)
    Cavern (arithmetic)  : 124497 ns/block   (measured, phase9 compliance.md:
  123; checked-in baseline 129150)

F:\projects\iterum\dsp\tests\unit\systems\vorago_perf_test.cpp(895): warning:
  SC-001a  polyphony 1  (kMaxVoices = 6)
      engine measured    : 773208 ns/block  (7.24882 % of one core)
      + Cavern           : 897705 ns/block  (8.41598 % of one core)
      vs reference       : 28.0533 % of 3.2e+06
      vs gated line      : 42.0799 % of 2.13333e+06
      split  N*V         : 475201
      split  spare*L     : 47247  (5 spare slots)
      G derived          : 250760  (measured - N*V - spare*L; a LOWER bound,
  see the case banner)

F:\projects\iterum\dsp\tests\unit\systems\vorago_perf_test.cpp(895): warning:
  SC-001a  polyphony 2  (kMaxVoices = 6)
      engine measured    : 1.31811e+06 ns/block  (12.3573 % of one core)
      + Cavern           : 1.44261e+06 ns/block  (13.5245 % of one core)
      vs reference       : 45.0816 % of 3.2e+06
      vs gated line      : 67.6224 % of 2.13333e+06
      split  N*V         : 950402
      split  spare*L     : 37797.6  (4 spare slots)
      G derived          : 329913  (measured - N*V - spare*L; a LOWER bound,
  see the case banner)

F:\projects\iterum\dsp\tests\unit\systems\vorago_perf_test.cpp(895): warning:
  SC-001a  polyphony 4  (kMaxVoices = 6)
      engine measured    : 2.19784e+06 ns/block  (20.6047 % of one core)
      + Cavern           : 2.32234e+06 ns/block  (21.7719 % of one core)
      vs reference       : 72.573 % of 3.2e+06
      vs gated line      : 108.86 % of 2.13333e+06
      split  N*V         : 1.9008e+06
      split  spare*L     : 18898.8  (2 spare slots)
      G derived          : 278136  (measured - N*V - spare*L; a LOWER bound,
  see the case banner)

F:\projects\iterum\dsp\tests\unit\systems\vorago_perf_test.cpp(895): warning:
  SC-001a  polyphony 6  (kMaxVoices = 6)
      engine measured    : 3.38713e+06 ns/block  (31.7543 % of one core)
      + Cavern           : 3.51163e+06 ns/block  (32.9215 % of one core)
      vs reference       : 109.738 % of 3.2e+06
      vs gated line      : 164.608 % of 2.13333e+06
      split  N*V         : 2.85121e+06
      split  spare*L     : 0  (0 spare slots)
      G derived          : 535923  (measured - N*V - spare*L; a LOWER bound,
  see the case banner)

F:\projects\iterum\dsp\tests\unit\systems\vorago_perf_test.cpp(937): warning:
  SC-001a / FR-081 ladder  -  kMaxVoices = 4   (solve: N*V + (kMaxVoices - N)*L
  + G + Cavern <= budget)
      using V = 475201, L = 9449.4, G = 329913 (median of the five estimates),
  Cavern = 124497
        N = 1  bare 957960 ns (29.9362 % of ref, 44.9044 % of gated)   x1.15 1.
  02924e+06 ns (32.1637 % of ref, 48.2456 % of gated)
        N = 2  bare 1.42371e+06 ns (44.491 % of ref, 66.7365 % of gated)   x1.
  15 1.56627e+06 ns (48.946 % of ref, 73.419 % of gated)
        N = 4  bare 2.35522e+06 ns (73.6005 % of ref, 110.401 % of gated)   x1.
  15 2.64034e+06 ns (82.5105 % of ref, 123.766 % of gated)
        N_ref  bare = 4 / x1.15 = 4
        N_gate bare = 3 / x1.15 = 3
        (0 means not even one voice fits that budget at this ceiling)

F:\projects\iterum\dsp\tests\unit\systems\vorago_perf_test.cpp(937): warning:
  SC-001a / FR-081 ladder  -  kMaxVoices = 6   (solve: N*V + (kMaxVoices - N)*L
  + G + Cavern <= budget)
      using V = 475201, L = 9449.4, G = 329913 (median of the five estimates),
  Cavern = 124497
        N = 1  bare 976859 ns (30.5268 % of ref, 45.7902 % of gated)   x1.15 1.
  04814e+06 ns (32.7543 % of ref, 49.1315 % of gated)
        N = 2  bare 1.44261e+06 ns (45.0816 % of ref, 67.6224 % of gated)   x1.
  15 1.58517e+06 ns (49.5366 % of ref, 74.3049 % of gated)
        N = 4  bare 2.37411e+06 ns (74.1911 % of ref, 111.287 % of gated)   x1.
  15 2.65923e+06 ns (83.1011 % of ref, 124.652 % of gated)
        N = 6  bare 3.30562e+06 ns (103.301 % of ref, 154.951 % of gated)   x1.
  15 3.7333e+06 ns (116.666 % of ref, 174.998 % of gated)
        N_ref  bare = 5 / x1.15 = 5
        N_gate bare = 3 / x1.15 = 3
        (0 means not even one voice fits that budget at this ceiling)

F:\projects\iterum\dsp\tests\unit\systems\vorago_perf_test.cpp(937): warning:
  SC-001a / FR-081 ladder  -  kMaxVoices = 8   (solve: N*V + (kMaxVoices - N)*L
  + G + Cavern <= budget)
      using V = 475201, L = 9449.4, G = 329913 (median of the five estimates),
  Cavern = 124497
        N = 1  bare 995757 ns (31.1174 % of ref, 46.6761 % of gated)   x1.15 1.
  06704e+06 ns (33.3449 % of ref, 50.0174 % of gated)
        N = 2  bare 1.46151e+06 ns (45.6722 % of ref, 68.5082 % of gated)   x1.
  15 1.60407e+06 ns (50.1272 % of ref, 75.1908 % of gated)
        N = 4  bare 2.39301e+06 ns (74.7817 % of ref, 112.172 % of gated)   x1.
  15 2.67813e+06 ns (83.6917 % of ref, 125.538 % of gated)
        N = 6  bare 3.32452e+06 ns (103.891 % of ref, 155.837 % of gated)   x1.
  15 3.7522e+06 ns (117.256 % of ref, 175.884 % of gated)
        N_ref  bare = 5 / x1.15 = 4
        N_gate bare = 3 / x1.15 = 2
        (0 means not even one voice fits that budget at this ceiling)

-------------------------------------------------------------------------------
VoragoEngine_CpuBudget
-------------------------------------------------------------------------------
F:\projects\iterum\dsp\tests\unit\systems\vorago_perf_test.cpp(971)
...............................................................................

F:\projects\iterum\dsp\tests\unit\systems\vorago_perf_test.cpp(1006): warning:
  SC-001b - VoragoEngine CPU gate, ns per 512-sample block @ 48 kHz
    configuration        : polyphony 4 of kMaxVoices 6, FR-090 defaults, macros
  neutral, no voicing levers (Q-H)
    engine measured      : 2.45563e+06 ns/block  (23.0215 % of one core)
    + Cavern (arithmetic): 2.58012e+06 ns/block  (24.1887 % of one core)
    clause (i)  ceiling  : 2.58012e+06 <= 3.2e+06  (80.6289 % of the reference)
    clause (ii) baseline : 2.45563e+06 <= 4.04172e+06  (baseline 2.69448e+06 x
  1.5; 91.1355 % of the baseline)
    headroom available   : 1.14141x of the baseline before clause (i) trips
  (the ceiling binds first; kMaxAdmissibleNs 2.13333e+06 is not met by ruling)

-------------------------------------------------------------------------------
VoragoVoice_StageCostProbe
-------------------------------------------------------------------------------
F:\projects\iterum\dsp\tests\unit\systems\vorago_perf_test.cpp(1033)
...............................................................................

F:\projects\iterum\dsp\tests\unit\systems\vorago_perf_test.cpp(1377): warning:
  SC-002 - Vorago per-stage breakdown, ns per 512-sample block @ 48 kHz
    measured whole (VoragoVoice): 507933 ns/block
    VOICE COLUMN (rows marked [sum] are the terms SC-003 adds up)
      [sum] cloud : 67455 ns  (13.2803 % of the measured whole)
      [sum] noise + decorrelation : 131295 ns  (25.8489 % of the measured
  whole)
      [sum] resonance : 54114.5 ns  (10.6539 % of the measured whole)
      [sum] ecology : 98641.5 ns  (19.4202 % of the measured whole)
      [sum] bloom (step 2) : 256 ns  (0.0504003 % of the measured whole)
      [----] ecosystem (inside L, NOT summed) : 6264.5 ns  (1.23333 % of the
  measured whole)
      [sum] body A (StoneChamber) : 31478 ns  (6.19727 % of the measured whole)
      [sum] body B (SteelTank) : 27757.5 ns  (5.4648 % of the measured whole)
      [sum] envelope + blend : 2338.5 ns  (0.460395 % of the measured whole)
      [sum] L = advanceLifeOnly (step 1 in full) : 11357.5 ns  (2.23602 % of
  the measured whole)
      sum of [sum] rows : 424694 ns  (83.6121 % of the measured whole)
    ENGINE COLUMN (G's stages; each is paid ONCE, not N times)
      voice sum (V, per sounding slot) : 466755 ns
      atmosphere (A-6: ENGINE column, ACTIVE ghost) : 34882 ns
      subharmonic : 21213.5 ns
      smear : 18356.5 ns
      output stage (2x saturator + limiter) : 117286 ns
      engine column sum : 658493 ns
    NOTE: the atmosphere row is the ACTIVE ghost (setLevel = kGhostBurstPeak),
  the worst case. VoragoEngine_CpuSurvey's measured totals see it mostly idle,
  because a ghost is an event on a 20-90 s scheduler.
    NOTE: there is NO closure bound here (spec SC-002). Composition is gated
  once, by SC-003, at 1.15.

-------------------------------------------------------------------------------
VoragoVoice_CompositionOverhead
-------------------------------------------------------------------------------
F:\projects\iterum\dsp\tests\unit\systems\vorago_perf_test.cpp(1424)
...............................................................................

F:\projects\iterum\dsp\tests\unit\systems\vorago_perf_test.cpp(1632): warning:
  SC-003 - VoragoVoice composition overhead, ns per 512-sample block @ 48 kHz
      cloud                 : 61609.6
      noise + decorrelation : 128958
      resonance             : 56324.4
      ecology               : 101166
      bloom (step 2)        : 260.2
      body A                : 28656
      body B                : 28359.8
      envelope + blend      : 2459.4
      L (step 1 in full)    : 9119.6
      ------------------------------------------
      sum of standalone     : 416912   (nine independent minima; printed, not
  gated)
      ratio whole / sum     : 1.21393   (printed, not gated - biased low, see
  comment)
      parts back-to-back    : 469260   (one timed block, same statistic as the
  whole)
      measured VoragoVoice  : 506103
      ratio whole / parts   : 1.07851   (bound 1.15, THE GATE)
      bound in ns           : 539649   - if this is exceeded, fix the
  COMPOSITION, never the 1.15 (FR-082)

-------------------------------------------------------------------------------
VoragoVoice_ClearingPathCost
-------------------------------------------------------------------------------
F:\projects\iterum\dsp\tests\unit\systems\vorago_perf_test.cpp(1669)
...............................................................................

F:\projects\iterum\dsp\tests\unit\systems\vorago_perf_test.cpp(1747): warning:
  B-7 clearing-path cost @ 48000 Hz, ns per call
      reset()            : 32124   (CONTROL THREAD ONLY - reaches
  FeedbackEcology::reset()'s O(buffer) wipe)
      resetForRecovery() : 22012   (RT-safe; x1.45939 cheaper than reset())
      resetForSteal()    : 19375   (RT-safe; x1.65801 cheaper)
      silence()          : 19384   (RT-safe; x1.65724 cheaper)
      silence() + resetForSteal() = ONE STEAL : 44088 ns
      one 64-sample control chunk             : 1.33333e+06 ns  (3.3066 % of
  it)  <- kResetsPerControlChunk (= 1) is sized against this

F:\projects\iterum\dsp\tests\unit\systems\vorago_perf_test.cpp(1748): warning:
  B-7 clearing-path cost @ 192000 Hz, ns per call
      reset()            : 148499   (CONTROL THREAD ONLY - reaches
  FeedbackEcology::reset()'s O(buffer) wipe)
      resetForRecovery() : 86345   (RT-safe; x1.71983 cheaper than reset())
      resetForSteal()    : 86093   (RT-safe; x1.72487 cheaper)
      silence()          : 85643   (RT-safe; x1.73393 cheaper)
      silence() + resetForSteal() = ONE STEAL : 182825 ns
      one 64-sample control chunk             : 333333 ns  (54.8475 % of it)
  <- kResetsPerControlChunk (= 1) is sized against this

-------------------------------------------------------------------------------
AtmosphereGhost_CpuDelta
-------------------------------------------------------------------------------
F:\projects\iterum\dsp\tests\unit\systems\atmosphere_ghost_perf_test.cpp(404)
...............................................................................

F:\projects\iterum\dsp\tests\unit\systems\atmosphere_ghost_perf_test.cpp(539): warning:
  SC-009 - AtmosphereEngine ghost CPU delta, ns per 512-sample block @ 48 kHz
    SHAPE (pinned to the STAGE PROBE, vorago_perf_test.cpp:302-304, :1266-1279)
  : 300 warm-up blocks, best-of-12 x 200 blocks, each block driven as 8 x 64-
  sample processStereoBlock calls. 2700 blocks per arm = 28.8 s of audio.
    REFERENCE (artifact log, WARN-only - perf.log:68): 28285.5 ns/block
  
  ARM 1 inert (probability 0, no triggers)
      measured        : 36326.5 ns/block
      ratio vs arm 1  : 1x
      absolute bound  : 31114 ns/block (WARN ONLY, never a REQUIRE - Q6) :
  ABOVE
      grains born     : 8  (of which triggered: 0)
      triggers dropped: 0   births skipped, pool full: 0   active at end: 3
    ARM 2 reverse engaged (probability 1.0, no triggers)
      measured        : 28330.5 ns/block
      ratio vs arm 1  : 0.779885x
      absolute bound  : 31114 ns/block (WARN ONLY, never a REQUIRE - Q6) :
  within
      grains born     : 6  (of which triggered: 0)
      triggers dropped: 0   births skipped, pool full: 0   active at end: 3
    ARM 3 triggers, realistic (one per 8.33 s)
      measured        : 35180.5 ns/block
      ratio vs arm 1  : 0.968453x
      absolute bound  : 42428 ns/block (WARN ONLY, never a REQUIRE - Q6) :
  within
      grains born     : 11  (of which triggered: 3)
      triggers dropped: 0   births skipped, pool full: 0   active at end: 4
    ARM 4 triggers, stress (one per 0.833 s)
      measured        : 55515 ns/block
      ratio vs arm 1  : 1.52822x
      absolute bound  : 70714 ns/block (WARN ONLY, never a REQUIRE - Q6) :
  within
      grains born     : 42  (of which triggered: 34)
      triggers dropped: 0   births skipped, pool full: 0   active at end: 17
    ARM 5 saturated drain (kMinGrainSeconds, queue at the FR-019 cap)
      measured        : 299692 ns/block
      ratio vs arm 1  : 8.24994x
      absolute bound  : none - arm 5's recorded figure IS the measurement (and
  'triggers dropped' is 0 BY ARITHMETIC: the cap is reached, never exceeded)
      grains born     : 36689  (of which triggered: 36689)
      triggers dropped: 0   births skipped, pool full: 1331661   active at end:
  64
  
  IN-RUN GATES (the ONLY REQUIREs - Q6). Arm 1 carries NO REQUIRE: it IS the
  reference.
      arm2 <= arm1 x 1.1   -> 28330.5 vs 39959.2
      arm3 <= arm1 x 1.5   -> 35180.5 vs 54489.8
      arm4 <= arm1 x 2.5   -> 55515 vs 90816.2
      arm5 <= arm1 x 11.239  -> 299692 vs 408274
      kSaturatedDrainFactor IS TRANSCRIBED AND FROZEN (11.239), measured 2026-
  09-24 pinned and alone.
        this run's own quotient, recomputed so a drift is visible: 8.869   ( =
  ceil(arm5/arm1 x 1.075 x 1000) / 1000 )
        The frozen bar is NOT re-derived from that figure. Widening it to make
  a later run pass is forbidden; a measurement above it is a FINDING.
  
  CLAUSE 5 - COMPUTED AND PRINTED, NEVER REQUIREd (Q6). DOMINATED.
      ceil((kEngineMeasuredNsAtPoly4 + delta) x 1.05) +
  kCavernMeasuredNsPerBlock <= kReferenceNs
      ceil((2.56617e+06 + delta) x 1.05) + 124497 <= 3.2e+06   <=>   delta <=
  362880 ns/block
      (checked-in baseline, read and NOT edited: kEngineBaselineNsAtPoly4 = 2.
  69448e+06 = ceil(2.56617e+06 x 1.05))
      delta(arm3 - arm1) = -1146  ->  lhs = 2.81777e+06  <= 3.2e+06 ? yes
      delta(arm4 - arm1) = 19188.5  ->  lhs = 2.83912e+06  <= 3.2e+06 ? yes
      DOMINATED: arm 4's own in-run bound caps delta at (2.5 - 1) x arm1 =
  54489.8 ns/block, about 6.6596x tighter than clause 5. The binding clauses
  are arms 2, 3, 4 and 5.
  
  NOTE - arm 3 reads LOW BY CONSTRUCTION, and that is the pinned shape, not
  a defect. One event per 8.33 s over a 28.8 s arm is ~3.456 events, and best-
  of-12 selects the MINIMUM trial - typically an early one, before the extra 12
  s grains have accumulated. Arm 3's figure is therefore a LOWER bound on the
  realistic cost; arm 4, at ten times the cadence, is the arm that actually
  resolves the trigger delta. Both are reported.
    NOTE - arm 5 bounds the SHARED COMPONENT'S PUBLIC CONTRACT, not Vorago's
  operating point: VoragoEngine runs one pre-render control step per 64-sample
  control chunk (vorago_engine.h:904-908), so it could issue at most one
  trigger per chunk even if the wiring were on - and it is not, OQ-1 is closed
  inert. Arm 5 issues 64 per chunk, the FR-019 cap, i.e. 48 000 birth attempts
  per second.
    NOTE - run ALONE (node tools/run-cpu-tests.js dsp_systems_tests), after a
  cool-down, P-core-pinned. A case that flips verdicts between runs is
  measuring the machine, not the code.

===============================================================================
test cases:     54 |     52 passed | 2 failed
assertions: 433092 | 433090 passed | 2 failed

exit=2 END 2026-09-29 05:54:41
