Filters: [ghost] ~[.perf] ~[.perf]
Randomness seeded to: 839646173

~~~~~~~~~~~~~~~~~~~~~~~~~~~~~~~~~~~~~~~~~~~~~~~~~~~~~~~~~~~~~~~~~~~~~~~~~~~~~~~
dsp_systems_tests.exe is a Catch2 v3.4.0 host application.
Run with -? for options

-------------------------------------------------------------------------------
AtmosphereGhost_RtSafety
  (c) triggerGrain() before prepare() is a no-op that moves no counter
-------------------------------------------------------------------------------
F:\projects\iterum\dsp\tests\unit\systems\atmosphere_ghost_test.cpp(483)
...............................................................................

F:\projects\iterum\dsp\tests\unit\systems\atmosphere_ghost_test.cpp(494): PASSED:
  REQUIRE( engine.getDroppedTriggerCount() == std::uint64_t{0} )
with expansion:
  0 == 0

F:\projects\iterum\dsp\tests\unit\systems\atmosphere_ghost_test.cpp(495): PASSED:
  REQUIRE( engine.getTotalTriggeredGrainsBorn() == std::uint64_t{0} )
with expansion:
  0 == 0

0.000 s: (c) triggerGrain() before prepare() is a no-op that moves no counter
0.000 s: AtmosphereGhost_RtSafety
-------------------------------------------------------------------------------
AtmosphereGhost_RtSafety
  (a) FR-045 - every render path is allocation-free, at probability 0 / 0.5 / 1
-------------------------------------------------------------------------------
F:\projects\iterum\dsp\tests\unit\systems\atmosphere_ghost_test.cpp(516)
...............................................................................

F:\projects\iterum\dsp\tests\unit\systems\atmosphere_ghost_test.cpp(532): PASSED:
  REQUIRE( sink == 1.0f )
with expansion:
  1.0f == 1.0f
with message:
  clause 0: a deliberate 1024-float vector counted 1 allocation(s)

F:\projects\iterum\dsp\tests\unit\systems\atmosphere_ghost_test.cpp(533): PASSED:
  REQUIRE( deliberate > std::size_t{0} )
with expansion:
  1 > 0
with message:
  clause 0: a deliberate 1024-float vector counted 1 allocation(s)

F:\projects\iterum\dsp\tests\unit\systems\atmosphere_ghost_test.cpp(550): PASSED:
  REQUIRE( VoragoGhostFix::preRollFullRing(*engine, 1u, kBlock) == capacity )
with expansion:
  65536 (0x10000) == 65536 (0x10000)
with message:
  clause 0: a deliberate 1024-float vector counted 1 allocation(s)

F:\projects\iterum\dsp\tests\unit\systems\atmosphere_ghost_test.cpp(583): PASSED:
  REQUIRE( counted == std::size_t{0} )
with expansion:
  0 == 0
with messages:
  clause 0: a deliberate 1024-float vector counted 1 allocation(s)
  probability=0 withTriggers=0 allocations=0 bornDelta=2 triggered=0

F:\projects\iterum\dsp\tests\unit\systems\atmosphere_ghost_test.cpp(586): PASSED:
  REQUIRE( bornDelta > std::uint64_t{0} )
with expansion:
  2 > 0
with messages:
  clause 0: a deliberate 1024-float vector counted 1 allocation(s)
  probability=0 withTriggers=0 allocations=0 bornDelta=2 triggered=0

F:\projects\iterum\dsp\tests\unit\systems\atmosphere_ghost_test.cpp(550): PASSED:
  REQUIRE( VoragoGhostFix::preRollFullRing(*engine, 1u, kBlock) == capacity )
with expansion:
  65536 (0x10000) == 65536 (0x10000)
with message:
  clause 0: a deliberate 1024-float vector counted 1 allocation(s)

F:\projects\iterum\dsp\tests\unit\systems\atmosphere_ghost_test.cpp(583): PASSED:
  REQUIRE( counted == std::size_t{0} )
with expansion:
  0 == 0
with messages:
  clause 0: a deliberate 1024-float vector counted 1 allocation(s)
  probability=0 withTriggers=1 allocations=0 bornDelta=10 triggered=8

F:\projects\iterum\dsp\tests\unit\systems\atmosphere_ghost_test.cpp(586): PASSED:
  REQUIRE( bornDelta > std::uint64_t{0} )
with expansion:
  10 > 0
with messages:
  clause 0: a deliberate 1024-float vector counted 1 allocation(s)
  probability=0 withTriggers=1 allocations=0 bornDelta=10 triggered=8

F:\projects\iterum\dsp\tests\unit\systems\atmosphere_ghost_test.cpp(588): PASSED:
  REQUIRE( engine->getTotalTriggeredGrainsBorn() > std::uint64_t{0} )
with expansion:
  8 > 0
with messages:
  clause 0: a deliberate 1024-float vector counted 1 allocation(s)
  probability=0 withTriggers=1 allocations=0 bornDelta=10 triggered=8

F:\projects\iterum\dsp\tests\unit\systems\atmosphere_ghost_test.cpp(550): PASSED:
  REQUIRE( VoragoGhostFix::preRollFullRing(*engine, 1u, kBlock) == capacity )
with expansion:
  65536 (0x10000) == 65536 (0x10000)
with message:
  clause 0: a deliberate 1024-float vector counted 1 allocation(s)

F:\projects\iterum\dsp\tests\unit\systems\atmosphere_ghost_test.cpp(583): PASSED:
  REQUIRE( counted == std::size_t{0} )
with expansion:
  0 == 0
with messages:
  clause 0: a deliberate 1024-float vector counted 1 allocation(s)
  probability=0.5 withTriggers=0 allocations=0 bornDelta=2 triggered=0

F:\projects\iterum\dsp\tests\unit\systems\atmosphere_ghost_test.cpp(586): PASSED:
  REQUIRE( bornDelta > std::uint64_t{0} )
with expansion:
  2 > 0
with messages:
  clause 0: a deliberate 1024-float vector counted 1 allocation(s)
  probability=0.5 withTriggers=0 allocations=0 bornDelta=2 triggered=0

F:\projects\iterum\dsp\tests\unit\systems\atmosphere_ghost_test.cpp(550): PASSED:
  REQUIRE( VoragoGhostFix::preRollFullRing(*engine, 1u, kBlock) == capacity )
with expansion:
  65536 (0x10000) == 65536 (0x10000)
with message:
  clause 0: a deliberate 1024-float vector counted 1 allocation(s)

F:\projects\iterum\dsp\tests\unit\systems\atmosphere_ghost_test.cpp(583): PASSED:
  REQUIRE( counted == std::size_t{0} )
with expansion:
  0 == 0
with messages:
  clause 0: a deliberate 1024-float vector counted 1 allocation(s)
  probability=0.5 withTriggers=1 allocations=0 bornDelta=10 triggered=8

F:\projects\iterum\dsp\tests\unit\systems\atmosphere_ghost_test.cpp(586): PASSED:
  REQUIRE( bornDelta > std::uint64_t{0} )
with expansion:
  10 > 0
with messages:
  clause 0: a deliberate 1024-float vector counted 1 allocation(s)
  probability=0.5 withTriggers=1 allocations=0 bornDelta=10 triggered=8

F:\projects\iterum\dsp\tests\unit\systems\atmosphere_ghost_test.cpp(588): PASSED:
  REQUIRE( engine->getTotalTriggeredGrainsBorn() > std::uint64_t{0} )
with expansion:
  8 > 0
with messages:
  clause 0: a deliberate 1024-float vector counted 1 allocation(s)
  probability=0.5 withTriggers=1 allocations=0 bornDelta=10 triggered=8

F:\projects\iterum\dsp\tests\unit\systems\atmosphere_ghost_test.cpp(550): PASSED:
  REQUIRE( VoragoGhostFix::preRollFullRing(*engine, 1u, kBlock) == capacity )
with expansion:
  65536 (0x10000) == 65536 (0x10000)
with message:
  clause 0: a deliberate 1024-float vector counted 1 allocation(s)

F:\projects\iterum\dsp\tests\unit\systems\atmosphere_ghost_test.cpp(583): PASSED:
  REQUIRE( counted == std::size_t{0} )
with expansion:
  0 == 0
with messages:
  clause 0: a deliberate 1024-float vector counted 1 allocation(s)
  probability=1 withTriggers=0 allocations=0 bornDelta=2 triggered=0

F:\projects\iterum\dsp\tests\unit\systems\atmosphere_ghost_test.cpp(586): PASSED:
  REQUIRE( bornDelta > std::uint64_t{0} )
with expansion:
  2 > 0
with messages:
  clause 0: a deliberate 1024-float vector counted 1 allocation(s)
  probability=1 withTriggers=0 allocations=0 bornDelta=2 triggered=0

F:\projects\iterum\dsp\tests\unit\systems\atmosphere_ghost_test.cpp(550): PASSED:
  REQUIRE( VoragoGhostFix::preRollFullRing(*engine, 1u, kBlock) == capacity )
with expansion:
  65536 (0x10000) == 65536 (0x10000)
with message:
  clause 0: a deliberate 1024-float vector counted 1 allocation(s)

F:\projects\iterum\dsp\tests\unit\systems\atmosphere_ghost_test.cpp(583): PASSED:
  REQUIRE( counted == std::size_t{0} )
with expansion:
  0 == 0
with messages:
  clause 0: a deliberate 1024-float vector counted 1 allocation(s)
  probability=1 withTriggers=1 allocations=0 bornDelta=10 triggered=8

F:\projects\iterum\dsp\tests\unit\systems\atmosphere_ghost_test.cpp(586): PASSED:
  REQUIRE( bornDelta > std::uint64_t{0} )
with expansion:
  10 > 0
with messages:
  clause 0: a deliberate 1024-float vector counted 1 allocation(s)
  probability=1 withTriggers=1 allocations=0 bornDelta=10 triggered=8

F:\projects\iterum\dsp\tests\unit\systems\atmosphere_ghost_test.cpp(588): PASSED:
  REQUIRE( engine->getTotalTriggeredGrainsBorn() > std::uint64_t{0} )
with expansion:
  8 > 0
with messages:
  clause 0: a deliberate 1024-float vector counted 1 allocation(s)
  probability=1 withTriggers=1 allocations=0 bornDelta=10 triggered=8

0.052 s: (a) FR-045 - every render path is allocation-free, at probability 0 / 0.5 / 1
0.052 s: AtmosphereGhost_RtSafety
-------------------------------------------------------------------------------
AtmosphereGhost_RtSafety
  (d) FR-024 / SC-008 (d) - prepare() at 44.1 / 48 / 96 / 192 kHz
-------------------------------------------------------------------------------
F:\projects\iterum\dsp\tests\unit\systems\atmosphere_ghost_test.cpp(618)
...............................................................................

F:\projects\iterum\dsp\tests\unit\systems\atmosphere_ghost_test.cpp(659): PASSED:
  REQUIRE( state == referenceReverseState )
with expansion:
  1240130064 (0x49eae210)
  ==
  1240130064 (0x49eae210)
with messages:
  rate=44100
  reverseRngState=1240130064 reference=1240130064

F:\projects\iterum\dsp\tests\unit\systems\atmosphere_ghost_test.cpp(669): PASSED:
  REQUIRE( ticks == std::size_t{1} )
with expansion:
  1 == 1
with messages:
  rate=44100
  reverseRngState=1240130064 reference=1240130064
  coldProbe ringCold=1 ticks=1 born=0 dropped=0

F:\projects\iterum\dsp\tests\unit\systems\atmosphere_ghost_test.cpp(671): PASSED:
  REQUIRE( engine->getSkippedTriggerCountRingCold() == static_cast<std::uint64_t>(ticks) )
with expansion:
  1 == 1
with messages:
  rate=44100
  reverseRngState=1240130064 reference=1240130064
  coldProbe ringCold=1 ticks=1 born=0 dropped=0

F:\projects\iterum\dsp\tests\unit\systems\atmosphere_ghost_test.cpp(672): PASSED:
  REQUIRE( engine->getTotalGrainsBorn() == std::uint64_t{0} )
with expansion:
  0 == 0
with messages:
  rate=44100
  reverseRngState=1240130064 reference=1240130064
  coldProbe ringCold=1 ticks=1 born=0 dropped=0

F:\projects\iterum\dsp\tests\unit\systems\atmosphere_ghost_test.cpp(673): PASSED:
  REQUIRE( engine->getDroppedTriggerCount() == std::uint64_t{0} )
with expansion:
  0 == 0
with messages:
  rate=44100
  reverseRngState=1240130064 reference=1240130064
  coldProbe ringCold=1 ticks=1 born=0 dropped=0

F:\projects\iterum\dsp\tests\unit\systems\atmosphere_ghost_test.cpp(677): PASSED:
  REQUIRE( VoragoGhostFix::preRollFullRing(*engine, 1u, 512u) == capacity )
with expansion:
  65536 (0x10000) == 65536 (0x10000)
with messages:
  rate=44100
  reverseRngState=1240130064 reference=1240130064
  coldProbe ringCold=1 ticks=1 born=0 dropped=0

F:\projects\iterum\dsp\tests\unit\systems\atmosphere_ghost_test.cpp(716): PASSED:
  REQUIRE( nonFiniteSamples == std::size_t{0} )
with expansion:
  0 == 0
with messages:
  rate=44100
  reverseRngState=1240130064 reference=1240130064
  coldProbe ringCold=1 ticks=1 born=0 dropped=0
  reverse render: nonFinite=0 overLevel=0 worstAbs=1.07595 triggered=64
  reverseBorn=64

F:\projects\iterum\dsp\tests\unit\systems\atmosphere_ghost_test.cpp(717): PASSED:
  REQUIRE( overLevelSamples == std::size_t{0} )
with expansion:
  0 == 0
with messages:
  rate=44100
  reverseRngState=1240130064 reference=1240130064
  coldProbe ringCold=1 ticks=1 born=0 dropped=0
  reverse render: nonFinite=0 overLevel=0 worstAbs=1.07595 triggered=64
  reverseBorn=64

F:\projects\iterum\dsp\tests\unit\systems\atmosphere_ghost_test.cpp(719): PASSED:
  REQUIRE( engine->getTotalTriggeredGrainsBorn() > std::uint64_t{0} )
with expansion:
  64 > 0
with messages:
  rate=44100
  reverseRngState=1240130064 reference=1240130064
  coldProbe ringCold=1 ticks=1 born=0 dropped=0
  reverse render: nonFinite=0 overLevel=0 worstAbs=1.07595 triggered=64
  reverseBorn=64

F:\projects\iterum\dsp\tests\unit\systems\atmosphere_ghost_test.cpp(720): PASSED:
  REQUIRE( engine->getTotalReverseGrainsBorn() > std::uint64_t{0} )
with expansion:
  64 > 0
with messages:
  rate=44100
  reverseRngState=1240130064 reference=1240130064
  coldProbe ringCold=1 ticks=1 born=0 dropped=0
  reverse render: nonFinite=0 overLevel=0 worstAbs=1.07595 triggered=64
  reverseBorn=64

F:\projects\iterum\dsp\tests\unit\systems\atmosphere_ghost_test.cpp(724): PASSED:
  REQUIRE( engine->getDroppedTriggerCount() == kExpectedDropped )
with expansion:
  10 == 10
with messages:
  rate=44100
  reverseRngState=1240130064 reference=1240130064
  coldProbe ringCold=1 ticks=1 born=0 dropped=0
  reverse render: nonFinite=0 overLevel=0 worstAbs=1.07595 triggered=64
  reverseBorn=64

F:\projects\iterum\dsp\tests\unit\systems\atmosphere_ghost_test.cpp(659): PASSED:
  REQUIRE( state == referenceReverseState )
with expansion:
  1240130064 (0x49eae210)
  ==
  1240130064 (0x49eae210)
with messages:
  rate=48000
  reverseRngState=1240130064 reference=1240130064

F:\projects\iterum\dsp\tests\unit\systems\atmosphere_ghost_test.cpp(669): PASSED:
  REQUIRE( ticks == std::size_t{1} )
with expansion:
  1 == 1
with messages:
  rate=48000
  reverseRngState=1240130064 reference=1240130064
  coldProbe ringCold=1 ticks=1 born=0 dropped=0

F:\projects\iterum\dsp\tests\unit\systems\atmosphere_ghost_test.cpp(671): PASSED:
  REQUIRE( engine->getSkippedTriggerCountRingCold() == static_cast<std::uint64_t>(ticks) )
with expansion:
  1 == 1
with messages:
  rate=48000
  reverseRngState=1240130064 reference=1240130064
  coldProbe ringCold=1 ticks=1 born=0 dropped=0

F:\projects\iterum\dsp\tests\unit\systems\atmosphere_ghost_test.cpp(672): PASSED:
  REQUIRE( engine->getTotalGrainsBorn() == std::uint64_t{0} )
with expansion:
  0 == 0
with messages:
  rate=48000
  reverseRngState=1240130064 reference=1240130064
  coldProbe ringCold=1 ticks=1 born=0 dropped=0

F:\projects\iterum\dsp\tests\unit\systems\atmosphere_ghost_test.cpp(673): PASSED:
  REQUIRE( engine->getDroppedTriggerCount() == std::uint64_t{0} )
with expansion:
  0 == 0
with messages:
  rate=48000
  reverseRngState=1240130064 reference=1240130064
  coldProbe ringCold=1 ticks=1 born=0 dropped=0

F:\projects\iterum\dsp\tests\unit\systems\atmosphere_ghost_test.cpp(677): PASSED:
  REQUIRE( VoragoGhostFix::preRollFullRing(*engine, 1u, 512u) == capacity )
with expansion:
  65536 (0x10000) == 65536 (0x10000)
with messages:
  rate=48000
  reverseRngState=1240130064 reference=1240130064
  coldProbe ringCold=1 ticks=1 born=0 dropped=0

F:\projects\iterum\dsp\tests\unit\systems\atmosphere_ghost_test.cpp(716): PASSED:
  REQUIRE( nonFiniteSamples == std::size_t{0} )
with expansion:
  0 == 0
with messages:
  rate=48000
  reverseRngState=1240130064 reference=1240130064
  coldProbe ringCold=1 ticks=1 born=0 dropped=0
  reverse render: nonFinite=0 overLevel=0 worstAbs=1.10198 triggered=64
  reverseBorn=64

F:\projects\iterum\dsp\tests\unit\systems\atmosphere_ghost_test.cpp(717): PASSED:
  REQUIRE( overLevelSamples == std::size_t{0} )
with expansion:
  0 == 0
with messages:
  rate=48000
  reverseRngState=1240130064 reference=1240130064
  coldProbe ringCold=1 ticks=1 born=0 dropped=0
  reverse render: nonFinite=0 overLevel=0 worstAbs=1.10198 triggered=64
  reverseBorn=64

F:\projects\iterum\dsp\tests\unit\systems\atmosphere_ghost_test.cpp(719): PASSED:
  REQUIRE( engine->getTotalTriggeredGrainsBorn() > std::uint64_t{0} )
with expansion:
  64 > 0
with messages:
  rate=48000
  reverseRngState=1240130064 reference=1240130064
  coldProbe ringCold=1 ticks=1 born=0 dropped=0
  reverse render: nonFinite=0 overLevel=0 worstAbs=1.10198 triggered=64
  reverseBorn=64

F:\projects\iterum\dsp\tests\unit\systems\atmosphere_ghost_test.cpp(720): PASSED:
  REQUIRE( engine->getTotalReverseGrainsBorn() > std::uint64_t{0} )
with expansion:
  64 > 0
with messages:
  rate=48000
  reverseRngState=1240130064 reference=1240130064
  coldProbe ringCold=1 ticks=1 born=0 dropped=0
  reverse render: nonFinite=0 overLevel=0 worstAbs=1.10198 triggered=64
  reverseBorn=64

F:\projects\iterum\dsp\tests\unit\systems\atmosphere_ghost_test.cpp(724): PASSED:
  REQUIRE( engine->getDroppedTriggerCount() == kExpectedDropped )
with expansion:
  10 == 10
with messages:
  rate=48000
  reverseRngState=1240130064 reference=1240130064
  coldProbe ringCold=1 ticks=1 born=0 dropped=0
  reverse render: nonFinite=0 overLevel=0 worstAbs=1.10198 triggered=64
  reverseBorn=64

F:\projects\iterum\dsp\tests\unit\systems\atmosphere_ghost_test.cpp(659): PASSED:
  REQUIRE( state == referenceReverseState )
with expansion:
  1240130064 (0x49eae210)
  ==
  1240130064 (0x49eae210)
with messages:
  rate=96000
  reverseRngState=1240130064 reference=1240130064

F:\projects\iterum\dsp\tests\unit\systems\atmosphere_ghost_test.cpp(669): PASSED:
  REQUIRE( ticks == std::size_t{1} )
with expansion:
  1 == 1
with messages:
  rate=96000
  reverseRngState=1240130064 reference=1240130064
  coldProbe ringCold=1 ticks=1 born=0 dropped=0

F:\projects\iterum\dsp\tests\unit\systems\atmosphere_ghost_test.cpp(671): PASSED:
  REQUIRE( engine->getSkippedTriggerCountRingCold() == static_cast<std::uint64_t>(ticks) )
with expansion:
  1 == 1
with messages:
  rate=96000
  reverseRngState=1240130064 reference=1240130064
  coldProbe ringCold=1 ticks=1 born=0 dropped=0

F:\projects\iterum\dsp\tests\unit\systems\atmosphere_ghost_test.cpp(672): PASSED:
  REQUIRE( engine->getTotalGrainsBorn() == std::uint64_t{0} )
with expansion:
  0 == 0
with messages:
  rate=96000
  reverseRngState=1240130064 reference=1240130064
  coldProbe ringCold=1 ticks=1 born=0 dropped=0

F:\projects\iterum\dsp\tests\unit\systems\atmosphere_ghost_test.cpp(673): PASSED:
  REQUIRE( engine->getDroppedTriggerCount() == std::uint64_t{0} )
with expansion:
  0 == 0
with messages:
  rate=96000
  reverseRngState=1240130064 reference=1240130064
  coldProbe ringCold=1 ticks=1 born=0 dropped=0

F:\projects\iterum\dsp\tests\unit\systems\atmosphere_ghost_test.cpp(677): PASSED:
  REQUIRE( VoragoGhostFix::preRollFullRing(*engine, 1u, 512u) == capacity )
with expansion:
  131072 (0x20000) == 131072 (0x20000)
with messages:
  rate=96000
  reverseRngState=1240130064 reference=1240130064
  coldProbe ringCold=1 ticks=1 born=0 dropped=0

F:\projects\iterum\dsp\tests\unit\systems\atmosphere_ghost_test.cpp(716): PASSED:
  REQUIRE( nonFiniteSamples == std::size_t{0} )
with expansion:
  0 == 0
with messages:
  rate=96000
  reverseRngState=1240130064 reference=1240130064
  coldProbe ringCold=1 ticks=1 born=0 dropped=0
  reverse render: nonFinite=0 overLevel=0 worstAbs=1.1071 triggered=64
  reverseBorn=64

F:\projects\iterum\dsp\tests\unit\systems\atmosphere_ghost_test.cpp(717): PASSED:
  REQUIRE( overLevelSamples == std::size_t{0} )
with expansion:
  0 == 0
with messages:
  rate=96000
  reverseRngState=1240130064 reference=1240130064
  coldProbe ringCold=1 ticks=1 born=0 dropped=0
  reverse render: nonFinite=0 overLevel=0 worstAbs=1.1071 triggered=64
  reverseBorn=64

F:\projects\iterum\dsp\tests\unit\systems\atmosphere_ghost_test.cpp(719): PASSED:
  REQUIRE( engine->getTotalTriggeredGrainsBorn() > std::uint64_t{0} )
with expansion:
  64 > 0
with messages:
  rate=96000
  reverseRngState=1240130064 reference=1240130064
  coldProbe ringCold=1 ticks=1 born=0 dropped=0
  reverse render: nonFinite=0 overLevel=0 worstAbs=1.1071 triggered=64
  reverseBorn=64

F:\projects\iterum\dsp\tests\unit\systems\atmosphere_ghost_test.cpp(720): PASSED:
  REQUIRE( engine->getTotalReverseGrainsBorn() > std::uint64_t{0} )
with expansion:
  64 > 0
with messages:
  rate=96000
  reverseRngState=1240130064 reference=1240130064
  coldProbe ringCold=1 ticks=1 born=0 dropped=0
  reverse render: nonFinite=0 overLevel=0 worstAbs=1.1071 triggered=64
  reverseBorn=64

F:\projects\iterum\dsp\tests\unit\systems\atmosphere_ghost_test.cpp(724): PASSED:
  REQUIRE( engine->getDroppedTriggerCount() == kExpectedDropped )
with expansion:
  10 == 10
with messages:
  rate=96000
  reverseRngState=1240130064 reference=1240130064
  coldProbe ringCold=1 ticks=1 born=0 dropped=0
  reverse render: nonFinite=0 overLevel=0 worstAbs=1.1071 triggered=64
  reverseBorn=64

F:\projects\iterum\dsp\tests\unit\systems\atmosphere_ghost_test.cpp(659): PASSED:
  REQUIRE( state == referenceReverseState )
with expansion:
  1240130064 (0x49eae210)
  ==
  1240130064 (0x49eae210)
with messages:
  rate=192000
  reverseRngState=1240130064 reference=1240130064

F:\projects\iterum\dsp\tests\unit\systems\atmosphere_ghost_test.cpp(669): PASSED:
  REQUIRE( ticks == std::size_t{1} )
with expansion:
  1 == 1
with messages:
  rate=192000
  reverseRngState=1240130064 reference=1240130064
  coldProbe ringCold=1 ticks=1 born=0 dropped=0

F:\projects\iterum\dsp\tests\unit\systems\atmosphere_ghost_test.cpp(671): PASSED:
  REQUIRE( engine->getSkippedTriggerCountRingCold() == static_cast<std::uint64_t>(ticks) )
with expansion:
  1 == 1
with messages:
  rate=192000
  reverseRngState=1240130064 reference=1240130064
  coldProbe ringCold=1 ticks=1 born=0 dropped=0

F:\projects\iterum\dsp\tests\unit\systems\atmosphere_ghost_test.cpp(672): PASSED:
  REQUIRE( engine->getTotalGrainsBorn() == std::uint64_t{0} )
with expansion:
  0 == 0
with messages:
  rate=192000
  reverseRngState=1240130064 reference=1240130064
  coldProbe ringCold=1 ticks=1 born=0 dropped=0

F:\projects\iterum\dsp\tests\unit\systems\atmosphere_ghost_test.cpp(673): PASSED:
  REQUIRE( engine->getDroppedTriggerCount() == std::uint64_t{0} )
with expansion:
  0 == 0
with messages:
  rate=192000
  reverseRngState=1240130064 reference=1240130064
  coldProbe ringCold=1 ticks=1 born=0 dropped=0

F:\projects\iterum\dsp\tests\unit\systems\atmosphere_ghost_test.cpp(677): PASSED:
  REQUIRE( VoragoGhostFix::preRollFullRing(*engine, 1u, 512u) == capacity )
with expansion:
  262144 (0x40000) == 262144 (0x40000)
with messages:
  rate=192000
  reverseRngState=1240130064 reference=1240130064
  coldProbe ringCold=1 ticks=1 born=0 dropped=0

F:\projects\iterum\dsp\tests\unit\systems\atmosphere_ghost_test.cpp(716): PASSED:
  REQUIRE( nonFiniteSamples == std::size_t{0} )
with expansion:
  0 == 0
with messages:
  rate=192000
  reverseRngState=1240130064 reference=1240130064
  coldProbe ringCold=1 ticks=1 born=0 dropped=0
  reverse render: nonFinite=0 overLevel=0 worstAbs=0.730603 triggered=64
  reverseBorn=64

F:\projects\iterum\dsp\tests\unit\systems\atmosphere_ghost_test.cpp(717): PASSED:
  REQUIRE( overLevelSamples == std::size_t{0} )
with expansion:
  0 == 0
with messages:
  rate=192000
  reverseRngState=1240130064 reference=1240130064
  coldProbe ringCold=1 ticks=1 born=0 dropped=0
  reverse render: nonFinite=0 overLevel=0 worstAbs=0.730603 triggered=64
  reverseBorn=64

F:\projects\iterum\dsp\tests\unit\systems\atmosphere_ghost_test.cpp(719): PASSED:
  REQUIRE( engine->getTotalTriggeredGrainsBorn() > std::uint64_t{0} )
with expansion:
  64 > 0
with messages:
  rate=192000
  reverseRngState=1240130064 reference=1240130064
  coldProbe ringCold=1 ticks=1 born=0 dropped=0
  reverse render: nonFinite=0 overLevel=0 worstAbs=0.730603 triggered=64
  reverseBorn=64

F:\projects\iterum\dsp\tests\unit\systems\atmosphere_ghost_test.cpp(720): PASSED:
  REQUIRE( engine->getTotalReverseGrainsBorn() > std::uint64_t{0} )
with expansion:
  64 > 0
with messages:
  rate=192000
  reverseRngState=1240130064 reference=1240130064
  coldProbe ringCold=1 ticks=1 born=0 dropped=0
  reverse render: nonFinite=0 overLevel=0 worstAbs=0.730603 triggered=64
  reverseBorn=64

F:\projects\iterum\dsp\tests\unit\systems\atmosphere_ghost_test.cpp(724): PASSED:
  REQUIRE( engine->getDroppedTriggerCount() == kExpectedDropped )
with expansion:
  10 == 10
with messages:
  rate=192000
  reverseRngState=1240130064 reference=1240130064
  coldProbe ringCold=1 ticks=1 born=0 dropped=0
  reverse render: nonFinite=0 overLevel=0 worstAbs=0.730603 triggered=64
  reverseBorn=64

0.027 s: (d) FR-024 / SC-008 (d) - prepare() at 44.1 / 48 / 96 / 192 kHz
0.027 s: AtmosphereGhost_RtSafety
-------------------------------------------------------------------------------
AtmosphereGhost_RtSafety
  (e) partition invariance - 512 / 64 / 37 / 1 sample blocks agree
-------------------------------------------------------------------------------
F:\projects\iterum\dsp\tests\unit\systems\atmosphere_ghost_test.cpp(756)
...............................................................................

F:\projects\iterum\dsp\tests\unit\systems\atmosphere_ghost_test.cpp(769): PASSED:
  REQUIRE( reference.born > std::uint64_t{0} )
with expansion:
  9 > 0
with message:
  reference arm: born=9 reverseBorn=9 ringCold=1 poolFull=0 rms=0.116205 peak=
  0.822554

F:\projects\iterum\dsp\tests\unit\systems\atmosphere_ghost_test.cpp(772): PASSED:
  REQUIRE( reference.reverseBorn == reference.born )
with expansion:
  9 == 9
with message:
  reference arm: born=9 reverseBorn=9 ringCold=1 poolFull=0 rms=0.116205 peak=
  0.822554

F:\projects\iterum\dsp\tests\unit\systems\atmosphere_ghost_test.cpp(773): PASSED:
  REQUIRE( reference.poolFull == std::uint64_t{0} )
with expansion:
  0 == 0
with message:
  reference arm: born=9 reverseBorn=9 ringCold=1 poolFull=0 rms=0.116205 peak=
  0.822554

F:\projects\iterum\dsp\tests\unit\systems\atmosphere_ghost_test.cpp(774): PASSED:
  REQUIRE( reference.left.peak > 0.0 )
with expansion:
  0.8225535154 > 0.0
with message:
  reference arm: born=9 reverseBorn=9 ringCold=1 poolFull=0 rms=0.116205 peak=
  0.822554

F:\projects\iterum\dsp\tests\unit\systems\atmosphere_ghost_test.cpp(775): PASSED:
  REQUIRE( reference.right.peak > 0.0 )
with expansion:
  0.6325752735 > 0.0
with message:
  reference arm: born=9 reverseBorn=9 ringCold=1 poolFull=0 rms=0.116205 peak=
  0.822554

F:\projects\iterum\dsp\tests\unit\systems\atmosphere_ghost_test.cpp(786): PASSED:
  REQUIRE( arm.born == reference.born )
with expansion:
  9 == 9
with messages:
  reference arm: born=9 reverseBorn=9 ringCold=1 poolFull=0 rms=0.116205 peak=
  0.822554
  block=64 born=9 reverseBorn=9 ringCold=1 poolFull=0

F:\projects\iterum\dsp\tests\unit\systems\atmosphere_ghost_test.cpp(787): PASSED:
  REQUIRE( arm.reverseBorn == reference.reverseBorn )
with expansion:
  9 == 9
with messages:
  reference arm: born=9 reverseBorn=9 ringCold=1 poolFull=0 rms=0.116205 peak=
  0.822554
  block=64 born=9 reverseBorn=9 ringCold=1 poolFull=0

F:\projects\iterum\dsp\tests\unit\systems\atmosphere_ghost_test.cpp(788): PASSED:
  REQUIRE( arm.ringCold == reference.ringCold )
with expansion:
  1 == 1
with messages:
  reference arm: born=9 reverseBorn=9 ringCold=1 poolFull=0 rms=0.116205 peak=
  0.822554
  block=64 born=9 reverseBorn=9 ringCold=1 poolFull=0

F:\projects\iterum\dsp\tests\unit\systems\atmosphere_ghost_test.cpp(789): PASSED:
  REQUIRE( arm.poolFull == reference.poolFull )
with expansion:
  0 == 0
with messages:
  reference arm: born=9 reverseBorn=9 ringCold=1 poolFull=0 rms=0.116205 peak=
  0.822554
  block=64 born=9 reverseBorn=9 ringCold=1 poolFull=0

F:\projects\iterum\dsp\tests\unit\systems\atmosphere_ghost_test.cpp(795): PASSED:
  REQUIRE( leftCmp.withinTolerance() )
with expansion:
  true
with messages:
  reference arm: born=9 reverseBorn=9 ringCold=1 poolFull=0 rms=0.116205 peak=
  0.822554
  block=64 born=9 reverseBorn=9 ringCold=1 poolFull=0
  left: worstMetric=0 worstSample=0 ()

F:\projects\iterum\dsp\tests\unit\systems\atmosphere_ghost_test.cpp(801): PASSED:
  REQUIRE( rightCmp.withinTolerance() )
with expansion:
  true
with messages:
  reference arm: born=9 reverseBorn=9 ringCold=1 poolFull=0 rms=0.116205 peak=
  0.822554
  block=64 born=9 reverseBorn=9 ringCold=1 poolFull=0
  left: worstMetric=0 worstSample=0 ()
  right: worstMetric=0 worstSample=0 ()

F:\projects\iterum\dsp\tests\unit\systems\atmosphere_ghost_test.cpp(786): PASSED:
  REQUIRE( arm.born == reference.born )
with expansion:
  9 == 9
with messages:
  reference arm: born=9 reverseBorn=9 ringCold=1 poolFull=0 rms=0.116205 peak=
  0.822554
  block=37 born=9 reverseBorn=9 ringCold=1 poolFull=0

F:\projects\iterum\dsp\tests\unit\systems\atmosphere_ghost_test.cpp(787): PASSED:
  REQUIRE( arm.reverseBorn == reference.reverseBorn )
with expansion:
  9 == 9
with messages:
  reference arm: born=9 reverseBorn=9 ringCold=1 poolFull=0 rms=0.116205 peak=
  0.822554
  block=37 born=9 reverseBorn=9 ringCold=1 poolFull=0

F:\projects\iterum\dsp\tests\unit\systems\atmosphere_ghost_test.cpp(788): PASSED:
  REQUIRE( arm.ringCold == reference.ringCold )
with expansion:
  1 == 1
with messages:
  reference arm: born=9 reverseBorn=9 ringCold=1 poolFull=0 rms=0.116205 peak=
  0.822554
  block=37 born=9 reverseBorn=9 ringCold=1 poolFull=0

F:\projects\iterum\dsp\tests\unit\systems\atmosphere_ghost_test.cpp(789): PASSED:
  REQUIRE( arm.poolFull == reference.poolFull )
with expansion:
  0 == 0
with messages:
  reference arm: born=9 reverseBorn=9 ringCold=1 poolFull=0 rms=0.116205 peak=
  0.822554
  block=37 born=9 reverseBorn=9 ringCold=1 poolFull=0

F:\projects\iterum\dsp\tests\unit\systems\atmosphere_ghost_test.cpp(795): PASSED:
  REQUIRE( leftCmp.withinTolerance() )
with expansion:
  true
with messages:
  reference arm: born=9 reverseBorn=9 ringCold=1 poolFull=0 rms=0.116205 peak=
  0.822554
  block=37 born=9 reverseBorn=9 ringCold=1 poolFull=0
  left: worstMetric=0 worstSample=0 ()

F:\projects\iterum\dsp\tests\unit\systems\atmosphere_ghost_test.cpp(801): PASSED:
  REQUIRE( rightCmp.withinTolerance() )
with expansion:
  true
with messages:
  reference arm: born=9 reverseBorn=9 ringCold=1 poolFull=0 rms=0.116205 peak=
  0.822554
  block=37 born=9 reverseBorn=9 ringCold=1 poolFull=0
  left: worstMetric=0 worstSample=0 ()
  right: worstMetric=0 worstSample=0 ()

F:\projects\iterum\dsp\tests\unit\systems\atmosphere_ghost_test.cpp(786): PASSED:
  REQUIRE( arm.born == reference.born )
with expansion:
  9 == 9
with messages:
  reference arm: born=9 reverseBorn=9 ringCold=1 poolFull=0 rms=0.116205 peak=
  0.822554
  block=1 born=9 reverseBorn=9 ringCold=1 poolFull=0

F:\projects\iterum\dsp\tests\unit\systems\atmosphere_ghost_test.cpp(787): PASSED:
  REQUIRE( arm.reverseBorn == reference.reverseBorn )
with expansion:
  9 == 9
with messages:
  reference arm: born=9 reverseBorn=9 ringCold=1 poolFull=0 rms=0.116205 peak=
  0.822554
  block=1 born=9 reverseBorn=9 ringCold=1 poolFull=0

F:\projects\iterum\dsp\tests\unit\systems\atmosphere_ghost_test.cpp(788): PASSED:
  REQUIRE( arm.ringCold == reference.ringCold )
with expansion:
  1 == 1
with messages:
  reference arm: born=9 reverseBorn=9 ringCold=1 poolFull=0 rms=0.116205 peak=
  0.822554
  block=1 born=9 reverseBorn=9 ringCold=1 poolFull=0

F:\projects\iterum\dsp\tests\unit\systems\atmosphere_ghost_test.cpp(789): PASSED:
  REQUIRE( arm.poolFull == reference.poolFull )
with expansion:
  0 == 0
with messages:
  reference arm: born=9 reverseBorn=9 ringCold=1 poolFull=0 rms=0.116205 peak=
  0.822554
  block=1 born=9 reverseBorn=9 ringCold=1 poolFull=0

F:\projects\iterum\dsp\tests\unit\systems\atmosphere_ghost_test.cpp(795): PASSED:
  REQUIRE( leftCmp.withinTolerance() )
with expansion:
  true
with messages:
  reference arm: born=9 reverseBorn=9 ringCold=1 poolFull=0 rms=0.116205 peak=
  0.822554
  block=1 born=9 reverseBorn=9 ringCold=1 poolFull=0
  left: worstMetric=0 worstSample=0 ()

F:\projects\iterum\dsp\tests\unit\systems\atmosphere_ghost_test.cpp(801): PASSED:
  REQUIRE( rightCmp.withinTolerance() )
with expansion:
  true
with messages:
  reference arm: born=9 reverseBorn=9 ringCold=1 poolFull=0 rms=0.116205 peak=
  0.822554
  block=1 born=9 reverseBorn=9 ringCold=1 poolFull=0
  left: worstMetric=0 worstSample=0 ()
  right: worstMetric=0 worstSample=0 ()

0.028 s: (e) partition invariance - 512 / 64 / 37 / 1 sample blocks agree
0.028 s: AtmosphereGhost_RtSafety
-------------------------------------------------------------------------------
AtmosphereGhost_DefaultInert
-------------------------------------------------------------------------------
F:\projects\iterum\dsp\tests\unit\systems\atmosphere_ghost_test.cpp(1177)
...............................................................................

F:\projects\iterum\dsp\tests\unit\systems\atmosphere_ghost_test.cpp(1189): PASSED:
  REQUIRE( engine->getCaptureCapacitySamples() == VoragoGhostFix::kBaseCommitCaptureCapacity )
with expansion:
  1048576 (0x100000) == 1048576 (0x100000)

-------------------------------------------------------------------------------
AtmosphereGhost_DefaultInert
  clause 1 - the 60 s default render is unchanged from the base commit
-------------------------------------------------------------------------------
F:\projects\iterum\dsp\tests\unit\systems\atmosphere_ghost_test.cpp(1213)
...............................................................................

F:\projects\iterum\dsp\tests\unit\systems\atmosphere_ghost_test.cpp(1217): PASSED:
  REQUIRE( engine->getGrainReverseProbability() == 0.0f )
with expansion:
  0.0f == 0.0f

F:\projects\iterum\dsp\tests\unit\systems\atmosphere_ghost_test.cpp(1222): PASSED:
  REQUIRE( left.size() == VoragoGhostFix::kReferenceRenderSamples )
with expansion:
  2880000 (0x2bf200) == 2880000 (0x2bf200)

F:\projects\iterum\dsp\tests\unit\systems\atmosphere_ghost_test.cpp(1227): PASSED:
  REQUIRE( engine->getTotalTriggeredGrainsBorn() == std::uint64_t{0} )
with expansion:
  0 == 0

F:\projects\iterum\dsp\tests\unit\systems\atmosphere_ghost_test.cpp(1228): PASSED:
  REQUIRE( engine->getTotalReverseGrainsBorn() == std::uint64_t{0} )
with expansion:
  0 == 0

F:\projects\iterum\dsp\tests\unit\systems\atmosphere_ghost_test.cpp(1237): PASSED:
  REQUIRE( actual.rms > 1.0e-5 )
with expansion:
  0.0451878974 > 0.00001

F:\projects\iterum\dsp\tests\unit\systems\atmosphere_ghost_test.cpp(1238): PASSED:
  REQUIRE( actual.peak > 1.0e-4 )
with expansion:
  0.336928308 > 0.0001

F:\projects\iterum\dsp\tests\unit\systems\atmosphere_ghost_test.cpp(1239): PASSED:
  REQUIRE( actual.totalVariation > 1.0 )
with expansion:
  10665.9130202717 > 1.0

F:\projects\iterum\dsp\tests\unit\systems\atmosphere_ghost_test.cpp(1267): PASSED:
  REQUIRE( cmp.withinTolerance() )
with expansion:
  true
with messages:

  worst metric relative error 0 (bound 0.001), worst sample error 0 (bound 0.
  001)

0.342 s: clause 1 - the 60 s default render is unchanged from the base commit
0.345 s: AtmosphereGhost_DefaultInert
-------------------------------------------------------------------------------
AtmosphereGhost_DefaultInert
-------------------------------------------------------------------------------
F:\projects\iterum\dsp\tests\unit\systems\atmosphere_ghost_test.cpp(1177)
...............................................................................

F:\projects\iterum\dsp\tests\unit\systems\atmosphere_ghost_test.cpp(1189): PASSED:
  REQUIRE( engine->getCaptureCapacitySamples() == VoragoGhostFix::kBaseCommitCaptureCapacity )
with expansion:
  1048576 (0x100000) == 1048576 (0x100000)

-------------------------------------------------------------------------------
AtmosphereGhost_DefaultInert
  clause 2 (p = 0) and clause 3 - grain stream and every counter unmoved
-------------------------------------------------------------------------------
F:\projects\iterum\dsp\tests\unit\systems\atmosphere_ghost_test.cpp(1270)
...............................................................................

F:\projects\iterum\dsp\tests\unit\systems\atmosphere_ghost_test.cpp(1273): PASSED:
  REQUIRE( engine->getGrainReverseProbability() == 0.0f )
with expansion:
  0.0f == 0.0f

F:\projects\iterum\dsp\tests\unit\systems\atmosphere_ghost_test.cpp(1279): PASSED:
  REQUIRE( engine->getGrainRngState() == VoragoGhostFix::kBaseCommitGrainRngState )
with expansion:
  8918586 (0x88163a) == 8918586 (0x88163a)

F:\projects\iterum\dsp\tests\unit\systems\atmosphere_ghost_test.cpp(1282): PASSED:
  REQUIRE( engine->getTotalGrainsBorn() == VoragoGhostFix::kBaseCommitTotalBorn )
with expansion:
  17 == 17

F:\projects\iterum\dsp\tests\unit\systems\atmosphere_ghost_test.cpp(1283): PASSED:
  REQUIRE( engine->getTotalGrainsRetired() == VoragoGhostFix::kBaseCommitTotalRetired )
with expansion:
  14 == 14

F:\projects\iterum\dsp\tests\unit\systems\atmosphere_ghost_test.cpp(1285): PASSED:
  REQUIRE( engine->getSkippedTriggerCountPoolFull() == VoragoGhostFix::kBaseCommitSkipPoolFull )
with expansion:
  0 == 0

F:\projects\iterum\dsp\tests\unit\systems\atmosphere_ghost_test.cpp(1287): PASSED:
  REQUIRE( engine->getSkippedTriggerCountRingCold() == VoragoGhostFix::kBaseCommitSkipRingCold )
with expansion:
  1 == 1

F:\projects\iterum\dsp\tests\unit\systems\atmosphere_ghost_test.cpp(1288): PASSED:
  REQUIRE( engine->getLatencySamples() == VoragoGhostFix::kBaseCommitLatencySamples )
with expansion:
  1024 (0x400) == 1024 (0x400)

0.322 s: clause 2 (p = 0) and clause 3 - grain stream and every counter unmoved
0.325 s: AtmosphereGhost_DefaultInert
-------------------------------------------------------------------------------
AtmosphereGhost_DefaultInert
-------------------------------------------------------------------------------
F:\projects\iterum\dsp\tests\unit\systems\atmosphere_ghost_test.cpp(1177)
...............................................................................

F:\projects\iterum\dsp\tests\unit\systems\atmosphere_ghost_test.cpp(1189): PASSED:
  REQUIRE( engine->getCaptureCapacitySamples() == VoragoGhostFix::kBaseCommitCaptureCapacity )
with expansion:
  1048576 (0x100000) == 1048576 (0x100000)

-------------------------------------------------------------------------------
AtmosphereGhost_DefaultInert
  clause 2 (p = 1) - the grain stream is STILL bit-identical
-------------------------------------------------------------------------------
F:\projects\iterum\dsp\tests\unit\systems\atmosphere_ghost_test.cpp(1291)
...............................................................................

F:\projects\iterum\dsp\tests\unit\systems\atmosphere_ghost_test.cpp(1293): PASSED:
  REQUIRE( engine->getGrainReverseProbability() == 1.0f )
with expansion:
  1.0f == 1.0f

F:\projects\iterum\dsp\tests\unit\systems\atmosphere_ghost_test.cpp(1298): PASSED:
  REQUIRE( engine->getGrainRngState() == VoragoGhostFix::kBaseCommitGrainRngState )
with expansion:
  8918586 (0x88163a) == 8918586 (0x88163a)

0.310 s: clause 2 (p = 1) - the grain stream is STILL bit-identical
0.313 s: AtmosphereGhost_DefaultInert
-------------------------------------------------------------------------------
AtmosphereGhost_DefaultInert
-------------------------------------------------------------------------------
F:\projects\iterum\dsp\tests\unit\systems\atmosphere_ghost_test.cpp(1177)
...............................................................................

F:\projects\iterum\dsp\tests\unit\systems\atmosphere_ghost_test.cpp(1189): PASSED:
  REQUIRE( engine->getCaptureCapacitySamples() == VoragoGhostFix::kBaseCommitCaptureCapacity )
with expansion:
  1048576 (0x100000) == 1048576 (0x100000)

-------------------------------------------------------------------------------
AtmosphereGhost_DefaultInert
  clause 2 trigger arm - 100 triggers on a warm ring, grainRng_ replica
-------------------------------------------------------------------------------
F:\projects\iterum\dsp\tests\unit\systems\atmosphere_ghost_test.cpp(1346)
...............................................................................

F:\projects\iterum\dsp\tests\unit\systems\atmosphere_ghost_test.cpp(1354): PASSED:
  REQUIRE( VoragoGhostFix::preRollFullRing(*trig, 1u, 512u) == capacity )
with expansion:
  65536 (0x10000) == 65536 (0x10000)

F:\projects\iterum\dsp\tests\unit\systems\atmosphere_ghost_test.cpp(1361): PASSED:
  REQUIRE( capacity == std::size_t{65536} )
with expansion:
  65536 (0x10000) == 65536 (0x10000)

F:\projects\iterum\dsp\tests\unit\systems\atmosphere_ghost_test.cpp(1389): PASSED:
  REQUIRE( droppedDelta == std::uint64_t{0} )
with expansion:
  0 == 0
with message:
  triggeredDelta=100 coldDelta=0 poolFullDelta=0 droppedDelta=0 bornTotal=100
  coldTotal=1

F:\projects\iterum\dsp\tests\unit\systems\atmosphere_ghost_test.cpp(1390): PASSED:
  REQUIRE( coldDelta == std::uint64_t{0} )
with expansion:
  0 == 0
with message:
  triggeredDelta=100 coldDelta=0 poolFullDelta=0 droppedDelta=0 bornTotal=100
  coldTotal=1

F:\projects\iterum\dsp\tests\unit\systems\atmosphere_ghost_test.cpp(1391): PASSED:
  REQUIRE( poolFullDelta == std::uint64_t{0} )
with expansion:
  0 == 0
with message:
  triggeredDelta=100 coldDelta=0 poolFullDelta=0 droppedDelta=0 bornTotal=100
  coldTotal=1

F:\projects\iterum\dsp\tests\unit\systems\atmosphere_ghost_test.cpp(1392): PASSED:
  REQUIRE( triggeredDelta == static_cast<std::uint64_t>(kTriggerCount) )
with expansion:
  100 == 100
with message:
  triggeredDelta=100 coldDelta=0 poolFullDelta=0 droppedDelta=0 bornTotal=100
  coldTotal=1

F:\projects\iterum\dsp\tests\unit\systems\atmosphere_ghost_test.cpp(1397): PASSED:
  REQUIRE( after.born > before.born )
with expansion:
  100 > 0
with message:
  triggeredDelta=100 coldDelta=0 poolFullDelta=0 droppedDelta=0 bornTotal=100
  coldTotal=1

F:\projects\iterum\dsp\tests\unit\systems\atmosphere_ghost_test.cpp(1410): PASSED:
  REQUIRE( replica.state() == trig->getGrainRngState() )
with expansion:
  534194471 (0x1fd72927)
  ==
  534194471 (0x1fd72927)
with messages:
  triggeredDelta=100 coldDelta=0 poolFullDelta=0 droppedDelta=0 bornTotal=100
  coldTotal=1
  attempts=101 replica=534194471 engine=534194471

0.015 s: clause 2 trigger arm - 100 triggers on a warm ring, grainRng_ replica
0.018 s: AtmosphereGhost_DefaultInert
-------------------------------------------------------------------------------
AtmosphereGhost_Determinism
  (c) the reverse stream is its own - not the raw seed, not the grain stream
-------------------------------------------------------------------------------
F:\projects\iterum\dsp\tests\unit\systems\atmosphere_ghost_test.cpp(1475)
...............................................................................

F:\projects\iterum\dsp\tests\unit\systems\atmosphere_ghost_test.cpp(1476): PASSED:
  REQUIRE( seededState == deriveStreamSeed(kSeedA, AtmosphereEngine::kReverseSalt) )
with expansion:
  1240130064 (0x49eae210)
  ==
  1240130064 (0x49eae210)

F:\projects\iterum\dsp\tests\unit\systems\atmosphere_ghost_test.cpp(1477): PASSED:
  REQUIRE( seededState != kSeedA )
with expansion:
  1240130064 (0x49eae210) != 1

F:\projects\iterum\dsp\tests\unit\systems\atmosphere_ghost_test.cpp(1478): PASSED:
  REQUIRE( seededState != deriveStreamSeed(kSeedA, AtmosphereEngine::kGrainSalt) )
with expansion:
  1240130064 (0x49eae210)
  !=
  925128527 (0x3724574f)

F:\projects\iterum\dsp\tests\unit\systems\atmosphere_ghost_test.cpp(1483): PASSED:
  REQUIRE( seededState != std::uint32_t{0} )
with expansion:
  1240130064 (0x49eae210) != 0

0.000 s: (c) the reverse stream is its own - not the raw seed, not the grain stream
0.004 s: AtmosphereGhost_Determinism
-------------------------------------------------------------------------------
AtmosphereGhost_Determinism
  (c) getReverseRngState() after reset() equals its value after prepare()
-------------------------------------------------------------------------------
F:\projects\iterum\dsp\tests\unit\systems\atmosphere_ghost_test.cpp(1486)
...............................................................................

F:\projects\iterum\dsp\tests\unit\systems\atmosphere_ghost_test.cpp(1489): PASSED:
  REQUIRE( engine.getReverseRngState() == seededState )
with expansion:
  1240130064 (0x49eae210)
  ==
  1240130064 (0x49eae210)

0.001 s: (c) getReverseRngState() after reset() equals its value after prepare()
0.005 s: AtmosphereGhost_Determinism
-------------------------------------------------------------------------------
AtmosphereGhost_Determinism
  (c) setSeed() mid-render re-seeds the reverse stream
-------------------------------------------------------------------------------
F:\projects\iterum\dsp\tests\unit\systems\atmosphere_ghost_test.cpp(1492)
...............................................................................

F:\projects\iterum\dsp\tests\unit\systems\atmosphere_ghost_test.cpp(1499): PASSED:
  REQUIRE( reseededState == deriveStreamSeed(kSeedB, AtmosphereEngine::kReverseSalt) )
with expansion:
  3576252988 (0xd5294a3c)
  ==
  3576252988 (0xd5294a3c)

F:\projects\iterum\dsp\tests\unit\systems\atmosphere_ghost_test.cpp(1500): PASSED:
  REQUIRE( reseededState != midRenderState )
with expansion:
  3576252988 (0xd5294a3c)
  !=
  2696278084 (0xa0b5f044)

0.001 s: (c) setSeed() mid-render re-seeds the reverse stream
0.004 s: AtmosphereGhost_Determinism
-------------------------------------------------------------------------------
AtmosphereGhost_Determinism
  (c) one reverse draw per birth, unconditionally - at probability 0 and 1
-------------------------------------------------------------------------------
F:\projects\iterum\dsp\tests\unit\systems\atmosphere_ghost_test.cpp(1528)
...............................................................................

F:\projects\iterum\dsp\tests\unit\systems\atmosphere_ghost_test.cpp(231): PASSED:
  REQUIRE( engine->getGrainReverseProbability() == probability )
with expansion:
  0.0f == 0.0f

F:\projects\iterum\dsp\tests\unit\systems\atmosphere_ghost_test.cpp(239): PASSED:
  REQUIRE( preRolled == engine->getCaptureCapacitySamples() )
with expansion:
  1048576 (0x100000) == 1048576 (0x100000)

F:\projects\iterum\dsp\tests\unit\systems\atmosphere_ghost_test.cpp(231): PASSED:
  REQUIRE( engine->getGrainReverseProbability() == probability )
with expansion:
  1.0f == 1.0f

F:\projects\iterum\dsp\tests\unit\systems\atmosphere_ghost_test.cpp(239): PASSED:
  REQUIRE( preRolled == engine->getCaptureCapacitySamples() )
with expansion:
  1048576 (0x100000) == 1048576 (0x100000)

F:\projects\iterum\dsp\tests\unit\systems\atmosphere_ghost_test.cpp(1556): PASSED:
  REQUIRE( arm.spanRingColdDelta == std::uint64_t{0} )
with expansion:
  0 == 0
with message:
  arm: probability 0; preRollDraws=7 spanBirths=3 spanRingColdDelta=0
  spanPoolFullDelta=0

F:\projects\iterum\dsp\tests\unit\systems\atmosphere_ghost_test.cpp(1557): PASSED:
  REQUIRE( arm.spanPoolFullDelta == std::uint64_t{0} )
with expansion:
  0 == 0
with message:
  arm: probability 0; preRollDraws=7 spanBirths=3 spanRingColdDelta=0
  spanPoolFullDelta=0

F:\projects\iterum\dsp\tests\unit\systems\atmosphere_ghost_test.cpp(1558): PASSED:
  REQUIRE( arm.spanBirths > std::uint64_t{0} )
with expansion:
  3 > 0
with message:
  arm: probability 0; preRollDraws=7 spanBirths=3 spanRingColdDelta=0
  spanPoolFullDelta=0

F:\projects\iterum\dsp\tests\unit\systems\atmosphere_ghost_test.cpp(1559): PASSED:
  REQUIRE( arm.preRollDraws > std::uint64_t{0} )
with expansion:
  7 > 0
with message:
  arm: probability 0; preRollDraws=7 spanBirths=3 spanRingColdDelta=0
  spanPoolFullDelta=0

F:\projects\iterum\dsp\tests\unit\systems\atmosphere_ghost_test.cpp(1562): PASSED:
  REQUIRE( advanceReplica(origin, arm.preRollDraws) == arm.reverseStateAtSpanStart )
with expansion:
  3616916655 (0xd795c4af)
  ==
  3616916655 (0xd795c4af)
with message:
  arm: probability 0; preRollDraws=7 spanBirths=3 spanRingColdDelta=0
  spanPoolFullDelta=0

F:\projects\iterum\dsp\tests\unit\systems\atmosphere_ghost_test.cpp(1566): PASSED:
  REQUIRE( advanceReplica(arm.reverseStateAtSpanStart, arm.spanBirths) == arm.reverseStateAtSpanEnd )
with expansion:
  3250773718 (0xc1c2ded6)
  ==
  3250773718 (0xc1c2ded6)
with message:
  arm: probability 0; preRollDraws=7 spanBirths=3 spanRingColdDelta=0
  spanPoolFullDelta=0

F:\projects\iterum\dsp\tests\unit\systems\atmosphere_ghost_test.cpp(1572): PASSED:
  REQUIRE( arm.reverseStateAtSpanEnd != origin )
with expansion:
  3250773718 (0xc1c2ded6)
  !=
  1240130064 (0x49eae210)
with message:
  arm: probability 0; preRollDraws=7 spanBirths=3 spanRingColdDelta=0
  spanPoolFullDelta=0

F:\projects\iterum\dsp\tests\unit\systems\atmosphere_ghost_test.cpp(1556): PASSED:
  REQUIRE( arm.spanRingColdDelta == std::uint64_t{0} )
with expansion:
  0 == 0
with message:
  arm: probability 1; preRollDraws=7 spanBirths=3 spanRingColdDelta=0
  spanPoolFullDelta=0

F:\projects\iterum\dsp\tests\unit\systems\atmosphere_ghost_test.cpp(1557): PASSED:
  REQUIRE( arm.spanPoolFullDelta == std::uint64_t{0} )
with expansion:
  0 == 0
with message:
  arm: probability 1; preRollDraws=7 spanBirths=3 spanRingColdDelta=0
  spanPoolFullDelta=0

F:\projects\iterum\dsp\tests\unit\systems\atmosphere_ghost_test.cpp(1558): PASSED:
  REQUIRE( arm.spanBirths > std::uint64_t{0} )
with expansion:
  3 > 0
with message:
  arm: probability 1; preRollDraws=7 spanBirths=3 spanRingColdDelta=0
  spanPoolFullDelta=0

F:\projects\iterum\dsp\tests\unit\systems\atmosphere_ghost_test.cpp(1559): PASSED:
  REQUIRE( arm.preRollDraws > std::uint64_t{0} )
with expansion:
  7 > 0
with message:
  arm: probability 1; preRollDraws=7 spanBirths=3 spanRingColdDelta=0
  spanPoolFullDelta=0

F:\projects\iterum\dsp\tests\unit\systems\atmosphere_ghost_test.cpp(1562): PASSED:
  REQUIRE( advanceReplica(origin, arm.preRollDraws) == arm.reverseStateAtSpanStart )
with expansion:
  3616916655 (0xd795c4af)
  ==
  3616916655 (0xd795c4af)
with message:
  arm: probability 1; preRollDraws=7 spanBirths=3 spanRingColdDelta=0
  spanPoolFullDelta=0

F:\projects\iterum\dsp\tests\unit\systems\atmosphere_ghost_test.cpp(1566): PASSED:
  REQUIRE( advanceReplica(arm.reverseStateAtSpanStart, arm.spanBirths) == arm.reverseStateAtSpanEnd )
with expansion:
  3250773718 (0xc1c2ded6)
  ==
  3250773718 (0xc1c2ded6)
with message:
  arm: probability 1; preRollDraws=7 spanBirths=3 spanRingColdDelta=0
  spanPoolFullDelta=0

F:\projects\iterum\dsp\tests\unit\systems\atmosphere_ghost_test.cpp(1572): PASSED:
  REQUIRE( arm.reverseStateAtSpanEnd != origin )
with expansion:
  3250773718 (0xc1c2ded6)
  !=
  1240130064 (0x49eae210)
with message:
  arm: probability 1; preRollDraws=7 spanBirths=3 spanRingColdDelta=0
  spanPoolFullDelta=0

F:\projects\iterum\dsp\tests\unit\systems\atmosphere_ghost_test.cpp(1581): PASSED:
  REQUIRE( forward.reverseStateAtSpanStart == reversed.reverseStateAtSpanStart )
with expansion:
  3616916655 (0xd795c4af)
  ==
  3616916655 (0xd795c4af)

F:\projects\iterum\dsp\tests\unit\systems\atmosphere_ghost_test.cpp(1582): PASSED:
  REQUIRE( forward.reverseStateAtSpanEnd == reversed.reverseStateAtSpanEnd )
with expansion:
  3250773718 (0xc1c2ded6)
  ==
  3250773718 (0xc1c2ded6)

F:\projects\iterum\dsp\tests\unit\systems\atmosphere_ghost_test.cpp(1583): PASSED:
  REQUIRE( forward.spanBirths == reversed.spanBirths )
with expansion:
  3 == 3

0.334 s: (c) one reverse draw per birth, unconditionally - at probability 0 and 1
0.337 s: AtmosphereGhost_Determinism
-------------------------------------------------------------------------------
AtmosphereGhost_Determinism
  (a) two engines at the same seed and schedule render the same audio
-------------------------------------------------------------------------------
F:\projects\iterum\dsp\tests\unit\systems\atmosphere_ghost_test.cpp(1604)
...............................................................................

F:\projects\iterum\dsp\tests\unit\systems\atmosphere_ghost_test.cpp(1077): PASSED:
  REQUIRE( preRolled == engine->getCaptureCapacitySamples() )
with expansion:
  262144 (0x40000) == 262144 (0x40000)
with message:
  probability = 0

F:\projects\iterum\dsp\tests\unit\systems\atmosphere_ghost_test.cpp(1077): PASSED:
  REQUIRE( preRolled == engine->getCaptureCapacitySamples() )
with expansion:
  262144 (0x40000) == 262144 (0x40000)
with message:
  probability = 0

F:\projects\iterum\dsp\tests\unit\systems\atmosphere_ghost_test.cpp(1124): PASSED:
  REQUIRE( arm.bornDelta > std::uint64_t{0} )
with expansion:
  17 > 0
with messages:
  probability = 0
  arm first: born=17 reverseBorn=0 triggered=12 ringCold=0 poolFull=0 dropped=0
  rms=0.135385 peak=0.915552 totalVariation=1936.92

F:\projects\iterum\dsp\tests\unit\systems\atmosphere_ghost_test.cpp(1126): PASSED:
  REQUIRE( arm.triggeredDelta > std::uint64_t{0} )
with expansion:
  12 > 0
with messages:
  probability = 0
  arm first: born=17 reverseBorn=0 triggered=12 ringCold=0 poolFull=0 dropped=0
  rms=0.135385 peak=0.915552 totalVariation=1936.92

F:\projects\iterum\dsp\tests\unit\systems\atmosphere_ghost_test.cpp(1127): PASSED:
  REQUIRE( arm.droppedDelta == std::uint64_t{0} )
with expansion:
  0 == 0
with messages:
  probability = 0
  arm first: born=17 reverseBorn=0 triggered=12 ringCold=0 poolFull=0 dropped=0
  rms=0.135385 peak=0.915552 totalVariation=1936.92

F:\projects\iterum\dsp\tests\unit\systems\atmosphere_ghost_test.cpp(1129): PASSED:
  REQUIRE( arm.poolFullDelta == std::uint64_t{0} )
with expansion:
  0 == 0
with messages:
  probability = 0
  arm first: born=17 reverseBorn=0 triggered=12 ringCold=0 poolFull=0 dropped=0
  rms=0.135385 peak=0.915552 totalVariation=1936.92

F:\projects\iterum\dsp\tests\unit\systems\atmosphere_ghost_test.cpp(1132): PASSED:
  REQUIRE( arm.left.rms > 1.0e-6 )
with expansion:
  0.1353850392 > 0.000001
with messages:
  probability = 0
  arm first: born=17 reverseBorn=0 triggered=12 ringCold=0 poolFull=0 dropped=0
  rms=0.135385 peak=0.915552 totalVariation=1936.92

F:\projects\iterum\dsp\tests\unit\systems\atmosphere_ghost_test.cpp(1133): PASSED:
  REQUIRE( arm.left.peak > 1.0e-5 )
with expansion:
  0.9155523777 > 0.00001
with messages:
  probability = 0
  arm first: born=17 reverseBorn=0 triggered=12 ringCold=0 poolFull=0 dropped=0
  rms=0.135385 peak=0.915552 totalVariation=1936.92

F:\projects\iterum\dsp\tests\unit\systems\atmosphere_ghost_test.cpp(1134): PASSED:
  REQUIRE( arm.left.totalVariation > 1.0 )
with expansion:
  1936.9235485109 > 1.0
with messages:
  probability = 0
  arm first: born=17 reverseBorn=0 triggered=12 ringCold=0 poolFull=0 dropped=0
  rms=0.135385 peak=0.915552 totalVariation=1936.92

F:\projects\iterum\dsp\tests\unit\systems\atmosphere_ghost_test.cpp(1124): PASSED:
  REQUIRE( arm.bornDelta > std::uint64_t{0} )
with expansion:
  17 > 0
with messages:
  probability = 0
  arm second: born=17 reverseBorn=0 triggered=12 ringCold=0 poolFull=0 dropped=
  0 rms=0.135385 peak=0.915552 totalVariation=1936.92

F:\projects\iterum\dsp\tests\unit\systems\atmosphere_ghost_test.cpp(1126): PASSED:
  REQUIRE( arm.triggeredDelta > std::uint64_t{0} )
with expansion:
  12 > 0
with messages:
  probability = 0
  arm second: born=17 reverseBorn=0 triggered=12 ringCold=0 poolFull=0 dropped=
  0 rms=0.135385 peak=0.915552 totalVariation=1936.92

F:\projects\iterum\dsp\tests\unit\systems\atmosphere_ghost_test.cpp(1127): PASSED:
  REQUIRE( arm.droppedDelta == std::uint64_t{0} )
with expansion:
  0 == 0
with messages:
  probability = 0
  arm second: born=17 reverseBorn=0 triggered=12 ringCold=0 poolFull=0 dropped=
  0 rms=0.135385 peak=0.915552 totalVariation=1936.92

F:\projects\iterum\dsp\tests\unit\systems\atmosphere_ghost_test.cpp(1129): PASSED:
  REQUIRE( arm.poolFullDelta == std::uint64_t{0} )
with expansion:
  0 == 0
with messages:
  probability = 0
  arm second: born=17 reverseBorn=0 triggered=12 ringCold=0 poolFull=0 dropped=
  0 rms=0.135385 peak=0.915552 totalVariation=1936.92

F:\projects\iterum\dsp\tests\unit\systems\atmosphere_ghost_test.cpp(1132): PASSED:
  REQUIRE( arm.left.rms > 1.0e-6 )
with expansion:
  0.1353850392 > 0.000001
with messages:
  probability = 0
  arm second: born=17 reverseBorn=0 triggered=12 ringCold=0 poolFull=0 dropped=
  0 rms=0.135385 peak=0.915552 totalVariation=1936.92

F:\projects\iterum\dsp\tests\unit\systems\atmosphere_ghost_test.cpp(1133): PASSED:
  REQUIRE( arm.left.peak > 1.0e-5 )
with expansion:
  0.9155523777 > 0.00001
with messages:
  probability = 0
  arm second: born=17 reverseBorn=0 triggered=12 ringCold=0 poolFull=0 dropped=
  0 rms=0.135385 peak=0.915552 totalVariation=1936.92

F:\projects\iterum\dsp\tests\unit\systems\atmosphere_ghost_test.cpp(1134): PASSED:
  REQUIRE( arm.left.totalVariation > 1.0 )
with expansion:
  1936.9235485109 > 1.0
with messages:
  probability = 0
  arm second: born=17 reverseBorn=0 triggered=12 ringCold=0 poolFull=0 dropped=
  0 rms=0.135385 peak=0.915552 totalVariation=1936.92

F:\projects\iterum\dsp\tests\unit\systems\atmosphere_ghost_test.cpp(1624): PASSED:
  REQUIRE( first.bornDelta == second.bornDelta )
with expansion:
  17 == 17
with message:
  probability = 0

F:\projects\iterum\dsp\tests\unit\systems\atmosphere_ghost_test.cpp(1625): PASSED:
  REQUIRE( first.reverseBornDelta == second.reverseBornDelta )
with expansion:
  0 == 0
with message:
  probability = 0

F:\projects\iterum\dsp\tests\unit\systems\atmosphere_ghost_test.cpp(1626): PASSED:
  REQUIRE( first.triggeredDelta == second.triggeredDelta )
with expansion:
  12 == 12
with message:
  probability = 0

F:\projects\iterum\dsp\tests\unit\systems\atmosphere_ghost_test.cpp(1627): PASSED:
  REQUIRE( first.ringColdDelta == second.ringColdDelta )
with expansion:
  0 == 0
with message:
  probability = 0

F:\projects\iterum\dsp\tests\unit\systems\atmosphere_ghost_test.cpp(1636): PASSED:
  REQUIRE( first.reverseBornDelta == std::uint64_t{0} )
with expansion:
  0 == 0
with message:
  probability = 0

F:\projects\iterum\dsp\tests\unit\systems\atmosphere_ghost_test.cpp(1647): PASSED:
  REQUIRE( cmp.withinTolerance() )
with expansion:
  true
with messages:
  probability = 0

  worst metric relative error 0 (bound 0.00025), worst sample error 0 (bound 0.
  0005)

F:\projects\iterum\dsp\tests\unit\systems\atmosphere_ghost_test.cpp(1077): PASSED:
  REQUIRE( preRolled == engine->getCaptureCapacitySamples() )
with expansion:
  262144 (0x40000) == 262144 (0x40000)
with message:
  probability = 0.5

F:\projects\iterum\dsp\tests\unit\systems\atmosphere_ghost_test.cpp(1077): PASSED:
  REQUIRE( preRolled == engine->getCaptureCapacitySamples() )
with expansion:
  262144 (0x40000) == 262144 (0x40000)
with message:
  probability = 0.5

F:\projects\iterum\dsp\tests\unit\systems\atmosphere_ghost_test.cpp(1124): PASSED:
  REQUIRE( arm.bornDelta > std::uint64_t{0} )
with expansion:
  17 > 0
with messages:
  probability = 0.5
  arm first: born=17 reverseBorn=9 triggered=12 ringCold=0 poolFull=0 dropped=0
  rms=0.13164 peak=0.741038 totalVariation=1936.97

F:\projects\iterum\dsp\tests\unit\systems\atmosphere_ghost_test.cpp(1126): PASSED:
  REQUIRE( arm.triggeredDelta > std::uint64_t{0} )
with expansion:
  12 > 0
with messages:
  probability = 0.5
  arm first: born=17 reverseBorn=9 triggered=12 ringCold=0 poolFull=0 dropped=0
  rms=0.13164 peak=0.741038 totalVariation=1936.97

F:\projects\iterum\dsp\tests\unit\systems\atmosphere_ghost_test.cpp(1127): PASSED:
  REQUIRE( arm.droppedDelta == std::uint64_t{0} )
with expansion:
  0 == 0
with messages:
  probability = 0.5
  arm first: born=17 reverseBorn=9 triggered=12 ringCold=0 poolFull=0 dropped=0
  rms=0.13164 peak=0.741038 totalVariation=1936.97

F:\projects\iterum\dsp\tests\unit\systems\atmosphere_ghost_test.cpp(1129): PASSED:
  REQUIRE( arm.poolFullDelta == std::uint64_t{0} )
with expansion:
  0 == 0
with messages:
  probability = 0.5
  arm first: born=17 reverseBorn=9 triggered=12 ringCold=0 poolFull=0 dropped=0
  rms=0.13164 peak=0.741038 totalVariation=1936.97

F:\projects\iterum\dsp\tests\unit\systems\atmosphere_ghost_test.cpp(1132): PASSED:
  REQUIRE( arm.left.rms > 1.0e-6 )
with expansion:
  0.1316404056 > 0.000001
with messages:
  probability = 0.5
  arm first: born=17 reverseBorn=9 triggered=12 ringCold=0 poolFull=0 dropped=0
  rms=0.13164 peak=0.741038 totalVariation=1936.97

F:\projects\iterum\dsp\tests\unit\systems\atmosphere_ghost_test.cpp(1133): PASSED:
  REQUIRE( arm.left.peak > 1.0e-5 )
with expansion:
  0.7410383821 > 0.00001
with messages:
  probability = 0.5
  arm first: born=17 reverseBorn=9 triggered=12 ringCold=0 poolFull=0 dropped=0
  rms=0.13164 peak=0.741038 totalVariation=1936.97

F:\projects\iterum\dsp\tests\unit\systems\atmosphere_ghost_test.cpp(1134): PASSED:
  REQUIRE( arm.left.totalVariation > 1.0 )
with expansion:
  1936.9685256622 > 1.0
with messages:
  probability = 0.5
  arm first: born=17 reverseBorn=9 triggered=12 ringCold=0 poolFull=0 dropped=0
  rms=0.13164 peak=0.741038 totalVariation=1936.97

F:\projects\iterum\dsp\tests\unit\systems\atmosphere_ghost_test.cpp(1124): PASSED:
  REQUIRE( arm.bornDelta > std::uint64_t{0} )
with expansion:
  17 > 0
with messages:
  probability = 0.5
  arm second: born=17 reverseBorn=9 triggered=12 ringCold=0 poolFull=0 dropped=
  0 rms=0.13164 peak=0.741038 totalVariation=1936.97

F:\projects\iterum\dsp\tests\unit\systems\atmosphere_ghost_test.cpp(1126): PASSED:
  REQUIRE( arm.triggeredDelta > std::uint64_t{0} )
with expansion:
  12 > 0
with messages:
  probability = 0.5
  arm second: born=17 reverseBorn=9 triggered=12 ringCold=0 poolFull=0 dropped=
  0 rms=0.13164 peak=0.741038 totalVariation=1936.97

F:\projects\iterum\dsp\tests\unit\systems\atmosphere_ghost_test.cpp(1127): PASSED:
  REQUIRE( arm.droppedDelta == std::uint64_t{0} )
with expansion:
  0 == 0
with messages:
  probability = 0.5
  arm second: born=17 reverseBorn=9 triggered=12 ringCold=0 poolFull=0 dropped=
  0 rms=0.13164 peak=0.741038 totalVariation=1936.97

F:\projects\iterum\dsp\tests\unit\systems\atmosphere_ghost_test.cpp(1129): PASSED:
  REQUIRE( arm.poolFullDelta == std::uint64_t{0} )
with expansion:
  0 == 0
with messages:
  probability = 0.5
  arm second: born=17 reverseBorn=9 triggered=12 ringCold=0 poolFull=0 dropped=
  0 rms=0.13164 peak=0.741038 totalVariation=1936.97

F:\projects\iterum\dsp\tests\unit\systems\atmosphere_ghost_test.cpp(1132): PASSED:
  REQUIRE( arm.left.rms > 1.0e-6 )
with expansion:
  0.1316404056 > 0.000001
with messages:
  probability = 0.5
  arm second: born=17 reverseBorn=9 triggered=12 ringCold=0 poolFull=0 dropped=
  0 rms=0.13164 peak=0.741038 totalVariation=1936.97

F:\projects\iterum\dsp\tests\unit\systems\atmosphere_ghost_test.cpp(1133): PASSED:
  REQUIRE( arm.left.peak > 1.0e-5 )
with expansion:
  0.7410383821 > 0.00001
with messages:
  probability = 0.5
  arm second: born=17 reverseBorn=9 triggered=12 ringCold=0 poolFull=0 dropped=
  0 rms=0.13164 peak=0.741038 totalVariation=1936.97

F:\projects\iterum\dsp\tests\unit\systems\atmosphere_ghost_test.cpp(1134): PASSED:
  REQUIRE( arm.left.totalVariation > 1.0 )
with expansion:
  1936.9685256622 > 1.0
with messages:
  probability = 0.5
  arm second: born=17 reverseBorn=9 triggered=12 ringCold=0 poolFull=0 dropped=
  0 rms=0.13164 peak=0.741038 totalVariation=1936.97

F:\projects\iterum\dsp\tests\unit\systems\atmosphere_ghost_test.cpp(1624): PASSED:
  REQUIRE( first.bornDelta == second.bornDelta )
with expansion:
  17 == 17
with message:
  probability = 0.5

F:\projects\iterum\dsp\tests\unit\systems\atmosphere_ghost_test.cpp(1625): PASSED:
  REQUIRE( first.reverseBornDelta == second.reverseBornDelta )
with expansion:
  9 == 9
with message:
  probability = 0.5

F:\projects\iterum\dsp\tests\unit\systems\atmosphere_ghost_test.cpp(1626): PASSED:
  REQUIRE( first.triggeredDelta == second.triggeredDelta )
with expansion:
  12 == 12
with message:
  probability = 0.5

F:\projects\iterum\dsp\tests\unit\systems\atmosphere_ghost_test.cpp(1627): PASSED:
  REQUIRE( first.ringColdDelta == second.ringColdDelta )
with expansion:
  0 == 0
with message:
  probability = 0.5

F:\projects\iterum\dsp\tests\unit\systems\atmosphere_ghost_test.cpp(1638): PASSED:
  REQUIRE( first.reverseBornDelta > std::uint64_t{0} )
with expansion:
  9 > 0
with message:
  probability = 0.5

F:\projects\iterum\dsp\tests\unit\systems\atmosphere_ghost_test.cpp(1647): PASSED:
  REQUIRE( cmp.withinTolerance() )
with expansion:
  true
with messages:
  probability = 0.5

  worst metric relative error 0 (bound 0.00025), worst sample error 0 (bound 0.
  0005)

F:\projects\iterum\dsp\tests\unit\systems\atmosphere_ghost_test.cpp(1077): PASSED:
  REQUIRE( preRolled == engine->getCaptureCapacitySamples() )
with expansion:
  262144 (0x40000) == 262144 (0x40000)
with message:
  probability = 1

F:\projects\iterum\dsp\tests\unit\systems\atmosphere_ghost_test.cpp(1077): PASSED:
  REQUIRE( preRolled == engine->getCaptureCapacitySamples() )
with expansion:
  262144 (0x40000) == 262144 (0x40000)
with message:
  probability = 1

F:\projects\iterum\dsp\tests\unit\systems\atmosphere_ghost_test.cpp(1124): PASSED:
  REQUIRE( arm.bornDelta > std::uint64_t{0} )
with expansion:
  17 > 0
with messages:
  probability = 1
  arm first: born=17 reverseBorn=17 triggered=12 ringCold=0 poolFull=0 dropped=
  0 rms=0.13467 peak=0.741038 totalVariation=1931.38

F:\projects\iterum\dsp\tests\unit\systems\atmosphere_ghost_test.cpp(1126): PASSED:
  REQUIRE( arm.triggeredDelta > std::uint64_t{0} )
with expansion:
  12 > 0
with messages:
  probability = 1
  arm first: born=17 reverseBorn=17 triggered=12 ringCold=0 poolFull=0 dropped=
  0 rms=0.13467 peak=0.741038 totalVariation=1931.38

F:\projects\iterum\dsp\tests\unit\systems\atmosphere_ghost_test.cpp(1127): PASSED:
  REQUIRE( arm.droppedDelta == std::uint64_t{0} )
with expansion:
  0 == 0
with messages:
  probability = 1
  arm first: born=17 reverseBorn=17 triggered=12 ringCold=0 poolFull=0 dropped=
  0 rms=0.13467 peak=0.741038 totalVariation=1931.38

F:\projects\iterum\dsp\tests\unit\systems\atmosphere_ghost_test.cpp(1129): PASSED:
  REQUIRE( arm.poolFullDelta == std::uint64_t{0} )
with expansion:
  0 == 0
with messages:
  probability = 1
  arm first: born=17 reverseBorn=17 triggered=12 ringCold=0 poolFull=0 dropped=
  0 rms=0.13467 peak=0.741038 totalVariation=1931.38

F:\projects\iterum\dsp\tests\unit\systems\atmosphere_ghost_test.cpp(1132): PASSED:
  REQUIRE( arm.left.rms > 1.0e-6 )
with expansion:
  0.1346703151 > 0.000001
with messages:
  probability = 1
  arm first: born=17 reverseBorn=17 triggered=12 ringCold=0 poolFull=0 dropped=
  0 rms=0.13467 peak=0.741038 totalVariation=1931.38

F:\projects\iterum\dsp\tests\unit\systems\atmosphere_ghost_test.cpp(1133): PASSED:
  REQUIRE( arm.left.peak > 1.0e-5 )
with expansion:
  0.7410383821 > 0.00001
with messages:
  probability = 1
  arm first: born=17 reverseBorn=17 triggered=12 ringCold=0 poolFull=0 dropped=
  0 rms=0.13467 peak=0.741038 totalVariation=1931.38

F:\projects\iterum\dsp\tests\unit\systems\atmosphere_ghost_test.cpp(1134): PASSED:
  REQUIRE( arm.left.totalVariation > 1.0 )
with expansion:
  1931.3807745158 > 1.0
with messages:
  probability = 1
  arm first: born=17 reverseBorn=17 triggered=12 ringCold=0 poolFull=0 dropped=
  0 rms=0.13467 peak=0.741038 totalVariation=1931.38

F:\projects\iterum\dsp\tests\unit\systems\atmosphere_ghost_test.cpp(1124): PASSED:
  REQUIRE( arm.bornDelta > std::uint64_t{0} )
with expansion:
  17 > 0
with messages:
  probability = 1
  arm second: born=17 reverseBorn=17 triggered=12 ringCold=0 poolFull=0
  dropped=0 rms=0.13467 peak=0.741038 totalVariation=1931.38

F:\projects\iterum\dsp\tests\unit\systems\atmosphere_ghost_test.cpp(1126): PASSED:
  REQUIRE( arm.triggeredDelta > std::uint64_t{0} )
with expansion:
  12 > 0
with messages:
  probability = 1
  arm second: born=17 reverseBorn=17 triggered=12 ringCold=0 poolFull=0
  dropped=0 rms=0.13467 peak=0.741038 totalVariation=1931.38

F:\projects\iterum\dsp\tests\unit\systems\atmosphere_ghost_test.cpp(1127): PASSED:
  REQUIRE( arm.droppedDelta == std::uint64_t{0} )
with expansion:
  0 == 0
with messages:
  probability = 1
  arm second: born=17 reverseBorn=17 triggered=12 ringCold=0 poolFull=0
  dropped=0 rms=0.13467 peak=0.741038 totalVariation=1931.38

F:\projects\iterum\dsp\tests\unit\systems\atmosphere_ghost_test.cpp(1129): PASSED:
  REQUIRE( arm.poolFullDelta == std::uint64_t{0} )
with expansion:
  0 == 0
with messages:
  probability = 1
  arm second: born=17 reverseBorn=17 triggered=12 ringCold=0 poolFull=0
  dropped=0 rms=0.13467 peak=0.741038 totalVariation=1931.38

F:\projects\iterum\dsp\tests\unit\systems\atmosphere_ghost_test.cpp(1132): PASSED:
  REQUIRE( arm.left.rms > 1.0e-6 )
with expansion:
  0.1346703151 > 0.000001
with messages:
  probability = 1
  arm second: born=17 reverseBorn=17 triggered=12 ringCold=0 poolFull=0
  dropped=0 rms=0.13467 peak=0.741038 totalVariation=1931.38

F:\projects\iterum\dsp\tests\unit\systems\atmosphere_ghost_test.cpp(1133): PASSED:
  REQUIRE( arm.left.peak > 1.0e-5 )
with expansion:
  0.7410383821 > 0.00001
with messages:
  probability = 1
  arm second: born=17 reverseBorn=17 triggered=12 ringCold=0 poolFull=0
  dropped=0 rms=0.13467 peak=0.741038 totalVariation=1931.38

F:\projects\iterum\dsp\tests\unit\systems\atmosphere_ghost_test.cpp(1134): PASSED:
  REQUIRE( arm.left.totalVariation > 1.0 )
with expansion:
  1931.3807745158 > 1.0
with messages:
  probability = 1
  arm second: born=17 reverseBorn=17 triggered=12 ringCold=0 poolFull=0
  dropped=0 rms=0.13467 peak=0.741038 totalVariation=1931.38

F:\projects\iterum\dsp\tests\unit\systems\atmosphere_ghost_test.cpp(1624): PASSED:
  REQUIRE( first.bornDelta == second.bornDelta )
with expansion:
  17 == 17
with message:
  probability = 1

F:\projects\iterum\dsp\tests\unit\systems\atmosphere_ghost_test.cpp(1625): PASSED:
  REQUIRE( first.reverseBornDelta == second.reverseBornDelta )
with expansion:
  17 == 17
with message:
  probability = 1

F:\projects\iterum\dsp\tests\unit\systems\atmosphere_ghost_test.cpp(1626): PASSED:
  REQUIRE( first.triggeredDelta == second.triggeredDelta )
with expansion:
  12 == 12
with message:
  probability = 1

F:\projects\iterum\dsp\tests\unit\systems\atmosphere_ghost_test.cpp(1627): PASSED:
  REQUIRE( first.ringColdDelta == second.ringColdDelta )
with expansion:
  0 == 0
with message:
  probability = 1

F:\projects\iterum\dsp\tests\unit\systems\atmosphere_ghost_test.cpp(1638): PASSED:
  REQUIRE( first.reverseBornDelta > std::uint64_t{0} )
with expansion:
  17 > 0
with message:
  probability = 1

F:\projects\iterum\dsp\tests\unit\systems\atmosphere_ghost_test.cpp(1647): PASSED:
  REQUIRE( cmp.withinTolerance() )
with expansion:
  true
with messages:
  probability = 1

  worst metric relative error 0 (bound 0.00025), worst sample error 0 (bound 0.
  0005)

0.112 s: (a) two engines at the same seed and schedule render the same audio
0.115 s: AtmosphereGhost_Determinism
-------------------------------------------------------------------------------
AtmosphereGhost_Determinism
  (b) two engines at different seeds separate at probability 0.5
-------------------------------------------------------------------------------
F:\projects\iterum\dsp\tests\unit\systems\atmosphere_ghost_test.cpp(1664)
...............................................................................

F:\projects\iterum\dsp\tests\unit\systems\atmosphere_ghost_test.cpp(1077): PASSED:
  REQUIRE( preRolled == engine->getCaptureCapacitySamples() )
with expansion:
  262144 (0x40000) == 262144 (0x40000)

F:\projects\iterum\dsp\tests\unit\systems\atmosphere_ghost_test.cpp(1077): PASSED:
  REQUIRE( preRolled == engine->getCaptureCapacitySamples() )
with expansion:
  262144 (0x40000) == 262144 (0x40000)

F:\projects\iterum\dsp\tests\unit\systems\atmosphere_ghost_test.cpp(1124): PASSED:
  REQUIRE( arm.bornDelta > std::uint64_t{0} )
with expansion:
  17 > 0
with message:
  arm seed A: born=17 reverseBorn=9 triggered=12 ringCold=0 poolFull=0 dropped=
  0 rms=0.13164 peak=0.741038 totalVariation=1936.97

F:\projects\iterum\dsp\tests\unit\systems\atmosphere_ghost_test.cpp(1126): PASSED:
  REQUIRE( arm.triggeredDelta > std::uint64_t{0} )
with expansion:
  12 > 0
with message:
  arm seed A: born=17 reverseBorn=9 triggered=12 ringCold=0 poolFull=0 dropped=
  0 rms=0.13164 peak=0.741038 totalVariation=1936.97

F:\projects\iterum\dsp\tests\unit\systems\atmosphere_ghost_test.cpp(1127): PASSED:
  REQUIRE( arm.droppedDelta == std::uint64_t{0} )
with expansion:
  0 == 0
with message:
  arm seed A: born=17 reverseBorn=9 triggered=12 ringCold=0 poolFull=0 dropped=
  0 rms=0.13164 peak=0.741038 totalVariation=1936.97

F:\projects\iterum\dsp\tests\unit\systems\atmosphere_ghost_test.cpp(1129): PASSED:
  REQUIRE( arm.poolFullDelta == std::uint64_t{0} )
with expansion:
  0 == 0
with message:
  arm seed A: born=17 reverseBorn=9 triggered=12 ringCold=0 poolFull=0 dropped=
  0 rms=0.13164 peak=0.741038 totalVariation=1936.97

F:\projects\iterum\dsp\tests\unit\systems\atmosphere_ghost_test.cpp(1132): PASSED:
  REQUIRE( arm.left.rms > 1.0e-6 )
with expansion:
  0.1316404056 > 0.000001
with message:
  arm seed A: born=17 reverseBorn=9 triggered=12 ringCold=0 poolFull=0 dropped=
  0 rms=0.13164 peak=0.741038 totalVariation=1936.97

F:\projects\iterum\dsp\tests\unit\systems\atmosphere_ghost_test.cpp(1133): PASSED:
  REQUIRE( arm.left.peak > 1.0e-5 )
with expansion:
  0.7410383821 > 0.00001
with message:
  arm seed A: born=17 reverseBorn=9 triggered=12 ringCold=0 poolFull=0 dropped=
  0 rms=0.13164 peak=0.741038 totalVariation=1936.97

F:\projects\iterum\dsp\tests\unit\systems\atmosphere_ghost_test.cpp(1134): PASSED:
  REQUIRE( arm.left.totalVariation > 1.0 )
with expansion:
  1936.9685256622 > 1.0
with message:
  arm seed A: born=17 reverseBorn=9 triggered=12 ringCold=0 poolFull=0 dropped=
  0 rms=0.13164 peak=0.741038 totalVariation=1936.97

F:\projects\iterum\dsp\tests\unit\systems\atmosphere_ghost_test.cpp(1124): PASSED:
  REQUIRE( arm.bornDelta > std::uint64_t{0} )
with expansion:
  18 > 0
with message:
  arm seed B: born=18 reverseBorn=11 triggered=12 ringCold=0 poolFull=0
  dropped=0 rms=0.118084 peak=0.586927 totalVariation=1749.92

F:\projects\iterum\dsp\tests\unit\systems\atmosphere_ghost_test.cpp(1126): PASSED:
  REQUIRE( arm.triggeredDelta > std::uint64_t{0} )
with expansion:
  12 > 0
with message:
  arm seed B: born=18 reverseBorn=11 triggered=12 ringCold=0 poolFull=0
  dropped=0 rms=0.118084 peak=0.586927 totalVariation=1749.92

F:\projects\iterum\dsp\tests\unit\systems\atmosphere_ghost_test.cpp(1127): PASSED:
  REQUIRE( arm.droppedDelta == std::uint64_t{0} )
with expansion:
  0 == 0
with message:
  arm seed B: born=18 reverseBorn=11 triggered=12 ringCold=0 poolFull=0
  dropped=0 rms=0.118084 peak=0.586927 totalVariation=1749.92

F:\projects\iterum\dsp\tests\unit\systems\atmosphere_ghost_test.cpp(1129): PASSED:
  REQUIRE( arm.poolFullDelta == std::uint64_t{0} )
with expansion:
  0 == 0
with message:
  arm seed B: born=18 reverseBorn=11 triggered=12 ringCold=0 poolFull=0
  dropped=0 rms=0.118084 peak=0.586927 totalVariation=1749.92

F:\projects\iterum\dsp\tests\unit\systems\atmosphere_ghost_test.cpp(1132): PASSED:
  REQUIRE( arm.left.rms > 1.0e-6 )
with expansion:
  0.1180844199 > 0.000001
with message:
  arm seed B: born=18 reverseBorn=11 triggered=12 ringCold=0 poolFull=0
  dropped=0 rms=0.118084 peak=0.586927 totalVariation=1749.92

F:\projects\iterum\dsp\tests\unit\systems\atmosphere_ghost_test.cpp(1133): PASSED:
  REQUIRE( arm.left.peak > 1.0e-5 )
with expansion:
  0.5869266391 > 0.00001
with message:
  arm seed B: born=18 reverseBorn=11 triggered=12 ringCold=0 poolFull=0
  dropped=0 rms=0.118084 peak=0.586927 totalVariation=1749.92

F:\projects\iterum\dsp\tests\unit\systems\atmosphere_ghost_test.cpp(1134): PASSED:
  REQUIRE( arm.left.totalVariation > 1.0 )
with expansion:
  1749.9204370734 > 1.0
with message:
  arm seed B: born=18 reverseBorn=11 triggered=12 ringCold=0 poolFull=0
  dropped=0 rms=0.118084 peak=0.586927 totalVariation=1749.92

F:\projects\iterum\dsp\tests\unit\systems\atmosphere_ghost_test.cpp(1679): PASSED:
  REQUIRE( cmp.worstMetricRelativeError > 100.0 * Krate::DSP::TestUtils::kMetricTolerance )
with expansion:
  0.2625741153 > 0.025
with messages:
  checkpoint[16] actual=0.264236 reference=-0.132170
  worst metric relative error 0.262574 against a separation floor of 0.025;
  worst sample error 0.396405

0.042 s: (b) two engines at different seeds separate at probability 0.5
0.045 s: AtmosphereGhost_Determinism
-------------------------------------------------------------------------------
AtmosphereGhost_Determinism
  weak consistency - a render with no birth leaves the reverse counter at zero
-------------------------------------------------------------------------------
F:\projects\iterum\dsp\tests\unit\systems\atmosphere_ghost_test.cpp(1699)
...............................................................................

F:\projects\iterum\dsp\tests\unit\systems\atmosphere_ghost_test.cpp(1712): PASSED:
  REQUIRE( coldEngine->getGrainReverseProbability() == 1.0f )
with expansion:
  1.0f == 1.0f

F:\projects\iterum\dsp\tests\unit\systems\atmosphere_ghost_test.cpp(1722): PASSED:
  REQUIRE( counters.born == std::uint64_t{0} )
with expansion:
  0 == 0
with message:
  born=0 reverseBorn=0 ringCold=1 poolFull=0

F:\projects\iterum\dsp\tests\unit\systems\atmosphere_ghost_test.cpp(1723): PASSED:
  REQUIRE( counters.ringCold >= std::uint64_t{1} )
with expansion:
  1 >= 1
with message:
  born=0 reverseBorn=0 ringCold=1 poolFull=0

F:\projects\iterum\dsp\tests\unit\systems\atmosphere_ghost_test.cpp(1726): PASSED:
  REQUIRE( counters.reverseBorn == std::uint64_t{0} )
with expansion:
  0 == 0
with message:
  born=0 reverseBorn=0 ringCold=1 poolFull=0

0.000 s: weak consistency - a render with no birth leaves the reverse counter at zero
0.003 s: AtmosphereGhost_Determinism
-------------------------------------------------------------------------------
AtmosphereGhost_AppendOnly
-------------------------------------------------------------------------------
F:\projects\iterum\dsp\tests\unit\systems\atmosphere_ghost_test.cpp(1749)
...............................................................................

F:\projects\iterum\dsp\tests\unit\systems\atmosphere_ghost_test.cpp(1775): PASSED:
with message:
  SC-006 has SIX clauses; this case carries only the compile-time part.
    1. zero modified files under dsp/tests/unit/systems/ except
       vorago_perf_test.cpp (FR-047's seven-constant move) - discharged by
       tools/check-seraphis-green.js (T004) and the phase compliance table.
    2. atmosphere_engine.h deletes lines at only FR-045's six anchor sites -
       discharged by T023's APPEND_ONLY_HEADERS entry plus git diff HEAD -U0.
    3. the full dsp_systems_tests suite, every atmosphere_engine_* and
       seraphis_* case green with no assertion edited - discharged by the
       phase's own suite runs (plan section 4.4).
    4. dsp_effects_tests / dsp_processors_tests / vorago_* green, SC-027's
       VoragoEngine_GhostConfiguration unedited - same runs.
    5. zero modified files under plugins/seraphis/, Seraphis + seraphis_tests
       build warning-free and pluginval passes - the untouched-consumer gate.
    6. the FR-013 / FR-025 structural gate: a git diff HEAD -U0 code review
       at renderGrainSpan and the pass-A loop - discharged by review, not
       by any timing arm (FR-025 states why a CPU criterion cannot see it).
    THIS CASE: the kReverseSalt disjointness (part of clause 2's intent) and
    the three unchanged capacities. Nothing else.

0.000 s: AtmosphereGhost_AppendOnly
-------------------------------------------------------------------------------
AtmosphereGhost_ReverseFillDeficit
  (a) rejection inside the filling regime, then (a2) admission at the threshold
-------------------------------------------------------------------------------
F:\projects\iterum\dsp\tests\unit\systems\atmosphere_ghost_test.cpp(1913)
...............................................................................

F:\projects\iterum\dsp\tests\unit\systems\atmosphere_ghost_test.cpp(1921): PASSED:
  REQUIRE( engine->getGrainReverseProbability() == 1.0f )
with expansion:
  1.0f == 1.0f

F:\projects\iterum\dsp\tests\unit\systems\atmosphere_ghost_test.cpp(1930): PASSED:
  REQUIRE( engine->getCaptureCapacitySamples() == VoragoGhostFix::kBaseCommitCaptureCapacity )
with expansion:
  1048576 (0x100000) == 1048576 (0x100000)

F:\projects\iterum\dsp\tests\unit\systems\atmosphere_ghost_test.cpp(1935): PASSED:
  REQUIRE( rMax == 0.5 )
with expansion:
  0.5 == 0.5

F:\projects\iterum\dsp\tests\unit\systems\atmosphere_ghost_test.cpp(1953): PASSED:
  REQUIRE( w * requested <= slackMin )
with expansion:
  864000.0 <= 1047219.9999656677

F:\projects\iterum\dsp\tests\unit\systems\atmosphere_ghost_test.cpp(1968): PASSED:
  REQUIRE( availableAtSpanEnd < admitThresholdSamples )
with expansion:
  280000.0 < 288128.0
with message:
  C=1.04858e+06 L'=576000 rMax=0.5 admitThresholdSamples=288128

F:\projects\iterum\dsp\tests\unit\systems\atmosphere_ghost_test.cpp(1982): PASSED:
  REQUIRE( render.rendered() == kPreRollSamples )
with expansion:
  240000 (0x3a980) == 240000 (0x3a980)
with message:
  C=1.04858e+06 L'=576000 rMax=0.5 admitThresholdSamples=288128

F:\projects\iterum\dsp\tests\unit\systems\atmosphere_ghost_test.cpp(2025): PASSED:
  REQUIRE( render.rendered() == kPreRollSamples + kRejectSpan )
with expansion:
  280000 (0x445c0) == 280000 (0x445c0)
with message:
  C=1.04858e+06 L'=576000 rMax=0.5 admitThresholdSamples=288128

F:\projects\iterum\dsp\tests\unit\systems\atmosphere_ghost_test.cpp(2037): PASSED:
  REQUIRE( bornDelta == std::uint64_t{0} )
with expansion:
  0 == 0
with messages:
  C=1.04858e+06 L'=576000 rMax=0.5 admitThresholdSamples=288128
  (a) bornDelta=0 coldDelta=1 poolFullDelta=0

F:\projects\iterum\dsp\tests\unit\systems\atmosphere_ghost_test.cpp(2039): PASSED:
  REQUIRE( poolFullDelta == std::uint64_t{0} )
with expansion:
  0 == 0
with messages:
  C=1.04858e+06 L'=576000 rMax=0.5 admitThresholdSamples=288128
  (a) bornDelta=0 coldDelta=1 poolFullDelta=0

F:\projects\iterum\dsp\tests\unit\systems\atmosphere_ghost_test.cpp(2043): PASSED:
  REQUIRE( coldDelta <= std::uint64_t{2} )
with expansion:
  1 <= 2
with messages:
  C=1.04858e+06 L'=576000 rMax=0.5 admitThresholdSamples=288128
  (a) bornDelta=0 coldDelta=1 poolFullDelta=0

F:\projects\iterum\dsp\tests\unit\systems\atmosphere_ghost_test.cpp(2049): PASSED:
  REQUIRE( coldDelta >= std::uint64_t{1} )
with expansion:
  1 >= 1
with messages:
  C=1.04858e+06 L'=576000 rMax=0.5 admitThresholdSamples=288128
  (a) bornDelta=0 coldDelta=1 poolFullDelta=0

F:\projects\iterum\dsp\tests\unit\systems\atmosphere_ghost_test.cpp(2055): PASSED:
  REQUIRE( render.rendered() == kTotalSamples )
with expansion:
  816000 (0xc7380) == 816000 (0xc7380)
with messages:
  C=1.04858e+06 L'=576000 rMax=0.5 admitThresholdSamples=288128
  (a) bornDelta=0 coldDelta=1 poolFullDelta=0

F:\projects\iterum\dsp\tests\unit\systems\atmosphere_ghost_test.cpp(2059): PASSED:
  REQUIRE( sawBirth )
with expansion:
  true
with messages:
  C=1.04858e+06 L'=576000 rMax=0.5 admitThresholdSamples=288128
  (a) bornDelta=0 coldDelta=1 poolFullDelta=0

F:\projects\iterum\dsp\tests\unit\systems\atmosphere_ghost_test.cpp(2070): PASSED:
  REQUIRE( aBorn >= neededLowerBound )
with expansion:
  404800.0 >= 372596.0
with messages:
  C=1.04858e+06 L'=576000 rMax=0.5 admitThresholdSamples=288128
  (a) bornDelta=0 coldDelta=1 poolFullDelta=0
  (a2) A_born=404800 birthAge=84531 L'=576000 rhs=372596

0.078 s: (a) rejection inside the filling regime, then (a2) admission at the threshold
0.078 s: AtmosphereGhost_ReverseFillDeficit
-------------------------------------------------------------------------------
AtmosphereGhost_ReverseFillDeficit
  (c) forward arm at the filling ring - base-commit counters, unmoved
-------------------------------------------------------------------------------
F:\projects\iterum\dsp\tests\unit\systems\atmosphere_ghost_test.cpp(2094)
...............................................................................

F:\projects\iterum\dsp\tests\unit\systems\atmosphere_ghost_test.cpp(2100): PASSED:
  REQUIRE( engine->getGrainReverseProbability() == 0.0f )
with expansion:
  0.0f == 0.0f

F:\projects\iterum\dsp\tests\unit\systems\atmosphere_ghost_test.cpp(2101): PASSED:
  REQUIRE( engine->getCaptureCapacitySamples() == VoragoGhostFix::kBaseCommitCaptureCapacity )
with expansion:
  1048576 (0x100000) == 1048576 (0x100000)

F:\projects\iterum\dsp\tests\unit\systems\atmosphere_ghost_test.cpp(2106): PASSED:
  REQUIRE( render.rendered() == kPreRollSamples + kRejectSpan )
with expansion:
  280000 (0x445c0) == 280000 (0x445c0)

F:\projects\iterum\dsp\tests\unit\systems\atmosphere_ghost_test.cpp(2109): PASSED:
  REQUIRE( engine->getTotalGrainsBorn() == VoragoGhostFix::kBaseCommitShortPreRollBorn )
with expansion:
  1 == 1

F:\projects\iterum\dsp\tests\unit\systems\atmosphere_ghost_test.cpp(2110): PASSED:
  REQUIRE( engine->getTotalGrainsRetired() == VoragoGhostFix::kBaseCommitShortPreRollRetired )
with expansion:
  0 == 0

F:\projects\iterum\dsp\tests\unit\systems\atmosphere_ghost_test.cpp(2112): PASSED:
  REQUIRE( engine->getSkippedTriggerCountRingCold() == VoragoGhostFix::kBaseCommitShortPreRollRingCold )
with expansion:
  1 == 1

F:\projects\iterum\dsp\tests\unit\systems\atmosphere_ghost_test.cpp(2114): PASSED:
  REQUIRE( engine->getSkippedTriggerCountPoolFull() == VoragoGhostFix::kBaseCommitShortPreRollPoolFull )
with expansion:
  0 == 0

F:\projects\iterum\dsp\tests\unit\systems\atmosphere_ghost_test.cpp(2116): PASSED:
  REQUIRE( engine->getGrainRngState() == VoragoGhostFix::kBaseCommitShortPreRollGrainRngState )
with expansion:
  1385444124 (0x5294331c)
  ==
  1385444124 (0x5294331c)

0.028 s: (c) forward arm at the filling ring - base-commit counters, unmoved
0.028 s: AtmosphereGhost_ReverseFillDeficit
-------------------------------------------------------------------------------
AtmosphereGhost_ReverseTruncation
  exact arm - pitchSpread 0 pins rMax = 8, so the lifetime is an equality
-------------------------------------------------------------------------------
F:\projects\iterum\dsp\tests\unit\systems\atmosphere_ghost_test.cpp(2431)
...............................................................................

F:\projects\iterum\dsp\tests\unit\systems\atmosphere_ghost_test.cpp(2218): PASSED:
  REQUIRE( preRolled == arm.capacity )
with expansion:
  65536 (0x10000) == 65536 (0x10000)

F:\projects\iterum\dsp\tests\unit\systems\atmosphere_ghost_test.cpp(2262): PASSED:
  REQUIRE( static_cast<double>(arm.spanSamples + kObservationBlock) < shortestInteronset )
with expansion:
  6208.0 < 359999.9946355821
with message:
  interonset=480000 shortest=360000 span=6144

F:\projects\iterum\dsp\tests\unit\systems\atmosphere_ghost_test.cpp(2287): PASSED:
  REQUIRE( settleEnd > std::size_t{0} )
with expansion:
  339008 (0x52c40) > 0
with message:
  interonset=480000 shortest=360000 span=6144

F:\projects\iterum\dsp\tests\unit\systems\atmosphere_ghost_test.cpp(2405): PASSED:
  REQUIRE( arm.capacity == nextPowerOfTwo(static_cast<std::size_t>( static_cast<double>(AtmosphereEngine::kMinCaptureSeconds) * kTruncationSampleRate)) )
with expansion:
  65536 (0x10000) == 65536 (0x10000)
with message:
  arm: exact (pitchSpread = 0); capacity=65536 span=6144 bornDelta=63
  observations=63 maxBlockBornDelta=1 schedulerBirths=0 worstAbs=0.328564

F:\projects\iterum\dsp\tests\unit\systems\atmosphere_ghost_test.cpp(2413): PASSED:
  REQUIRE( arm.schedulerBirths == std::uint64_t{0} )
with expansion:
  0 == 0
with message:
  arm: exact (pitchSpread = 0); capacity=65536 span=6144 bornDelta=63
  observations=63 maxBlockBornDelta=1 schedulerBirths=0 worstAbs=0.328564

F:\projects\iterum\dsp\tests\unit\systems\atmosphere_ghost_test.cpp(2414): PASSED:
  REQUIRE( arm.maxBlockBornDelta <= std::uint64_t{1} )
with expansion:
  1 <= 1
with message:
  arm: exact (pitchSpread = 0); capacity=65536 span=6144 bornDelta=63
  observations=63 maxBlockBornDelta=1 schedulerBirths=0 worstAbs=0.328564

F:\projects\iterum\dsp\tests\unit\systems\atmosphere_ghost_test.cpp(2415): PASSED:
  REQUIRE( arm.lifetimes.size() == static_cast<std::size_t>(arm.bornDelta) )
with expansion:
  63 == 63
with message:
  arm: exact (pitchSpread = 0); capacity=65536 span=6144 bornDelta=63
  observations=63 maxBlockBornDelta=1 schedulerBirths=0 worstAbs=0.328564

F:\projects\iterum\dsp\tests\unit\systems\atmosphere_ghost_test.cpp(2417): PASSED:
  REQUIRE( arm.bornDelta >= std::uint64_t{1} )
with expansion:
  63 >= 1
with message:
  arm: exact (pitchSpread = 0); capacity=65536 span=6144 bornDelta=63
  observations=63 maxBlockBornDelta=1 schedulerBirths=0 worstAbs=0.328564

F:\projects\iterum\dsp\tests\unit\systems\atmosphere_ghost_test.cpp(2420): PASSED:
  REQUIRE( arm.nonFiniteSamples == std::size_t{0} )
with expansion:
  0 == 0
with message:
  arm: exact (pitchSpread = 0); capacity=65536 span=6144 bornDelta=63
  observations=63 maxBlockBornDelta=1 schedulerBirths=0 worstAbs=0.328564

F:\projects\iterum\dsp\tests\unit\systems\atmosphere_ghost_test.cpp(2421): PASSED:
  REQUIRE( arm.overLevelSamples == std::size_t{0} )
with expansion:
  0 == 0
with message:
  arm: exact (pitchSpread = 0); capacity=65536 span=6144 bornDelta=63
  observations=63 maxBlockBornDelta=1 schedulerBirths=0 worstAbs=0.328564

F:\projects\iterum\dsp\tests\unit\systems\atmosphere_ghost_test.cpp(2427): PASSED:
  REQUIRE( lifetime >= std::uint64_t{2} )
with expansion:
  7267 (0x1c63) >= 2
with message:
  arm: exact (pitchSpread = 0); capacity=65536 span=6144 bornDelta=63
  observations=63 maxBlockBornDelta=1 schedulerBirths=0 worstAbs=0.328564

F:\projects\iterum\dsp\tests\unit\systems\atmosphere_ghost_test.cpp(2427): PASSED:
  REQUIRE( lifetime >= std::uint64_t{2} )
with expansion:
  7267 (0x1c63) >= 2
with message:
  arm: exact (pitchSpread = 0); capacity=65536 span=6144 bornDelta=63
  observations=63 maxBlockBornDelta=1 schedulerBirths=0 worstAbs=0.328564

F:\projects\iterum\dsp\tests\unit\systems\atmosphere_ghost_test.cpp(2427): PASSED:
  REQUIRE( lifetime >= std::uint64_t{2} )
with expansion:
  7267 (0x1c63) >= 2
with message:
  arm: exact (pitchSpread = 0); capacity=65536 span=6144 bornDelta=63
  observations=63 maxBlockBornDelta=1 schedulerBirths=0 worstAbs=0.328564

F:\projects\iterum\dsp\tests\unit\systems\atmosphere_ghost_test.cpp(2427): PASSED:
  REQUIRE( lifetime >= std::uint64_t{2} )
with expansion:
  7267 (0x1c63) >= 2
with message:
  arm: exact (pitchSpread = 0); capacity=65536 span=6144 bornDelta=63
  observations=63 maxBlockBornDelta=1 schedulerBirths=0 worstAbs=0.328564

F:\projects\iterum\dsp\tests\unit\systems\atmosphere_ghost_test.cpp(2427): PASSED:
  REQUIRE( lifetime >= std::uint64_t{2} )
with expansion:
  7267 (0x1c63) >= 2
with message:
  arm: exact (pitchSpread = 0); capacity=65536 span=6144 bornDelta=63
  observations=63 maxBlockBornDelta=1 schedulerBirths=0 worstAbs=0.328564

F:\projects\iterum\dsp\tests\unit\systems\atmosphere_ghost_test.cpp(2427): PASSED:
  REQUIRE( lifetime >= std::uint64_t{2} )
with expansion:
  7267 (0x1c63) >= 2
with message:
  arm: exact (pitchSpread = 0); capacity=65536 span=6144 bornDelta=63
  observations=63 maxBlockBornDelta=1 schedulerBirths=0 worstAbs=0.328564

F:\projects\iterum\dsp\tests\unit\systems\atmosphere_ghost_test.cpp(2427): PASSED:
  REQUIRE( lifetime >= std::uint64_t{2} )
with expansion:
  7267 (0x1c63) >= 2
with message:
  arm: exact (pitchSpread = 0); capacity=65536 span=6144 bornDelta=63
  observations=63 maxBlockBornDelta=1 schedulerBirths=0 worstAbs=0.328564

F:\projects\iterum\dsp\tests\unit\systems\atmosphere_ghost_test.cpp(2427): PASSED:
  REQUIRE( lifetime >= std::uint64_t{2} )
with expansion:
  7267 (0x1c63) >= 2
with message:
  arm: exact (pitchSpread = 0); capacity=65536 span=6144 bornDelta=63
  observations=63 maxBlockBornDelta=1 schedulerBirths=0 worstAbs=0.328564

F:\projects\iterum\dsp\tests\unit\systems\atmosphere_ghost_test.cpp(2427): PASSED:
  REQUIRE( lifetime >= std::uint64_t{2} )
with expansion:
  7267 (0x1c63) >= 2
with message:
  arm: exact (pitchSpread = 0); capacity=65536 span=6144 bornDelta=63
  observations=63 maxBlockBornDelta=1 schedulerBirths=0 worstAbs=0.328564

F:\projects\iterum\dsp\tests\unit\systems\atmosphere_ghost_test.cpp(2427): PASSED:
  REQUIRE( lifetime >= std::uint64_t{2} )
with expansion:
  7267 (0x1c63) >= 2
with message:
  arm: exact (pitchSpread = 0); capacity=65536 span=6144 bornDelta=63
  observations=63 maxBlockBornDelta=1 schedulerBirths=0 worstAbs=0.328564

F:\projects\iterum\dsp\tests\unit\systems\atmosphere_ghost_test.cpp(2427): PASSED:
  REQUIRE( lifetime >= std::uint64_t{2} )
with expansion:
  7267 (0x1c63) >= 2
with message:
  arm: exact (pitchSpread = 0); capacity=65536 span=6144 bornDelta=63
  observations=63 maxBlockBornDelta=1 schedulerBirths=0 worstAbs=0.328564

F:\projects\iterum\dsp\tests\unit\systems\atmosphere_ghost_test.cpp(2427): PASSED:
  REQUIRE( lifetime >= std::uint64_t{2} )
with expansion:
  7267 (0x1c63) >= 2
with message:
  arm: exact (pitchSpread = 0); capacity=65536 span=6144 bornDelta=63
  observations=63 maxBlockBornDelta=1 schedulerBirths=0 worstAbs=0.328564

F:\projects\iterum\dsp\tests\unit\systems\atmosphere_ghost_test.cpp(2427): PASSED:
  REQUIRE( lifetime >= std::uint64_t{2} )
with expansion:
  7267 (0x1c63) >= 2
with message:
  arm: exact (pitchSpread = 0); capacity=65536 span=6144 bornDelta=63
  observations=63 maxBlockBornDelta=1 schedulerBirths=0 worstAbs=0.328564

F:\projects\iterum\dsp\tests\unit\systems\atmosphere_ghost_test.cpp(2427): PASSED:
  REQUIRE( lifetime >= std::uint64_t{2} )
with expansion:
  7267 (0x1c63) >= 2
with message:
  arm: exact (pitchSpread = 0); capacity=65536 span=6144 bornDelta=63
  observations=63 maxBlockBornDelta=1 schedulerBirths=0 worstAbs=0.328564

F:\projects\iterum\dsp\tests\unit\systems\atmosphere_ghost_test.cpp(2427): PASSED:
  REQUIRE( lifetime >= std::uint64_t{2} )
with expansion:
  7267 (0x1c63) >= 2
with message:
  arm: exact (pitchSpread = 0); capacity=65536 span=6144 bornDelta=63
  observations=63 maxBlockBornDelta=1 schedulerBirths=0 worstAbs=0.328564

F:\projects\iterum\dsp\tests\unit\systems\atmosphere_ghost_test.cpp(2427): PASSED:
  REQUIRE( lifetime >= std::uint64_t{2} )
with expansion:
  7267 (0x1c63) >= 2
with message:
  arm: exact (pitchSpread = 0); capacity=65536 span=6144 bornDelta=63
  observations=63 maxBlockBornDelta=1 schedulerBirths=0 worstAbs=0.328564

F:\projects\iterum\dsp\tests\unit\systems\atmosphere_ghost_test.cpp(2427): PASSED:
  REQUIRE( lifetime >= std::uint64_t{2} )
with expansion:
  7267 (0x1c63) >= 2
with message:
  arm: exact (pitchSpread = 0); capacity=65536 span=6144 bornDelta=63
  observations=63 maxBlockBornDelta=1 schedulerBirths=0 worstAbs=0.328564

F:\projects\iterum\dsp\tests\unit\systems\atmosphere_ghost_test.cpp(2427): PASSED:
  REQUIRE( lifetime >= std::uint64_t{2} )
with expansion:
  7267 (0x1c63) >= 2
with message:
  arm: exact (pitchSpread = 0); capacity=65536 span=6144 bornDelta=63
  observations=63 maxBlockBornDelta=1 schedulerBirths=0 worstAbs=0.328564

F:\projects\iterum\dsp\tests\unit\systems\atmosphere_ghost_test.cpp(2427): PASSED:
  REQUIRE( lifetime >= std::uint64_t{2} )
with expansion:
  7267 (0x1c63) >= 2
with message:
  arm: exact (pitchSpread = 0); capacity=65536 span=6144 bornDelta=63
  observations=63 maxBlockBornDelta=1 schedulerBirths=0 worstAbs=0.328564

F:\projects\iterum\dsp\tests\unit\systems\atmosphere_ghost_test.cpp(2427): PASSED:
  REQUIRE( lifetime >= std::uint64_t{2} )
with expansion:
  7267 (0x1c63) >= 2
with message:
  arm: exact (pitchSpread = 0); capacity=65536 span=6144 bornDelta=63
  observations=63 maxBlockBornDelta=1 schedulerBirths=0 worstAbs=0.328564

F:\projects\iterum\dsp\tests\unit\systems\atmosphere_ghost_test.cpp(2427): PASSED:
  REQUIRE( lifetime >= std::uint64_t{2} )
with expansion:
  7267 (0x1c63) >= 2
with message:
  arm: exact (pitchSpread = 0); capacity=65536 span=6144 bornDelta=63
  observations=63 maxBlockBornDelta=1 schedulerBirths=0 worstAbs=0.328564

F:\projects\iterum\dsp\tests\unit\systems\atmosphere_ghost_test.cpp(2427): PASSED:
  REQUIRE( lifetime >= std::uint64_t{2} )
with expansion:
  7267 (0x1c63) >= 2
with message:
  arm: exact (pitchSpread = 0); capacity=65536 span=6144 bornDelta=63
  observations=63 maxBlockBornDelta=1 schedulerBirths=0 worstAbs=0.328564

F:\projects\iterum\dsp\tests\unit\systems\atmosphere_ghost_test.cpp(2427): PASSED:
  REQUIRE( lifetime >= std::uint64_t{2} )
with expansion:
  7267 (0x1c63) >= 2
with message:
  arm: exact (pitchSpread = 0); capacity=65536 span=6144 bornDelta=63
  observations=63 maxBlockBornDelta=1 schedulerBirths=0 worstAbs=0.328564

F:\projects\iterum\dsp\tests\unit\systems\atmosphere_ghost_test.cpp(2427): PASSED:
  REQUIRE( lifetime >= std::uint64_t{2} )
with expansion:
  7267 (0x1c63) >= 2
with message:
  arm: exact (pitchSpread = 0); capacity=65536 span=6144 bornDelta=63
  observations=63 maxBlockBornDelta=1 schedulerBirths=0 worstAbs=0.328564

F:\projects\iterum\dsp\tests\unit\systems\atmosphere_ghost_test.cpp(2427): PASSED:
  REQUIRE( lifetime >= std::uint64_t{2} )
with expansion:
  7267 (0x1c63) >= 2
with message:
  arm: exact (pitchSpread = 0); capacity=65536 span=6144 bornDelta=63
  observations=63 maxBlockBornDelta=1 schedulerBirths=0 worstAbs=0.328564

F:\projects\iterum\dsp\tests\unit\systems\atmosphere_ghost_test.cpp(2427): PASSED:
  REQUIRE( lifetime >= std::uint64_t{2} )
with expansion:
  7267 (0x1c63) >= 2
with message:
  arm: exact (pitchSpread = 0); capacity=65536 span=6144 bornDelta=63
  observations=63 maxBlockBornDelta=1 schedulerBirths=0 worstAbs=0.328564

F:\projects\iterum\dsp\tests\unit\systems\atmosphere_ghost_test.cpp(2427): PASSED:
  REQUIRE( lifetime >= std::uint64_t{2} )
with expansion:
  7267 (0x1c63) >= 2
with message:
  arm: exact (pitchSpread = 0); capacity=65536 span=6144 bornDelta=63
  observations=63 maxBlockBornDelta=1 schedulerBirths=0 worstAbs=0.328564

F:\projects\iterum\dsp\tests\unit\systems\atmosphere_ghost_test.cpp(2427): PASSED:
  REQUIRE( lifetime >= std::uint64_t{2} )
with expansion:
  7267 (0x1c63) >= 2
with message:
  arm: exact (pitchSpread = 0); capacity=65536 span=6144 bornDelta=63
  observations=63 maxBlockBornDelta=1 schedulerBirths=0 worstAbs=0.328564

F:\projects\iterum\dsp\tests\unit\systems\atmosphere_ghost_test.cpp(2427): PASSED:
  REQUIRE( lifetime >= std::uint64_t{2} )
with expansion:
  7267 (0x1c63) >= 2
with message:
  arm: exact (pitchSpread = 0); capacity=65536 span=6144 bornDelta=63
  observations=63 maxBlockBornDelta=1 schedulerBirths=0 worstAbs=0.328564

F:\projects\iterum\dsp\tests\unit\systems\atmosphere_ghost_test.cpp(2427): PASSED:
  REQUIRE( lifetime >= std::uint64_t{2} )
with expansion:
  7267 (0x1c63) >= 2
with message:
  arm: exact (pitchSpread = 0); capacity=65536 span=6144 bornDelta=63
  observations=63 maxBlockBornDelta=1 schedulerBirths=0 worstAbs=0.328564

F:\projects\iterum\dsp\tests\unit\systems\atmosphere_ghost_test.cpp(2427): PASSED:
  REQUIRE( lifetime >= std::uint64_t{2} )
with expansion:
  7267 (0x1c63) >= 2
with message:
  arm: exact (pitchSpread = 0); capacity=65536 span=6144 bornDelta=63
  observations=63 maxBlockBornDelta=1 schedulerBirths=0 worstAbs=0.328564

F:\projects\iterum\dsp\tests\unit\systems\atmosphere_ghost_test.cpp(2427): PASSED:
  REQUIRE( lifetime >= std::uint64_t{2} )
with expansion:
  7267 (0x1c63) >= 2
with message:
  arm: exact (pitchSpread = 0); capacity=65536 span=6144 bornDelta=63
  observations=63 maxBlockBornDelta=1 schedulerBirths=0 worstAbs=0.328564

F:\projects\iterum\dsp\tests\unit\systems\atmosphere_ghost_test.cpp(2427): PASSED:
  REQUIRE( lifetime >= std::uint64_t{2} )
with expansion:
  7267 (0x1c63) >= 2
with message:
  arm: exact (pitchSpread = 0); capacity=65536 span=6144 bornDelta=63
  observations=63 maxBlockBornDelta=1 schedulerBirths=0 worstAbs=0.328564

F:\projects\iterum\dsp\tests\unit\systems\atmosphere_ghost_test.cpp(2427): PASSED:
  REQUIRE( lifetime >= std::uint64_t{2} )
with expansion:
  7267 (0x1c63) >= 2
with message:
  arm: exact (pitchSpread = 0); capacity=65536 span=6144 bornDelta=63
  observations=63 maxBlockBornDelta=1 schedulerBirths=0 worstAbs=0.328564

F:\projects\iterum\dsp\tests\unit\systems\atmosphere_ghost_test.cpp(2427): PASSED:
  REQUIRE( lifetime >= std::uint64_t{2} )
with expansion:
  7267 (0x1c63) >= 2
with message:
  arm: exact (pitchSpread = 0); capacity=65536 span=6144 bornDelta=63
  observations=63 maxBlockBornDelta=1 schedulerBirths=0 worstAbs=0.328564

F:\projects\iterum\dsp\tests\unit\systems\atmosphere_ghost_test.cpp(2427): PASSED:
  REQUIRE( lifetime >= std::uint64_t{2} )
with expansion:
  7267 (0x1c63) >= 2
with message:
  arm: exact (pitchSpread = 0); capacity=65536 span=6144 bornDelta=63
  observations=63 maxBlockBornDelta=1 schedulerBirths=0 worstAbs=0.328564

F:\projects\iterum\dsp\tests\unit\systems\atmosphere_ghost_test.cpp(2427): PASSED:
  REQUIRE( lifetime >= std::uint64_t{2} )
with expansion:
  7267 (0x1c63) >= 2
with message:
  arm: exact (pitchSpread = 0); capacity=65536 span=6144 bornDelta=63
  observations=63 maxBlockBornDelta=1 schedulerBirths=0 worstAbs=0.328564

F:\projects\iterum\dsp\tests\unit\systems\atmosphere_ghost_test.cpp(2427): PASSED:
  REQUIRE( lifetime >= std::uint64_t{2} )
with expansion:
  7267 (0x1c63) >= 2
with message:
  arm: exact (pitchSpread = 0); capacity=65536 span=6144 bornDelta=63
  observations=63 maxBlockBornDelta=1 schedulerBirths=0 worstAbs=0.328564

F:\projects\iterum\dsp\tests\unit\systems\atmosphere_ghost_test.cpp(2427): PASSED:
  REQUIRE( lifetime >= std::uint64_t{2} )
with expansion:
  7267 (0x1c63) >= 2
with message:
  arm: exact (pitchSpread = 0); capacity=65536 span=6144 bornDelta=63
  observations=63 maxBlockBornDelta=1 schedulerBirths=0 worstAbs=0.328564

F:\projects\iterum\dsp\tests\unit\systems\atmosphere_ghost_test.cpp(2427): PASSED:
  REQUIRE( lifetime >= std::uint64_t{2} )
with expansion:
  7267 (0x1c63) >= 2
with message:
  arm: exact (pitchSpread = 0); capacity=65536 span=6144 bornDelta=63
  observations=63 maxBlockBornDelta=1 schedulerBirths=0 worstAbs=0.328564

F:\projects\iterum\dsp\tests\unit\systems\atmosphere_ghost_test.cpp(2427): PASSED:
  REQUIRE( lifetime >= std::uint64_t{2} )
with expansion:
  7267 (0x1c63) >= 2
with message:
  arm: exact (pitchSpread = 0); capacity=65536 span=6144 bornDelta=63
  observations=63 maxBlockBornDelta=1 schedulerBirths=0 worstAbs=0.328564

F:\projects\iterum\dsp\tests\unit\systems\atmosphere_ghost_test.cpp(2427): PASSED:
  REQUIRE( lifetime >= std::uint64_t{2} )
with expansion:
  7267 (0x1c63) >= 2
with message:
  arm: exact (pitchSpread = 0); capacity=65536 span=6144 bornDelta=63
  observations=63 maxBlockBornDelta=1 schedulerBirths=0 worstAbs=0.328564

F:\projects\iterum\dsp\tests\unit\systems\atmosphere_ghost_test.cpp(2427): PASSED:
  REQUIRE( lifetime >= std::uint64_t{2} )
with expansion:
  7267 (0x1c63) >= 2
with message:
  arm: exact (pitchSpread = 0); capacity=65536 span=6144 bornDelta=63
  observations=63 maxBlockBornDelta=1 schedulerBirths=0 worstAbs=0.328564

F:\projects\iterum\dsp\tests\unit\systems\atmosphere_ghost_test.cpp(2427): PASSED:
  REQUIRE( lifetime >= std::uint64_t{2} )
with expansion:
  7267 (0x1c63) >= 2
with message:
  arm: exact (pitchSpread = 0); capacity=65536 span=6144 bornDelta=63
  observations=63 maxBlockBornDelta=1 schedulerBirths=0 worstAbs=0.328564

F:\projects\iterum\dsp\tests\unit\systems\atmosphere_ghost_test.cpp(2427): PASSED:
  REQUIRE( lifetime >= std::uint64_t{2} )
with expansion:
  7267 (0x1c63) >= 2
with message:
  arm: exact (pitchSpread = 0); capacity=65536 span=6144 bornDelta=63
  observations=63 maxBlockBornDelta=1 schedulerBirths=0 worstAbs=0.328564

F:\projects\iterum\dsp\tests\unit\systems\atmosphere_ghost_test.cpp(2427): PASSED:
  REQUIRE( lifetime >= std::uint64_t{2} )
with expansion:
  7267 (0x1c63) >= 2
with message:
  arm: exact (pitchSpread = 0); capacity=65536 span=6144 bornDelta=63
  observations=63 maxBlockBornDelta=1 schedulerBirths=0 worstAbs=0.328564

F:\projects\iterum\dsp\tests\unit\systems\atmosphere_ghost_test.cpp(2427): PASSED:
  REQUIRE( lifetime >= std::uint64_t{2} )
with expansion:
  7267 (0x1c63) >= 2
with message:
  arm: exact (pitchSpread = 0); capacity=65536 span=6144 bornDelta=63
  observations=63 maxBlockBornDelta=1 schedulerBirths=0 worstAbs=0.328564

F:\projects\iterum\dsp\tests\unit\systems\atmosphere_ghost_test.cpp(2427): PASSED:
  REQUIRE( lifetime >= std::uint64_t{2} )
with expansion:
  7267 (0x1c63) >= 2
with message:
  arm: exact (pitchSpread = 0); capacity=65536 span=6144 bornDelta=63
  observations=63 maxBlockBornDelta=1 schedulerBirths=0 worstAbs=0.328564

F:\projects\iterum\dsp\tests\unit\systems\atmosphere_ghost_test.cpp(2427): PASSED:
  REQUIRE( lifetime >= std::uint64_t{2} )
with expansion:
  7267 (0x1c63) >= 2
with message:
  arm: exact (pitchSpread = 0); capacity=65536 span=6144 bornDelta=63
  observations=63 maxBlockBornDelta=1 schedulerBirths=0 worstAbs=0.328564

F:\projects\iterum\dsp\tests\unit\systems\atmosphere_ghost_test.cpp(2427): PASSED:
  REQUIRE( lifetime >= std::uint64_t{2} )
with expansion:
  7267 (0x1c63) >= 2
with message:
  arm: exact (pitchSpread = 0); capacity=65536 span=6144 bornDelta=63
  observations=63 maxBlockBornDelta=1 schedulerBirths=0 worstAbs=0.328564

F:\projects\iterum\dsp\tests\unit\systems\atmosphere_ghost_test.cpp(2427): PASSED:
  REQUIRE( lifetime >= std::uint64_t{2} )
with expansion:
  7267 (0x1c63) >= 2
with message:
  arm: exact (pitchSpread = 0); capacity=65536 span=6144 bornDelta=63
  observations=63 maxBlockBornDelta=1 schedulerBirths=0 worstAbs=0.328564

F:\projects\iterum\dsp\tests\unit\systems\atmosphere_ghost_test.cpp(2427): PASSED:
  REQUIRE( lifetime >= std::uint64_t{2} )
with expansion:
  7267 (0x1c63) >= 2
with message:
  arm: exact (pitchSpread = 0); capacity=65536 span=6144 bornDelta=63
  observations=63 maxBlockBornDelta=1 schedulerBirths=0 worstAbs=0.328564

F:\projects\iterum\dsp\tests\unit\systems\atmosphere_ghost_test.cpp(2427): PASSED:
  REQUIRE( lifetime >= std::uint64_t{2} )
with expansion:
  7267 (0x1c63) >= 2
with message:
  arm: exact (pitchSpread = 0); capacity=65536 span=6144 bornDelta=63
  observations=63 maxBlockBornDelta=1 schedulerBirths=0 worstAbs=0.328564

F:\projects\iterum\dsp\tests\unit\systems\atmosphere_ghost_test.cpp(2427): PASSED:
  REQUIRE( lifetime >= std::uint64_t{2} )
with expansion:
  7267 (0x1c63) >= 2
with message:
  arm: exact (pitchSpread = 0); capacity=65536 span=6144 bornDelta=63
  observations=63 maxBlockBornDelta=1 schedulerBirths=0 worstAbs=0.328564

F:\projects\iterum\dsp\tests\unit\systems\atmosphere_ghost_test.cpp(2427): PASSED:
  REQUIRE( lifetime >= std::uint64_t{2} )
with expansion:
  7267 (0x1c63) >= 2
with message:
  arm: exact (pitchSpread = 0); capacity=65536 span=6144 bornDelta=63
  observations=63 maxBlockBornDelta=1 schedulerBirths=0 worstAbs=0.328564

F:\projects\iterum\dsp\tests\unit\systems\atmosphere_ghost_test.cpp(2427): PASSED:
  REQUIRE( lifetime >= std::uint64_t{2} )
with expansion:
  7267 (0x1c63) >= 2
with message:
  arm: exact (pitchSpread = 0); capacity=65536 span=6144 bornDelta=63
  observations=63 maxBlockBornDelta=1 schedulerBirths=0 worstAbs=0.328564

F:\projects\iterum\dsp\tests\unit\systems\atmosphere_ghost_test.cpp(2427): PASSED:
  REQUIRE( lifetime >= std::uint64_t{2} )
with expansion:
  7267 (0x1c63) >= 2
with message:
  arm: exact (pitchSpread = 0); capacity=65536 span=6144 bornDelta=63
  observations=63 maxBlockBornDelta=1 schedulerBirths=0 worstAbs=0.328564

F:\projects\iterum\dsp\tests\unit\systems\atmosphere_ghost_test.cpp(2427): PASSED:
  REQUIRE( lifetime >= std::uint64_t{2} )
with expansion:
  7267 (0x1c63) >= 2
with message:
  arm: exact (pitchSpread = 0); capacity=65536 span=6144 bornDelta=63
  observations=63 maxBlockBornDelta=1 schedulerBirths=0 worstAbs=0.328564

F:\projects\iterum\dsp\tests\unit\systems\atmosphere_ghost_test.cpp(2427): PASSED:
  REQUIRE( lifetime >= std::uint64_t{2} )
with expansion:
  7267 (0x1c63) >= 2
with message:
  arm: exact (pitchSpread = 0); capacity=65536 span=6144 bornDelta=63
  observations=63 maxBlockBornDelta=1 schedulerBirths=0 worstAbs=0.328564

F:\projects\iterum\dsp\tests\unit\systems\atmosphere_ghost_test.cpp(2427): PASSED:
  REQUIRE( lifetime >= std::uint64_t{2} )
with expansion:
  7267 (0x1c63) >= 2
with message:
  arm: exact (pitchSpread = 0); capacity=65536 span=6144 bornDelta=63
  observations=63 maxBlockBornDelta=1 schedulerBirths=0 worstAbs=0.328564

F:\projects\iterum\dsp\tests\unit\systems\atmosphere_ghost_test.cpp(2427): PASSED:
  REQUIRE( lifetime >= std::uint64_t{2} )
with expansion:
  7267 (0x1c63) >= 2
with message:
  arm: exact (pitchSpread = 0); capacity=65536 span=6144 bornDelta=63
  observations=63 maxBlockBornDelta=1 schedulerBirths=0 worstAbs=0.328564

F:\projects\iterum\dsp\tests\unit\systems\atmosphere_ghost_test.cpp(2427): PASSED:
  REQUIRE( lifetime >= std::uint64_t{2} )
with expansion:
  7267 (0x1c63) >= 2
with message:
  arm: exact (pitchSpread = 0); capacity=65536 span=6144 bornDelta=63
  observations=63 maxBlockBornDelta=1 schedulerBirths=0 worstAbs=0.328564

F:\projects\iterum\dsp\tests\unit\systems\atmosphere_ghost_test.cpp(2427): PASSED:
  REQUIRE( lifetime >= std::uint64_t{2} )
with expansion:
  7267 (0x1c63) >= 2
with message:
  arm: exact (pitchSpread = 0); capacity=65536 span=6144 bornDelta=63
  observations=63 maxBlockBornDelta=1 schedulerBirths=0 worstAbs=0.328564

F:\projects\iterum\dsp\tests\unit\systems\atmosphere_ghost_test.cpp(2445): PASSED:
  REQUIRE( rMax == 8.0 )
with expansion:
  8.0 == 8.0

F:\projects\iterum\dsp\tests\unit\systems\atmosphere_ghost_test.cpp(2454): PASSED:
  REQUIRE( lifetime == expectedLifetime )
with expansion:
  7267 (0x1c63) == 7267 (0x1c63)
with message:
  slack=65404 w=9 expectedLifetime=7267

F:\projects\iterum\dsp\tests\unit\systems\atmosphere_ghost_test.cpp(2454): PASSED:
  REQUIRE( lifetime == expectedLifetime )
with expansion:
  7267 (0x1c63) == 7267 (0x1c63)
with message:
  slack=65404 w=9 expectedLifetime=7267

F:\projects\iterum\dsp\tests\unit\systems\atmosphere_ghost_test.cpp(2454): PASSED:
  REQUIRE( lifetime == expectedLifetime )
with expansion:
  7267 (0x1c63) == 7267 (0x1c63)
with message:
  slack=65404 w=9 expectedLifetime=7267

F:\projects\iterum\dsp\tests\unit\systems\atmosphere_ghost_test.cpp(2454): PASSED:
  REQUIRE( lifetime == expectedLifetime )
with expansion:
  7267 (0x1c63) == 7267 (0x1c63)
with message:
  slack=65404 w=9 expectedLifetime=7267

F:\projects\iterum\dsp\tests\unit\systems\atmosphere_ghost_test.cpp(2454): PASSED:
  REQUIRE( lifetime == expectedLifetime )
with expansion:
  7267 (0x1c63) == 7267 (0x1c63)
with message:
  slack=65404 w=9 expectedLifetime=7267

F:\projects\iterum\dsp\tests\unit\systems\atmosphere_ghost_test.cpp(2454): PASSED:
  REQUIRE( lifetime == expectedLifetime )
with expansion:
  7267 (0x1c63) == 7267 (0x1c63)
with message:
  slack=65404 w=9 expectedLifetime=7267

F:\projects\iterum\dsp\tests\unit\systems\atmosphere_ghost_test.cpp(2454): PASSED:
  REQUIRE( lifetime == expectedLifetime )
with expansion:
  7267 (0x1c63) == 7267 (0x1c63)
with message:
  slack=65404 w=9 expectedLifetime=7267

F:\projects\iterum\dsp\tests\unit\systems\atmosphere_ghost_test.cpp(2454): PASSED:
  REQUIRE( lifetime == expectedLifetime )
with expansion:
  7267 (0x1c63) == 7267 (0x1c63)
with message:
  slack=65404 w=9 expectedLifetime=7267

F:\projects\iterum\dsp\tests\unit\systems\atmosphere_ghost_test.cpp(2454): PASSED:
  REQUIRE( lifetime == expectedLifetime )
with expansion:
  7267 (0x1c63) == 7267 (0x1c63)
with message:
  slack=65404 w=9 expectedLifetime=7267

F:\projects\iterum\dsp\tests\unit\systems\atmosphere_ghost_test.cpp(2454): PASSED:
  REQUIRE( lifetime == expectedLifetime )
with expansion:
  7267 (0x1c63) == 7267 (0x1c63)
with message:
  slack=65404 w=9 expectedLifetime=7267

F:\projects\iterum\dsp\tests\unit\systems\atmosphere_ghost_test.cpp(2454): PASSED:
  REQUIRE( lifetime == expectedLifetime )
with expansion:
  7267 (0x1c63) == 7267 (0x1c63)
with message:
  slack=65404 w=9 expectedLifetime=7267

F:\projects\iterum\dsp\tests\unit\systems\atmosphere_ghost_test.cpp(2454): PASSED:
  REQUIRE( lifetime == expectedLifetime )
with expansion:
  7267 (0x1c63) == 7267 (0x1c63)
with message:
  slack=65404 w=9 expectedLifetime=7267

F:\projects\iterum\dsp\tests\unit\systems\atmosphere_ghost_test.cpp(2454): PASSED:
  REQUIRE( lifetime == expectedLifetime )
with expansion:
  7267 (0x1c63) == 7267 (0x1c63)
with message:
  slack=65404 w=9 expectedLifetime=7267

F:\projects\iterum\dsp\tests\unit\systems\atmosphere_ghost_test.cpp(2454): PASSED:
  REQUIRE( lifetime == expectedLifetime )
with expansion:
  7267 (0x1c63) == 7267 (0x1c63)
with message:
  slack=65404 w=9 expectedLifetime=7267

F:\projects\iterum\dsp\tests\unit\systems\atmosphere_ghost_test.cpp(2454): PASSED:
  REQUIRE( lifetime == expectedLifetime )
with expansion:
  7267 (0x1c63) == 7267 (0x1c63)
with message:
  slack=65404 w=9 expectedLifetime=7267

F:\projects\iterum\dsp\tests\unit\systems\atmosphere_ghost_test.cpp(2454): PASSED:
  REQUIRE( lifetime == expectedLifetime )
with expansion:
  7267 (0x1c63) == 7267 (0x1c63)
with message:
  slack=65404 w=9 expectedLifetime=7267

F:\projects\iterum\dsp\tests\unit\systems\atmosphere_ghost_test.cpp(2454): PASSED:
  REQUIRE( lifetime == expectedLifetime )
with expansion:
  7267 (0x1c63) == 7267 (0x1c63)
with message:
  slack=65404 w=9 expectedLifetime=7267

F:\projects\iterum\dsp\tests\unit\systems\atmosphere_ghost_test.cpp(2454): PASSED:
  REQUIRE( lifetime == expectedLifetime )
with expansion:
  7267 (0x1c63) == 7267 (0x1c63)
with message:
  slack=65404 w=9 expectedLifetime=7267

F:\projects\iterum\dsp\tests\unit\systems\atmosphere_ghost_test.cpp(2454): PASSED:
  REQUIRE( lifetime == expectedLifetime )
with expansion:
  7267 (0x1c63) == 7267 (0x1c63)
with message:
  slack=65404 w=9 expectedLifetime=7267

F:\projects\iterum\dsp\tests\unit\systems\atmosphere_ghost_test.cpp(2454): PASSED:
  REQUIRE( lifetime == expectedLifetime )
with expansion:
  7267 (0x1c63) == 7267 (0x1c63)
with message:
  slack=65404 w=9 expectedLifetime=7267

F:\projects\iterum\dsp\tests\unit\systems\atmosphere_ghost_test.cpp(2454): PASSED:
  REQUIRE( lifetime == expectedLifetime )
with expansion:
  7267 (0x1c63) == 7267 (0x1c63)
with message:
  slack=65404 w=9 expectedLifetime=7267

F:\projects\iterum\dsp\tests\unit\systems\atmosphere_ghost_test.cpp(2454): PASSED:
  REQUIRE( lifetime == expectedLifetime )
with expansion:
  7267 (0x1c63) == 7267 (0x1c63)
with message:
  slack=65404 w=9 expectedLifetime=7267

F:\projects\iterum\dsp\tests\unit\systems\atmosphere_ghost_test.cpp(2454): PASSED:
  REQUIRE( lifetime == expectedLifetime )
with expansion:
  7267 (0x1c63) == 7267 (0x1c63)
with message:
  slack=65404 w=9 expectedLifetime=7267

F:\projects\iterum\dsp\tests\unit\systems\atmosphere_ghost_test.cpp(2454): PASSED:
  REQUIRE( lifetime == expectedLifetime )
with expansion:
  7267 (0x1c63) == 7267 (0x1c63)
with message:
  slack=65404 w=9 expectedLifetime=7267

F:\projects\iterum\dsp\tests\unit\systems\atmosphere_ghost_test.cpp(2454): PASSED:
  REQUIRE( lifetime == expectedLifetime )
with expansion:
  7267 (0x1c63) == 7267 (0x1c63)
with message:
  slack=65404 w=9 expectedLifetime=7267

F:\projects\iterum\dsp\tests\unit\systems\atmosphere_ghost_test.cpp(2454): PASSED:
  REQUIRE( lifetime == expectedLifetime )
with expansion:
  7267 (0x1c63) == 7267 (0x1c63)
with message:
  slack=65404 w=9 expectedLifetime=7267

F:\projects\iterum\dsp\tests\unit\systems\atmosphere_ghost_test.cpp(2454): PASSED:
  REQUIRE( lifetime == expectedLifetime )
with expansion:
  7267 (0x1c63) == 7267 (0x1c63)
with message:
  slack=65404 w=9 expectedLifetime=7267

F:\projects\iterum\dsp\tests\unit\systems\atmosphere_ghost_test.cpp(2454): PASSED:
  REQUIRE( lifetime == expectedLifetime )
with expansion:
  7267 (0x1c63) == 7267 (0x1c63)
with message:
  slack=65404 w=9 expectedLifetime=7267

F:\projects\iterum\dsp\tests\unit\systems\atmosphere_ghost_test.cpp(2454): PASSED:
  REQUIRE( lifetime == expectedLifetime )
with expansion:
  7267 (0x1c63) == 7267 (0x1c63)
with message:
  slack=65404 w=9 expectedLifetime=7267

F:\projects\iterum\dsp\tests\unit\systems\atmosphere_ghost_test.cpp(2454): PASSED:
  REQUIRE( lifetime == expectedLifetime )
with expansion:
  7267 (0x1c63) == 7267 (0x1c63)
with message:
  slack=65404 w=9 expectedLifetime=7267

F:\projects\iterum\dsp\tests\unit\systems\atmosphere_ghost_test.cpp(2454): PASSED:
  REQUIRE( lifetime == expectedLifetime )
with expansion:
  7267 (0x1c63) == 7267 (0x1c63)
with message:
  slack=65404 w=9 expectedLifetime=7267

F:\projects\iterum\dsp\tests\unit\systems\atmosphere_ghost_test.cpp(2454): PASSED:
  REQUIRE( lifetime == expectedLifetime )
with expansion:
  7267 (0x1c63) == 7267 (0x1c63)
with message:
  slack=65404 w=9 expectedLifetime=7267

F:\projects\iterum\dsp\tests\unit\systems\atmosphere_ghost_test.cpp(2454): PASSED:
  REQUIRE( lifetime == expectedLifetime )
with expansion:
  7267 (0x1c63) == 7267 (0x1c63)
with message:
  slack=65404 w=9 expectedLifetime=7267

F:\projects\iterum\dsp\tests\unit\systems\atmosphere_ghost_test.cpp(2454): PASSED:
  REQUIRE( lifetime == expectedLifetime )
with expansion:
  7267 (0x1c63) == 7267 (0x1c63)
with message:
  slack=65404 w=9 expectedLifetime=7267

F:\projects\iterum\dsp\tests\unit\systems\atmosphere_ghost_test.cpp(2454): PASSED:
  REQUIRE( lifetime == expectedLifetime )
with expansion:
  7267 (0x1c63) == 7267 (0x1c63)
with message:
  slack=65404 w=9 expectedLifetime=7267

F:\projects\iterum\dsp\tests\unit\systems\atmosphere_ghost_test.cpp(2454): PASSED:
  REQUIRE( lifetime == expectedLifetime )
with expansion:
  7267 (0x1c63) == 7267 (0x1c63)
with message:
  slack=65404 w=9 expectedLifetime=7267

F:\projects\iterum\dsp\tests\unit\systems\atmosphere_ghost_test.cpp(2454): PASSED:
  REQUIRE( lifetime == expectedLifetime )
with expansion:
  7267 (0x1c63) == 7267 (0x1c63)
with message:
  slack=65404 w=9 expectedLifetime=7267

F:\projects\iterum\dsp\tests\unit\systems\atmosphere_ghost_test.cpp(2454): PASSED:
  REQUIRE( lifetime == expectedLifetime )
with expansion:
  7267 (0x1c63) == 7267 (0x1c63)
with message:
  slack=65404 w=9 expectedLifetime=7267

F:\projects\iterum\dsp\tests\unit\systems\atmosphere_ghost_test.cpp(2454): PASSED:
  REQUIRE( lifetime == expectedLifetime )
with expansion:
  7267 (0x1c63) == 7267 (0x1c63)
with message:
  slack=65404 w=9 expectedLifetime=7267

F:\projects\iterum\dsp\tests\unit\systems\atmosphere_ghost_test.cpp(2454): PASSED:
  REQUIRE( lifetime == expectedLifetime )
with expansion:
  7267 (0x1c63) == 7267 (0x1c63)
with message:
  slack=65404 w=9 expectedLifetime=7267

F:\projects\iterum\dsp\tests\unit\systems\atmosphere_ghost_test.cpp(2454): PASSED:
  REQUIRE( lifetime == expectedLifetime )
with expansion:
  7267 (0x1c63) == 7267 (0x1c63)
with message:
  slack=65404 w=9 expectedLifetime=7267

F:\projects\iterum\dsp\tests\unit\systems\atmosphere_ghost_test.cpp(2454): PASSED:
  REQUIRE( lifetime == expectedLifetime )
with expansion:
  7267 (0x1c63) == 7267 (0x1c63)
with message:
  slack=65404 w=9 expectedLifetime=7267

F:\projects\iterum\dsp\tests\unit\systems\atmosphere_ghost_test.cpp(2454): PASSED:
  REQUIRE( lifetime == expectedLifetime )
with expansion:
  7267 (0x1c63) == 7267 (0x1c63)
with message:
  slack=65404 w=9 expectedLifetime=7267

F:\projects\iterum\dsp\tests\unit\systems\atmosphere_ghost_test.cpp(2454): PASSED:
  REQUIRE( lifetime == expectedLifetime )
with expansion:
  7267 (0x1c63) == 7267 (0x1c63)
with message:
  slack=65404 w=9 expectedLifetime=7267

F:\projects\iterum\dsp\tests\unit\systems\atmosphere_ghost_test.cpp(2454): PASSED:
  REQUIRE( lifetime == expectedLifetime )
with expansion:
  7267 (0x1c63) == 7267 (0x1c63)
with message:
  slack=65404 w=9 expectedLifetime=7267

F:\projects\iterum\dsp\tests\unit\systems\atmosphere_ghost_test.cpp(2454): PASSED:
  REQUIRE( lifetime == expectedLifetime )
with expansion:
  7267 (0x1c63) == 7267 (0x1c63)
with message:
  slack=65404 w=9 expectedLifetime=7267

F:\projects\iterum\dsp\tests\unit\systems\atmosphere_ghost_test.cpp(2454): PASSED:
  REQUIRE( lifetime == expectedLifetime )
with expansion:
  7267 (0x1c63) == 7267 (0x1c63)
with message:
  slack=65404 w=9 expectedLifetime=7267

F:\projects\iterum\dsp\tests\unit\systems\atmosphere_ghost_test.cpp(2454): PASSED:
  REQUIRE( lifetime == expectedLifetime )
with expansion:
  7267 (0x1c63) == 7267 (0x1c63)
with message:
  slack=65404 w=9 expectedLifetime=7267

F:\projects\iterum\dsp\tests\unit\systems\atmosphere_ghost_test.cpp(2454): PASSED:
  REQUIRE( lifetime == expectedLifetime )
with expansion:
  7267 (0x1c63) == 7267 (0x1c63)
with message:
  slack=65404 w=9 expectedLifetime=7267

F:\projects\iterum\dsp\tests\unit\systems\atmosphere_ghost_test.cpp(2454): PASSED:
  REQUIRE( lifetime == expectedLifetime )
with expansion:
  7267 (0x1c63) == 7267 (0x1c63)
with message:
  slack=65404 w=9 expectedLifetime=7267

F:\projects\iterum\dsp\tests\unit\systems\atmosphere_ghost_test.cpp(2454): PASSED:
  REQUIRE( lifetime == expectedLifetime )
with expansion:
  7267 (0x1c63) == 7267 (0x1c63)
with message:
  slack=65404 w=9 expectedLifetime=7267

F:\projects\iterum\dsp\tests\unit\systems\atmosphere_ghost_test.cpp(2454): PASSED:
  REQUIRE( lifetime == expectedLifetime )
with expansion:
  7267 (0x1c63) == 7267 (0x1c63)
with message:
  slack=65404 w=9 expectedLifetime=7267

F:\projects\iterum\dsp\tests\unit\systems\atmosphere_ghost_test.cpp(2454): PASSED:
  REQUIRE( lifetime == expectedLifetime )
with expansion:
  7267 (0x1c63) == 7267 (0x1c63)
with message:
  slack=65404 w=9 expectedLifetime=7267

F:\projects\iterum\dsp\tests\unit\systems\atmosphere_ghost_test.cpp(2454): PASSED:
  REQUIRE( lifetime == expectedLifetime )
with expansion:
  7267 (0x1c63) == 7267 (0x1c63)
with message:
  slack=65404 w=9 expectedLifetime=7267

F:\projects\iterum\dsp\tests\unit\systems\atmosphere_ghost_test.cpp(2454): PASSED:
  REQUIRE( lifetime == expectedLifetime )
with expansion:
  7267 (0x1c63) == 7267 (0x1c63)
with message:
  slack=65404 w=9 expectedLifetime=7267

F:\projects\iterum\dsp\tests\unit\systems\atmosphere_ghost_test.cpp(2454): PASSED:
  REQUIRE( lifetime == expectedLifetime )
with expansion:
  7267 (0x1c63) == 7267 (0x1c63)
with message:
  slack=65404 w=9 expectedLifetime=7267

F:\projects\iterum\dsp\tests\unit\systems\atmosphere_ghost_test.cpp(2454): PASSED:
  REQUIRE( lifetime == expectedLifetime )
with expansion:
  7267 (0x1c63) == 7267 (0x1c63)
with message:
  slack=65404 w=9 expectedLifetime=7267

F:\projects\iterum\dsp\tests\unit\systems\atmosphere_ghost_test.cpp(2454): PASSED:
  REQUIRE( lifetime == expectedLifetime )
with expansion:
  7267 (0x1c63) == 7267 (0x1c63)
with message:
  slack=65404 w=9 expectedLifetime=7267

F:\projects\iterum\dsp\tests\unit\systems\atmosphere_ghost_test.cpp(2454): PASSED:
  REQUIRE( lifetime == expectedLifetime )
with expansion:
  7267 (0x1c63) == 7267 (0x1c63)
with message:
  slack=65404 w=9 expectedLifetime=7267

F:\projects\iterum\dsp\tests\unit\systems\atmosphere_ghost_test.cpp(2454): PASSED:
  REQUIRE( lifetime == expectedLifetime )
with expansion:
  7267 (0x1c63) == 7267 (0x1c63)
with message:
  slack=65404 w=9 expectedLifetime=7267

F:\projects\iterum\dsp\tests\unit\systems\atmosphere_ghost_test.cpp(2454): PASSED:
  REQUIRE( lifetime == expectedLifetime )
with expansion:
  7267 (0x1c63) == 7267 (0x1c63)
with message:
  slack=65404 w=9 expectedLifetime=7267

F:\projects\iterum\dsp\tests\unit\systems\atmosphere_ghost_test.cpp(2454): PASSED:
  REQUIRE( lifetime == expectedLifetime )
with expansion:
  7267 (0x1c63) == 7267 (0x1c63)
with message:
  slack=65404 w=9 expectedLifetime=7267

F:\projects\iterum\dsp\tests\unit\systems\atmosphere_ghost_test.cpp(2454): PASSED:
  REQUIRE( lifetime == expectedLifetime )
with expansion:
  7267 (0x1c63) == 7267 (0x1c63)
with message:
  slack=65404 w=9 expectedLifetime=7267

0.040 s: exact arm - pitchSpread 0 pins rMax = 8, so the lifetime is an equality
0.040 s: AtmosphereGhost_ReverseTruncation
-------------------------------------------------------------------------------
AtmosphereGhost_ReverseTruncation
  corner arm - pitchSpread 1 makes rMax a draw, so the lifetime is bounded
-------------------------------------------------------------------------------
F:\projects\iterum\dsp\tests\unit\systems\atmosphere_ghost_test.cpp(2458)
...............................................................................

F:\projects\iterum\dsp\tests\unit\systems\atmosphere_ghost_test.cpp(2218): PASSED:
  REQUIRE( preRolled == arm.capacity )
with expansion:
  65536 (0x10000) == 65536 (0x10000)

F:\projects\iterum\dsp\tests\unit\systems\atmosphere_ghost_test.cpp(2262): PASSED:
  REQUIRE( static_cast<double>(arm.spanSamples + kObservationBlock) < shortestInteronset )
with expansion:
  6208.0 < 359999.9946355821
with message:
  interonset=480000 shortest=360000 span=6144

F:\projects\iterum\dsp\tests\unit\systems\atmosphere_ghost_test.cpp(2287): PASSED:
  REQUIRE( settleEnd > std::size_t{0} )
with expansion:
  339008 (0x52c40) > 0
with message:
  interonset=480000 shortest=360000 span=6144

F:\projects\iterum\dsp\tests\unit\systems\atmosphere_ghost_test.cpp(2405): PASSED:
  REQUIRE( arm.capacity == nextPowerOfTwo(static_cast<std::size_t>( static_cast<double>(AtmosphereEngine::kMinCaptureSeconds) * kTruncationSampleRate)) )
with expansion:
  65536 (0x10000) == 65536 (0x10000)
with message:
  arm: corner (pitchSpread = 1); capacity=65536 span=6144 bornDelta=63
  observations=63 maxBlockBornDelta=1 schedulerBirths=0 worstAbs=0.354639

F:\projects\iterum\dsp\tests\unit\systems\atmosphere_ghost_test.cpp(2413): PASSED:
  REQUIRE( arm.schedulerBirths == std::uint64_t{0} )
with expansion:
  0 == 0
with message:
  arm: corner (pitchSpread = 1); capacity=65536 span=6144 bornDelta=63
  observations=63 maxBlockBornDelta=1 schedulerBirths=0 worstAbs=0.354639

F:\projects\iterum\dsp\tests\unit\systems\atmosphere_ghost_test.cpp(2414): PASSED:
  REQUIRE( arm.maxBlockBornDelta <= std::uint64_t{1} )
with expansion:
  1 <= 1
with message:
  arm: corner (pitchSpread = 1); capacity=65536 span=6144 bornDelta=63
  observations=63 maxBlockBornDelta=1 schedulerBirths=0 worstAbs=0.354639

F:\projects\iterum\dsp\tests\unit\systems\atmosphere_ghost_test.cpp(2415): PASSED:
  REQUIRE( arm.lifetimes.size() == static_cast<std::size_t>(arm.bornDelta) )
with expansion:
  63 == 63
with message:
  arm: corner (pitchSpread = 1); capacity=65536 span=6144 bornDelta=63
  observations=63 maxBlockBornDelta=1 schedulerBirths=0 worstAbs=0.354639

F:\projects\iterum\dsp\tests\unit\systems\atmosphere_ghost_test.cpp(2417): PASSED:
  REQUIRE( arm.bornDelta >= std::uint64_t{1} )
with expansion:
  63 >= 1
with message:
  arm: corner (pitchSpread = 1); capacity=65536 span=6144 bornDelta=63
  observations=63 maxBlockBornDelta=1 schedulerBirths=0 worstAbs=0.354639

F:\projects\iterum\dsp\tests\unit\systems\atmosphere_ghost_test.cpp(2420): PASSED:
  REQUIRE( arm.nonFiniteSamples == std::size_t{0} )
with expansion:
  0 == 0
with message:
  arm: corner (pitchSpread = 1); capacity=65536 span=6144 bornDelta=63
  observations=63 maxBlockBornDelta=1 schedulerBirths=0 worstAbs=0.354639

F:\projects\iterum\dsp\tests\unit\systems\atmosphere_ghost_test.cpp(2421): PASSED:
  REQUIRE( arm.overLevelSamples == std::size_t{0} )
with expansion:
  0 == 0
with message:
  arm: corner (pitchSpread = 1); capacity=65536 span=6144 bornDelta=63
  observations=63 maxBlockBornDelta=1 schedulerBirths=0 worstAbs=0.354639

F:\projects\iterum\dsp\tests\unit\systems\atmosphere_ghost_test.cpp(2427): PASSED:
  REQUIRE( lifetime >= std::uint64_t{2} )
with expansion:
  9681 (0x25d1) >= 2
with message:
  arm: corner (pitchSpread = 1); capacity=65536 span=6144 bornDelta=63
  observations=63 maxBlockBornDelta=1 schedulerBirths=0 worstAbs=0.354639

F:\projects\iterum\dsp\tests\unit\systems\atmosphere_ghost_test.cpp(2427): PASSED:
  REQUIRE( lifetime >= std::uint64_t{2} )
with expansion:
  8985 (0x2319) >= 2
with message:
  arm: corner (pitchSpread = 1); capacity=65536 span=6144 bornDelta=63
  observations=63 maxBlockBornDelta=1 schedulerBirths=0 worstAbs=0.354639

F:\projects\iterum\dsp\tests\unit\systems\atmosphere_ghost_test.cpp(2427): PASSED:
  REQUIRE( lifetime >= std::uint64_t{2} )
with expansion:
  11927 (0x2e97) >= 2
with message:
  arm: corner (pitchSpread = 1); capacity=65536 span=6144 bornDelta=63
  observations=63 maxBlockBornDelta=1 schedulerBirths=0 worstAbs=0.354639

F:\projects\iterum\dsp\tests\unit\systems\atmosphere_ghost_test.cpp(2427): PASSED:
  REQUIRE( lifetime >= std::uint64_t{2} )
with expansion:
  8095 (0x1f9f) >= 2
with message:
  arm: corner (pitchSpread = 1); capacity=65536 span=6144 bornDelta=63
  observations=63 maxBlockBornDelta=1 schedulerBirths=0 worstAbs=0.354639

F:\projects\iterum\dsp\tests\unit\systems\atmosphere_ghost_test.cpp(2427): PASSED:
  REQUIRE( lifetime >= std::uint64_t{2} )
with expansion:
  7267 (0x1c63) >= 2
with message:
  arm: corner (pitchSpread = 1); capacity=65536 span=6144 bornDelta=63
  observations=63 maxBlockBornDelta=1 schedulerBirths=0 worstAbs=0.354639

F:\projects\iterum\dsp\tests\unit\systems\atmosphere_ghost_test.cpp(2427): PASSED:
  REQUIRE( lifetime >= std::uint64_t{2} )
with expansion:
  7267 (0x1c63) >= 2
with message:
  arm: corner (pitchSpread = 1); capacity=65536 span=6144 bornDelta=63
  observations=63 maxBlockBornDelta=1 schedulerBirths=0 worstAbs=0.354639

F:\projects\iterum\dsp\tests\unit\systems\atmosphere_ghost_test.cpp(2427): PASSED:
  REQUIRE( lifetime >= std::uint64_t{2} )
with expansion:
  9243 (0x241b) >= 2
with message:
  arm: corner (pitchSpread = 1); capacity=65536 span=6144 bornDelta=63
  observations=63 maxBlockBornDelta=1 schedulerBirths=0 worstAbs=0.354639

F:\projects\iterum\dsp\tests\unit\systems\atmosphere_ghost_test.cpp(2427): PASSED:
  REQUIRE( lifetime >= std::uint64_t{2} )
with expansion:
  9270 (0x2436) >= 2
with message:
  arm: corner (pitchSpread = 1); capacity=65536 span=6144 bornDelta=63
  observations=63 maxBlockBornDelta=1 schedulerBirths=0 worstAbs=0.354639

F:\projects\iterum\dsp\tests\unit\systems\atmosphere_ghost_test.cpp(2427): PASSED:
  REQUIRE( lifetime >= std::uint64_t{2} )
with expansion:
  9250 (0x2422) >= 2
with message:
  arm: corner (pitchSpread = 1); capacity=65536 span=6144 bornDelta=63
  observations=63 maxBlockBornDelta=1 schedulerBirths=0 worstAbs=0.354639

F:\projects\iterum\dsp\tests\unit\systems\atmosphere_ghost_test.cpp(2427): PASSED:
  REQUIRE( lifetime >= std::uint64_t{2} )
with expansion:
  9310 (0x245e) >= 2
with message:
  arm: corner (pitchSpread = 1); capacity=65536 span=6144 bornDelta=63
  observations=63 maxBlockBornDelta=1 schedulerBirths=0 worstAbs=0.354639

F:\projects\iterum\dsp\tests\unit\systems\atmosphere_ghost_test.cpp(2427): PASSED:
  REQUIRE( lifetime >= std::uint64_t{2} )
with expansion:
  7267 (0x1c63) >= 2
with message:
  arm: corner (pitchSpread = 1); capacity=65536 span=6144 bornDelta=63
  observations=63 maxBlockBornDelta=1 schedulerBirths=0 worstAbs=0.354639

F:\projects\iterum\dsp\tests\unit\systems\atmosphere_ghost_test.cpp(2427): PASSED:
  REQUIRE( lifetime >= std::uint64_t{2} )
with expansion:
  12053 (0x2f15) >= 2
with message:
  arm: corner (pitchSpread = 1); capacity=65536 span=6144 bornDelta=63
  observations=63 maxBlockBornDelta=1 schedulerBirths=0 worstAbs=0.354639

F:\projects\iterum\dsp\tests\unit\systems\atmosphere_ghost_test.cpp(2427): PASSED:
  REQUIRE( lifetime >= std::uint64_t{2} )
with expansion:
  9707 (0x25eb) >= 2
with message:
  arm: corner (pitchSpread = 1); capacity=65536 span=6144 bornDelta=63
  observations=63 maxBlockBornDelta=1 schedulerBirths=0 worstAbs=0.354639

F:\projects\iterum\dsp\tests\unit\systems\atmosphere_ghost_test.cpp(2427): PASSED:
  REQUIRE( lifetime >= std::uint64_t{2} )
with expansion:
  8942 (0x22ee) >= 2
with message:
  arm: corner (pitchSpread = 1); capacity=65536 span=6144 bornDelta=63
  observations=63 maxBlockBornDelta=1 schedulerBirths=0 worstAbs=0.354639

F:\projects\iterum\dsp\tests\unit\systems\atmosphere_ghost_test.cpp(2427): PASSED:
  REQUIRE( lifetime >= std::uint64_t{2} )
with expansion:
  12694 (0x3196) >= 2
with message:
  arm: corner (pitchSpread = 1); capacity=65536 span=6144 bornDelta=63
  observations=63 maxBlockBornDelta=1 schedulerBirths=0 worstAbs=0.354639

F:\projects\iterum\dsp\tests\unit\systems\atmosphere_ghost_test.cpp(2427): PASSED:
  REQUIRE( lifetime >= std::uint64_t{2} )
with expansion:
  11575 (0x2d37) >= 2
with message:
  arm: corner (pitchSpread = 1); capacity=65536 span=6144 bornDelta=63
  observations=63 maxBlockBornDelta=1 schedulerBirths=0 worstAbs=0.354639

F:\projects\iterum\dsp\tests\unit\systems\atmosphere_ghost_test.cpp(2427): PASSED:
  REQUIRE( lifetime >= std::uint64_t{2} )
with expansion:
  8645 (0x21c5) >= 2
with message:
  arm: corner (pitchSpread = 1); capacity=65536 span=6144 bornDelta=63
  observations=63 maxBlockBornDelta=1 schedulerBirths=0 worstAbs=0.354639

F:\projects\iterum\dsp\tests\unit\systems\atmosphere_ghost_test.cpp(2427): PASSED:
  REQUIRE( lifetime >= std::uint64_t{2} )
with expansion:
  7267 (0x1c63) >= 2
with message:
  arm: corner (pitchSpread = 1); capacity=65536 span=6144 bornDelta=63
  observations=63 maxBlockBornDelta=1 schedulerBirths=0 worstAbs=0.354639

F:\projects\iterum\dsp\tests\unit\systems\atmosphere_ghost_test.cpp(2427): PASSED:
  REQUIRE( lifetime >= std::uint64_t{2} )
with expansion:
  7267 (0x1c63) >= 2
with message:
  arm: corner (pitchSpread = 1); capacity=65536 span=6144 bornDelta=63
  observations=63 maxBlockBornDelta=1 schedulerBirths=0 worstAbs=0.354639

F:\projects\iterum\dsp\tests\unit\systems\atmosphere_ghost_test.cpp(2427): PASSED:
  REQUIRE( lifetime >= std::uint64_t{2} )
with expansion:
  7267 (0x1c63) >= 2
with message:
  arm: corner (pitchSpread = 1); capacity=65536 span=6144 bornDelta=63
  observations=63 maxBlockBornDelta=1 schedulerBirths=0 worstAbs=0.354639

F:\projects\iterum\dsp\tests\unit\systems\atmosphere_ghost_test.cpp(2427): PASSED:
  REQUIRE( lifetime >= std::uint64_t{2} )
with expansion:
  7267 (0x1c63) >= 2
with message:
  arm: corner (pitchSpread = 1); capacity=65536 span=6144 bornDelta=63
  observations=63 maxBlockBornDelta=1 schedulerBirths=0 worstAbs=0.354639

F:\projects\iterum\dsp\tests\unit\systems\atmosphere_ghost_test.cpp(2427): PASSED:
  REQUIRE( lifetime >= std::uint64_t{2} )
with expansion:
  7267 (0x1c63) >= 2
with message:
  arm: corner (pitchSpread = 1); capacity=65536 span=6144 bornDelta=63
  observations=63 maxBlockBornDelta=1 schedulerBirths=0 worstAbs=0.354639

F:\projects\iterum\dsp\tests\unit\systems\atmosphere_ghost_test.cpp(2427): PASSED:
  REQUIRE( lifetime >= std::uint64_t{2} )
with expansion:
  7267 (0x1c63) >= 2
with message:
  arm: corner (pitchSpread = 1); capacity=65536 span=6144 bornDelta=63
  observations=63 maxBlockBornDelta=1 schedulerBirths=0 worstAbs=0.354639

F:\projects\iterum\dsp\tests\unit\systems\atmosphere_ghost_test.cpp(2427): PASSED:
  REQUIRE( lifetime >= std::uint64_t{2} )
with expansion:
  7267 (0x1c63) >= 2
with message:
  arm: corner (pitchSpread = 1); capacity=65536 span=6144 bornDelta=63
  observations=63 maxBlockBornDelta=1 schedulerBirths=0 worstAbs=0.354639

F:\projects\iterum\dsp\tests\unit\systems\atmosphere_ghost_test.cpp(2427): PASSED:
  REQUIRE( lifetime >= std::uint64_t{2} )
with expansion:
  12446 (0x309e) >= 2
with message:
  arm: corner (pitchSpread = 1); capacity=65536 span=6144 bornDelta=63
  observations=63 maxBlockBornDelta=1 schedulerBirths=0 worstAbs=0.354639

F:\projects\iterum\dsp\tests\unit\systems\atmosphere_ghost_test.cpp(2427): PASSED:
  REQUIRE( lifetime >= std::uint64_t{2} )
with expansion:
  7267 (0x1c63) >= 2
with message:
  arm: corner (pitchSpread = 1); capacity=65536 span=6144 bornDelta=63
  observations=63 maxBlockBornDelta=1 schedulerBirths=0 worstAbs=0.354639

F:\projects\iterum\dsp\tests\unit\systems\atmosphere_ghost_test.cpp(2427): PASSED:
  REQUIRE( lifetime >= std::uint64_t{2} )
with expansion:
  7267 (0x1c63) >= 2
with message:
  arm: corner (pitchSpread = 1); capacity=65536 span=6144 bornDelta=63
  observations=63 maxBlockBornDelta=1 schedulerBirths=0 worstAbs=0.354639

F:\projects\iterum\dsp\tests\unit\systems\atmosphere_ghost_test.cpp(2427): PASSED:
  REQUIRE( lifetime >= std::uint64_t{2} )
with expansion:
  7267 (0x1c63) >= 2
with message:
  arm: corner (pitchSpread = 1); capacity=65536 span=6144 bornDelta=63
  observations=63 maxBlockBornDelta=1 schedulerBirths=0 worstAbs=0.354639

F:\projects\iterum\dsp\tests\unit\systems\atmosphere_ghost_test.cpp(2427): PASSED:
  REQUIRE( lifetime >= std::uint64_t{2} )
with expansion:
  7267 (0x1c63) >= 2
with message:
  arm: corner (pitchSpread = 1); capacity=65536 span=6144 bornDelta=63
  observations=63 maxBlockBornDelta=1 schedulerBirths=0 worstAbs=0.354639

F:\projects\iterum\dsp\tests\unit\systems\atmosphere_ghost_test.cpp(2427): PASSED:
  REQUIRE( lifetime >= std::uint64_t{2} )
with expansion:
  7267 (0x1c63) >= 2
with message:
  arm: corner (pitchSpread = 1); capacity=65536 span=6144 bornDelta=63
  observations=63 maxBlockBornDelta=1 schedulerBirths=0 worstAbs=0.354639

F:\projects\iterum\dsp\tests\unit\systems\atmosphere_ghost_test.cpp(2427): PASSED:
  REQUIRE( lifetime >= std::uint64_t{2} )
with expansion:
  7267 (0x1c63) >= 2
with message:
  arm: corner (pitchSpread = 1); capacity=65536 span=6144 bornDelta=63
  observations=63 maxBlockBornDelta=1 schedulerBirths=0 worstAbs=0.354639

F:\projects\iterum\dsp\tests\unit\systems\atmosphere_ghost_test.cpp(2427): PASSED:
  REQUIRE( lifetime >= std::uint64_t{2} )
with expansion:
  7267 (0x1c63) >= 2
with message:
  arm: corner (pitchSpread = 1); capacity=65536 span=6144 bornDelta=63
  observations=63 maxBlockBornDelta=1 schedulerBirths=0 worstAbs=0.354639

F:\projects\iterum\dsp\tests\unit\systems\atmosphere_ghost_test.cpp(2427): PASSED:
  REQUIRE( lifetime >= std::uint64_t{2} )
with expansion:
  7267 (0x1c63) >= 2
with message:
  arm: corner (pitchSpread = 1); capacity=65536 span=6144 bornDelta=63
  observations=63 maxBlockBornDelta=1 schedulerBirths=0 worstAbs=0.354639

F:\projects\iterum\dsp\tests\unit\systems\atmosphere_ghost_test.cpp(2427): PASSED:
  REQUIRE( lifetime >= std::uint64_t{2} )
with expansion:
  12093 (0x2f3d) >= 2
with message:
  arm: corner (pitchSpread = 1); capacity=65536 span=6144 bornDelta=63
  observations=63 maxBlockBornDelta=1 schedulerBirths=0 worstAbs=0.354639

F:\projects\iterum\dsp\tests\unit\systems\atmosphere_ghost_test.cpp(2427): PASSED:
  REQUIRE( lifetime >= std::uint64_t{2} )
with expansion:
  11721 (0x2dc9) >= 2
with message:
  arm: corner (pitchSpread = 1); capacity=65536 span=6144 bornDelta=63
  observations=63 maxBlockBornDelta=1 schedulerBirths=0 worstAbs=0.354639

F:\projects\iterum\dsp\tests\unit\systems\atmosphere_ghost_test.cpp(2427): PASSED:
  REQUIRE( lifetime >= std::uint64_t{2} )
with expansion:
  7494 (0x1d46) >= 2
with message:
  arm: corner (pitchSpread = 1); capacity=65536 span=6144 bornDelta=63
  observations=63 maxBlockBornDelta=1 schedulerBirths=0 worstAbs=0.354639

F:\projects\iterum\dsp\tests\unit\systems\atmosphere_ghost_test.cpp(2427): PASSED:
  REQUIRE( lifetime >= std::uint64_t{2} )
with expansion:
  10401 (0x28a1) >= 2
with message:
  arm: corner (pitchSpread = 1); capacity=65536 span=6144 bornDelta=63
  observations=63 maxBlockBornDelta=1 schedulerBirths=0 worstAbs=0.354639

F:\projects\iterum\dsp\tests\unit\systems\atmosphere_ghost_test.cpp(2427): PASSED:
  REQUIRE( lifetime >= std::uint64_t{2} )
with expansion:
  7267 (0x1c63) >= 2
with message:
  arm: corner (pitchSpread = 1); capacity=65536 span=6144 bornDelta=63
  observations=63 maxBlockBornDelta=1 schedulerBirths=0 worstAbs=0.354639

F:\projects\iterum\dsp\tests\unit\systems\atmosphere_ghost_test.cpp(2427): PASSED:
  REQUIRE( lifetime >= std::uint64_t{2} )
with expansion:
  9566 (0x255e) >= 2
with message:
  arm: corner (pitchSpread = 1); capacity=65536 span=6144 bornDelta=63
  observations=63 maxBlockBornDelta=1 schedulerBirths=0 worstAbs=0.354639

F:\projects\iterum\dsp\tests\unit\systems\atmosphere_ghost_test.cpp(2427): PASSED:
  REQUIRE( lifetime >= std::uint64_t{2} )
with expansion:
  7890 (0x1ed2) >= 2
with message:
  arm: corner (pitchSpread = 1); capacity=65536 span=6144 bornDelta=63
  observations=63 maxBlockBornDelta=1 schedulerBirths=0 worstAbs=0.354639

F:\projects\iterum\dsp\tests\unit\systems\atmosphere_ghost_test.cpp(2427): PASSED:
  REQUIRE( lifetime >= std::uint64_t{2} )
with expansion:
  7875 (0x1ec3) >= 2
with message:
  arm: corner (pitchSpread = 1); capacity=65536 span=6144 bornDelta=63
  observations=63 maxBlockBornDelta=1 schedulerBirths=0 worstAbs=0.354639

F:\projects\iterum\dsp\tests\unit\systems\atmosphere_ghost_test.cpp(2427): PASSED:
  REQUIRE( lifetime >= std::uint64_t{2} )
with expansion:
  7267 (0x1c63) >= 2
with message:
  arm: corner (pitchSpread = 1); capacity=65536 span=6144 bornDelta=63
  observations=63 maxBlockBornDelta=1 schedulerBirths=0 worstAbs=0.354639

F:\projects\iterum\dsp\tests\unit\systems\atmosphere_ghost_test.cpp(2427): PASSED:
  REQUIRE( lifetime >= std::uint64_t{2} )
with expansion:
  10591 (0x295f) >= 2
with message:
  arm: corner (pitchSpread = 1); capacity=65536 span=6144 bornDelta=63
  observations=63 maxBlockBornDelta=1 schedulerBirths=0 worstAbs=0.354639

F:\projects\iterum\dsp\tests\unit\systems\atmosphere_ghost_test.cpp(2427): PASSED:
  REQUIRE( lifetime >= std::uint64_t{2} )
with expansion:
  7267 (0x1c63) >= 2
with message:
  arm: corner (pitchSpread = 1); capacity=65536 span=6144 bornDelta=63
  observations=63 maxBlockBornDelta=1 schedulerBirths=0 worstAbs=0.354639

F:\projects\iterum\dsp\tests\unit\systems\atmosphere_ghost_test.cpp(2427): PASSED:
  REQUIRE( lifetime >= std::uint64_t{2} )
with expansion:
  9898 (0x26aa) >= 2
with message:
  arm: corner (pitchSpread = 1); capacity=65536 span=6144 bornDelta=63
  observations=63 maxBlockBornDelta=1 schedulerBirths=0 worstAbs=0.354639

F:\projects\iterum\dsp\tests\unit\systems\atmosphere_ghost_test.cpp(2427): PASSED:
  REQUIRE( lifetime >= std::uint64_t{2} )
with expansion:
  7267 (0x1c63) >= 2
with message:
  arm: corner (pitchSpread = 1); capacity=65536 span=6144 bornDelta=63
  observations=63 maxBlockBornDelta=1 schedulerBirths=0 worstAbs=0.354639

F:\projects\iterum\dsp\tests\unit\systems\atmosphere_ghost_test.cpp(2427): PASSED:
  REQUIRE( lifetime >= std::uint64_t{2} )
with expansion:
  9884 (0x269c) >= 2
with message:
  arm: corner (pitchSpread = 1); capacity=65536 span=6144 bornDelta=63
  observations=63 maxBlockBornDelta=1 schedulerBirths=0 worstAbs=0.354639

F:\projects\iterum\dsp\tests\unit\systems\atmosphere_ghost_test.cpp(2427): PASSED:
  REQUIRE( lifetime >= std::uint64_t{2} )
with expansion:
  11080 (0x2b48) >= 2
with message:
  arm: corner (pitchSpread = 1); capacity=65536 span=6144 bornDelta=63
  observations=63 maxBlockBornDelta=1 schedulerBirths=0 worstAbs=0.354639

F:\projects\iterum\dsp\tests\unit\systems\atmosphere_ghost_test.cpp(2427): PASSED:
  REQUIRE( lifetime >= std::uint64_t{2} )
with expansion:
  7267 (0x1c63) >= 2
with message:
  arm: corner (pitchSpread = 1); capacity=65536 span=6144 bornDelta=63
  observations=63 maxBlockBornDelta=1 schedulerBirths=0 worstAbs=0.354639

F:\projects\iterum\dsp\tests\unit\systems\atmosphere_ghost_test.cpp(2427): PASSED:
  REQUIRE( lifetime >= std::uint64_t{2} )
with expansion:
  10794 (0x2a2a) >= 2
with message:
  arm: corner (pitchSpread = 1); capacity=65536 span=6144 bornDelta=63
  observations=63 maxBlockBornDelta=1 schedulerBirths=0 worstAbs=0.354639

F:\projects\iterum\dsp\tests\unit\systems\atmosphere_ghost_test.cpp(2427): PASSED:
  REQUIRE( lifetime >= std::uint64_t{2} )
with expansion:
  10444 (0x28cc) >= 2
with message:
  arm: corner (pitchSpread = 1); capacity=65536 span=6144 bornDelta=63
  observations=63 maxBlockBornDelta=1 schedulerBirths=0 worstAbs=0.354639

F:\projects\iterum\dsp\tests\unit\systems\atmosphere_ghost_test.cpp(2427): PASSED:
  REQUIRE( lifetime >= std::uint64_t{2} )
with expansion:
  7728 (0x1e30) >= 2
with message:
  arm: corner (pitchSpread = 1); capacity=65536 span=6144 bornDelta=63
  observations=63 maxBlockBornDelta=1 schedulerBirths=0 worstAbs=0.354639

F:\projects\iterum\dsp\tests\unit\systems\atmosphere_ghost_test.cpp(2427): PASSED:
  REQUIRE( lifetime >= std::uint64_t{2} )
with expansion:
  7267 (0x1c63) >= 2
with message:
  arm: corner (pitchSpread = 1); capacity=65536 span=6144 bornDelta=63
  observations=63 maxBlockBornDelta=1 schedulerBirths=0 worstAbs=0.354639

F:\projects\iterum\dsp\tests\unit\systems\atmosphere_ghost_test.cpp(2427): PASSED:
  REQUIRE( lifetime >= std::uint64_t{2} )
with expansion:
  8985 (0x2319) >= 2
with message:
  arm: corner (pitchSpread = 1); capacity=65536 span=6144 bornDelta=63
  observations=63 maxBlockBornDelta=1 schedulerBirths=0 worstAbs=0.354639

F:\projects\iterum\dsp\tests\unit\systems\atmosphere_ghost_test.cpp(2427): PASSED:
  REQUIRE( lifetime >= std::uint64_t{2} )
with expansion:
  10256 (0x2810) >= 2
with message:
  arm: corner (pitchSpread = 1); capacity=65536 span=6144 bornDelta=63
  observations=63 maxBlockBornDelta=1 schedulerBirths=0 worstAbs=0.354639

F:\projects\iterum\dsp\tests\unit\systems\atmosphere_ghost_test.cpp(2427): PASSED:
  REQUIRE( lifetime >= std::uint64_t{2} )
with expansion:
  7683 (0x1e03) >= 2
with message:
  arm: corner (pitchSpread = 1); capacity=65536 span=6144 bornDelta=63
  observations=63 maxBlockBornDelta=1 schedulerBirths=0 worstAbs=0.354639

F:\projects\iterum\dsp\tests\unit\systems\atmosphere_ghost_test.cpp(2427): PASSED:
  REQUIRE( lifetime >= std::uint64_t{2} )
with expansion:
  12811 (0x320b) >= 2
with message:
  arm: corner (pitchSpread = 1); capacity=65536 span=6144 bornDelta=63
  observations=63 maxBlockBornDelta=1 schedulerBirths=0 worstAbs=0.354639

F:\projects\iterum\dsp\tests\unit\systems\atmosphere_ghost_test.cpp(2427): PASSED:
  REQUIRE( lifetime >= std::uint64_t{2} )
with expansion:
  8032 (0x1f60) >= 2
with message:
  arm: corner (pitchSpread = 1); capacity=65536 span=6144 bornDelta=63
  observations=63 maxBlockBornDelta=1 schedulerBirths=0 worstAbs=0.354639

F:\projects\iterum\dsp\tests\unit\systems\atmosphere_ghost_test.cpp(2427): PASSED:
  REQUIRE( lifetime >= std::uint64_t{2} )
with expansion:
  7267 (0x1c63) >= 2
with message:
  arm: corner (pitchSpread = 1); capacity=65536 span=6144 bornDelta=63
  observations=63 maxBlockBornDelta=1 schedulerBirths=0 worstAbs=0.354639

F:\projects\iterum\dsp\tests\unit\systems\atmosphere_ghost_test.cpp(2427): PASSED:
  REQUIRE( lifetime >= std::uint64_t{2} )
with expansion:
  8335 (0x208f) >= 2
with message:
  arm: corner (pitchSpread = 1); capacity=65536 span=6144 bornDelta=63
  observations=63 maxBlockBornDelta=1 schedulerBirths=0 worstAbs=0.354639

F:\projects\iterum\dsp\tests\unit\systems\atmosphere_ghost_test.cpp(2427): PASSED:
  REQUIRE( lifetime >= std::uint64_t{2} )
with expansion:
  7267 (0x1c63) >= 2
with message:
  arm: corner (pitchSpread = 1); capacity=65536 span=6144 bornDelta=63
  observations=63 maxBlockBornDelta=1 schedulerBirths=0 worstAbs=0.354639

F:\projects\iterum\dsp\tests\unit\systems\atmosphere_ghost_test.cpp(2427): PASSED:
  REQUIRE( lifetime >= std::uint64_t{2} )
with expansion:
  7267 (0x1c63) >= 2
with message:
  arm: corner (pitchSpread = 1); capacity=65536 span=6144 bornDelta=63
  observations=63 maxBlockBornDelta=1 schedulerBirths=0 worstAbs=0.354639

F:\projects\iterum\dsp\tests\unit\systems\atmosphere_ghost_test.cpp(2427): PASSED:
  REQUIRE( lifetime >= std::uint64_t{2} )
with expansion:
  7267 (0x1c63) >= 2
with message:
  arm: corner (pitchSpread = 1); capacity=65536 span=6144 bornDelta=63
  observations=63 maxBlockBornDelta=1 schedulerBirths=0 worstAbs=0.354639

F:\projects\iterum\dsp\tests\unit\systems\atmosphere_ghost_test.cpp(2476): PASSED:
  REQUIRE( wMin == 5.0 )
with expansion:
  5.0 == 5.0

F:\projects\iterum\dsp\tests\unit\systems\atmosphere_ghost_test.cpp(2481): PASSED:
  REQUIRE( lifetime <= lifetimeCeiling )
with expansion:
  9681 (0x25d1) <= 13080 (0x3318)
with message:
  slack=65404 wMin=5 lifetimeCeiling=13080

F:\projects\iterum\dsp\tests\unit\systems\atmosphere_ghost_test.cpp(2481): PASSED:
  REQUIRE( lifetime <= lifetimeCeiling )
with expansion:
  8985 (0x2319) <= 13080 (0x3318)
with message:
  slack=65404 wMin=5 lifetimeCeiling=13080

F:\projects\iterum\dsp\tests\unit\systems\atmosphere_ghost_test.cpp(2481): PASSED:
  REQUIRE( lifetime <= lifetimeCeiling )
with expansion:
  11927 (0x2e97) <= 13080 (0x3318)
with message:
  slack=65404 wMin=5 lifetimeCeiling=13080

F:\projects\iterum\dsp\tests\unit\systems\atmosphere_ghost_test.cpp(2481): PASSED:
  REQUIRE( lifetime <= lifetimeCeiling )
with expansion:
  8095 (0x1f9f) <= 13080 (0x3318)
with message:
  slack=65404 wMin=5 lifetimeCeiling=13080

F:\projects\iterum\dsp\tests\unit\systems\atmosphere_ghost_test.cpp(2481): PASSED:
  REQUIRE( lifetime <= lifetimeCeiling )
with expansion:
  7267 (0x1c63) <= 13080 (0x3318)
with message:
  slack=65404 wMin=5 lifetimeCeiling=13080

F:\projects\iterum\dsp\tests\unit\systems\atmosphere_ghost_test.cpp(2481): PASSED:
  REQUIRE( lifetime <= lifetimeCeiling )
with expansion:
  7267 (0x1c63) <= 13080 (0x3318)
with message:
  slack=65404 wMin=5 lifetimeCeiling=13080

F:\projects\iterum\dsp\tests\unit\systems\atmosphere_ghost_test.cpp(2481): PASSED:
  REQUIRE( lifetime <= lifetimeCeiling )
with expansion:
  9243 (0x241b) <= 13080 (0x3318)
with message:
  slack=65404 wMin=5 lifetimeCeiling=13080

F:\projects\iterum\dsp\tests\unit\systems\atmosphere_ghost_test.cpp(2481): PASSED:
  REQUIRE( lifetime <= lifetimeCeiling )
with expansion:
  9270 (0x2436) <= 13080 (0x3318)
with message:
  slack=65404 wMin=5 lifetimeCeiling=13080

F:\projects\iterum\dsp\tests\unit\systems\atmosphere_ghost_test.cpp(2481): PASSED:
  REQUIRE( lifetime <= lifetimeCeiling )
with expansion:
  9250 (0x2422) <= 13080 (0x3318)
with message:
  slack=65404 wMin=5 lifetimeCeiling=13080

F:\projects\iterum\dsp\tests\unit\systems\atmosphere_ghost_test.cpp(2481): PASSED:
  REQUIRE( lifetime <= lifetimeCeiling )
with expansion:
  9310 (0x245e) <= 13080 (0x3318)
with message:
  slack=65404 wMin=5 lifetimeCeiling=13080

F:\projects\iterum\dsp\tests\unit\systems\atmosphere_ghost_test.cpp(2481): PASSED:
  REQUIRE( lifetime <= lifetimeCeiling )
with expansion:
  7267 (0x1c63) <= 13080 (0x3318)
with message:
  slack=65404 wMin=5 lifetimeCeiling=13080

F:\projects\iterum\dsp\tests\unit\systems\atmosphere_ghost_test.cpp(2481): PASSED:
  REQUIRE( lifetime <= lifetimeCeiling )
with expansion:
  12053 (0x2f15) <= 13080 (0x3318)
with message:
  slack=65404 wMin=5 lifetimeCeiling=13080

F:\projects\iterum\dsp\tests\unit\systems\atmosphere_ghost_test.cpp(2481): PASSED:
  REQUIRE( lifetime <= lifetimeCeiling )
with expansion:
  9707 (0x25eb) <= 13080 (0x3318)
with message:
  slack=65404 wMin=5 lifetimeCeiling=13080

F:\projects\iterum\dsp\tests\unit\systems\atmosphere_ghost_test.cpp(2481): PASSED:
  REQUIRE( lifetime <= lifetimeCeiling )
with expansion:
  8942 (0x22ee) <= 13080 (0x3318)
with message:
  slack=65404 wMin=5 lifetimeCeiling=13080

F:\projects\iterum\dsp\tests\unit\systems\atmosphere_ghost_test.cpp(2481): PASSED:
  REQUIRE( lifetime <= lifetimeCeiling )
with expansion:
  12694 (0x3196) <= 13080 (0x3318)
with message:
  slack=65404 wMin=5 lifetimeCeiling=13080

F:\projects\iterum\dsp\tests\unit\systems\atmosphere_ghost_test.cpp(2481): PASSED:
  REQUIRE( lifetime <= lifetimeCeiling )
with expansion:
  11575 (0x2d37) <= 13080 (0x3318)
with message:
  slack=65404 wMin=5 lifetimeCeiling=13080

F:\projects\iterum\dsp\tests\unit\systems\atmosphere_ghost_test.cpp(2481): PASSED:
  REQUIRE( lifetime <= lifetimeCeiling )
with expansion:
  8645 (0x21c5) <= 13080 (0x3318)
with message:
  slack=65404 wMin=5 lifetimeCeiling=13080

F:\projects\iterum\dsp\tests\unit\systems\atmosphere_ghost_test.cpp(2481): PASSED:
  REQUIRE( lifetime <= lifetimeCeiling )
with expansion:
  7267 (0x1c63) <= 13080 (0x3318)
with message:
  slack=65404 wMin=5 lifetimeCeiling=13080

F:\projects\iterum\dsp\tests\unit\systems\atmosphere_ghost_test.cpp(2481): PASSED:
  REQUIRE( lifetime <= lifetimeCeiling )
with expansion:
  7267 (0x1c63) <= 13080 (0x3318)
with message:
  slack=65404 wMin=5 lifetimeCeiling=13080

F:\projects\iterum\dsp\tests\unit\systems\atmosphere_ghost_test.cpp(2481): PASSED:
  REQUIRE( lifetime <= lifetimeCeiling )
with expansion:
  7267 (0x1c63) <= 13080 (0x3318)
with message:
  slack=65404 wMin=5 lifetimeCeiling=13080

F:\projects\iterum\dsp\tests\unit\systems\atmosphere_ghost_test.cpp(2481): PASSED:
  REQUIRE( lifetime <= lifetimeCeiling )
with expansion:
  7267 (0x1c63) <= 13080 (0x3318)
with message:
  slack=65404 wMin=5 lifetimeCeiling=13080

F:\projects\iterum\dsp\tests\unit\systems\atmosphere_ghost_test.cpp(2481): PASSED:
  REQUIRE( lifetime <= lifetimeCeiling )
with expansion:
  7267 (0x1c63) <= 13080 (0x3318)
with message:
  slack=65404 wMin=5 lifetimeCeiling=13080

F:\projects\iterum\dsp\tests\unit\systems\atmosphere_ghost_test.cpp(2481): PASSED:
  REQUIRE( lifetime <= lifetimeCeiling )
with expansion:
  7267 (0x1c63) <= 13080 (0x3318)
with message:
  slack=65404 wMin=5 lifetimeCeiling=13080

F:\projects\iterum\dsp\tests\unit\systems\atmosphere_ghost_test.cpp(2481): PASSED:
  REQUIRE( lifetime <= lifetimeCeiling )
with expansion:
  7267 (0x1c63) <= 13080 (0x3318)
with message:
  slack=65404 wMin=5 lifetimeCeiling=13080

F:\projects\iterum\dsp\tests\unit\systems\atmosphere_ghost_test.cpp(2481): PASSED:
  REQUIRE( lifetime <= lifetimeCeiling )
with expansion:
  12446 (0x309e) <= 13080 (0x3318)
with message:
  slack=65404 wMin=5 lifetimeCeiling=13080

F:\projects\iterum\dsp\tests\unit\systems\atmosphere_ghost_test.cpp(2481): PASSED:
  REQUIRE( lifetime <= lifetimeCeiling )
with expansion:
  7267 (0x1c63) <= 13080 (0x3318)
with message:
  slack=65404 wMin=5 lifetimeCeiling=13080

F:\projects\iterum\dsp\tests\unit\systems\atmosphere_ghost_test.cpp(2481): PASSED:
  REQUIRE( lifetime <= lifetimeCeiling )
with expansion:
  7267 (0x1c63) <= 13080 (0x3318)
with message:
  slack=65404 wMin=5 lifetimeCeiling=13080

F:\projects\iterum\dsp\tests\unit\systems\atmosphere_ghost_test.cpp(2481): PASSED:
  REQUIRE( lifetime <= lifetimeCeiling )
with expansion:
  7267 (0x1c63) <= 13080 (0x3318)
with message:
  slack=65404 wMin=5 lifetimeCeiling=13080

F:\projects\iterum\dsp\tests\unit\systems\atmosphere_ghost_test.cpp(2481): PASSED:
  REQUIRE( lifetime <= lifetimeCeiling )
with expansion:
  7267 (0x1c63) <= 13080 (0x3318)
with message:
  slack=65404 wMin=5 lifetimeCeiling=13080

F:\projects\iterum\dsp\tests\unit\systems\atmosphere_ghost_test.cpp(2481): PASSED:
  REQUIRE( lifetime <= lifetimeCeiling )
with expansion:
  7267 (0x1c63) <= 13080 (0x3318)
with message:
  slack=65404 wMin=5 lifetimeCeiling=13080

F:\projects\iterum\dsp\tests\unit\systems\atmosphere_ghost_test.cpp(2481): PASSED:
  REQUIRE( lifetime <= lifetimeCeiling )
with expansion:
  7267 (0x1c63) <= 13080 (0x3318)
with message:
  slack=65404 wMin=5 lifetimeCeiling=13080

F:\projects\iterum\dsp\tests\unit\systems\atmosphere_ghost_test.cpp(2481): PASSED:
  REQUIRE( lifetime <= lifetimeCeiling )
with expansion:
  7267 (0x1c63) <= 13080 (0x3318)
with message:
  slack=65404 wMin=5 lifetimeCeiling=13080

F:\projects\iterum\dsp\tests\unit\systems\atmosphere_ghost_test.cpp(2481): PASSED:
  REQUIRE( lifetime <= lifetimeCeiling )
with expansion:
  7267 (0x1c63) <= 13080 (0x3318)
with message:
  slack=65404 wMin=5 lifetimeCeiling=13080

F:\projects\iterum\dsp\tests\unit\systems\atmosphere_ghost_test.cpp(2481): PASSED:
  REQUIRE( lifetime <= lifetimeCeiling )
with expansion:
  12093 (0x2f3d) <= 13080 (0x3318)
with message:
  slack=65404 wMin=5 lifetimeCeiling=13080

F:\projects\iterum\dsp\tests\unit\systems\atmosphere_ghost_test.cpp(2481): PASSED:
  REQUIRE( lifetime <= lifetimeCeiling )
with expansion:
  11721 (0x2dc9) <= 13080 (0x3318)
with message:
  slack=65404 wMin=5 lifetimeCeiling=13080

F:\projects\iterum\dsp\tests\unit\systems\atmosphere_ghost_test.cpp(2481): PASSED:
  REQUIRE( lifetime <= lifetimeCeiling )
with expansion:
  7494 (0x1d46) <= 13080 (0x3318)
with message:
  slack=65404 wMin=5 lifetimeCeiling=13080

F:\projects\iterum\dsp\tests\unit\systems\atmosphere_ghost_test.cpp(2481): PASSED:
  REQUIRE( lifetime <= lifetimeCeiling )
with expansion:
  10401 (0x28a1) <= 13080 (0x3318)
with message:
  slack=65404 wMin=5 lifetimeCeiling=13080

F:\projects\iterum\dsp\tests\unit\systems\atmosphere_ghost_test.cpp(2481): PASSED:
  REQUIRE( lifetime <= lifetimeCeiling )
with expansion:
  7267 (0x1c63) <= 13080 (0x3318)
with message:
  slack=65404 wMin=5 lifetimeCeiling=13080

F:\projects\iterum\dsp\tests\unit\systems\atmosphere_ghost_test.cpp(2481): PASSED:
  REQUIRE( lifetime <= lifetimeCeiling )
with expansion:
  9566 (0x255e) <= 13080 (0x3318)
with message:
  slack=65404 wMin=5 lifetimeCeiling=13080

F:\projects\iterum\dsp\tests\unit\systems\atmosphere_ghost_test.cpp(2481): PASSED:
  REQUIRE( lifetime <= lifetimeCeiling )
with expansion:
  7890 (0x1ed2) <= 13080 (0x3318)
with message:
  slack=65404 wMin=5 lifetimeCeiling=13080

F:\projects\iterum\dsp\tests\unit\systems\atmosphere_ghost_test.cpp(2481): PASSED:
  REQUIRE( lifetime <= lifetimeCeiling )
with expansion:
  7875 (0x1ec3) <= 13080 (0x3318)
with message:
  slack=65404 wMin=5 lifetimeCeiling=13080

F:\projects\iterum\dsp\tests\unit\systems\atmosphere_ghost_test.cpp(2481): PASSED:
  REQUIRE( lifetime <= lifetimeCeiling )
with expansion:
  7267 (0x1c63) <= 13080 (0x3318)
with message:
  slack=65404 wMin=5 lifetimeCeiling=13080

F:\projects\iterum\dsp\tests\unit\systems\atmosphere_ghost_test.cpp(2481): PASSED:
  REQUIRE( lifetime <= lifetimeCeiling )
with expansion:
  10591 (0x295f) <= 13080 (0x3318)
with message:
  slack=65404 wMin=5 lifetimeCeiling=13080

F:\projects\iterum\dsp\tests\unit\systems\atmosphere_ghost_test.cpp(2481): PASSED:
  REQUIRE( lifetime <= lifetimeCeiling )
with expansion:
  7267 (0x1c63) <= 13080 (0x3318)
with message:
  slack=65404 wMin=5 lifetimeCeiling=13080

F:\projects\iterum\dsp\tests\unit\systems\atmosphere_ghost_test.cpp(2481): PASSED:
  REQUIRE( lifetime <= lifetimeCeiling )
with expansion:
  9898 (0x26aa) <= 13080 (0x3318)
with message:
  slack=65404 wMin=5 lifetimeCeiling=13080

F:\projects\iterum\dsp\tests\unit\systems\atmosphere_ghost_test.cpp(2481): PASSED:
  REQUIRE( lifetime <= lifetimeCeiling )
with expansion:
  7267 (0x1c63) <= 13080 (0x3318)
with message:
  slack=65404 wMin=5 lifetimeCeiling=13080

F:\projects\iterum\dsp\tests\unit\systems\atmosphere_ghost_test.cpp(2481): PASSED:
  REQUIRE( lifetime <= lifetimeCeiling )
with expansion:
  9884 (0x269c) <= 13080 (0x3318)
with message:
  slack=65404 wMin=5 lifetimeCeiling=13080

F:\projects\iterum\dsp\tests\unit\systems\atmosphere_ghost_test.cpp(2481): PASSED:
  REQUIRE( lifetime <= lifetimeCeiling )
with expansion:
  11080 (0x2b48) <= 13080 (0x3318)
with message:
  slack=65404 wMin=5 lifetimeCeiling=13080

F:\projects\iterum\dsp\tests\unit\systems\atmosphere_ghost_test.cpp(2481): PASSED:
  REQUIRE( lifetime <= lifetimeCeiling )
with expansion:
  7267 (0x1c63) <= 13080 (0x3318)
with message:
  slack=65404 wMin=5 lifetimeCeiling=13080

F:\projects\iterum\dsp\tests\unit\systems\atmosphere_ghost_test.cpp(2481): PASSED:
  REQUIRE( lifetime <= lifetimeCeiling )
with expansion:
  10794 (0x2a2a) <= 13080 (0x3318)
with message:
  slack=65404 wMin=5 lifetimeCeiling=13080

F:\projects\iterum\dsp\tests\unit\systems\atmosphere_ghost_test.cpp(2481): PASSED:
  REQUIRE( lifetime <= lifetimeCeiling )
with expansion:
  10444 (0x28cc) <= 13080 (0x3318)
with message:
  slack=65404 wMin=5 lifetimeCeiling=13080

F:\projects\iterum\dsp\tests\unit\systems\atmosphere_ghost_test.cpp(2481): PASSED:
  REQUIRE( lifetime <= lifetimeCeiling )
with expansion:
  7728 (0x1e30) <= 13080 (0x3318)
with message:
  slack=65404 wMin=5 lifetimeCeiling=13080

F:\projects\iterum\dsp\tests\unit\systems\atmosphere_ghost_test.cpp(2481): PASSED:
  REQUIRE( lifetime <= lifetimeCeiling )
with expansion:
  7267 (0x1c63) <= 13080 (0x3318)
with message:
  slack=65404 wMin=5 lifetimeCeiling=13080

F:\projects\iterum\dsp\tests\unit\systems\atmosphere_ghost_test.cpp(2481): PASSED:
  REQUIRE( lifetime <= lifetimeCeiling )
with expansion:
  8985 (0x2319) <= 13080 (0x3318)
with message:
  slack=65404 wMin=5 lifetimeCeiling=13080

F:\projects\iterum\dsp\tests\unit\systems\atmosphere_ghost_test.cpp(2481): PASSED:
  REQUIRE( lifetime <= lifetimeCeiling )
with expansion:
  10256 (0x2810) <= 13080 (0x3318)
with message:
  slack=65404 wMin=5 lifetimeCeiling=13080

F:\projects\iterum\dsp\tests\unit\systems\atmosphere_ghost_test.cpp(2481): PASSED:
  REQUIRE( lifetime <= lifetimeCeiling )
with expansion:
  7683 (0x1e03) <= 13080 (0x3318)
with message:
  slack=65404 wMin=5 lifetimeCeiling=13080

F:\projects\iterum\dsp\tests\unit\systems\atmosphere_ghost_test.cpp(2481): PASSED:
  REQUIRE( lifetime <= lifetimeCeiling )
with expansion:
  12811 (0x320b) <= 13080 (0x3318)
with message:
  slack=65404 wMin=5 lifetimeCeiling=13080

F:\projects\iterum\dsp\tests\unit\systems\atmosphere_ghost_test.cpp(2481): PASSED:
  REQUIRE( lifetime <= lifetimeCeiling )
with expansion:
  8032 (0x1f60) <= 13080 (0x3318)
with message:
  slack=65404 wMin=5 lifetimeCeiling=13080

F:\projects\iterum\dsp\tests\unit\systems\atmosphere_ghost_test.cpp(2481): PASSED:
  REQUIRE( lifetime <= lifetimeCeiling )
with expansion:
  7267 (0x1c63) <= 13080 (0x3318)
with message:
  slack=65404 wMin=5 lifetimeCeiling=13080

F:\projects\iterum\dsp\tests\unit\systems\atmosphere_ghost_test.cpp(2481): PASSED:
  REQUIRE( lifetime <= lifetimeCeiling )
with expansion:
  8335 (0x208f) <= 13080 (0x3318)
with message:
  slack=65404 wMin=5 lifetimeCeiling=13080

F:\projects\iterum\dsp\tests\unit\systems\atmosphere_ghost_test.cpp(2481): PASSED:
  REQUIRE( lifetime <= lifetimeCeiling )
with expansion:
  7267 (0x1c63) <= 13080 (0x3318)
with message:
  slack=65404 wMin=5 lifetimeCeiling=13080

F:\projects\iterum\dsp\tests\unit\systems\atmosphere_ghost_test.cpp(2481): PASSED:
  REQUIRE( lifetime <= lifetimeCeiling )
with expansion:
  7267 (0x1c63) <= 13080 (0x3318)
with message:
  slack=65404 wMin=5 lifetimeCeiling=13080

F:\projects\iterum\dsp\tests\unit\systems\atmosphere_ghost_test.cpp(2481): PASSED:
  REQUIRE( lifetime <= lifetimeCeiling )
with expansion:
  7267 (0x1c63) <= 13080 (0x3318)
with message:
  slack=65404 wMin=5 lifetimeCeiling=13080

0.041 s: corner arm - pitchSpread 1 makes rMax a draw, so the lifetime is bounded
0.042 s: AtmosphereGhost_ReverseTruncation
-------------------------------------------------------------------------------
AtmosphereGhost_ReverseLiveness_Short
-------------------------------------------------------------------------------
F:\projects\iterum\dsp\tests\unit\systems\atmosphere_ghost_test.cpp(2511)
...............................................................................

F:\projects\iterum\dsp\tests\unit\systems\atmosphere_ghost_test.cpp(2517): PASSED:
  REQUIRE( engine->getGrainReverseProbability() == 1.0f )
with expansion:
  1.0f == 1.0f

F:\projects\iterum\dsp\tests\unit\systems\atmosphere_ghost_test.cpp(2520): PASSED:
  REQUIRE( capacity == VoragoGhostFix::kBaseCommitCaptureCapacity )
with expansion:
  1048576 (0x100000) == 1048576 (0x100000)

F:\projects\iterum\dsp\tests\unit\systems\atmosphere_ghost_test.cpp(2524): PASSED:
  REQUIRE( preRolled == capacity )
with expansion:
  1048576 (0x100000) == 1048576 (0x100000)

F:\projects\iterum\dsp\tests\unit\systems\atmosphere_ghost_test.cpp(2538): PASSED:
  REQUIRE( coldStartSkips <= maxColdStartSkips )
with expansion:
  3 <= 9
with message:
  preRollSeconds=21.8453 shortestInteronsetSeconds=2.5 maxColdStartSkips=9
  coldStartSkips=3

F:\projects\iterum\dsp\tests\unit\systems\atmosphere_ghost_test.cpp(2549): PASSED:
  REQUIRE( engine->getSkippedTriggerCountRingCold() == coldStartSkips )
with expansion:
  3 == 3
with message:
  preRollSeconds=21.8453 shortestInteronsetSeconds=2.5 maxColdStartSkips=9
  coldStartSkips=3

F:\projects\iterum\dsp\tests\unit\systems\atmosphere_ghost_test.cpp(2552): PASSED:
  REQUIRE( engine->getTotalGrainsBorn() > born0 )
with expansion:
  13 > 4
with message:
  preRollSeconds=21.8453 shortestInteronsetSeconds=2.5 maxColdStartSkips=9
  coldStartSkips=3

0.273 s: AtmosphereGhost_ReverseLiveness_Short
-------------------------------------------------------------------------------
AtmosphereGhost_ReverseIsTimeReversed
  (a) and (b) at ratio 1 - the waveform and the centroid slope
-------------------------------------------------------------------------------
F:\projects\iterum\dsp\tests\unit\systems\atmosphere_ghost_test.cpp(3030)
...............................................................................

F:\projects\iterum\dsp\tests\unit\systems\atmosphere_ghost_test.cpp(2914): PASSED:
  REQUIRE( grain.capacity == nextPowerOfTwo(static_cast<std::size_t>( static_cast<double>(kReverseCaptureSeconds) * kReverseSampleRate)) )
with expansion:
  262144 (0x40000) == 262144 (0x40000)
with message:
  capacity=262144 interonset=480000 T=480000 readStart=479936 L'=24000
  (expected 24000) firstBirthBoundary=480064 born=1 reverseBorn=1
  maxActiveBeforeBirth=0 maxActiveOverall=1 ringCold=1 poolFull=0 birthAge=64
  ratio=1 minAge=64 maxAge=48062

F:\projects\iterum\dsp\tests\unit\systems\atmosphere_ghost_test.cpp(2921): PASSED:
  REQUIRE( grain.interonsetSamples == std::floor(grain.interonsetSamples) )
with expansion:
  480000.0f == 480000.0f
with message:
  capacity=262144 interonset=480000 T=480000 readStart=479936 L'=24000
  (expected 24000) firstBirthBoundary=480064 born=1 reverseBorn=1
  maxActiveBeforeBirth=0 maxActiveOverall=1 ringCold=1 poolFull=0 birthAge=64
  ratio=1 minAge=64 maxAge=48062

F:\projects\iterum\dsp\tests\unit\systems\atmosphere_ghost_test.cpp(2922): PASSED:
  REQUIRE( (grain.birthSample % kObservationBlock) == std::size_t{0} )
with expansion:
  0 == 0
with message:
  capacity=262144 interonset=480000 T=480000 readStart=479936 L'=24000
  (expected 24000) firstBirthBoundary=480064 born=1 reverseBorn=1
  maxActiveBeforeBirth=0 maxActiveOverall=1 ringCold=1 poolFull=0 birthAge=64
  ratio=1 minAge=64 maxAge=48062

F:\projects\iterum\dsp\tests\unit\systems\atmosphere_ghost_test.cpp(2925): PASSED:
  REQUIRE( grain.maxActiveBeforeBirth == std::size_t{0} )
with expansion:
  0 == 0
with message:
  capacity=262144 interonset=480000 T=480000 readStart=479936 L'=24000
  (expected 24000) firstBirthBoundary=480064 born=1 reverseBorn=1
  maxActiveBeforeBirth=0 maxActiveOverall=1 ringCold=1 poolFull=0 birthAge=64
  ratio=1 minAge=64 maxAge=48062

F:\projects\iterum\dsp\tests\unit\systems\atmosphere_ghost_test.cpp(2929): PASSED:
  REQUIRE( grain.ringCold == std::uint64_t{1} )
with expansion:
  1 == 1
with message:
  capacity=262144 interonset=480000 T=480000 readStart=479936 L'=24000
  (expected 24000) firstBirthBoundary=480064 born=1 reverseBorn=1
  maxActiveBeforeBirth=0 maxActiveOverall=1 ringCold=1 poolFull=0 birthAge=64
  ratio=1 minAge=64 maxAge=48062

F:\projects\iterum\dsp\tests\unit\systems\atmosphere_ghost_test.cpp(2930): PASSED:
  REQUIRE( grain.poolFull == std::uint64_t{0} )
with expansion:
  0 == 0
with message:
  capacity=262144 interonset=480000 T=480000 readStart=479936 L'=24000
  (expected 24000) firstBirthBoundary=480064 born=1 reverseBorn=1
  maxActiveBeforeBirth=0 maxActiveOverall=1 ringCold=1 poolFull=0 birthAge=64
  ratio=1 minAge=64 maxAge=48062

F:\projects\iterum\dsp\tests\unit\systems\atmosphere_ghost_test.cpp(2934): PASSED:
  REQUIRE( grain.born == std::uint64_t{1} )
with expansion:
  1 == 1
with message:
  capacity=262144 interonset=480000 T=480000 readStart=479936 L'=24000
  (expected 24000) firstBirthBoundary=480064 born=1 reverseBorn=1
  maxActiveBeforeBirth=0 maxActiveOverall=1 ringCold=1 poolFull=0 birthAge=64
  ratio=1 minAge=64 maxAge=48062

F:\projects\iterum\dsp\tests\unit\systems\atmosphere_ghost_test.cpp(2935): PASSED:
  REQUIRE( grain.firstBirthBoundary == grain.birthSample + kObservationBlock )
with expansion:
  480064 (0x75340) == 480064 (0x75340)
with message:
  capacity=262144 interonset=480000 T=480000 readStart=479936 L'=24000
  (expected 24000) firstBirthBoundary=480064 born=1 reverseBorn=1
  maxActiveBeforeBirth=0 maxActiveOverall=1 ringCold=1 poolFull=0 birthAge=64
  ratio=1 minAge=64 maxAge=48062

F:\projects\iterum\dsp\tests\unit\systems\atmosphere_ghost_test.cpp(2936): PASSED:
  REQUIRE( grain.maxActiveOverall == std::size_t{1} )
with expansion:
  1 == 1
with message:
  capacity=262144 interonset=480000 T=480000 readStart=479936 L'=24000
  (expected 24000) firstBirthBoundary=480064 born=1 reverseBorn=1
  maxActiveBeforeBirth=0 maxActiveOverall=1 ringCold=1 poolFull=0 birthAge=64
  ratio=1 minAge=64 maxAge=48062

F:\projects\iterum\dsp\tests\unit\systems\atmosphere_ghost_test.cpp(2940): PASSED:
  REQUIRE( grain.lifetime == grain.expectedLifetime )
with expansion:
  24000 (0x5dc0) == 24000 (0x5dc0)
with message:
  capacity=262144 interonset=480000 T=480000 readStart=479936 L'=24000
  (expected 24000) firstBirthBoundary=480064 born=1 reverseBorn=1
  maxActiveBeforeBirth=0 maxActiveOverall=1 ringCold=1 poolFull=0 birthAge=64
  ratio=1 minAge=64 maxAge=48062

F:\projects\iterum\dsp\tests\unit\systems\atmosphere_ghost_test.cpp(2943): PASSED:
  REQUIRE( grain.birthAge == static_cast<float>(AtmosphereEngine::kMinAgeSamples) )
with expansion:
  64.0f == 64.0f
with message:
  capacity=262144 interonset=480000 T=480000 readStart=479936 L'=24000
  (expected 24000) firstBirthBoundary=480064 born=1 reverseBorn=1
  maxActiveBeforeBirth=0 maxActiveOverall=1 ringCold=1 poolFull=0 birthAge=64
  ratio=1 minAge=64 maxAge=48062

F:\projects\iterum\dsp\tests\unit\systems\atmosphere_ghost_test.cpp(3035): PASSED:
  REQUIRE( reverse.reversedAtBirth )
with expansion:
  true

F:\projects\iterum\dsp\tests\unit\systems\atmosphere_ghost_test.cpp(3036): PASSED:
  REQUIRE( reverse.reverseBorn == std::uint64_t{1} )
with expansion:
  1 == 1

F:\projects\iterum\dsp\tests\unit\systems\atmosphere_ghost_test.cpp(3037): PASSED:
  REQUIRE( reverse.ratioAtBirth == Catch::Approx(1.0).epsilon(1.0e-6) )
with expansion:
  1.0 == Approx( 1.0 )

F:\projects\iterum\dsp\tests\unit\systems\atmosphere_ghost_test.cpp(3051): PASSED:
  REQUIRE( peakReversed >= 0.90 )
with expansion:
  0.9999999977 >= 0.9
with message:
  (a) peakReversed=1 peakForward=7.34866e-08

F:\projects\iterum\dsp\tests\unit\systems\atmosphere_ghost_test.cpp(3052): PASSED:
  REQUIRE( peakForward <= 0.30 )
with expansion:
  0.0000000735 <= 0.3
with message:
  (a) peakReversed=1 peakForward=7.34866e-08

F:\projects\iterum\dsp\tests\unit\systems\atmosphere_ghost_test.cpp(3061): PASSED:
  REQUIRE( span.front() == 0.0f )
with expansion:
  0.0f == 0.0f
with message:
  (a) peakReversed=1 peakForward=7.34866e-08

F:\projects\iterum\dsp\tests\unit\systems\atmosphere_ghost_test.cpp(3062): PASSED:
  REQUIRE( span.back() == 0.0f )
with expansion:
  0.0f == 0.0f
with message:
  (a) peakReversed=1 peakForward=7.34866e-08

F:\projects\iterum\dsp\tests\unit\systems\atmosphere_ghost_test.cpp(2914): PASSED:
  REQUIRE( grain.capacity == nextPowerOfTwo(static_cast<std::size_t>( static_cast<double>(kReverseCaptureSeconds) * kReverseSampleRate)) )
with expansion:
  262144 (0x40000) == 262144 (0x40000)
with messages:
  (a) peakReversed=1 peakForward=7.34866e-08
  capacity=262144 interonset=480000 T=480000 readStart=479936 L'=24000
  (expected 24000) firstBirthBoundary=480064 born=1 reverseBorn=0
  maxActiveBeforeBirth=0 maxActiveOverall=1 ringCold=1 poolFull=0 birthAge=64
  ratio=1 minAge=64 maxAge=64

F:\projects\iterum\dsp\tests\unit\systems\atmosphere_ghost_test.cpp(2921): PASSED:
  REQUIRE( grain.interonsetSamples == std::floor(grain.interonsetSamples) )
with expansion:
  480000.0f == 480000.0f
with messages:
  (a) peakReversed=1 peakForward=7.34866e-08
  capacity=262144 interonset=480000 T=480000 readStart=479936 L'=24000
  (expected 24000) firstBirthBoundary=480064 born=1 reverseBorn=0
  maxActiveBeforeBirth=0 maxActiveOverall=1 ringCold=1 poolFull=0 birthAge=64
  ratio=1 minAge=64 maxAge=64

F:\projects\iterum\dsp\tests\unit\systems\atmosphere_ghost_test.cpp(2922): PASSED:
  REQUIRE( (grain.birthSample % kObservationBlock) == std::size_t{0} )
with expansion:
  0 == 0
with messages:
  (a) peakReversed=1 peakForward=7.34866e-08
  capacity=262144 interonset=480000 T=480000 readStart=479936 L'=24000
  (expected 24000) firstBirthBoundary=480064 born=1 reverseBorn=0
  maxActiveBeforeBirth=0 maxActiveOverall=1 ringCold=1 poolFull=0 birthAge=64
  ratio=1 minAge=64 maxAge=64

F:\projects\iterum\dsp\tests\unit\systems\atmosphere_ghost_test.cpp(2925): PASSED:
  REQUIRE( grain.maxActiveBeforeBirth == std::size_t{0} )
with expansion:
  0 == 0
with messages:
  (a) peakReversed=1 peakForward=7.34866e-08
  capacity=262144 interonset=480000 T=480000 readStart=479936 L'=24000
  (expected 24000) firstBirthBoundary=480064 born=1 reverseBorn=0
  maxActiveBeforeBirth=0 maxActiveOverall=1 ringCold=1 poolFull=0 birthAge=64
  ratio=1 minAge=64 maxAge=64

F:\projects\iterum\dsp\tests\unit\systems\atmosphere_ghost_test.cpp(2929): PASSED:
  REQUIRE( grain.ringCold == std::uint64_t{1} )
with expansion:
  1 == 1
with messages:
  (a) peakReversed=1 peakForward=7.34866e-08
  capacity=262144 interonset=480000 T=480000 readStart=479936 L'=24000
  (expected 24000) firstBirthBoundary=480064 born=1 reverseBorn=0
  maxActiveBeforeBirth=0 maxActiveOverall=1 ringCold=1 poolFull=0 birthAge=64
  ratio=1 minAge=64 maxAge=64

F:\projects\iterum\dsp\tests\unit\systems\atmosphere_ghost_test.cpp(2930): PASSED:
  REQUIRE( grain.poolFull == std::uint64_t{0} )
with expansion:
  0 == 0
with messages:
  (a) peakReversed=1 peakForward=7.34866e-08
  capacity=262144 interonset=480000 T=480000 readStart=479936 L'=24000
  (expected 24000) firstBirthBoundary=480064 born=1 reverseBorn=0
  maxActiveBeforeBirth=0 maxActiveOverall=1 ringCold=1 poolFull=0 birthAge=64
  ratio=1 minAge=64 maxAge=64

F:\projects\iterum\dsp\tests\unit\systems\atmosphere_ghost_test.cpp(2934): PASSED:
  REQUIRE( grain.born == std::uint64_t{1} )
with expansion:
  1 == 1
with messages:
  (a) peakReversed=1 peakForward=7.34866e-08
  capacity=262144 interonset=480000 T=480000 readStart=479936 L'=24000
  (expected 24000) firstBirthBoundary=480064 born=1 reverseBorn=0
  maxActiveBeforeBirth=0 maxActiveOverall=1 ringCold=1 poolFull=0 birthAge=64
  ratio=1 minAge=64 maxAge=64

F:\projects\iterum\dsp\tests\unit\systems\atmosphere_ghost_test.cpp(2935): PASSED:
  REQUIRE( grain.firstBirthBoundary == grain.birthSample + kObservationBlock )
with expansion:
  480064 (0x75340) == 480064 (0x75340)
with messages:
  (a) peakReversed=1 peakForward=7.34866e-08
  capacity=262144 interonset=480000 T=480000 readStart=479936 L'=24000
  (expected 24000) firstBirthBoundary=480064 born=1 reverseBorn=0
  maxActiveBeforeBirth=0 maxActiveOverall=1 ringCold=1 poolFull=0 birthAge=64
  ratio=1 minAge=64 maxAge=64

F:\projects\iterum\dsp\tests\unit\systems\atmosphere_ghost_test.cpp(2936): PASSED:
  REQUIRE( grain.maxActiveOverall == std::size_t{1} )
with expansion:
  1 == 1
with messages:
  (a) peakReversed=1 peakForward=7.34866e-08
  capacity=262144 interonset=480000 T=480000 readStart=479936 L'=24000
  (expected 24000) firstBirthBoundary=480064 born=1 reverseBorn=0
  maxActiveBeforeBirth=0 maxActiveOverall=1 ringCold=1 poolFull=0 birthAge=64
  ratio=1 minAge=64 maxAge=64

F:\projects\iterum\dsp\tests\unit\systems\atmosphere_ghost_test.cpp(2940): PASSED:
  REQUIRE( grain.lifetime == grain.expectedLifetime )
with expansion:
  24000 (0x5dc0) == 24000 (0x5dc0)
with messages:
  (a) peakReversed=1 peakForward=7.34866e-08
  capacity=262144 interonset=480000 T=480000 readStart=479936 L'=24000
  (expected 24000) firstBirthBoundary=480064 born=1 reverseBorn=0
  maxActiveBeforeBirth=0 maxActiveOverall=1 ringCold=1 poolFull=0 birthAge=64
  ratio=1 minAge=64 maxAge=64

F:\projects\iterum\dsp\tests\unit\systems\atmosphere_ghost_test.cpp(2943): PASSED:
  REQUIRE( grain.birthAge == static_cast<float>(AtmosphereEngine::kMinAgeSamples) )
with expansion:
  64.0f == 64.0f
with messages:
  (a) peakReversed=1 peakForward=7.34866e-08
  capacity=262144 interonset=480000 T=480000 readStart=479936 L'=24000
  (expected 24000) firstBirthBoundary=480064 born=1 reverseBorn=0
  maxActiveBeforeBirth=0 maxActiveOverall=1 ringCold=1 poolFull=0 birthAge=64
  ratio=1 minAge=64 maxAge=64

F:\projects\iterum\dsp\tests\unit\systems\atmosphere_ghost_test.cpp(3067): PASSED:
  REQUIRE_FALSE( forward.reversedAtBirth )
with expansion:
  !false
with message:
  (a) peakReversed=1 peakForward=7.34866e-08

F:\projects\iterum\dsp\tests\unit\systems\atmosphere_ghost_test.cpp(3068): PASSED:
  REQUIRE( forward.reverseBorn == std::uint64_t{0} )
with expansion:
  0 == 0
with message:
  (a) peakReversed=1 peakForward=7.34866e-08

F:\projects\iterum\dsp\tests\unit\systems\atmosphere_ghost_test.cpp(3074): PASSED:
  REQUIRE( reverseSlope < 0.0 )
with expansion:
  -3783.2253460239 < 0.0
with messages:
  (a) peakReversed=1 peakForward=7.34866e-08
  (b) reverseSlope=-3783.23 Hz/s forwardSlope=3783.48 Hz/s (expected -+3800)

F:\projects\iterum\dsp\tests\unit\systems\atmosphere_ghost_test.cpp(3075): PASSED:
  REQUIRE( std::abs(reverseSlope) >= kMinCentroidSlopeMagnitude )
with expansion:
  3783.2253460239 >= 500.0
with messages:
  (a) peakReversed=1 peakForward=7.34866e-08
  (b) reverseSlope=-3783.23 Hz/s forwardSlope=3783.48 Hz/s (expected -+3800)

F:\projects\iterum\dsp\tests\unit\systems\atmosphere_ghost_test.cpp(3076): PASSED:
  REQUIRE( forwardSlope > 0.0 )
with expansion:
  3783.4821432043 > 0.0
with messages:
  (a) peakReversed=1 peakForward=7.34866e-08
  (b) reverseSlope=-3783.23 Hz/s forwardSlope=3783.48 Hz/s (expected -+3800)

F:\projects\iterum\dsp\tests\unit\systems\atmosphere_ghost_test.cpp(3077): PASSED:
  REQUIRE( std::abs(forwardSlope) >= kMinCentroidSlopeMagnitude )
with expansion:
  3783.4821432043 >= 500.0
with messages:
  (a) peakReversed=1 peakForward=7.34866e-08
  (b) reverseSlope=-3783.23 Hz/s forwardSlope=3783.48 Hz/s (expected -+3800)

F:\projects\iterum\dsp\tests\unit\systems\atmosphere_ghost_test.cpp(3091): PASSED:
  REQUIRE( controlForward >= 0.90 )
with expansion:
  0.9999999977 >= 0.9
with messages:
  (a) peakReversed=1 peakForward=7.34866e-08
  (b) reverseSlope=-3783.23 Hz/s forwardSlope=3783.48 Hz/s (expected -+3800)
  control arm: forward=1 reversed=7.33016e-08

F:\projects\iterum\dsp\tests\unit\systems\atmosphere_ghost_test.cpp(3092): PASSED:
  REQUIRE( controlReversed <= 0.30 )
with expansion:
  0.0000000733 <= 0.3
with messages:
  (a) peakReversed=1 peakForward=7.34866e-08
  (b) reverseSlope=-3783.23 Hz/s forwardSlope=3783.48 Hz/s (expected -+3800)
  control arm: forward=1 reversed=7.33016e-08

0.040 s: (a) and (b) at ratio 1 - the waveform and the centroid slope
0.040 s: AtmosphereGhost_ReverseIsTimeReversed
-------------------------------------------------------------------------------
AtmosphereGhost_ReverseIsTimeReversed
  (c) fractional ratio - the exact age-span identity FR-012 must satisfy
-------------------------------------------------------------------------------
F:\projects\iterum\dsp\tests\unit\systems\atmosphere_ghost_test.cpp(3095)
...............................................................................

F:\projects\iterum\dsp\tests\unit\systems\atmosphere_ghost_test.cpp(2914): PASSED:
  REQUIRE( grain.capacity == nextPowerOfTwo(static_cast<std::size_t>( static_cast<double>(kReverseCaptureSeconds) * kReverseSampleRate)) )
with expansion:
  262144 (0x40000) == 262144 (0x40000)
with message:
  capacity=262144 interonset=480000 T=480000 readStart=479936 L'=24000
  (expected 24000) firstBirthBoundary=480064 born=1 reverseBorn=1
  maxActiveBeforeBirth=0 maxActiveOverall=1 ringCold=1 poolFull=0 birthAge=64
  ratio=0.749154 minAge=64 maxAge=42041.9

F:\projects\iterum\dsp\tests\unit\systems\atmosphere_ghost_test.cpp(2921): PASSED:
  REQUIRE( grain.interonsetSamples == std::floor(grain.interonsetSamples) )
with expansion:
  480000.0f == 480000.0f
with message:
  capacity=262144 interonset=480000 T=480000 readStart=479936 L'=24000
  (expected 24000) firstBirthBoundary=480064 born=1 reverseBorn=1
  maxActiveBeforeBirth=0 maxActiveOverall=1 ringCold=1 poolFull=0 birthAge=64
  ratio=0.749154 minAge=64 maxAge=42041.9

F:\projects\iterum\dsp\tests\unit\systems\atmosphere_ghost_test.cpp(2922): PASSED:
  REQUIRE( (grain.birthSample % kObservationBlock) == std::size_t{0} )
with expansion:
  0 == 0
with message:
  capacity=262144 interonset=480000 T=480000 readStart=479936 L'=24000
  (expected 24000) firstBirthBoundary=480064 born=1 reverseBorn=1
  maxActiveBeforeBirth=0 maxActiveOverall=1 ringCold=1 poolFull=0 birthAge=64
  ratio=0.749154 minAge=64 maxAge=42041.9

F:\projects\iterum\dsp\tests\unit\systems\atmosphere_ghost_test.cpp(2925): PASSED:
  REQUIRE( grain.maxActiveBeforeBirth == std::size_t{0} )
with expansion:
  0 == 0
with message:
  capacity=262144 interonset=480000 T=480000 readStart=479936 L'=24000
  (expected 24000) firstBirthBoundary=480064 born=1 reverseBorn=1
  maxActiveBeforeBirth=0 maxActiveOverall=1 ringCold=1 poolFull=0 birthAge=64
  ratio=0.749154 minAge=64 maxAge=42041.9

F:\projects\iterum\dsp\tests\unit\systems\atmosphere_ghost_test.cpp(2929): PASSED:
  REQUIRE( grain.ringCold == std::uint64_t{1} )
with expansion:
  1 == 1
with message:
  capacity=262144 interonset=480000 T=480000 readStart=479936 L'=24000
  (expected 24000) firstBirthBoundary=480064 born=1 reverseBorn=1
  maxActiveBeforeBirth=0 maxActiveOverall=1 ringCold=1 poolFull=0 birthAge=64
  ratio=0.749154 minAge=64 maxAge=42041.9

F:\projects\iterum\dsp\tests\unit\systems\atmosphere_ghost_test.cpp(2930): PASSED:
  REQUIRE( grain.poolFull == std::uint64_t{0} )
with expansion:
  0 == 0
with message:
  capacity=262144 interonset=480000 T=480000 readStart=479936 L'=24000
  (expected 24000) firstBirthBoundary=480064 born=1 reverseBorn=1
  maxActiveBeforeBirth=0 maxActiveOverall=1 ringCold=1 poolFull=0 birthAge=64
  ratio=0.749154 minAge=64 maxAge=42041.9

F:\projects\iterum\dsp\tests\unit\systems\atmosphere_ghost_test.cpp(2934): PASSED:
  REQUIRE( grain.born == std::uint64_t{1} )
with expansion:
  1 == 1
with message:
  capacity=262144 interonset=480000 T=480000 readStart=479936 L'=24000
  (expected 24000) firstBirthBoundary=480064 born=1 reverseBorn=1
  maxActiveBeforeBirth=0 maxActiveOverall=1 ringCold=1 poolFull=0 birthAge=64
  ratio=0.749154 minAge=64 maxAge=42041.9

F:\projects\iterum\dsp\tests\unit\systems\atmosphere_ghost_test.cpp(2935): PASSED:
  REQUIRE( grain.firstBirthBoundary == grain.birthSample + kObservationBlock )
with expansion:
  480064 (0x75340) == 480064 (0x75340)
with message:
  capacity=262144 interonset=480000 T=480000 readStart=479936 L'=24000
  (expected 24000) firstBirthBoundary=480064 born=1 reverseBorn=1
  maxActiveBeforeBirth=0 maxActiveOverall=1 ringCold=1 poolFull=0 birthAge=64
  ratio=0.749154 minAge=64 maxAge=42041.9

F:\projects\iterum\dsp\tests\unit\systems\atmosphere_ghost_test.cpp(2936): PASSED:
  REQUIRE( grain.maxActiveOverall == std::size_t{1} )
with expansion:
  1 == 1
with message:
  capacity=262144 interonset=480000 T=480000 readStart=479936 L'=24000
  (expected 24000) firstBirthBoundary=480064 born=1 reverseBorn=1
  maxActiveBeforeBirth=0 maxActiveOverall=1 ringCold=1 poolFull=0 birthAge=64
  ratio=0.749154 minAge=64 maxAge=42041.9

F:\projects\iterum\dsp\tests\unit\systems\atmosphere_ghost_test.cpp(2940): PASSED:
  REQUIRE( grain.lifetime == grain.expectedLifetime )
with expansion:
  24000 (0x5dc0) == 24000 (0x5dc0)
with message:
  capacity=262144 interonset=480000 T=480000 readStart=479936 L'=24000
  (expected 24000) firstBirthBoundary=480064 born=1 reverseBorn=1
  maxActiveBeforeBirth=0 maxActiveOverall=1 ringCold=1 poolFull=0 birthAge=64
  ratio=0.749154 minAge=64 maxAge=42041.9

F:\projects\iterum\dsp\tests\unit\systems\atmosphere_ghost_test.cpp(2943): PASSED:
  REQUIRE( grain.birthAge == static_cast<float>(AtmosphereEngine::kMinAgeSamples) )
with expansion:
  64.0f == 64.0f
with message:
  capacity=262144 interonset=480000 T=480000 readStart=479936 L'=24000
  (expected 24000) firstBirthBoundary=480064 born=1 reverseBorn=1
  maxActiveBeforeBirth=0 maxActiveOverall=1 ringCold=1 poolFull=0 birthAge=64
  ratio=0.749154 minAge=64 maxAge=42041.9

F:\projects\iterum\dsp\tests\unit\systems\atmosphere_ghost_test.cpp(3100): PASSED:
  REQUIRE( grain.reversedAtBirth )
with expansion:
  true

F:\projects\iterum\dsp\tests\unit\systems\atmosphere_ghost_test.cpp(3106): PASSED:
  REQUIRE( grain.ratioAtBirth == Catch::Approx(ratio).epsilon(1.0e-6) )
with expansion:
  0.7491535544 == Approx( 0.7491535544 )

F:\projects\iterum\dsp\tests\unit\systems\atmosphere_ghost_test.cpp(3107): PASSED:
  REQUIRE( ratio > 0.0 )
with expansion:
  0.7491535544 > 0.0

F:\projects\iterum\dsp\tests\unit\systems\atmosphere_ghost_test.cpp(3108): PASSED:
  REQUIRE( ratio < 1.0 )
with expansion:
  0.7491535544 < 1.0

F:\projects\iterum\dsp\tests\unit\systems\atmosphere_ghost_test.cpp(3130): PASSED:
  REQUIRE( static_cast<double>(grain.minAge) == Catch::Approx(static_cast<double>(AtmosphereEngine::kMinAgeSamples)) .margin(1.0) )
with expansion:
  64.0 == Approx( 64.0 )
with message:
  (c) observedSpan=41977.9 expectedSpan=41977.9 minAge=64 maxAge=42041.9

F:\projects\iterum\dsp\tests\unit\systems\atmosphere_ghost_test.cpp(3131): PASSED:
  REQUIRE( observedSpan == Catch::Approx(expectedSpan).margin(1.0) )
with expansion:
  41977.9375 == Approx( 41977.9361529946 )
with message:
  (c) observedSpan=41977.9 expectedSpan=41977.9 minAge=64 maxAge=42041.9

F:\projects\iterum\dsp\tests\unit\systems\atmosphere_ghost_test.cpp(3137): PASSED:
  REQUIRE( slope < 0.0 )
with expansion:
  -2234.1009295439 < 0.0
with messages:
  (c) observedSpan=41977.9 expectedSpan=41977.9 minAge=64 maxAge=42041.9
  (c) slope=-2234.1 Hz/s (expected ~-2846.78)

F:\projects\iterum\dsp\tests\unit\systems\atmosphere_ghost_test.cpp(3138): PASSED:
  REQUIRE( std::abs(slope) >= kMinCentroidSlopeMagnitude )
with expansion:
  2234.1009295439 >= 500.0
with messages:
  (c) observedSpan=41977.9 expectedSpan=41977.9 minAge=64 maxAge=42041.9
  (c) slope=-2234.1 Hz/s (expected ~-2846.78)

0.019 s: (c) fractional ratio - the exact age-span identity FR-012 must satisfy
0.019 s: AtmosphereGhost_ReverseIsTimeReversed
-------------------------------------------------------------------------------
AtmosphereGhost_ReverseIsTimeReversed
  (d) FR-008 - the direction is a BIRTH snapshot, not a per-sample read
-------------------------------------------------------------------------------
F:\projects\iterum\dsp\tests\unit\systems\atmosphere_ghost_test.cpp(3141)
...............................................................................

F:\projects\iterum\dsp\tests\unit\systems\atmosphere_ghost_test.cpp(2914): PASSED:
  REQUIRE( grain.capacity == nextPowerOfTwo(static_cast<std::size_t>( static_cast<double>(kReverseCaptureSeconds) * kReverseSampleRate)) )
with expansion:
  262144 (0x40000) == 262144 (0x40000)
with message:
  capacity=262144 interonset=480000 T=480000 readStart=479936 L'=24000
  (expected 24000) firstBirthBoundary=480064 born=1 reverseBorn=1
  maxActiveBeforeBirth=0 maxActiveOverall=1 ringCold=1 poolFull=0 birthAge=64
  ratio=1 minAge=64 maxAge=48062

F:\projects\iterum\dsp\tests\unit\systems\atmosphere_ghost_test.cpp(2921): PASSED:
  REQUIRE( grain.interonsetSamples == std::floor(grain.interonsetSamples) )
with expansion:
  480000.0f == 480000.0f
with message:
  capacity=262144 interonset=480000 T=480000 readStart=479936 L'=24000
  (expected 24000) firstBirthBoundary=480064 born=1 reverseBorn=1
  maxActiveBeforeBirth=0 maxActiveOverall=1 ringCold=1 poolFull=0 birthAge=64
  ratio=1 minAge=64 maxAge=48062

F:\projects\iterum\dsp\tests\unit\systems\atmosphere_ghost_test.cpp(2922): PASSED:
  REQUIRE( (grain.birthSample % kObservationBlock) == std::size_t{0} )
with expansion:
  0 == 0
with message:
  capacity=262144 interonset=480000 T=480000 readStart=479936 L'=24000
  (expected 24000) firstBirthBoundary=480064 born=1 reverseBorn=1
  maxActiveBeforeBirth=0 maxActiveOverall=1 ringCold=1 poolFull=0 birthAge=64
  ratio=1 minAge=64 maxAge=48062

F:\projects\iterum\dsp\tests\unit\systems\atmosphere_ghost_test.cpp(2925): PASSED:
  REQUIRE( grain.maxActiveBeforeBirth == std::size_t{0} )
with expansion:
  0 == 0
with message:
  capacity=262144 interonset=480000 T=480000 readStart=479936 L'=24000
  (expected 24000) firstBirthBoundary=480064 born=1 reverseBorn=1
  maxActiveBeforeBirth=0 maxActiveOverall=1 ringCold=1 poolFull=0 birthAge=64
  ratio=1 minAge=64 maxAge=48062

F:\projects\iterum\dsp\tests\unit\systems\atmosphere_ghost_test.cpp(2929): PASSED:
  REQUIRE( grain.ringCold == std::uint64_t{1} )
with expansion:
  1 == 1
with message:
  capacity=262144 interonset=480000 T=480000 readStart=479936 L'=24000
  (expected 24000) firstBirthBoundary=480064 born=1 reverseBorn=1
  maxActiveBeforeBirth=0 maxActiveOverall=1 ringCold=1 poolFull=0 birthAge=64
  ratio=1 minAge=64 maxAge=48062

F:\projects\iterum\dsp\tests\unit\systems\atmosphere_ghost_test.cpp(2930): PASSED:
  REQUIRE( grain.poolFull == std::uint64_t{0} )
with expansion:
  0 == 0
with message:
  capacity=262144 interonset=480000 T=480000 readStart=479936 L'=24000
  (expected 24000) firstBirthBoundary=480064 born=1 reverseBorn=1
  maxActiveBeforeBirth=0 maxActiveOverall=1 ringCold=1 poolFull=0 birthAge=64
  ratio=1 minAge=64 maxAge=48062

F:\projects\iterum\dsp\tests\unit\systems\atmosphere_ghost_test.cpp(2934): PASSED:
  REQUIRE( grain.born == std::uint64_t{1} )
with expansion:
  1 == 1
with message:
  capacity=262144 interonset=480000 T=480000 readStart=479936 L'=24000
  (expected 24000) firstBirthBoundary=480064 born=1 reverseBorn=1
  maxActiveBeforeBirth=0 maxActiveOverall=1 ringCold=1 poolFull=0 birthAge=64
  ratio=1 minAge=64 maxAge=48062

F:\projects\iterum\dsp\tests\unit\systems\atmosphere_ghost_test.cpp(2935): PASSED:
  REQUIRE( grain.firstBirthBoundary == grain.birthSample + kObservationBlock )
with expansion:
  480064 (0x75340) == 480064 (0x75340)
with message:
  capacity=262144 interonset=480000 T=480000 readStart=479936 L'=24000
  (expected 24000) firstBirthBoundary=480064 born=1 reverseBorn=1
  maxActiveBeforeBirth=0 maxActiveOverall=1 ringCold=1 poolFull=0 birthAge=64
  ratio=1 minAge=64 maxAge=48062

F:\projects\iterum\dsp\tests\unit\systems\atmosphere_ghost_test.cpp(2936): PASSED:
  REQUIRE( grain.maxActiveOverall == std::size_t{1} )
with expansion:
  1 == 1
with message:
  capacity=262144 interonset=480000 T=480000 readStart=479936 L'=24000
  (expected 24000) firstBirthBoundary=480064 born=1 reverseBorn=1
  maxActiveBeforeBirth=0 maxActiveOverall=1 ringCold=1 poolFull=0 birthAge=64
  ratio=1 minAge=64 maxAge=48062

F:\projects\iterum\dsp\tests\unit\systems\atmosphere_ghost_test.cpp(2940): PASSED:
  REQUIRE( grain.lifetime == grain.expectedLifetime )
with expansion:
  24000 (0x5dc0) == 24000 (0x5dc0)
with message:
  capacity=262144 interonset=480000 T=480000 readStart=479936 L'=24000
  (expected 24000) firstBirthBoundary=480064 born=1 reverseBorn=1
  maxActiveBeforeBirth=0 maxActiveOverall=1 ringCold=1 poolFull=0 birthAge=64
  ratio=1 minAge=64 maxAge=48062

F:\projects\iterum\dsp\tests\unit\systems\atmosphere_ghost_test.cpp(2943): PASSED:
  REQUIRE( grain.birthAge == static_cast<float>(AtmosphereEngine::kMinAgeSamples) )
with expansion:
  64.0f == 64.0f
with message:
  capacity=262144 interonset=480000 T=480000 readStart=479936 L'=24000
  (expected 24000) firstBirthBoundary=480064 born=1 reverseBorn=1
  maxActiveBeforeBirth=0 maxActiveOverall=1 ringCold=1 poolFull=0 birthAge=64
  ratio=1 minAge=64 maxAge=48062

F:\projects\iterum\dsp\tests\unit\systems\atmosphere_ghost_test.cpp(3144): PASSED:
  REQUIRE( grain.reversedAtBirth )
with expansion:
  true

F:\projects\iterum\dsp\tests\unit\systems\atmosphere_ghost_test.cpp(3149): PASSED:
  REQUIRE( grain.flipped )
with expansion:
  true

F:\projects\iterum\dsp\tests\unit\systems\atmosphere_ghost_test.cpp(3150): PASSED:
  REQUIRE( grain.probabilityAtEnd == 0.0f )
with expansion:
  0.0f == 0.0f

F:\projects\iterum\dsp\tests\unit\systems\atmosphere_ghost_test.cpp(3163): PASSED:
  REQUIRE( peakReversed >= 0.90 )
with expansion:
  0.9999999977 >= 0.9
with message:
  (d) peakReversed=1 slope=-3783.23 Hz/s

F:\projects\iterum\dsp\tests\unit\systems\atmosphere_ghost_test.cpp(3164): PASSED:
  REQUIRE( slope < 0.0 )
with expansion:
  -3783.2253460239 < 0.0
with message:
  (d) peakReversed=1 slope=-3783.23 Hz/s

F:\projects\iterum\dsp\tests\unit\systems\atmosphere_ghost_test.cpp(3165): PASSED:
  REQUIRE( std::abs(slope) >= kMinCentroidSlopeMagnitude )
with expansion:
  3783.2253460239 >= 500.0
with message:
  (d) peakReversed=1 slope=-3783.23 Hz/s

F:\projects\iterum\dsp\tests\unit\systems\atmosphere_ghost_test.cpp(3166): PASSED:
  REQUIRE( span.front() == 0.0f )
with expansion:
  0.0f == 0.0f
with message:
  (d) peakReversed=1 slope=-3783.23 Hz/s

F:\projects\iterum\dsp\tests\unit\systems\atmosphere_ghost_test.cpp(3167): PASSED:
  REQUIRE( span.back() == 0.0f )
with expansion:
  0.0f == 0.0f
with message:
  (d) peakReversed=1 slope=-3783.23 Hz/s

0.019 s: (d) FR-008 - the direction is a BIRTH snapshot, not a per-sample read
0.019 s: AtmosphereGhost_ReverseIsTimeReversed
-------------------------------------------------------------------------------
AtmosphereGhost_TriggerAccounting
  (a) N triggers on a warm ring -> N triggered births, N in {1, 5, 64}
-------------------------------------------------------------------------------
F:\projects\iterum\dsp\tests\unit\systems\atmosphere_ghost_test.cpp(3207)
...............................................................................

F:\projects\iterum\dsp\tests\unit\systems\atmosphere_ghost_test.cpp(3212): PASSED:
  REQUIRE( VoragoGhostFix::preRollFullRing(*engine, 1u, 512u) == capacity )
with expansion:
  65536 (0x10000) == 65536 (0x10000)
with message:
  N=1

F:\projects\iterum\dsp\tests\unit\systems\atmosphere_ghost_test.cpp(3218): PASSED:
  REQUIRE( engine->getActiveGrainCount() == std::size_t{0} )
with expansion:
  0 == 0
with message:
  N=1

F:\projects\iterum\dsp\tests\unit\systems\atmosphere_ghost_test.cpp(3223): PASSED:
  REQUIRE( engine->getDroppedTriggerCount() == before.dropped )
with expansion:
  0 == 0
with message:
  N=1

F:\projects\iterum\dsp\tests\unit\systems\atmosphere_ghost_test.cpp(3235): PASSED:
  REQUIRE( poolFullDelta == std::uint64_t{0} )
with expansion:
  0 == 0
with messages:
  N=1
  poolFullDelta=0 triggeredDelta=1 bornDelta=1 active=1

F:\projects\iterum\dsp\tests\unit\systems\atmosphere_ghost_test.cpp(3236): PASSED:
  REQUIRE( triggeredDelta == static_cast<std::uint64_t>(n) - poolFullDelta )
with expansion:
  1 == 1
with messages:
  N=1
  poolFullDelta=0 triggeredDelta=1 bornDelta=1 active=1

F:\projects\iterum\dsp\tests\unit\systems\atmosphere_ghost_test.cpp(3237): PASSED:
  REQUIRE( bornDelta >= static_cast<std::uint64_t>(n) )
with expansion:
  1 >= 1
with messages:
  N=1
  poolFullDelta=0 triggeredDelta=1 bornDelta=1 active=1

F:\projects\iterum\dsp\tests\unit\systems\atmosphere_ghost_test.cpp(3238): PASSED:
  REQUIRE( bornDelta <= static_cast<std::uint64_t>(n) + std::uint64_t{1} )
with expansion:
  1 <= 2
with messages:
  N=1
  poolFullDelta=0 triggeredDelta=1 bornDelta=1 active=1

F:\projects\iterum\dsp\tests\unit\systems\atmosphere_ghost_test.cpp(3239): PASSED:
  REQUIRE( after.dropped == before.dropped )
with expansion:
  0 == 0
with messages:
  N=1
  poolFullDelta=0 triggeredDelta=1 bornDelta=1 active=1

F:\projects\iterum\dsp\tests\unit\systems\atmosphere_ghost_test.cpp(3212): PASSED:
  REQUIRE( VoragoGhostFix::preRollFullRing(*engine, 1u, 512u) == capacity )
with expansion:
  65536 (0x10000) == 65536 (0x10000)
with message:
  N=5

F:\projects\iterum\dsp\tests\unit\systems\atmosphere_ghost_test.cpp(3218): PASSED:
  REQUIRE( engine->getActiveGrainCount() == std::size_t{0} )
with expansion:
  0 == 0
with message:
  N=5

F:\projects\iterum\dsp\tests\unit\systems\atmosphere_ghost_test.cpp(3223): PASSED:
  REQUIRE( engine->getDroppedTriggerCount() == before.dropped )
with expansion:
  0 == 0
with message:
  N=5

F:\projects\iterum\dsp\tests\unit\systems\atmosphere_ghost_test.cpp(3235): PASSED:
  REQUIRE( poolFullDelta == std::uint64_t{0} )
with expansion:
  0 == 0
with messages:
  N=5
  poolFullDelta=0 triggeredDelta=5 bornDelta=5 active=5

F:\projects\iterum\dsp\tests\unit\systems\atmosphere_ghost_test.cpp(3236): PASSED:
  REQUIRE( triggeredDelta == static_cast<std::uint64_t>(n) - poolFullDelta )
with expansion:
  5 == 5
with messages:
  N=5
  poolFullDelta=0 triggeredDelta=5 bornDelta=5 active=5

F:\projects\iterum\dsp\tests\unit\systems\atmosphere_ghost_test.cpp(3237): PASSED:
  REQUIRE( bornDelta >= static_cast<std::uint64_t>(n) )
with expansion:
  5 >= 5
with messages:
  N=5
  poolFullDelta=0 triggeredDelta=5 bornDelta=5 active=5

F:\projects\iterum\dsp\tests\unit\systems\atmosphere_ghost_test.cpp(3238): PASSED:
  REQUIRE( bornDelta <= static_cast<std::uint64_t>(n) + std::uint64_t{1} )
with expansion:
  5 <= 6
with messages:
  N=5
  poolFullDelta=0 triggeredDelta=5 bornDelta=5 active=5

F:\projects\iterum\dsp\tests\unit\systems\atmosphere_ghost_test.cpp(3239): PASSED:
  REQUIRE( after.dropped == before.dropped )
with expansion:
  0 == 0
with messages:
  N=5
  poolFullDelta=0 triggeredDelta=5 bornDelta=5 active=5

F:\projects\iterum\dsp\tests\unit\systems\atmosphere_ghost_test.cpp(3212): PASSED:
  REQUIRE( VoragoGhostFix::preRollFullRing(*engine, 1u, 512u) == capacity )
with expansion:
  65536 (0x10000) == 65536 (0x10000)
with message:
  N=64

F:\projects\iterum\dsp\tests\unit\systems\atmosphere_ghost_test.cpp(3218): PASSED:
  REQUIRE( engine->getActiveGrainCount() == std::size_t{0} )
with expansion:
  0 == 0
with message:
  N=64

F:\projects\iterum\dsp\tests\unit\systems\atmosphere_ghost_test.cpp(3223): PASSED:
  REQUIRE( engine->getDroppedTriggerCount() == before.dropped )
with expansion:
  0 == 0
with message:
  N=64

F:\projects\iterum\dsp\tests\unit\systems\atmosphere_ghost_test.cpp(3235): PASSED:
  REQUIRE( poolFullDelta == std::uint64_t{0} )
with expansion:
  0 == 0
with messages:
  N=64
  poolFullDelta=0 triggeredDelta=64 bornDelta=64 active=64

F:\projects\iterum\dsp\tests\unit\systems\atmosphere_ghost_test.cpp(3236): PASSED:
  REQUIRE( triggeredDelta == static_cast<std::uint64_t>(n) - poolFullDelta )
with expansion:
  64 == 64
with messages:
  N=64
  poolFullDelta=0 triggeredDelta=64 bornDelta=64 active=64

F:\projects\iterum\dsp\tests\unit\systems\atmosphere_ghost_test.cpp(3237): PASSED:
  REQUIRE( bornDelta >= static_cast<std::uint64_t>(n) )
with expansion:
  64 >= 64
with messages:
  N=64
  poolFullDelta=0 triggeredDelta=64 bornDelta=64 active=64

F:\projects\iterum\dsp\tests\unit\systems\atmosphere_ghost_test.cpp(3238): PASSED:
  REQUIRE( bornDelta <= static_cast<std::uint64_t>(n) + std::uint64_t{1} )
with expansion:
  64 <= 65
with messages:
  N=64
  poolFullDelta=0 triggeredDelta=64 bornDelta=64 active=64

F:\projects\iterum\dsp\tests\unit\systems\atmosphere_ghost_test.cpp(3239): PASSED:
  REQUIRE( after.dropped == before.dropped )
with expansion:
  0 == 0
with messages:
  N=64
  poolFullDelta=0 triggeredDelta=64 bornDelta=64 active=64

0.008 s: (a) N triggers on a warm ring -> N triggered births, N in {1, 5, 64}
0.008 s: AtmosphereGhost_TriggerAccounting
-------------------------------------------------------------------------------
AtmosphereGhost_TriggerAccounting
  (b) cold arm - 74 calls, 10 dropped, 64 consumed ONE PER SAMPLE
-------------------------------------------------------------------------------
F:\projects\iterum\dsp\tests\unit\systems\atmosphere_ghost_test.cpp(3263)
...............................................................................

F:\projects\iterum\dsp\tests\unit\systems\atmosphere_ghost_test.cpp(3267): PASSED:
  REQUIRE( engine->getDroppedTriggerCount() == kExpectedDropped )
with expansion:
  10 == 10

F:\projects\iterum\dsp\tests\unit\systems\atmosphere_ghost_test.cpp(3268): PASSED:
  REQUIRE( engine->getTotalGrainsBorn() == std::uint64_t{0} )
with expansion:
  0 == 0

F:\projects\iterum\dsp\tests\unit\systems\atmosphere_ghost_test.cpp(3269): PASSED:
  REQUIRE( engine->getSkippedTriggerCountRingCold() == std::uint64_t{0} )
with expansion:
  0 == 0

F:\projects\iterum\dsp\tests\unit\systems\atmosphere_ghost_test.cpp(3275): PASSED:
  REQUIRE( afterFirst == std::uint64_t{2} )
with expansion:
  2 == 2
with message:
  after sample 0: ringCold=2

F:\projects\iterum\dsp\tests\unit\systems\atmosphere_ghost_test.cpp(3280): PASSED:
  REQUIRE( engine->getSkippedTriggerCountRingCold() - afterFirst == std::uint64_t{1} )
with expansion:
  1 == 1
with messages:
  after sample 0: ringCold=2
  after sample 1: ringCold=3

F:\projects\iterum\dsp\tests\unit\systems\atmosphere_ghost_test.cpp(3284): PASSED:
  REQUIRE( engine->getSkippedTriggerCountRingCold() - afterFirst == std::uint64_t{63} )
with expansion:
  63 == 63
with messages:
  after sample 0: ringCold=2
  after sample 1: ringCold=3

F:\projects\iterum\dsp\tests\unit\systems\atmosphere_ghost_test.cpp(3290): PASSED:
  REQUIRE( ticks == std::size_t{1} )
with expansion:
  1 == 1
with messages:
  after sample 0: ringCold=2
  after sample 1: ringCold=3
  total ringCold=65 schedulerTicks=1

F:\projects\iterum\dsp\tests\unit\systems\atmosphere_ghost_test.cpp(3292): PASSED:
  REQUIRE( engine->getSkippedTriggerCountRingCold() == static_cast<std::uint64_t>(AE::kMaxGrains) + static_cast<std::uint64_t>(ticks) )
with expansion:
  65 == 65
with messages:
  after sample 0: ringCold=2
  after sample 1: ringCold=3
  total ringCold=65 schedulerTicks=1

F:\projects\iterum\dsp\tests\unit\systems\atmosphere_ghost_test.cpp(3293): PASSED:
  REQUIRE( engine->getTotalGrainsBorn() == std::uint64_t{0} )
with expansion:
  0 == 0
with messages:
  after sample 0: ringCold=2
  after sample 1: ringCold=3
  total ringCold=65 schedulerTicks=1

F:\projects\iterum\dsp\tests\unit\systems\atmosphere_ghost_test.cpp(3294): PASSED:
  REQUIRE( engine->getTotalTriggeredGrainsBorn() == std::uint64_t{0} )
with expansion:
  0 == 0
with messages:
  after sample 0: ringCold=2
  after sample 1: ringCold=3
  total ringCold=65 schedulerTicks=1

F:\projects\iterum\dsp\tests\unit\systems\atmosphere_ghost_test.cpp(3295): PASSED:
  REQUIRE( engine->getDroppedTriggerCount() == kExpectedDropped )
with expansion:
  10 == 10
with messages:
  after sample 0: ringCold=2
  after sample 1: ringCold=3
  total ringCold=65 schedulerTicks=1

F:\projects\iterum\dsp\tests\unit\systems\atmosphere_ghost_test.cpp(3298): PASSED:
  REQUIRE( engine->getSkippedTriggerCountPoolFull() == std::uint64_t{0} )
with expansion:
  0 == 0
with messages:
  after sample 0: ringCold=2
  after sample 1: ringCold=3
  total ringCold=65 schedulerTicks=1

0.000 s: (b) cold arm - 74 calls, 10 dropped, 64 consumed ONE PER SAMPLE
0.000 s: AtmosphereGhost_TriggerAccounting
-------------------------------------------------------------------------------
AtmosphereGhost_TriggerAccounting
  (b) warm arm - the pool cap holds, and steals nothing
-------------------------------------------------------------------------------
F:\projects\iterum\dsp\tests\unit\systems\atmosphere_ghost_test.cpp(3314)
...............................................................................

F:\projects\iterum\dsp\tests\unit\systems\atmosphere_ghost_test.cpp(3317): PASSED:
  REQUIRE( VoragoGhostFix::preRollFullRing(*engine, 1u, 512u) == capacity )
with expansion:
  65536 (0x10000) == 65536 (0x10000)

F:\projects\iterum\dsp\tests\unit\systems\atmosphere_ghost_test.cpp(3332): PASSED:
  REQUIRE( mid.born - before.born == static_cast<std::uint64_t>(AE::kMaxGrains) - static_cast<std::uint64_t>(k0) )
with expansion:
  64 == 64
with messages:
  k0=0
  bornDelta=64 poolFullDelta=0 droppedDelta=10 active=64

F:\projects\iterum\dsp\tests\unit\systems\atmosphere_ghost_test.cpp(3333): PASSED:
  REQUIRE( mid.poolFull - before.poolFull == static_cast<std::uint64_t>(k0) )
with expansion:
  0 == 0
with messages:
  k0=0
  bornDelta=64 poolFullDelta=0 droppedDelta=10 active=64

F:\projects\iterum\dsp\tests\unit\systems\atmosphere_ghost_test.cpp(3334): PASSED:
  REQUIRE( mid.dropped - before.dropped == kExpectedDropped )
with expansion:
  10 == 10
with messages:
  k0=0
  bornDelta=64 poolFullDelta=0 droppedDelta=10 active=64

F:\projects\iterum\dsp\tests\unit\systems\atmosphere_ghost_test.cpp(3335): PASSED:
  REQUIRE( mid.active == AE::kMaxGrains )
with expansion:
  64 == 64
with messages:
  k0=0
  bornDelta=64 poolFullDelta=0 droppedDelta=10 active=64

F:\projects\iterum\dsp\tests\unit\systems\atmosphere_ghost_test.cpp(3348): PASSED:
  REQUIRE( end.born - mid.born == std::uint64_t{0} )
with expansion:
  0 == 0
with messages:
  k0=0
  bornDelta=64 poolFullDelta=0 droppedDelta=10 active=64
  second half: bornDelta=0 poolFullDelta=10 retiredDelta=0 active=64

F:\projects\iterum\dsp\tests\unit\systems\atmosphere_ghost_test.cpp(3349): PASSED:
  REQUIRE( end.poolFull - mid.poolFull == std::uint64_t{10} )
with expansion:
  10 == 10
with messages:
  k0=0
  bornDelta=64 poolFullDelta=0 droppedDelta=10 active=64
  second half: bornDelta=0 poolFullDelta=10 retiredDelta=0 active=64

F:\projects\iterum\dsp\tests\unit\systems\atmosphere_ghost_test.cpp(3350): PASSED:
  REQUIRE( end.dropped == mid.dropped )
with expansion:
  10 == 10
with messages:
  k0=0
  bornDelta=64 poolFullDelta=0 droppedDelta=10 active=64
  second half: bornDelta=0 poolFullDelta=10 retiredDelta=0 active=64

F:\projects\iterum\dsp\tests\unit\systems\atmosphere_ghost_test.cpp(3351): PASSED:
  REQUIRE( end.active == AE::kMaxGrains )
with expansion:
  64 == 64
with messages:
  k0=0
  bornDelta=64 poolFullDelta=0 droppedDelta=10 active=64
  second half: bornDelta=0 poolFullDelta=10 retiredDelta=0 active=64

F:\projects\iterum\dsp\tests\unit\systems\atmosphere_ghost_test.cpp(3353): PASSED:
  REQUIRE( end.retired == mid.retired )
with expansion:
  0 == 0
with messages:
  k0=0
  bornDelta=64 poolFullDelta=0 droppedDelta=10 active=64
  second half: bornDelta=0 poolFullDelta=10 retiredDelta=0 active=64

0.002 s: (b) warm arm - the pool cap holds, and steals nothing
0.003 s: AtmosphereGhost_TriggerAccounting
-------------------------------------------------------------------------------
AtmosphereGhost_TriggerAccounting
  (c) a cold-ring trigger is consumed exactly once - no deferred burst
-------------------------------------------------------------------------------
F:\projects\iterum\dsp\tests\unit\systems\atmosphere_ghost_test.cpp(3364)
...............................................................................

F:\projects\iterum\dsp\tests\unit\systems\atmosphere_ghost_test.cpp(3369): PASSED:
  REQUIRE( engine->getDroppedTriggerCount() == std::uint64_t{0} )
with expansion:
  0 == 0

F:\projects\iterum\dsp\tests\unit\systems\atmosphere_ghost_test.cpp(3375): PASSED:
  REQUIRE( engine->getTotalGrainsBorn() == std::uint64_t{0} )
with expansion:
  0 == 0
with message:
  cold: ringCold=33 ticks=1

F:\projects\iterum\dsp\tests\unit\systems\atmosphere_ghost_test.cpp(3376): PASSED:
  REQUIRE( engine->getTotalTriggeredGrainsBorn() == std::uint64_t{0} )
with expansion:
  0 == 0
with message:
  cold: ringCold=33 ticks=1

F:\projects\iterum\dsp\tests\unit\systems\atmosphere_ghost_test.cpp(3378): PASSED:
  REQUIRE( engine->getSkippedTriggerCountRingCold() == static_cast<std::uint64_t>(kColdCalls) + static_cast<std::uint64_t>(ticks) )
with expansion:
  33 == 33
with message:
  cold: ringCold=33 ticks=1

F:\projects\iterum\dsp\tests\unit\systems\atmosphere_ghost_test.cpp(3385): PASSED:
  REQUIRE( engine->getTotalTriggeredGrainsBorn() == std::uint64_t{0} )
with expansion:
  0 == 0
with messages:
  cold: ringCold=33 ticks=1
  after warming: born=0 triggered=0

F:\projects\iterum\dsp\tests\unit\systems\atmosphere_ghost_test.cpp(3392): PASSED:
  REQUIRE( engine->getTotalTriggeredGrainsBorn() == std::uint64_t{1} )
with expansion:
  1 == 1
with messages:
  cold: ringCold=33 ticks=1
  after warming: born=0 triggered=0

0.002 s: (c) a cold-ring trigger is consumed exactly once - no deferred burst
0.002 s: AtmosphereGhost_TriggerAccounting
-------------------------------------------------------------------------------
AtmosphereGhost_TriggerAccounting
  (d1) FR-023 - a latched engine refuses a trigger and moves no counter
-------------------------------------------------------------------------------
F:\projects\iterum\dsp\tests\unit\systems\atmosphere_ghost_test.cpp(3403)
...............................................................................

F:\projects\iterum\dsp\tests\unit\systems\atmosphere_ghost_test.cpp(3406): PASSED:
  REQUIRE( VoragoGhostFix::preRollFullRing(*engine, 1u, 512u) == capacity )
with expansion:
  65536 (0x10000) == 65536 (0x10000)

F:\projects\iterum\dsp\tests\unit\systems\atmosphere_ghost_test.cpp(3410): PASSED:
  REQUIRE( engine->getActiveGrainCount() > std::size_t{0} )
with expansion:
  1 > 0

F:\projects\iterum\dsp\tests\unit\systems\atmosphere_ghost_test.cpp(3415): PASSED:
  REQUIRE( engine->getActiveGrainCount() == std::size_t{0} )
with expansion:
  0 == 0

F:\projects\iterum\dsp\tests\unit\systems\atmosphere_ghost_test.cpp(3431): PASSED:
  REQUIRE( nonZero == std::size_t{0} )
with expansion:
  0 == 0

F:\projects\iterum\dsp\tests\unit\systems\atmosphere_ghost_test.cpp(3442): PASSED:
  REQUIRE( after.born == before.born )
with expansion:
  1 == 1
with message:
  latched: born 1->1 dropped 0->0 triggered 1->1

F:\projects\iterum\dsp\tests\unit\systems\atmosphere_ghost_test.cpp(3443): PASSED:
  REQUIRE( after.retired == before.retired )
with expansion:
  1 == 1
with message:
  latched: born 1->1 dropped 0->0 triggered 1->1

F:\projects\iterum\dsp\tests\unit\systems\atmosphere_ghost_test.cpp(3444): PASSED:
  REQUIRE( after.triggered == before.triggered )
with expansion:
  1 == 1
with message:
  latched: born 1->1 dropped 0->0 triggered 1->1

F:\projects\iterum\dsp\tests\unit\systems\atmosphere_ghost_test.cpp(3445): PASSED:
  REQUIRE( after.reverseBorn == before.reverseBorn )
with expansion:
  0 == 0
with message:
  latched: born 1->1 dropped 0->0 triggered 1->1

F:\projects\iterum\dsp\tests\unit\systems\atmosphere_ghost_test.cpp(3446): PASSED:
  REQUIRE( after.dropped == before.dropped )
with expansion:
  0 == 0
with message:
  latched: born 1->1 dropped 0->0 triggered 1->1

F:\projects\iterum\dsp\tests\unit\systems\atmosphere_ghost_test.cpp(3447): PASSED:
  REQUIRE( after.poolFull == before.poolFull )
with expansion:
  0 == 0
with message:
  latched: born 1->1 dropped 0->0 triggered 1->1

F:\projects\iterum\dsp\tests\unit\systems\atmosphere_ghost_test.cpp(3448): PASSED:
  REQUIRE( after.ringCold == before.ringCold )
with expansion:
  1 == 1
with message:
  latched: born 1->1 dropped 0->0 triggered 1->1

F:\projects\iterum\dsp\tests\unit\systems\atmosphere_ghost_test.cpp(3449): PASSED:
  REQUIRE( after.active == std::size_t{0} )
with expansion:
  0 == 0
with message:
  latched: born 1->1 dropped 0->0 triggered 1->1

0.002 s: (d1) FR-023 - a latched engine refuses a trigger and moves no counter
0.002 s: AtmosphereGhost_TriggerAccounting
-------------------------------------------------------------------------------
AtmosphereGhost_TriggerAccounting
  (d2a) reset() clears the queue - counted on CONSUMPTION, cold ring
-------------------------------------------------------------------------------
F:\projects\iterum\dsp\tests\unit\systems\atmosphere_ghost_test.cpp(3465)
...............................................................................

F:\projects\iterum\dsp\tests\unit\systems\atmosphere_ghost_test.cpp(3471): PASSED:
  REQUIRE( engine->getDroppedTriggerCount() == kExpectedDropped )
with expansion:
  10 == 10

F:\projects\iterum\dsp\tests\unit\systems\atmosphere_ghost_test.cpp(3480): PASSED:
  REQUIRE( ticks == std::size_t{1} )
with expansion:
  1 == 1
with message:
  post-reset ringCold=1 ticks=1

F:\projects\iterum\dsp\tests\unit\systems\atmosphere_ghost_test.cpp(3481): PASSED:
  REQUIRE( engine->getSkippedTriggerCountRingCold() == static_cast<std::uint64_t>(ticks) )
with expansion:
  1 == 1
with message:
  post-reset ringCold=1 ticks=1

F:\projects\iterum\dsp\tests\unit\systems\atmosphere_ghost_test.cpp(3482): PASSED:
  REQUIRE( engine->getTotalGrainsBorn() == std::uint64_t{0} )
with expansion:
  0 == 0
with message:
  post-reset ringCold=1 ticks=1

F:\projects\iterum\dsp\tests\unit\systems\atmosphere_ghost_test.cpp(3483): PASSED:
  REQUIRE( engine->getDroppedTriggerCount() == std::uint64_t{0} )
with expansion:
  0 == 0
with message:
  post-reset ringCold=1 ticks=1

0.000 s: (d2a) reset() clears the queue - counted on CONSUMPTION, cold ring
0.000 s: AtmosphereGhost_TriggerAccounting
-------------------------------------------------------------------------------
AtmosphereGhost_TriggerAccounting
  (d2b) reset() zeroes the triggered / reverse / dropped counters
-------------------------------------------------------------------------------
F:\projects\iterum\dsp\tests\unit\systems\atmosphere_ghost_test.cpp(3489)
...............................................................................

F:\projects\iterum\dsp\tests\unit\systems\atmosphere_ghost_test.cpp(3492): PASSED:
  REQUIRE( VoragoGhostFix::preRollFullRing(*engine, 1u, 512u) == capacity )
with expansion:
  65536 (0x10000) == 65536 (0x10000)

F:\projects\iterum\dsp\tests\unit\systems\atmosphere_ghost_test.cpp(3495): PASSED:
  REQUIRE( engine->getDroppedTriggerCount() == kExpectedDropped )
with expansion:
  10 == 10

F:\projects\iterum\dsp\tests\unit\systems\atmosphere_ghost_test.cpp(3501): PASSED:
  REQUIRE( engine->getTotalTriggeredGrainsBorn() > std::uint64_t{0} )
with expansion:
  64 > 0
with message:
  before reset: triggered=64 reverseBorn=64 dropped=10

F:\projects\iterum\dsp\tests\unit\systems\atmosphere_ghost_test.cpp(3502): PASSED:
  REQUIRE( engine->getTotalReverseGrainsBorn() > std::uint64_t{0} )
with expansion:
  64 > 0
with message:
  before reset: triggered=64 reverseBorn=64 dropped=10

F:\projects\iterum\dsp\tests\unit\systems\atmosphere_ghost_test.cpp(3503): PASSED:
  REQUIRE( engine->getDroppedTriggerCount() > std::uint64_t{0} )
with expansion:
  10 > 0
with message:
  before reset: triggered=64 reverseBorn=64 dropped=10

F:\projects\iterum\dsp\tests\unit\systems\atmosphere_ghost_test.cpp(3507): PASSED:
  REQUIRE( engine->getTotalTriggeredGrainsBorn() == std::uint64_t{0} )
with expansion:
  0 == 0
with message:
  before reset: triggered=64 reverseBorn=64 dropped=10

F:\projects\iterum\dsp\tests\unit\systems\atmosphere_ghost_test.cpp(3508): PASSED:
  REQUIRE( engine->getTotalReverseGrainsBorn() == std::uint64_t{0} )
with expansion:
  0 == 0
with message:
  before reset: triggered=64 reverseBorn=64 dropped=10

F:\projects\iterum\dsp\tests\unit\systems\atmosphere_ghost_test.cpp(3509): PASSED:
  REQUIRE( engine->getDroppedTriggerCount() == std::uint64_t{0} )
with expansion:
  0 == 0
with message:
  before reset: triggered=64 reverseBorn=64 dropped=10

0.002 s: (d2b) reset() zeroes the triggered / reverse / dropped counters
0.002 s: AtmosphereGhost_TriggerAccounting
-------------------------------------------------------------------------------
AtmosphereGhost_TriggerAccounting
  (d3) FR-023 clause 3 - Silencing accepts triggers
-------------------------------------------------------------------------------
F:\projects\iterum\dsp\tests\unit\systems\atmosphere_ghost_test.cpp(3525)
...............................................................................

F:\projects\iterum\dsp\tests\unit\systems\atmosphere_ghost_test.cpp(3528): PASSED:
  REQUIRE( VoragoGhostFix::preRollFullRing(*engine, 1u, 512u) == capacity )
with expansion:
  65536 (0x10000) == 65536 (0x10000)

F:\projects\iterum\dsp\tests\unit\systems\atmosphere_ghost_test.cpp(3532): PASSED:
  REQUIRE( engine->getActiveGrainCount() > std::size_t{0} )
with expansion:
  1 > 0

F:\projects\iterum\dsp\tests\unit\systems\atmosphere_ghost_test.cpp(3539): PASSED:
  REQUIRE( engine->getActiveGrainCount() > std::size_t{0} )
with expansion:
  1 > 0

F:\projects\iterum\dsp\tests\unit\systems\atmosphere_ghost_test.cpp(3549): PASSED:
  REQUIRE( after.dropped == before.dropped )
with expansion:
  0 == 0
with message:
  silencing: droppedDelta=0 triggeredDelta=1 active=2

F:\projects\iterum\dsp\tests\unit\systems\atmosphere_ghost_test.cpp(3550): PASSED:
  REQUIRE( after.triggered - before.triggered >= std::uint64_t{1} )
with expansion:
  1 >= 1
with message:
  silencing: droppedDelta=0 triggeredDelta=1 active=2

F:\projects\iterum\dsp\tests\unit\systems\atmosphere_ghost_test.cpp(3553): PASSED:
  REQUIRE( after.active > std::size_t{0} )
with expansion:
  2 > 0
with message:
  silencing: droppedDelta=0 triggeredDelta=1 active=2

0.002 s: (d3) FR-023 clause 3 - Silencing accepts triggers
0.002 s: AtmosphereGhost_TriggerAccounting
-------------------------------------------------------------------------------
AtmosphereGhost_PassAScratchBound
-------------------------------------------------------------------------------
F:\projects\iterum\dsp\tests\unit\systems\atmosphere_ghost_test.cpp(3598)
...............................................................................

F:\projects\iterum\dsp\tests\unit\systems\atmosphere_ghost_test.cpp(3629): PASSED:
  REQUIRE( engine->getCaptureCapacitySamples() == kExpectedCapacity )
with expansion:
  1024 (0x400) == 1024 (0x400)

F:\projects\iterum\dsp\tests\unit\systems\atmosphere_ghost_test.cpp(3636): PASSED:
  REQUIRE( VoragoGhostFix::preRollFullRing(*engine, 1u, kChunk) == kExpectedCapacity )
with expansion:
  1024 (0x400) == 1024 (0x400)

F:\projects\iterum\dsp\tests\unit\systems\atmosphere_ghost_test.cpp(3639): PASSED:
  REQUIRE( engine->getTotalGrainsBorn() == std::uint64_t{0} )
with expansion:
  0 == 0

F:\projects\iterum\dsp\tests\unit\systems\atmosphere_ghost_test.cpp(3640): PASSED:
  REQUIRE( engine->getActiveGrainCount() == std::size_t{0} )
with expansion:
  0 == 0

F:\projects\iterum\dsp\tests\unit\systems\atmosphere_ghost_test.cpp(3685): PASSED:
  REQUIRE( deltaRetiredChunk1 <= std::uint64_t{2} )
with expansion:
  2 <= 2
with message:
  chunk 1: active=62 deltaRetired=2 born=64 triggered=32 poolFull=64

F:\projects\iterum\dsp\tests\unit\systems\atmosphere_ghost_test.cpp(3687): PASSED:
  REQUIRE( static_cast<std::uint64_t>(activeAfterChunk1) + deltaRetiredChunk1 == static_cast<std::uint64_t>(AE::kMaxGrains) )
with expansion:
  64 == 64
with message:
  chunk 1: active=62 deltaRetired=2 born=64 triggered=32 poolFull=64

F:\projects\iterum\dsp\tests\unit\systems\atmosphere_ghost_test.cpp(3718): PASSED:
  REQUIRE( deltaRetired > static_cast<std::uint64_t>(AE::kMaxGrains * 2) )
with expansion:
  188 > 128
with messages:
  chunk 1: active=62 deltaRetired=2 born=64 triggered=32 poolFull=64
  chunk 2: deltaRetired=188 active=2 born=192 triggered=96

F:\projects\iterum\dsp\tests\unit\systems\atmosphere_ghost_test.cpp(3719): PASSED:
  REQUIRE( deltaRetired <= static_cast<std::uint64_t>(AE::kMaxGrains * 3) )
with expansion:
  188 <= 192
with messages:
  chunk 1: active=62 deltaRetired=2 born=64 triggered=32 poolFull=64
  chunk 2: deltaRetired=188 active=2 born=192 triggered=96

F:\projects\iterum\dsp\tests\unit\systems\atmosphere_ghost_test.cpp(3732): warning:
  chunk 1: active=62 deltaRetired=2 born=64 triggered=32 poolFull=64
  chunk 2: deltaRetired=188 active=2 born=192 triggered=96
  SC-012 measured: chunk 1 active=62 deltaRetired=2; chunk 2 deltaRetired=188
  (teeth: > 128, FR-051 bound: <= 192)

0.000 s: AtmosphereGhost_PassAScratchBound
-------------------------------------------------------------------------------
AtmosphereGhost_ReverseLiveness
-------------------------------------------------------------------------------
F:\projects\iterum\dsp\tests\unit\systems\atmosphere_ghost_longrun_test.cpp(623)
...............................................................................

F:\projects\iterum\dsp\tests\unit\systems\atmosphere_ghost_longrun_test.cpp(632): warning:
  AtmosphereGhost_ReverseLiveness measured runtime: reverse arm 3.82361 s,
  forward arm 3.35891 s, total 7.18252 s (2 x [1048576 pre-roll + 28800000
  span] samples at 48 kHz); reverse clicks 0, forward clicks 0

F:\projects\iterum\dsp\tests\unit\systems\atmosphere_ghost_longrun_test.cpp(637): PASSED:
  REQUIRE( reverseArm.capacity == std::size_t{1048576} )
with expansion:
  1048576 (0x100000) == 1048576 (0x100000)

F:\projects\iterum\dsp\tests\unit\systems\atmosphere_ghost_longrun_test.cpp(638): PASSED:
  REQUIRE( reverseArm.preRollSamples == reverseArm.capacity )
with expansion:
  1048576 (0x100000) == 1048576 (0x100000)

F:\projects\iterum\dsp\tests\unit\systems\atmosphere_ghost_longrun_test.cpp(639): PASSED:
  REQUIRE( forwardArm.capacity == reverseArm.capacity )
with expansion:
  1048576 (0x100000) == 1048576 (0x100000)

F:\projects\iterum\dsp\tests\unit\systems\atmosphere_ghost_longrun_test.cpp(640): PASSED:
  REQUIRE( forwardArm.preRollSamples == reverseArm.preRollSamples )
with expansion:
  1048576 (0x100000) == 1048576 (0x100000)

F:\projects\iterum\dsp\tests\unit\systems\atmosphere_ghost_longrun_test.cpp(645): PASSED:
  REQUIRE( reverseArm.density == 0.30f )
with expansion:
  0.3f == 0.3f

F:\projects\iterum\dsp\tests\unit\systems\atmosphere_ghost_longrun_test.cpp(646): PASSED:
  REQUIRE( reverseArm.jitter == 0.5f )
with expansion:
  0.5f == 0.5f

F:\projects\iterum\dsp\tests\unit\systems\atmosphere_ghost_longrun_test.cpp(649): PASSED:
  REQUIRE( ceiling == std::uint64_t{9} )
with expansion:
  9 == 9

F:\projects\iterum\dsp\tests\unit\systems\atmosphere_ghost_longrun_test.cpp(654): PASSED:
  REQUIRE( reverseArm.coldStartSkips <= ceiling )
with expansion:
  3 <= 9

F:\projects\iterum\dsp\tests\unit\systems\atmosphere_ghost_longrun_test.cpp(659): PASSED:
  REQUIRE( reverseArm.coldSkipsAtEnd == reverseArm.coldStartSkips )
with expansion:
  3 == 3

F:\projects\iterum\dsp\tests\unit\systems\atmosphere_ghost_longrun_test.cpp(666): PASSED:
  REQUIRE( reverseArm.clickDetections <= forwardArm.clickDetections )
with expansion:
  0 <= 0

F:\projects\iterum\dsp\tests\unit\systems\atmosphere_ghost_longrun_test.cpp(672): PASSED:
  REQUIRE( reverseArm.bornAtSpanEnd > reverseArm.bornAtSpanStart )
with expansion:
  183 > 4

F:\projects\iterum\dsp\tests\unit\systems\atmosphere_ghost_longrun_test.cpp(680): PASSED:
  REQUIRE( reverseArm.minObservedAge >= static_cast<float>(AtmosphereEngine::kMinAgeSamples) )
with expansion:
  4894.26123f >= 64.0f

F:\projects\iterum\dsp\tests\unit\systems\atmosphere_ghost_longrun_test.cpp(681): PASSED:
  REQUIRE( reverseArm.maxObservedAge <= static_cast<float>(reverseArm.capacity) - 2.0f )
with expansion:
  982053.375f <= 1048574.0f

7.184 s: AtmosphereGhost_ReverseLiveness
-------------------------------------------------------------------------------
AtmosphereGhost_Determinism_ReverseFraction
-------------------------------------------------------------------------------
F:\projects\iterum\dsp\tests\unit\systems\atmosphere_ghost_longrun_test.cpp(705)
...............................................................................

F:\projects\iterum\dsp\tests\unit\systems\atmosphere_ghost_longrun_test.cpp(722): warning:
  AtmosphereGhost_Determinism_ReverseFraction measured runtime: 0.419999 s (p=
  0.25) + 0.468585 s (p=0.50) + 0.507926 s (p=0.75) = 1.39651 s total; spans
  624832 / 624832 / 624832 samples at 8000 Hz; births 100000 / 100000 / 100000;
  reverse fractions 0.25239 / 0.49982 / 0.74928

F:\projects\iterum\dsp\tests\unit\systems\atmosphere_ghost_longrun_test.cpp(755): PASSED:
  REQUIRE( arm.capacity >= requestedRing )
with expansion:
  8192 (0x2000) >= 8000 (0x1f40)
with message:
  p=0.25 born=100000 reverse=25239 fraction=0.25239 span=624832 capacity=8192
  preRoll=8192 ringColdDelta=0 droppedDelta=0 lastLifetime=400

F:\projects\iterum\dsp\tests\unit\systems\atmosphere_ghost_longrun_test.cpp(756): PASSED:
  REQUIRE( arm.capacity < 2u * requestedRing )
with expansion:
  8192 (0x2000) < 16000 (0x3e80)
with message:
  p=0.25 born=100000 reverse=25239 fraction=0.25239 span=624832 capacity=8192
  preRoll=8192 ringColdDelta=0 droppedDelta=0 lastLifetime=400

F:\projects\iterum\dsp\tests\unit\systems\atmosphere_ghost_longrun_test.cpp(757): PASSED:
  REQUIRE( (arm.capacity & (arm.capacity - std::size_t{1})) == std::size_t{0} )
with expansion:
  0 == 0
with message:
  p=0.25 born=100000 reverse=25239 fraction=0.25239 span=624832 capacity=8192
  preRoll=8192 ringColdDelta=0 droppedDelta=0 lastLifetime=400

F:\projects\iterum\dsp\tests\unit\systems\atmosphere_ghost_longrun_test.cpp(758): PASSED:
  REQUIRE( arm.preRollSamples == arm.capacity )
with expansion:
  8192 (0x2000) == 8192 (0x2000)
with message:
  p=0.25 born=100000 reverse=25239 fraction=0.25239 span=624832 capacity=8192
  preRoll=8192 ringColdDelta=0 droppedDelta=0 lastLifetime=400

F:\projects\iterum\dsp\tests\unit\systems\atmosphere_ghost_longrun_test.cpp(763): PASSED:
  REQUIRE( arm.born >= kSweepTargetGrains )
with expansion:
  100000 (0x186a0) >= 100000 (0x186a0)
with message:
  p=0.25 born=100000 reverse=25239 fraction=0.25239 span=624832 capacity=8192
  preRoll=8192 ringColdDelta=0 droppedDelta=0 lastLifetime=400

F:\projects\iterum\dsp\tests\unit\systems\atmosphere_ghost_longrun_test.cpp(768): PASSED:
  REQUIRE( arm.ringColdDelta == std::uint64_t{0} )
with expansion:
  0 == 0
with message:
  p=0.25 born=100000 reverse=25239 fraction=0.25239 span=624832 capacity=8192
  preRoll=8192 ringColdDelta=0 droppedDelta=0 lastLifetime=400

F:\projects\iterum\dsp\tests\unit\systems\atmosphere_ghost_longrun_test.cpp(772): PASSED:
  REQUIRE( arm.droppedDelta == std::uint64_t{0} )
with expansion:
  0 == 0
with message:
  p=0.25 born=100000 reverse=25239 fraction=0.25239 span=624832 capacity=8192
  preRoll=8192 ringColdDelta=0 droppedDelta=0 lastLifetime=400

F:\projects\iterum\dsp\tests\unit\systems\atmosphere_ghost_longrun_test.cpp(777): PASSED:
  REQUIRE( arm.lastLifetime == requestedLifetime )
with expansion:
  400 (0x190) == 400 (0x190)
with message:
  p=0.25 born=100000 reverse=25239 fraction=0.25239 span=624832 capacity=8192
  preRoll=8192 ringColdDelta=0 droppedDelta=0 lastLifetime=400

F:\projects\iterum\dsp\tests\unit\systems\atmosphere_ghost_longrun_test.cpp(783): PASSED:
  REQUIRE( std::abs(fraction - static_cast<double>(arm.probability)) <= kReverseFractionTolerance )
with expansion:
  0.00239 <= 0.02
with message:
  p=0.25 born=100000 reverse=25239 fraction=0.25239 span=624832 capacity=8192
  preRoll=8192 ringColdDelta=0 droppedDelta=0 lastLifetime=400

F:\projects\iterum\dsp\tests\unit\systems\atmosphere_ghost_longrun_test.cpp(755): PASSED:
  REQUIRE( arm.capacity >= requestedRing )
with expansion:
  8192 (0x2000) >= 8000 (0x1f40)
with message:
  p=0.5 born=100000 reverse=49982 fraction=0.49982 span=624832 capacity=8192
  preRoll=8192 ringColdDelta=0 droppedDelta=0 lastLifetime=400

F:\projects\iterum\dsp\tests\unit\systems\atmosphere_ghost_longrun_test.cpp(756): PASSED:
  REQUIRE( arm.capacity < 2u * requestedRing )
with expansion:
  8192 (0x2000) < 16000 (0x3e80)
with message:
  p=0.5 born=100000 reverse=49982 fraction=0.49982 span=624832 capacity=8192
  preRoll=8192 ringColdDelta=0 droppedDelta=0 lastLifetime=400

F:\projects\iterum\dsp\tests\unit\systems\atmosphere_ghost_longrun_test.cpp(757): PASSED:
  REQUIRE( (arm.capacity & (arm.capacity - std::size_t{1})) == std::size_t{0} )
with expansion:
  0 == 0
with message:
  p=0.5 born=100000 reverse=49982 fraction=0.49982 span=624832 capacity=8192
  preRoll=8192 ringColdDelta=0 droppedDelta=0 lastLifetime=400

F:\projects\iterum\dsp\tests\unit\systems\atmosphere_ghost_longrun_test.cpp(758): PASSED:
  REQUIRE( arm.preRollSamples == arm.capacity )
with expansion:
  8192 (0x2000) == 8192 (0x2000)
with message:
  p=0.5 born=100000 reverse=49982 fraction=0.49982 span=624832 capacity=8192
  preRoll=8192 ringColdDelta=0 droppedDelta=0 lastLifetime=400

F:\projects\iterum\dsp\tests\unit\systems\atmosphere_ghost_longrun_test.cpp(763): PASSED:
  REQUIRE( arm.born >= kSweepTargetGrains )
with expansion:
  100000 (0x186a0) >= 100000 (0x186a0)
with message:
  p=0.5 born=100000 reverse=49982 fraction=0.49982 span=624832 capacity=8192
  preRoll=8192 ringColdDelta=0 droppedDelta=0 lastLifetime=400

F:\projects\iterum\dsp\tests\unit\systems\atmosphere_ghost_longrun_test.cpp(768): PASSED:
  REQUIRE( arm.ringColdDelta == std::uint64_t{0} )
with expansion:
  0 == 0
with message:
  p=0.5 born=100000 reverse=49982 fraction=0.49982 span=624832 capacity=8192
  preRoll=8192 ringColdDelta=0 droppedDelta=0 lastLifetime=400

F:\projects\iterum\dsp\tests\unit\systems\atmosphere_ghost_longrun_test.cpp(772): PASSED:
  REQUIRE( arm.droppedDelta == std::uint64_t{0} )
with expansion:
  0 == 0
with message:
  p=0.5 born=100000 reverse=49982 fraction=0.49982 span=624832 capacity=8192
  preRoll=8192 ringColdDelta=0 droppedDelta=0 lastLifetime=400

F:\projects\iterum\dsp\tests\unit\systems\atmosphere_ghost_longrun_test.cpp(777): PASSED:
  REQUIRE( arm.lastLifetime == requestedLifetime )
with expansion:
  400 (0x190) == 400 (0x190)
with message:
  p=0.5 born=100000 reverse=49982 fraction=0.49982 span=624832 capacity=8192
  preRoll=8192 ringColdDelta=0 droppedDelta=0 lastLifetime=400

F:\projects\iterum\dsp\tests\unit\systems\atmosphere_ghost_longrun_test.cpp(783): PASSED:
  REQUIRE( std::abs(fraction - static_cast<double>(arm.probability)) <= kReverseFractionTolerance )
with expansion:
  0.00018 <= 0.02
with message:
  p=0.5 born=100000 reverse=49982 fraction=0.49982 span=624832 capacity=8192
  preRoll=8192 ringColdDelta=0 droppedDelta=0 lastLifetime=400

F:\projects\iterum\dsp\tests\unit\systems\atmosphere_ghost_longrun_test.cpp(755): PASSED:
  REQUIRE( arm.capacity >= requestedRing )
with expansion:
  8192 (0x2000) >= 8000 (0x1f40)
with message:
  p=0.75 born=100000 reverse=74928 fraction=0.74928 span=624832 capacity=8192
  preRoll=8192 ringColdDelta=0 droppedDelta=0 lastLifetime=400

F:\projects\iterum\dsp\tests\unit\systems\atmosphere_ghost_longrun_test.cpp(756): PASSED:
  REQUIRE( arm.capacity < 2u * requestedRing )
with expansion:
  8192 (0x2000) < 16000 (0x3e80)
with message:
  p=0.75 born=100000 reverse=74928 fraction=0.74928 span=624832 capacity=8192
  preRoll=8192 ringColdDelta=0 droppedDelta=0 lastLifetime=400

F:\projects\iterum\dsp\tests\unit\systems\atmosphere_ghost_longrun_test.cpp(757): PASSED:
  REQUIRE( (arm.capacity & (arm.capacity - std::size_t{1})) == std::size_t{0} )
with expansion:
  0 == 0
with message:
  p=0.75 born=100000 reverse=74928 fraction=0.74928 span=624832 capacity=8192
  preRoll=8192 ringColdDelta=0 droppedDelta=0 lastLifetime=400

F:\projects\iterum\dsp\tests\unit\systems\atmosphere_ghost_longrun_test.cpp(758): PASSED:
  REQUIRE( arm.preRollSamples == arm.capacity )
with expansion:
  8192 (0x2000) == 8192 (0x2000)
with message:
  p=0.75 born=100000 reverse=74928 fraction=0.74928 span=624832 capacity=8192
  preRoll=8192 ringColdDelta=0 droppedDelta=0 lastLifetime=400

F:\projects\iterum\dsp\tests\unit\systems\atmosphere_ghost_longrun_test.cpp(763): PASSED:
  REQUIRE( arm.born >= kSweepTargetGrains )
with expansion:
  100000 (0x186a0) >= 100000 (0x186a0)
with message:
  p=0.75 born=100000 reverse=74928 fraction=0.74928 span=624832 capacity=8192
  preRoll=8192 ringColdDelta=0 droppedDelta=0 lastLifetime=400

F:\projects\iterum\dsp\tests\unit\systems\atmosphere_ghost_longrun_test.cpp(768): PASSED:
  REQUIRE( arm.ringColdDelta == std::uint64_t{0} )
with expansion:
  0 == 0
with message:
  p=0.75 born=100000 reverse=74928 fraction=0.74928 span=624832 capacity=8192
  preRoll=8192 ringColdDelta=0 droppedDelta=0 lastLifetime=400

F:\projects\iterum\dsp\tests\unit\systems\atmosphere_ghost_longrun_test.cpp(772): PASSED:
  REQUIRE( arm.droppedDelta == std::uint64_t{0} )
with expansion:
  0 == 0
with message:
  p=0.75 born=100000 reverse=74928 fraction=0.74928 span=624832 capacity=8192
  preRoll=8192 ringColdDelta=0 droppedDelta=0 lastLifetime=400

F:\projects\iterum\dsp\tests\unit\systems\atmosphere_ghost_longrun_test.cpp(777): PASSED:
  REQUIRE( arm.lastLifetime == requestedLifetime )
with expansion:
  400 (0x190) == 400 (0x190)
with message:
  p=0.75 born=100000 reverse=74928 fraction=0.74928 span=624832 capacity=8192
  preRoll=8192 ringColdDelta=0 droppedDelta=0 lastLifetime=400

F:\projects\iterum\dsp\tests\unit\systems\atmosphere_ghost_longrun_test.cpp(783): PASSED:
  REQUIRE( std::abs(fraction - static_cast<double>(arm.probability)) <= kReverseFractionTolerance )
with expansion:
  0.00072 <= 0.02
with message:
  p=0.75 born=100000 reverse=74928 fraction=0.74928 span=624832 capacity=8192
  preRoll=8192 ringColdDelta=0 droppedDelta=0 lastLifetime=400

1.397 s: AtmosphereGhost_Determinism_ReverseFraction
-------------------------------------------------------------------------------
AtmosphereGhost_NonFiniteSetter
-------------------------------------------------------------------------------
F:\projects\iterum\dsp\tests\unit\systems\atmosphere_ghost_nonfinite_test.cpp(110)
...............................................................................

F:\projects\iterum\dsp\tests\unit\systems\atmosphere_ghost_nonfinite_test.cpp(118): PASSED:
  REQUIRE( engine.getGrainReverseProbability() == 0.0f )
with expansion:
  0.0f == 0.0f

F:\projects\iterum\dsp\tests\unit\systems\atmosphere_ghost_nonfinite_test.cpp(121): PASSED:
  REQUIRE( engine.getGrainReverseProbability() == 0.0f )
with expansion:
  0.0f == 0.0f

-------------------------------------------------------------------------------
AtmosphereGhost_NonFiniteSetter
  non-finite arguments substitute the control default, not the previous value
-------------------------------------------------------------------------------
F:\projects\iterum\dsp\tests\unit\systems\atmosphere_ghost_nonfinite_test.cpp(123)
...............................................................................

F:\projects\iterum\dsp\tests\unit\systems\atmosphere_ghost_nonfinite_test.cpp(130): PASSED:
  REQUIRE( VoragoGhostFix::isNonFiniteBits(quietNaN) )
with expansion:
  true

F:\projects\iterum\dsp\tests\unit\systems\atmosphere_ghost_nonfinite_test.cpp(131): PASSED:
  REQUIRE( VoragoGhostFix::isNonFiniteBits(posInf) )
with expansion:
  true

F:\projects\iterum\dsp\tests\unit\systems\atmosphere_ghost_nonfinite_test.cpp(132): PASSED:
  REQUIRE( VoragoGhostFix::isNonFiniteBits(negInf) )
with expansion:
  true

F:\projects\iterum\dsp\tests\unit\systems\atmosphere_ghost_nonfinite_test.cpp(136): PASSED:
  REQUIRE( engine.getGrainReverseProbability() == 1.0f )
with expansion:
  1.0f == 1.0f

F:\projects\iterum\dsp\tests\unit\systems\atmosphere_ghost_nonfinite_test.cpp(138): PASSED:
  REQUIRE( engine.getGrainReverseProbability() == 0.0f )
with expansion:
  0.0f == 0.0f

F:\projects\iterum\dsp\tests\unit\systems\atmosphere_ghost_nonfinite_test.cpp(142): PASSED:
  REQUIRE( engine.getGrainReverseProbability() == 1.0f )
with expansion:
  1.0f == 1.0f

F:\projects\iterum\dsp\tests\unit\systems\atmosphere_ghost_nonfinite_test.cpp(144): PASSED:
  REQUIRE( engine.getGrainReverseProbability() == 0.0f )
with expansion:
  0.0f == 0.0f

F:\projects\iterum\dsp\tests\unit\systems\atmosphere_ghost_nonfinite_test.cpp(148): PASSED:
  REQUIRE( engine.getGrainReverseProbability() == 1.0f )
with expansion:
  1.0f == 1.0f

F:\projects\iterum\dsp\tests\unit\systems\atmosphere_ghost_nonfinite_test.cpp(150): PASSED:
  REQUIRE( engine.getGrainReverseProbability() == 0.0f )
with expansion:
  0.0f == 0.0f

0.000 s: non-finite arguments substitute the control default, not the previous value
0.001 s: AtmosphereGhost_NonFiniteSetter
-------------------------------------------------------------------------------
AtmosphereGhost_NonFiniteSetter
-------------------------------------------------------------------------------
F:\projects\iterum\dsp\tests\unit\systems\atmosphere_ghost_nonfinite_test.cpp(110)
...............................................................................

F:\projects\iterum\dsp\tests\unit\systems\atmosphere_ghost_nonfinite_test.cpp(118): PASSED:
  REQUIRE( engine.getGrainReverseProbability() == 0.0f )
with expansion:
  0.0f == 0.0f

F:\projects\iterum\dsp\tests\unit\systems\atmosphere_ghost_nonfinite_test.cpp(121): PASSED:
  REQUIRE( engine.getGrainReverseProbability() == 0.0f )
with expansion:
  0.0f == 0.0f

-------------------------------------------------------------------------------
AtmosphereGhost_NonFiniteSetter
  out-of-range arguments clamp to [0, 1] and the getter reports the clamp
-------------------------------------------------------------------------------
F:\projects\iterum\dsp\tests\unit\systems\atmosphere_ghost_nonfinite_test.cpp(153)
...............................................................................

F:\projects\iterum\dsp\tests\unit\systems\atmosphere_ghost_nonfinite_test.cpp(155): PASSED:
  REQUIRE( engine.getGrainReverseProbability() == 0.0f )
with expansion:
  0.0f == 0.0f

F:\projects\iterum\dsp\tests\unit\systems\atmosphere_ghost_nonfinite_test.cpp(158): PASSED:
  REQUIRE( engine.getGrainReverseProbability() == 1.0f )
with expansion:
  1.0f == 1.0f

F:\projects\iterum\dsp\tests\unit\systems\atmosphere_ghost_nonfinite_test.cpp(164): PASSED:
  REQUIRE( engine.getGrainReverseProbability() == 0.0f )
with expansion:
  0.0f == 0.0f

F:\projects\iterum\dsp\tests\unit\systems\atmosphere_ghost_nonfinite_test.cpp(167): PASSED:
  REQUIRE( engine.getGrainReverseProbability() == 1.0f )
with expansion:
  1.0f == 1.0f

0.000 s: out-of-range arguments clamp to [0, 1] and the getter reports the clamp
0.000 s: AtmosphereGhost_NonFiniteSetter
-------------------------------------------------------------------------------
VoragoEngine_GhostExtensionWiring
  clause (a) - VoragoEngineConfig ships both new fields inert
-------------------------------------------------------------------------------
F:\projects\iterum\dsp\tests\unit\systems\vorago_ghost_ext_test.cpp(425)
...............................................................................

F:\projects\iterum\dsp\tests\unit\systems\vorago_ghost_ext_test.cpp(427): PASSED:
  REQUIRE( defaults.atmosGhostReverseProbability == 0.0f )
with expansion:
  0.0f == 0.0f

F:\projects\iterum\dsp\tests\unit\systems\vorago_ghost_ext_test.cpp(428): PASSED:
  REQUIRE_FALSE( defaults.atmosGhostEventTriggers )
with expansion:
  !false

F:\projects\iterum\dsp\tests\unit\systems\vorago_ghost_ext_test.cpp(434): PASSED:
  REQUIRE( engine->atmosphere().getGrainReverseProbability() == 0.0f )
with expansion:
  0.0f == 0.0f

F:\projects\iterum\dsp\tests\unit\systems\vorago_ghost_ext_test.cpp(438): PASSED:
  REQUIRE( engine->atmosphere().getTotalTriggeredGrainsBorn() == std::uint64_t{0} )
with expansion:
  0 == 0

0.010 s: clause (a) - VoragoEngineConfig ships both new fields inert
0.010 s: VoragoEngine_GhostExtensionWiring
-------------------------------------------------------------------------------
VoragoEngine_GhostExtensionWiring
  clause (a) - the 60 s default render is unchanged from the base commit
-------------------------------------------------------------------------------
F:\projects\iterum\dsp\tests\unit\systems\vorago_ghost_ext_test.cpp(458)
...............................................................................

F:\projects\iterum\dsp\tests\unit\systems\vorago_ghost_ext_test.cpp(469): PASSED:
  REQUIRE( left.size() == VoragoGhostFix::kReferenceRenderSamples )
with expansion:
  2880000 (0x2bf200) == 2880000 (0x2bf200)

F:\projects\iterum\dsp\tests\unit\systems\vorago_ghost_ext_test.cpp(475): PASSED:
  REQUIRE( engine->atmosphere().getTotalTriggeredGrainsBorn() == std::uint64_t{0} )
with expansion:
  0 == 0

F:\projects\iterum\dsp\tests\unit\systems\vorago_ghost_ext_test.cpp(476): PASSED:
  REQUIRE( engine->atmosphere().getGrainReverseProbability() == 0.0f )
with expansion:
  0.0f == 0.0f

F:\projects\iterum\dsp\tests\unit\systems\vorago_ghost_ext_test.cpp(483): PASSED:
  REQUIRE( actual.rms > 0.0 )
with expansion:
  0.1058401881 > 0.0

F:\projects\iterum\dsp\tests\unit\systems\vorago_ghost_ext_test.cpp(507): PASSED:
  REQUIRE( cmp.withinTolerance() )
with expansion:
  true
with messages:

  worst metric relative error 0 (bound 0.005), worst sample error 0 (bound 0.
  006)

F:\projects\iterum\dsp\tests\unit\systems\vorago_ghost_ext_test.cpp(509): warning:

  worst metric relative error 0 (bound 0.005), worst sample error 0 (bound 0.
  006)
  SC-010 (a) fingerprint arm ran in 5.02972 s

5.031 s: clause (a) - the 60 s default render is unchanged from the base commit
5.031 s: VoragoEngine_GhostExtensionWiring
-------------------------------------------------------------------------------
VoragoEngine_GhostExtensionWiring
  clause (c) - the closed gate spawns nothing while the events still fire
-------------------------------------------------------------------------------
F:\projects\iterum\dsp\tests\unit\systems\vorago_ghost_ext_test.cpp(522)
...............................................................................

F:\projects\iterum\dsp\tests\unit\systems\vorago_ghost_ext_test.cpp(274): PASSED:
  REQUIRE( voice.getEventRateScale() == kGhostEventRateScale )
with expansion:
  10.0f == 10.0f

F:\projects\iterum\dsp\tests\unit\systems\vorago_ghost_ext_test.cpp(281): PASSED:
  REQUIRE( voice.getEcosystemDepth() == 0.0f )
with expansion:
  0.0f == 0.0f

F:\projects\iterum\dsp\tests\unit\systems\vorago_ghost_ext_test.cpp(286): PASSED:
  REQUIRE( engine->atmosphere().getCaptureCapacitySamples() == kGhostCaptureCapacity8k )
with expansion:
  262144 (0x40000) == 262144 (0x40000)

F:\projects\iterum\dsp\tests\unit\systems\vorago_ghost_ext_test.cpp(527): PASSED:
  REQUIRE( engine->getGhostPeakLevel() == 0.0f )
with expansion:
  0.0f == 0.0f

F:\projects\iterum\dsp\tests\unit\systems\vorago_ghost_ext_test.cpp(531): PASSED:
  REQUIRE( preRollVoragoFullRing(*engine, kGhostBlock) == kGhostCaptureCapacity8k )
with expansion:
  262144 (0x40000) == 262144 (0x40000)

F:\projects\iterum\dsp\tests\unit\systems\vorago_ghost_ext_test.cpp(544): PASSED:
  REQUIRE( closed.maxLevel == 0.0f )
with expansion:
  0.0f == 0.0f
with messages:
  closed.burstEdges := 0
  closed.maxLevel := 0.0f
  closed.maxGhostRequest := 0.99265f
  closed.carriedInBurst := false

F:\projects\iterum\dsp\tests\unit\systems\vorago_ghost_ext_test.cpp(545): PASSED:
  REQUIRE( closed.burstEdges == 0u )
with expansion:
  0 == 0
with messages:
  closed.burstEdges := 0
  closed.maxLevel := 0.0f
  closed.maxGhostRequest := 0.99265f
  closed.carriedInBurst := false

F:\projects\iterum\dsp\tests\unit\systems\vorago_ghost_ext_test.cpp(548): PASSED:
  REQUIRE( engine->atmosphere().getTotalTriggeredGrainsBorn() == std::uint64_t{0} )
with expansion:
  0 == 0
with messages:
  closed.burstEdges := 0
  closed.maxLevel := 0.0f
  closed.maxGhostRequest := 0.99265f
  closed.carriedInBurst := false

F:\projects\iterum\dsp\tests\unit\systems\vorago_ghost_ext_test.cpp(549): PASSED:
  REQUIRE( engine->atmosphere().getTotalTriggeredGrainsBorn() == before.triggeredBorn )
with expansion:
  0 == 0
with messages:
  closed.burstEdges := 0
  closed.maxLevel := 0.0f
  closed.maxGhostRequest := 0.99265f
  closed.carriedInBurst := false

F:\projects\iterum\dsp\tests\unit\systems\vorago_ghost_ext_test.cpp(553): PASSED:
  REQUIRE( closed.maxGhostRequest >= kGhostRiseThreshold )
with expansion:
  0.99265f >= 0.3f
with messages:
  closed.burstEdges := 0
  closed.maxLevel := 0.0f
  closed.maxGhostRequest := 0.99265f
  closed.carriedInBurst := false

F:\projects\iterum\dsp\tests\unit\systems\vorago_ghost_ext_test.cpp(557): warning:
  closed.burstEdges := 0
  closed.maxLevel := 0.0f
  closed.maxGhostRequest := 0.99265f
  closed.carriedInBurst := false
  SC-010 (c) closed-gate arm: 600 s at 8000 Hz ran in 9.46947 s; max ghost
  request 0.992646

9.470 s: clause (c) - the closed gate spawns nothing while the events still fire
9.470 s: VoragoEngine_GhostExtensionWiring
-------------------------------------------------------------------------------
VoragoEngine_GhostExtensionWiring
  clause (e) - atmosGhostReverseProbability reaches the component
-------------------------------------------------------------------------------
F:\projects\iterum\dsp\tests\unit\systems\vorago_ghost_ext_test.cpp(577)
...............................................................................

F:\projects\iterum\dsp\tests\unit\systems\vorago_ghost_ext_test.cpp(274): PASSED:
  REQUIRE( voice.getEventRateScale() == kGhostEventRateScale )
with expansion:
  10.0f == 10.0f

F:\projects\iterum\dsp\tests\unit\systems\vorago_ghost_ext_test.cpp(281): PASSED:
  REQUIRE( voice.getEcosystemDepth() == 0.0f )
with expansion:
  0.0f == 0.0f

F:\projects\iterum\dsp\tests\unit\systems\vorago_ghost_ext_test.cpp(286): PASSED:
  REQUIRE( engine->atmosphere().getCaptureCapacitySamples() == kGhostCaptureCapacity8k )
with expansion:
  262144 (0x40000) == 262144 (0x40000)

F:\projects\iterum\dsp\tests\unit\systems\vorago_ghost_ext_test.cpp(584): PASSED:
  REQUIRE( engine->atmosphere().getGrainReverseProbability() == 1.0f )
with expansion:
  1.0f == 1.0f

F:\projects\iterum\dsp\tests\unit\systems\vorago_ghost_ext_test.cpp(588): PASSED:
  REQUIRE( preRollVoragoFullRing(*engine, kGhostBlock) == kGhostCaptureCapacity8k )
with expansion:
  262144 (0x40000) == 262144 (0x40000)

F:\projects\iterum\dsp\tests\unit\systems\vorago_ghost_ext_test.cpp(603): PASSED:
  REQUIRE( engine->atmosphere().getTotalTriggeredGrainsBorn() == std::uint64_t{0} )
with expansion:
  0 == 0
with messages:
  born := 25
  reverseBorn := 25

F:\projects\iterum\dsp\tests\unit\systems\vorago_ghost_ext_test.cpp(605): PASSED:
  REQUIRE( born > std::uint64_t{0} )
with expansion:
  25 > 0
with messages:
  born := 25
  reverseBorn := 25

F:\projects\iterum\dsp\tests\unit\systems\vorago_ghost_ext_test.cpp(606): PASSED:
  REQUIRE( reverseBorn == born )
with expansion:
  25 == 25
with messages:
  born := 25
  reverseBorn := 25

F:\projects\iterum\dsp\tests\unit\systems\vorago_ghost_ext_test.cpp(609): warning:
  born := 25
  reverseBorn := 25
  SC-010 (e) reverse-wire arm: 25 grains born, all reverse; ran in 1.2904 s

1.291 s: clause (e) - atmosGhostReverseProbability reaches the component
1.291 s: VoragoEngine_GhostExtensionWiring
-------------------------------------------------------------------------------
VoragoEngine_GhostExtensionWiring_Engaged
-------------------------------------------------------------------------------
F:\projects\iterum\dsp\tests\unit\systems\vorago_ghost_ext_test.cpp(652)
...............................................................................

F:\projects\iterum\dsp\tests\unit\systems\vorago_ghost_ext_test.cpp(274): PASSED:
  REQUIRE( voice.getEventRateScale() == kGhostEventRateScale )
with expansion:
  10.0f == 10.0f

F:\projects\iterum\dsp\tests\unit\systems\vorago_ghost_ext_test.cpp(281): PASSED:
  REQUIRE( voice.getEcosystemDepth() == 0.0f )
with expansion:
  0.0f == 0.0f

F:\projects\iterum\dsp\tests\unit\systems\vorago_ghost_ext_test.cpp(286): PASSED:
  REQUIRE( engine->atmosphere().getCaptureCapacitySamples() == kGhostCaptureCapacity8k )
with expansion:
  262144 (0x40000) == 262144 (0x40000)

F:\projects\iterum\dsp\tests\unit\systems\vorago_ghost_ext_test.cpp(656): PASSED:
  REQUIRE( engine->getGhostPeakLevel() > 0.0f )
with expansion:
  0.6f > 0.0f

F:\projects\iterum\dsp\tests\unit\systems\vorago_ghost_ext_test.cpp(660): PASSED:
  REQUIRE( preRolled == kGhostCaptureCapacity8k )
with expansion:
  262144 (0x40000) == 262144 (0x40000)

F:\projects\iterum\dsp\tests\unit\systems\vorago_ghost_ext_test.cpp(693): warning:
  SC-010 (b)/(d): pre-roll 262144 samples (32.768 s), then 600.0 s at 8000.0 Hz
  in 64-sample blocks, polyphony 1, ecosystem depth 0, event rate scale 10.0;
  rise >= 0.3000, fall <= 0.0300
    burst edges     : 20
    d triggeredBorn : 20
    d dropped       : 0
    d skipPoolFull  : 0
    d skipRingCold  : 0
    max level       : 0.5956
    max ghost req   : 0.9926
    wall clock      : 9.57 s

F:\projects\iterum\dsp\tests\unit\systems\vorago_ghost_ext_test.cpp(708): PASSED:
  REQUIRE( edges <= deltaTriggered )
with expansion:
  20 <= 20
with messages:
  open.burstEdges := 20
  open.carriedInBurst := false
  open.maxLevel := 0.59559f
  open.maxGhostRequest := 0.99265f
  deltaTriggered := 20
  deltaDropped := 0
  deltaPoolFull := 0
  deltaRingCold := 0

F:\projects\iterum\dsp\tests\unit\systems\vorago_ghost_ext_test.cpp(709): PASSED:
  REQUIRE( deltaTriggered <= edges + std::uint64_t{1} )
with expansion:
  20 <= 21
with messages:
  open.burstEdges := 20
  open.carriedInBurst := false
  open.maxLevel := 0.59559f
  open.maxGhostRequest := 0.99265f
  deltaTriggered := 20
  deltaDropped := 0
  deltaPoolFull := 0
  deltaRingCold := 0

F:\projects\iterum\dsp\tests\unit\systems\vorago_ghost_ext_test.cpp(712): PASSED:
  REQUIRE( deltaDropped == std::uint64_t{0} )
with expansion:
  0 == 0
with messages:
  open.burstEdges := 20
  open.carriedInBurst := false
  open.maxLevel := 0.59559f
  open.maxGhostRequest := 0.99265f
  deltaTriggered := 20
  deltaDropped := 0
  deltaPoolFull := 0
  deltaRingCold := 0

F:\projects\iterum\dsp\tests\unit\systems\vorago_ghost_ext_test.cpp(713): PASSED:
  REQUIRE( deltaPoolFull == std::uint64_t{0} )
with expansion:
  0 == 0
with messages:
  open.burstEdges := 20
  open.carriedInBurst := false
  open.maxLevel := 0.59559f
  open.maxGhostRequest := 0.99265f
  deltaTriggered := 20
  deltaDropped := 0
  deltaPoolFull := 0
  deltaRingCold := 0

F:\projects\iterum\dsp\tests\unit\systems\vorago_ghost_ext_test.cpp(714): PASSED:
  REQUIRE( deltaRingCold == std::uint64_t{0} )
with expansion:
  0 == 0
with messages:
  open.burstEdges := 20
  open.carriedInBurst := false
  open.maxLevel := 0.59559f
  open.maxGhostRequest := 0.99265f
  deltaTriggered := 20
  deltaDropped := 0
  deltaPoolFull := 0
  deltaRingCold := 0

F:\projects\iterum\dsp\tests\unit\systems\vorago_ghost_ext_test.cpp(719): PASSED:
  REQUIRE( deltaTriggered >= std::uint64_t{6} )
with expansion:
  20 >= 6
with messages:
  open.burstEdges := 20
  open.carriedInBurst := false
  open.maxLevel := 0.59559f
  open.maxGhostRequest := 0.99265f
  deltaTriggered := 20
  deltaDropped := 0
  deltaPoolFull := 0
  deltaRingCold := 0

F:\projects\iterum\dsp\tests\unit\systems\vorago_ghost_ext_test.cpp(723): PASSED:
  REQUIRE( edges >= std::uint64_t{6} )
with expansion:
  20 >= 6
with messages:
  open.burstEdges := 20
  open.carriedInBurst := false
  open.maxLevel := 0.59559f
  open.maxGhostRequest := 0.99265f
  deltaTriggered := 20
  deltaDropped := 0
  deltaPoolFull := 0
  deltaRingCold := 0

9.575 s: VoragoEngine_GhostExtensionWiring_Engaged
===============================================================================
All tests passed (801 assertions in 15 test cases)

