START 2026-10-08 19:21:16 aggregate tree=08d95072+T054 transcribed VORAGO_SWEEP_IN=/f/tmp/p13d/sweep6-out
Filters: [vorago-aggregate]
Randomness seeded to: 4026258127
[aggregate] index 0: computing / loading record...
[aggregate] index 1: computing / loading record...
[aggregate] index 2: computing / loading record...
[aggregate] index 3: computing / loading record...
[aggregate] index 4: computing / loading record...
[aggregate] index 5: computing / loading record...
[aggregate] index 6: computing / loading record...
[aggregate] index 7: computing / loading record...
[aggregate] index 8: computing / loading record...
[aggregate] index 9: computing / loading record...
[aggregate] index 10: computing / loading record...
[aggregate] index 11: computing / loading record...
[aggregate] index 12: computing / loading record...
[aggregate] index 13: computing / loading record...
[aggregate] index 14: computing / loading record...
[aggregate] index 15: computing / loading record...
[aggregate] index 16: computing / loading record...
[aggregate] index 17: computing / loading record...
[aggregate] index 18: computing / loading record...
[aggregate] index 19: computing / loading record...
[aggregate] index 20: computing / loading record...
[aggregate] index 21: computing / loading record...
[aggregate] index 22: computing / loading record...
[aggregate] index 23: computing / loading record...
[aggregate] index 24: computing / loading record...
[aggregate] index 25: computing / loading record...
[aggregate] index 26: computing / loading record...
[aggregate] index 27: computing / loading record...
[aggregate] index 28: computing / loading record...
[aggregate] index 29: computing / loading record...
[aggregate] index 30: computing / loading record...
[aggregate] index 31: computing / loading record...
[aggregate] index 32: computing / loading record...
[aggregate] index 33: computing / loading record...
[aggregate] index 34: computing / loading record...
[aggregate] index 35: computing / loading record...
[aggregate] index 36: computing / loading record...
[aggregate] index 37: computing / loading record...
[aggregate] index 38: computing / loading record...
[aggregate] index 39: computing / loading record...
[aggregate] index 40: computing / loading record...
[aggregate] index 41: computing / loading record...
[aggregate] index 42: computing / loading record...

=== Vorago_PresetMatrix_CoverageComplete (FR-013, SC-008, SC-018, SC-029; N = 42, K = 4) ===
Presets (matrix column = index mod 10; last column = default surface):
   0  Wind Through Basalt           primary S1 noise organism
   1  Resonant Shaft                primary S2 resonance drift
   2  Smeared Horizon               primary S3 spectral smear
   3  Feedback Mire                 primary S4 feedback ecology
   4  Tectonic Floor                primary S5 subharmonic
   5  Slow Bloom                    primary S6 harmonic bloom
   6  Colony Pulse                  primary S7 ecosystem
   7  Cathedral Void                primary S8 cavern space
   8  Choir of Absence              primary S9 ghost / atmosphere
   9  Hull Resonance                primary S10 acoustic body
  10  Lightless                     primary M1 Darkness
  11  Erosion                       primary M2 Age
  12  Crowded Dark                  primary M3 Density
  13  Drifting Strata               primary M4 Movement
  14  Stone Gravity                 primary M5 Gravity
  15  Entropic Hum                  primary M6 Entropy
  16  Pressure Front                primary M7 Pressure
  17  Weighted Deep                 primary M8 Weight
  18  Fogbound                      primary M9 Fog
  19  Teeming                       primary M10 Life
  20  Endless Descent               primary M11 Depth
  21  Monolith                      primary M12 Mass
  22  Bloom Colony                  primary E1 partial -> bloom
  23  Singing Colony                primary E2 resonator -> resonance peaks
  24  Swarm Breath                  primary E3 noise -> noise wake
  25  Feeding Loops                 primary E4 feedback -> loop wake
  26  Haunted Colony                primary E5 ghost -> ghost bursts
  27  Growth Ring                   primary D8.2 envelope Growth
  28  Glass Well                    primary D1.1 material Glass
  29  Strung Abyss                  primary D1.2 material Strings
  30  Iron Plate                    primary D1.3 material MetalPlate
  31  Chamber Drone                 primary D1.4 material Chamber
  32  Ice Shelf                     primary D1.5 material Ice
  33  Hull Ark                      primary D1.8 material WoodenHull
  34  Column Hymn                   primary D1.9 material CathedralColumn
  35  Cavern Wall                   primary D1.10 material CavernWall
  36  Glass Sphere                  primary D1.11 material GlassSphere
  37  Sudden Chasm                  primary D9.1 attack span <= 10 s
  38  Dead Air                      primary D3.1 noise model Direct
  39  Abyssal Wind                  primary D3.2 noise model FilteredWind
  40  Spore Drift                   primary D3.3 noise model GranularDust
  41  Steam Vent                    primary D3.4 noise model MetallicHiss
Legend: P verified primary | S verified secondary | X claimed-failed | v unclaimed, verified | . unclaimed, not verified
                                012345678901234567890123456789012345678901 d
  S1 noise organism             P..v..v..vvvv..v..S.....v.......v.....vvvv .  (15 factory verifiers)
  S2 resonance drift            .Pvv.vvvv.vvvvvvvvv....vvv..v..........v.. v  (21 factory verifiers)
  S3 spectral smear             v.Pv.............vv...v.vvv.vvvvvvvvv....v .  (19 factory verifiers)
  S4 feedback ecology           ...P.....................v................ .  (2 factory verifiers)
  S5 subharmonic                v...P..v.v.v.v...v...vv.vvvvvv....vv.v.v.. .  (19 factory verifiers)
  S6 harmonic bloom             .....P.........v...v.........v.vvvv....... .  (8 factory verifiers)
  S7 ecosystem                  vvvv.vPvvvvvvvvvvvv.vvvvvvv.v............. v  (26 factory verifiers)
  S8 cavern space               .v..vv.P..vv..v.v.vvv.vv..vv.........vvvv. v  (19 factory verifiers)
  S9 ghost / atmosphere         ....vvvvP...vv.vvv.vv.....v.............v. .  (14 factory verifiers)
  S10 acoustic body             v..vvvvv.Pvvvv.vvvvvvvv.vvvvvvvvvvvvvv.vvv v  (36 factory verifiers)
  M1 Darkness                   ..........P............................... .  (1 factory verifier)
  M2 Age                        ...........P.............................. .  (1 factory verifier)
  M3 Density                    ............P............................. .  (1 factory verifier)
  M4 Movement                   .............X............................ .  (0 factory verifiers)
  M5 Gravity                    ..............X........................... .  (0 factory verifiers)
  M6 Entropy                    ...............P.......................... .  (1 factory verifier)
  M7 Pressure                   ................P......................... .  (1 factory verifier)
  M8 Weight                     .........S.......P........................ .  (2 factory verifiers)
  M9 Fog                        ..................P....................... .  (1 factory verifier)
  M10 Life                      ...................P...................... .  (1 factory verifier)
  M11 Depth                     ....................P..................... .  (1 factory verifier)
  M12 Mass                      .....................P.................... .  (1 factory verifier)
  E1 partial -> bloom           ......................X................... .  (0 factory verifiers)
  E2 resonator -> resonance pe  ....v.v.v.v.vv...v.....P.................. v  (8 factory verifiers)
  E3 noise -> noise wake        v.....v...v.v...........P................. .  (5 factory verifiers)
  E4 feedback -> loop wake      .........................P................ .  (1 factory verifier)
  E5 ghost -> ghost bursts      v....vv.....vv...v..v.....P............... .  (8 factory verifiers)
  E6.hi ecosystem sync rate hi  ......X................................... .  (0 factory verifiers)
  E7.hi ecosystem self-affinit  ......X................................... .  (0 factory verifiers)
  D1.1 material Glass           ............................P............. .  (1 factory verifier)
  D1.2 material Strings         .............................P............ .  (1 factory verifier)
  D1.3 material MetalPlate      ..............................P........... .  (1 factory verifier)
  D1.4 material Chamber         ...............................P.......... .  (1 factory verifier)
  D1.5 material Ice             ................................P......... .  (1 factory verifier)
  D1.6 material StoneChamber    v..vvvvv.Svvvv.vvvvvvvv.vvvv.........v.vvv v  (27 factory verifiers)
  D1.7 material SteelTank       v..vvvvv.Svvvv.vv.vvvvv.vvvv.........v.vvv v  (26 factory verifiers)
  D1.8 material WoodenHull      .................................P........ .  (1 factory verifier)
  D1.9 material CathedralColum  ..................................P....... .  (1 factory verifier)
  D1.10 material CavernWall     ...................................P...... .  (1 factory verifier)
  D1.11 material GlassSphere    ....................................P..... .  (1 factory verifier)
  D2 body blend both heard      v..vvvvv.Svvvv.vv.vvvvv.vvvv.........v.vvv v  (26 factory verifiers)
  D3.1 noise model Direct       S..v..v..vvvv..v..v.....v.......v.....P... .  (12 factory verifiers)
  D3.2 noise model FilteredWin  ...v..v..vv.v..v................v......P.. .  (8 factory verifiers)
  D3.3 noise model GranularDus  ...v..v..vvSv..v................v.......P. .  (9 factory verifiers)
  D3.4 noise model MetallicHis  ...v..v..vv.v..v........S.......v........P .  (9 factory verifiers)
  D4.1 noise type White         S.....................................S... .  (2 factory verifiers)
  D4.2 noise type Pink          S.....................................S... .  (2 factory verifiers)
  D4.3 noise type TapeHiss      S.....................................S... .  (2 factory verifiers)
  D4.4 noise type VinylCrackle  ...........S.............................. .  (1 factory verifier)
  D4.5 noise type Asperity      ...........S.............................. .  (1 factory verifier)
  D4.6 noise type Brown         ...v..v..vvSv..v................v......... .  (8 factory verifiers)
  D4.7 noise type Blue          S.......................S................. .  (2 factory verifiers)
  D4.8 noise type Violet        ..................S.....S................. .  (2 factory verifiers)
  D4.9 noise type Grey          ........................S.............S... .  (2 factory verifiers)
  D4.10 noise type Velvet       ..................S....................... .  (1 factory verifier)
  D4.11 noise type VinylRumble  ..................S....................... .  (1 factory verifier)
  D4.12 noise type RadioStatic  ..................S....................... .  (1 factory verifier)
  D5.1 anchor Free              .......................S...............S.. .  (2 factory verifiers)
  D5.2 anchor Keyed             .S........................................ .  (1 factory verifier)
  D5.3 anchor Hybrid            ..vv.vvvv.vvvvSvvvv.....vv..v............. v  (18 factory verifiers)
  D6.1 loop filter Lowpass      ...S.....................v................ .  (2 factory verifiers)
  D6.2 loop filter Bandpass     ...S.....................v..............X. .  (2 factory verifiers)
  D6.3 loop filter Highpass     ...S.....................................X .  (1 factory verifier)
  D7.1 loudest sub f/2          v......v.v.v.v.......Sv.vvvvvv....vv.v.... .  (16 factory verifiers)
  D7.2 loudest sub f/4          .................S.....................S.X .  (2 factory verifiers)
  D7.3 loudest sub fifth below  ....S..................................... .  (1 factory verifier)
  D8.1 envelope Standard        vvSvvvvvvvvvvvvvvvvvvvvvvvv.vvvvvvvvvvvvvv v  (41 factory verifiers)
  D8.2 envelope Growth          ...........................P.............. .  (1 factory verifier)
  D9.1 attack span <= 10 s      .....................................P.... .  (1 factory verifier)
  D9.2 attack span >= 90 s      vvvvvSvvvvvvvvvvvvvvvvvvvvv.vvvvvvvvv.vvvv v  (40 factory verifiers)
  D10.1 freeze holds a field    .......S.................................. .  (1 factory verifier)
  D10.2 freeze off              vvSvvvvvvvvvvvvvvvvvvvvvvvvvvvvvvvvvvvvvvv v  (42 factory verifiers)
  D11 ghost reverse >= 0.5      ........S...............................S. .  (2 factory verifiers)
  D12.1 ghost event triggers o  ........S.................S............... .  (2 factory verifiers)
  D12.2 ghost event triggers o  vvvvvvvv.vSvvvvvvvvvvvvvvv.vvvvvvvvvvvvvvv v  (40 factory verifiers)
  D13.1 event rate scale <= 0.  ...................X...................... .  (0 factory verifiers)
  D13.2 event rate scale >= 3.  ......X................................... .  (0 factory verifiers)
  D14.1 breathing depth >= 0.7  ..S..S.................................... .  (2 factory verifiers)
  D14.2 tidal depth >= 0.7      .............X............................ .  (0 factory verifiers)

Default-state cells (measured on the default surface, 8): D1.6 material StoneChamber, D1.7 material SteelTank, D2 body blend both heard, D5.3 anchor Hybrid, D8.1 envelope Standard, D9.2 attack span >= 90 s, D10.2 freeze off, D12.2 ghost event triggers off
kRecordedDefaultStateCells (9): D1.6 material StoneChamber, D1.7 material SteelTank, D2 body blend both heard, D5.3 anchor Hybrid, D7.1 loudest sub f/2, D8.1 envelope Standard, D9.2 attack span >= 90 s, D10.2 freeze off, D12.2 ghost event triggers off

~~~~~~~~~~~~~~~~~~~~~~~~~~~~~~~~~~~~~~~~~~~~~~~~~~~~~~~~~~~~~~~~~~~~~~~~~~~~~~~
vorago_tests.exe is a Catch2 v3.4.0 host application.
Run with -? for options

-------------------------------------------------------------------------------
Vorago_PresetMatrix_CoverageComplete
-------------------------------------------------------------------------------
F:\projects\iterum\plugins\vorago\tests\integration\preset_matrix_test.cpp(149)
...............................................................................

F:\projects\iterum\plugins\vorago\tests\integration\preset_matrix_test.cpp(215): FAILED:
  CHECK( verifierCount[i] >= 1u )
with expansion:
  0 >= 1
with message:
  cell M4 Movement has no factory verifier

F:\projects\iterum\plugins\vorago\tests\integration\preset_matrix_test.cpp(215): FAILED:
  CHECK( verifierCount[i] >= 1u )
with expansion:
  0 >= 1
with message:
  cell M5 Gravity has no factory verifier

F:\projects\iterum\plugins\vorago\tests\integration\preset_matrix_test.cpp(215): FAILED:
  CHECK( verifierCount[i] >= 1u )
with expansion:
  0 >= 1
with message:
  cell E1 partial -> bloom has no factory verifier

F:\projects\iterum\plugins\vorago\tests\integration\preset_matrix_test.cpp(215): FAILED:
  CHECK( verifierCount[i] >= 1u )
with expansion:
  0 >= 1
with message:
  cell E6.hi ecosystem sync rate high has no factory verifier

F:\projects\iterum\plugins\vorago\tests\integration\preset_matrix_test.cpp(215): FAILED:
  CHECK( verifierCount[i] >= 1u )
with expansion:
  0 >= 1
with message:
  cell E7.hi ecosystem self-affinity high has no factory verifier

F:\projects\iterum\plugins\vorago\tests\integration\preset_matrix_test.cpp(215): FAILED:
  CHECK( verifierCount[i] >= 1u )
with expansion:
  0 >= 1
with message:
  cell D13.1 event rate scale <= 0.3 has no factory verifier

F:\projects\iterum\plugins\vorago\tests\integration\preset_matrix_test.cpp(215): FAILED:
  CHECK( verifierCount[i] >= 1u )
with expansion:
  0 >= 1
with message:
  cell D13.2 event rate scale >= 3.0 has no factory verifier

F:\projects\iterum\plugins\vorago\tests\integration\preset_matrix_test.cpp(215): FAILED:
  CHECK( verifierCount[i] >= 1u )
with expansion:
  0 >= 1
with message:
  cell D14.2 tidal depth >= 0.7 has no factory verifier

F:\projects\iterum\plugins\vorago\tests\integration\preset_matrix_test.cpp(219): FAILED:
  CHECK( claimedFailed == 0u )
with expansion:
  11 == 0
with message:
  claimed-but-failed entries in the matrix (X): 11

F:\projects\iterum\plugins\vorago\tests\integration\preset_matrix_test.cpp(230): FAILED:
  CHECK( atF )
with expansion:
  false
with message:
  Drifting Strata primary M4 Movement: d 0.880403, skip []

F:\projects\iterum\plugins\vorago\tests\integration\preset_matrix_test.cpp(230): FAILED:
  CHECK( atF )
with expansion:
  false
with message:
  Stone Gravity primary M5 Gravity: d 3.19081, skip []

F:\projects\iterum\plugins\vorago\tests\integration\preset_matrix_test.cpp(230): FAILED:
  CHECK( atF )
with expansion:
  false
with message:
  Bloom Colony primary E1 partial -> bloom: d 1.18227, skip []

F:\projects\iterum\plugins\vorago\tests\integration\preset_matrix_test.cpp(259): FAILED:
  CHECK( host.has_value() )
with expansion:
  false
with message:
  E1 partial -> bloom is no preset's verified primary

E2 resonator -> resonance peaks: verified primary of Singing Colony
E3 noise -> noise wake: verified primary of Swarm Breath
E4 feedback -> loop wake: verified primary of Feeding Loops
E5 ghost -> ghost bursts: verified primary of Haunted Colony
F:\projects\iterum\plugins\vorago\tests\integration\preset_matrix_test.cpp(268): FAILED:
  CHECK( eHosts.size() == 5u )
with expansion:
  4 == 5
with message:
  E1-E5 primaries must sit on five distinct presets

F:\projects\iterum\plugins\vorago\tests\integration\preset_matrix_test.cpp(283): FAILED:
  CHECK( hosts >= 1u )
with expansion:
  0 >= 1
with message:
  E6.hi ecosystem sync rate high is no preset's verified secondary claim

F:\projects\iterum\plugins\vorago\tests\integration\preset_matrix_test.cpp(283): FAILED:
  CHECK( hosts >= 1u )
with expansion:
  0 >= 1
with message:
  E7.hi ecosystem self-affinity high is no preset's verified secondary claim

F:\projects\iterum\plugins\vorago\tests\integration\preset_matrix_test.cpp(298): FAILED:
  CHECK( sameSet )
with expansion:
  false
with message:
  measured default-state set: D1.6 material StoneChamber, D1.7 material
  SteelTank, D2 body blend both heard, D5.3 anchor Hybrid, D8.1 envelope
  Standard, D9.2 attack span >= 90 s, D10.2 freeze off, D12.2 ghost event
  triggers off; recorded: D1.6 material StoneChamber, D1.7 material SteelTank,
  D2 body blend both heard, D5.3 anchor Hybrid, D7.1 loudest sub f/2, D8.1
  envelope Standard, D9.2 attack span >= 90 s, D10.2 freeze off, D12.2 ghost
  event triggers off

Required primaries from the measured set: 42; from the recorded constant: 42; verified primaries: 39
F:\projects\iterum\plugins\vorago\tests\integration\preset_matrix_test.cpp(312): FAILED:
  CHECK( primariesMatch )
with expansion:
  false
with messages:
  required (measured): S1 noise organism, S2 resonance drift, S3 spectral
  smear, S4 feedback ecology, S5 subharmonic, S6 harmonic bloom, S7 ecosystem,
  S8 cavern space, S9 ghost / atmosphere, S10 acoustic body, M1 Darkness, M2
  Age, M3 Density, M4 Movement, M5 Gravity, M6 Entropy, M7 Pressure, M8 Weight,
  M9 Fog, M10 Life, M11 Depth, M12 Mass, E1 partial -> bloom, E2 resonator ->
  resonance peaks, E3 noise -> noise wake, E4 feedback -> loop wake, E5 ghost -
  > ghost bursts, D1.1 material Glass, D1.2 material Strings, D1.3 material
  MetalPlate, D1.4 material Chamber, D1.5 material Ice, D1.8 material
  WoodenHull, D1.9 material CathedralColumn, D1.10 material CavernWall, D1.11
  material GlassSphere, D3.1 noise model Direct, D3.2 noise model FilteredWind,
  D3.3 noise model GranularDust, D3.4 noise model MetallicHiss, D8.2 envelope
  Growth, D9.1 attack span <= 10 s
  verified primaries: S1 noise organism, S2 resonance drift, S3 spectral smear,
  S4 feedback ecology, S5 subharmonic, S6 harmonic bloom, S7 ecosystem, S8
  cavern space, S9 ghost / atmosphere, S10 acoustic body, M1 Darkness, M2 Age,
  M3 Density, M6 Entropy, M7 Pressure, M8 Weight, M9 Fog, M10 Life, M11 Depth,
  M12 Mass, E2 resonator -> resonance peaks, E3 noise -> noise wake, E4
  feedback -> loop wake, E5 ghost -> ghost bursts, D1.1 material Glass, D1.2
  material Strings, D1.3 material MetalPlate, D1.4 material Chamber, D1.5
  material Ice, D1.8 material WoodenHull, D1.9 material CathedralColumn, D1.10
  material CavernWall, D1.11 material GlassSphere, D3.1 noise model Direct, D3.
  2 noise model FilteredWind, D3.3 noise model GranularDust, D3.4 noise model
  MetallicHiss, D8.2 envelope Growth, D9.1 attack span <= 10 s

0.019 s: Vorago_PresetMatrix_CoverageComplete
[aggregate] index 0: computing / loading record...
[aggregate] index 1: computing / loading record...
[aggregate] index 2: computing / loading record...
[aggregate] index 3: computing / loading record...
[aggregate] index 4: computing / loading record...
[aggregate] index 5: computing / loading record...
[aggregate] index 6: computing / loading record...
[aggregate] index 7: computing / loading record...
[aggregate] index 8: computing / loading record...
[aggregate] index 9: computing / loading record...
[aggregate] index 10: computing / loading record...
[aggregate] index 11: computing / loading record...
[aggregate] index 12: computing / loading record...
[aggregate] index 13: computing / loading record...
[aggregate] index 14: computing / loading record...
[aggregate] index 15: computing / loading record...
[aggregate] index 16: computing / loading record...
[aggregate] index 17: computing / loading record...
[aggregate] index 18: computing / loading record...
[aggregate] index 19: computing / loading record...
[aggregate] index 20: computing / loading record...
[aggregate] index 21: computing / loading record...
[aggregate] index 22: computing / loading record...
[aggregate] index 23: computing / loading record...
[aggregate] index 24: computing / loading record...
[aggregate] index 25: computing / loading record...
[aggregate] index 26: computing / loading record...
[aggregate] index 27: computing / loading record...
[aggregate] index 28: computing / loading record...
[aggregate] index 29: computing / loading record...
[aggregate] index 30: computing / loading record...
[aggregate] index 31: computing / loading record...
[aggregate] index 32: computing / loading record...
[aggregate] index 33: computing / loading record...
[aggregate] index 34: computing / loading record...
[aggregate] index 35: computing / loading record...
[aggregate] index 36: computing / loading record...
[aggregate] index 37: computing / loading record...
[aggregate] index 38: computing / loading record...
[aggregate] index 39: computing / loading record...
[aggregate] index 40: computing / loading record...
[aggregate] index 41: computing / loading record...
[aggregate] index 42: computing / loading record...

=== Vorago_PresetMatrix_NoShowcaseSubset (FR-011a; 1722 ordered pairs) ===

Wind Through Basalt (primary S1 noise organism):
  Wind Through Basalt vs Resonant Shaft: witness S1 noise organism
  Wind Through Basalt vs Smeared Horizon: witness S1 noise organism
  Wind Through Basalt vs Feedback Mire: witness D4.1 noise type White
  Wind Through Basalt vs Tectonic Floor: witness S1 noise organism
  Wind Through Basalt vs Slow Bloom: witness S1 noise organism
  Wind Through Basalt vs Colony Pulse: witness D4.1 noise type White
  Wind Through Basalt vs Cathedral Void: witness S1 noise organism
  Wind Through Basalt vs Choir of Absence: witness S1 noise organism
  Wind Through Basalt vs Hull Resonance: witness D4.1 noise type White
  Wind Through Basalt vs Lightless: witness D4.1 noise type White
  Wind Through Basalt vs Erosion: witness D4.1 noise type White
  Wind Through Basalt vs Crowded Dark: witness D4.1 noise type White
  Wind Through Basalt vs Drifting Strata: witness S1 noise organism
  Wind Through Basalt vs Stone Gravity: witness S1 noise organism
  Wind Through Basalt vs Entropic Hum: witness D4.1 noise type White
  Wind Through Basalt vs Pressure Front: witness S1 noise organism
  Wind Through Basalt vs Weighted Deep: witness S1 noise organism
  Wind Through Basalt vs Fogbound: witness D4.1 noise type White
  Wind Through Basalt vs Teeming: witness S1 noise organism
  Wind Through Basalt vs Endless Descent: witness S1 noise organism
  Wind Through Basalt vs Monolith: witness S1 noise organism
  Wind Through Basalt vs Bloom Colony: witness S1 noise organism
  Wind Through Basalt vs Singing Colony: witness S1 noise organism
  Wind Through Basalt vs Swarm Breath: witness D4.1 noise type White
  Wind Through Basalt vs Feeding Loops: witness S1 noise organism
  Wind Through Basalt vs Haunted Colony: witness S1 noise organism
  Wind Through Basalt vs Growth Ring: witness S1 noise organism
  Wind Through Basalt vs Glass Well: witness S1 noise organism
  Wind Through Basalt vs Strung Abyss: witness S1 noise organism
  Wind Through Basalt vs Iron Plate: witness S1 noise organism
  Wind Through Basalt vs Chamber Drone: witness S1 noise organism
  Wind Through Basalt vs Ice Shelf: witness D4.1 noise type White
  Wind Through Basalt vs Hull Ark: witness S1 noise organism
  Wind Through Basalt vs Column Hymn: witness S1 noise organism
  Wind Through Basalt vs Cavern Wall: witness S1 noise organism
  Wind Through Basalt vs Glass Sphere: witness S1 noise organism
  Wind Through Basalt vs Sudden Chasm: witness S1 noise organism
  Wind Through Basalt vs Dead Air: witness D4.7 noise type Blue
  Wind Through Basalt vs Abyssal Wind: witness D3.1 noise model Direct
  Wind Through Basalt vs Spore Drift: witness D3.1 noise model Direct
  Wind Through Basalt vs Steam Vent: witness D3.1 noise model Direct

Resonant Shaft (primary S2 resonance drift):
  Resonant Shaft vs Wind Through Basalt: witness S2 resonance drift
  Resonant Shaft vs Smeared Horizon: witness D5.2 anchor Keyed
  Resonant Shaft vs Feedback Mire: witness D5.2 anchor Keyed
  Resonant Shaft vs Tectonic Floor: witness S2 resonance drift
  Resonant Shaft vs Slow Bloom: witness D5.2 anchor Keyed
  Resonant Shaft vs Colony Pulse: witness D5.2 anchor Keyed
  Resonant Shaft vs Cathedral Void: witness D5.2 anchor Keyed
  Resonant Shaft vs Choir of Absence: witness D5.2 anchor Keyed
  Resonant Shaft vs Hull Resonance: witness S2 resonance drift
  Resonant Shaft vs Lightless: witness D5.2 anchor Keyed
  Resonant Shaft vs Erosion: witness D5.2 anchor Keyed
  Resonant Shaft vs Crowded Dark: witness D5.2 anchor Keyed
  Resonant Shaft vs Drifting Strata: witness D5.2 anchor Keyed
  Resonant Shaft vs Stone Gravity: witness D5.2 anchor Keyed
  Resonant Shaft vs Entropic Hum: witness D5.2 anchor Keyed
  Resonant Shaft vs Pressure Front: witness D5.2 anchor Keyed
  Resonant Shaft vs Weighted Deep: witness D5.2 anchor Keyed
  Resonant Shaft vs Fogbound: witness D5.2 anchor Keyed
  Resonant Shaft vs Teeming: witness S2 resonance drift
  Resonant Shaft vs Endless Descent: witness S2 resonance drift
  Resonant Shaft vs Monolith: witness S2 resonance drift
  Resonant Shaft vs Bloom Colony: witness S2 resonance drift
  Resonant Shaft vs Singing Colony: witness D5.2 anchor Keyed
  Resonant Shaft vs Swarm Breath: witness D5.2 anchor Keyed
  Resonant Shaft vs Feeding Loops: witness D5.2 anchor Keyed
  Resonant Shaft vs Haunted Colony: witness S2 resonance drift
  Resonant Shaft vs Growth Ring: witness S2 resonance drift
  Resonant Shaft vs Glass Well: witness D5.2 anchor Keyed
  Resonant Shaft vs Strung Abyss: witness S2 resonance drift
  Resonant Shaft vs Iron Plate: witness S2 resonance drift
  Resonant Shaft vs Chamber Drone: witness S2 resonance drift
  Resonant Shaft vs Ice Shelf: witness S2 resonance drift
  Resonant Shaft vs Hull Ark: witness S2 resonance drift
  Resonant Shaft vs Column Hymn: witness S2 resonance drift
  Resonant Shaft vs Cavern Wall: witness S2 resonance drift
  Resonant Shaft vs Glass Sphere: witness S2 resonance drift
  Resonant Shaft vs Sudden Chasm: witness S2 resonance drift
  Resonant Shaft vs Dead Air: witness S2 resonance drift
  Resonant Shaft vs Abyssal Wind: witness D5.2 anchor Keyed
  Resonant Shaft vs Spore Drift: witness S2 resonance drift
  Resonant Shaft vs Steam Vent: witness S2 resonance drift

Smeared Horizon (primary S3 spectral smear):
  Smeared Horizon vs Wind Through Basalt: witness D14.1 breathing depth >= 0.7
  Smeared Horizon vs Resonant Shaft: witness S3 spectral smear
  Smeared Horizon vs Feedback Mire: witness D14.1 breathing depth >= 0.7
  Smeared Horizon vs Tectonic Floor: witness S3 spectral smear
  Smeared Horizon vs Slow Bloom: witness S3 spectral smear
  Smeared Horizon vs Colony Pulse: witness S3 spectral smear
  Smeared Horizon vs Cathedral Void: witness S3 spectral smear
  Smeared Horizon vs Choir of Absence: witness S3 spectral smear
  Smeared Horizon vs Hull Resonance: witness S3 spectral smear
  Smeared Horizon vs Lightless: witness S3 spectral smear
  Smeared Horizon vs Erosion: witness S3 spectral smear
  Smeared Horizon vs Crowded Dark: witness S3 spectral smear
  Smeared Horizon vs Drifting Strata: witness S3 spectral smear
  Smeared Horizon vs Stone Gravity: witness S3 spectral smear
  Smeared Horizon vs Entropic Hum: witness S3 spectral smear
  Smeared Horizon vs Pressure Front: witness S3 spectral smear
  Smeared Horizon vs Weighted Deep: witness D14.1 breathing depth >= 0.7
  Smeared Horizon vs Fogbound: witness D14.1 breathing depth >= 0.7
  Smeared Horizon vs Teeming: witness S3 spectral smear
  Smeared Horizon vs Endless Descent: witness S3 spectral smear
  Smeared Horizon vs Monolith: witness S3 spectral smear
  Smeared Horizon vs Bloom Colony: witness D14.1 breathing depth >= 0.7
  Smeared Horizon vs Singing Colony: witness S3 spectral smear
  Smeared Horizon vs Swarm Breath: witness D14.1 breathing depth >= 0.7
  Smeared Horizon vs Feeding Loops: witness D14.1 breathing depth >= 0.7
  Smeared Horizon vs Haunted Colony: witness D14.1 breathing depth >= 0.7
  Smeared Horizon vs Growth Ring: witness S3 spectral smear
  Smeared Horizon vs Glass Well: witness D14.1 breathing depth >= 0.7
  Smeared Horizon vs Strung Abyss: witness D14.1 breathing depth >= 0.7
  Smeared Horizon vs Iron Plate: witness D14.1 breathing depth >= 0.7
  Smeared Horizon vs Chamber Drone: witness D14.1 breathing depth >= 0.7
  Smeared Horizon vs Ice Shelf: witness D14.1 breathing depth >= 0.7
  Smeared Horizon vs Hull Ark: witness D14.1 breathing depth >= 0.7
  Smeared Horizon vs Column Hymn: witness D14.1 breathing depth >= 0.7
  Smeared Horizon vs Cavern Wall: witness D14.1 breathing depth >= 0.7
  Smeared Horizon vs Glass Sphere: witness D14.1 breathing depth >= 0.7
  Smeared Horizon vs Sudden Chasm: witness S3 spectral smear
  Smeared Horizon vs Dead Air: witness S3 spectral smear
  Smeared Horizon vs Abyssal Wind: witness S3 spectral smear
  Smeared Horizon vs Spore Drift: witness S3 spectral smear
  Smeared Horizon vs Steam Vent: witness D14.1 breathing depth >= 0.7

Feedback Mire (primary S4 feedback ecology):
  Feedback Mire vs Wind Through Basalt: witness S4 feedback ecology
  Feedback Mire vs Resonant Shaft: witness S4 feedback ecology
  Feedback Mire vs Smeared Horizon: witness S4 feedback ecology
  Feedback Mire vs Tectonic Floor: witness S4 feedback ecology
  Feedback Mire vs Slow Bloom: witness S4 feedback ecology
  Feedback Mire vs Colony Pulse: witness S4 feedback ecology
  Feedback Mire vs Cathedral Void: witness S4 feedback ecology
  Feedback Mire vs Choir of Absence: witness S4 feedback ecology
  Feedback Mire vs Hull Resonance: witness S4 feedback ecology
  Feedback Mire vs Lightless: witness S4 feedback ecology
  Feedback Mire vs Erosion: witness S4 feedback ecology
  Feedback Mire vs Crowded Dark: witness S4 feedback ecology
  Feedback Mire vs Drifting Strata: witness S4 feedback ecology
  Feedback Mire vs Stone Gravity: witness S4 feedback ecology
  Feedback Mire vs Entropic Hum: witness S4 feedback ecology
  Feedback Mire vs Pressure Front: witness S4 feedback ecology
  Feedback Mire vs Weighted Deep: witness S4 feedback ecology
  Feedback Mire vs Fogbound: witness S4 feedback ecology
  Feedback Mire vs Teeming: witness S4 feedback ecology
  Feedback Mire vs Endless Descent: witness S4 feedback ecology
  Feedback Mire vs Monolith: witness S4 feedback ecology
  Feedback Mire vs Bloom Colony: witness S4 feedback ecology
  Feedback Mire vs Singing Colony: witness S4 feedback ecology
  Feedback Mire vs Swarm Breath: witness S4 feedback ecology
  Feedback Mire vs Feeding Loops: witness D6.3 loop filter Highpass
  Feedback Mire vs Haunted Colony: witness S4 feedback ecology
  Feedback Mire vs Growth Ring: witness S4 feedback ecology
  Feedback Mire vs Glass Well: witness S4 feedback ecology
  Feedback Mire vs Strung Abyss: witness S4 feedback ecology
  Feedback Mire vs Iron Plate: witness S4 feedback ecology
  Feedback Mire vs Chamber Drone: witness S4 feedback ecology
  Feedback Mire vs Ice Shelf: witness S4 feedback ecology
  Feedback Mire vs Hull Ark: witness S4 feedback ecology
  Feedback Mire vs Column Hymn: witness S4 feedback ecology
  Feedback Mire vs Cavern Wall: witness S4 feedback ecology
  Feedback Mire vs Glass Sphere: witness S4 feedback ecology
  Feedback Mire vs Sudden Chasm: witness S4 feedback ecology
  Feedback Mire vs Dead Air: witness S4 feedback ecology
  Feedback Mire vs Abyssal Wind: witness S4 feedback ecology
  Feedback Mire vs Spore Drift: witness S4 feedback ecology
  Feedback Mire vs Steam Vent: witness S4 feedback ecology

Tectonic Floor (primary S5 subharmonic):
  Tectonic Floor vs Wind Through Basalt: witness D7.3 loudest sub fifth below
  Tectonic Floor vs Resonant Shaft: witness S5 subharmonic
  Tectonic Floor vs Smeared Horizon: witness S5 subharmonic
  Tectonic Floor vs Feedback Mire: witness S5 subharmonic
  Tectonic Floor vs Slow Bloom: witness S5 subharmonic
  Tectonic Floor vs Colony Pulse: witness S5 subharmonic
  Tectonic Floor vs Cathedral Void: witness D7.3 loudest sub fifth below
  Tectonic Floor vs Choir of Absence: witness S5 subharmonic
  Tectonic Floor vs Hull Resonance: witness D7.3 loudest sub fifth below
  Tectonic Floor vs Lightless: witness S5 subharmonic
  Tectonic Floor vs Erosion: witness D7.3 loudest sub fifth below
  Tectonic Floor vs Crowded Dark: witness S5 subharmonic
  Tectonic Floor vs Drifting Strata: witness D7.3 loudest sub fifth below
  Tectonic Floor vs Stone Gravity: witness S5 subharmonic
  Tectonic Floor vs Entropic Hum: witness S5 subharmonic
  Tectonic Floor vs Pressure Front: witness S5 subharmonic
  Tectonic Floor vs Weighted Deep: witness D7.3 loudest sub fifth below
  Tectonic Floor vs Fogbound: witness S5 subharmonic
  Tectonic Floor vs Teeming: witness S5 subharmonic
  Tectonic Floor vs Endless Descent: witness S5 subharmonic
  Tectonic Floor vs Monolith: witness D7.3 loudest sub fifth below
  Tectonic Floor vs Bloom Colony: witness D7.3 loudest sub fifth below
  Tectonic Floor vs Singing Colony: witness S5 subharmonic
  Tectonic Floor vs Swarm Breath: witness D7.3 loudest sub fifth below
  Tectonic Floor vs Feeding Loops: witness D7.3 loudest sub fifth below
  Tectonic Floor vs Haunted Colony: witness D7.3 loudest sub fifth below
  Tectonic Floor vs Growth Ring: witness D7.3 loudest sub fifth below
  Tectonic Floor vs Glass Well: witness D7.3 loudest sub fifth below
  Tectonic Floor vs Strung Abyss: witness D7.3 loudest sub fifth below
  Tectonic Floor vs Iron Plate: witness S5 subharmonic
  Tectonic Floor vs Chamber Drone: witness S5 subharmonic
  Tectonic Floor vs Ice Shelf: witness S5 subharmonic
  Tectonic Floor vs Hull Ark: witness S5 subharmonic
  Tectonic Floor vs Column Hymn: witness D7.3 loudest sub fifth below
  Tectonic Floor vs Cavern Wall: witness D7.3 loudest sub fifth below
  Tectonic Floor vs Glass Sphere: witness S5 subharmonic
  Tectonic Floor vs Sudden Chasm: witness D7.3 loudest sub fifth below
  Tectonic Floor vs Dead Air: witness S5 subharmonic
  Tectonic Floor vs Abyssal Wind: witness D7.3 loudest sub fifth below
  Tectonic Floor vs Spore Drift: witness S5 subharmonic
  Tectonic Floor vs Steam Vent: witness S5 subharmonic

Slow Bloom (primary S6 harmonic bloom):
  Slow Bloom vs Wind Through Basalt: witness S6 harmonic bloom
  Slow Bloom vs Resonant Shaft: witness S6 harmonic bloom
  Slow Bloom vs Smeared Horizon: witness S6 harmonic bloom
  Slow Bloom vs Feedback Mire: witness S6 harmonic bloom
  Slow Bloom vs Tectonic Floor: witness S6 harmonic bloom
  Slow Bloom vs Colony Pulse: witness S6 harmonic bloom
  Slow Bloom vs Cathedral Void: witness S6 harmonic bloom
  Slow Bloom vs Choir of Absence: witness S6 harmonic bloom
  Slow Bloom vs Hull Resonance: witness S6 harmonic bloom
  Slow Bloom vs Lightless: witness S6 harmonic bloom
  Slow Bloom vs Erosion: witness S6 harmonic bloom
  Slow Bloom vs Crowded Dark: witness S6 harmonic bloom
  Slow Bloom vs Drifting Strata: witness S6 harmonic bloom
  Slow Bloom vs Stone Gravity: witness S6 harmonic bloom
  Slow Bloom vs Entropic Hum: witness D14.1 breathing depth >= 0.7
  Slow Bloom vs Pressure Front: witness S6 harmonic bloom
  Slow Bloom vs Weighted Deep: witness S6 harmonic bloom
  Slow Bloom vs Fogbound: witness S6 harmonic bloom
  Slow Bloom vs Teeming: witness D14.1 breathing depth >= 0.7
  Slow Bloom vs Endless Descent: witness S6 harmonic bloom
  Slow Bloom vs Monolith: witness S6 harmonic bloom
  Slow Bloom vs Bloom Colony: witness S6 harmonic bloom
  Slow Bloom vs Singing Colony: witness S6 harmonic bloom
  Slow Bloom vs Swarm Breath: witness S6 harmonic bloom
  Slow Bloom vs Feeding Loops: witness S6 harmonic bloom
  Slow Bloom vs Haunted Colony: witness S6 harmonic bloom
  Slow Bloom vs Growth Ring: witness S6 harmonic bloom
  Slow Bloom vs Glass Well: witness S6 harmonic bloom
  Slow Bloom vs Strung Abyss: witness D14.1 breathing depth >= 0.7
  Slow Bloom vs Iron Plate: witness S6 harmonic bloom
  Slow Bloom vs Chamber Drone: witness D14.1 breathing depth >= 0.7
  Slow Bloom vs Ice Shelf: witness D14.1 breathing depth >= 0.7
  Slow Bloom vs Hull Ark: witness D14.1 breathing depth >= 0.7
  Slow Bloom vs Column Hymn: witness D14.1 breathing depth >= 0.7
  Slow Bloom vs Cavern Wall: witness S6 harmonic bloom
  Slow Bloom vs Glass Sphere: witness S6 harmonic bloom
  Slow Bloom vs Sudden Chasm: witness S6 harmonic bloom
  Slow Bloom vs Dead Air: witness S6 harmonic bloom
  Slow Bloom vs Abyssal Wind: witness S6 harmonic bloom
  Slow Bloom vs Spore Drift: witness S6 harmonic bloom
  Slow Bloom vs Steam Vent: witness S6 harmonic bloom

Colony Pulse (primary S7 ecosystem):
  Colony Pulse vs Wind Through Basalt: witness D13.2 event rate scale >= 3.0
  Colony Pulse vs Resonant Shaft: witness D13.2 event rate scale >= 3.0
  Colony Pulse vs Smeared Horizon: witness D13.2 event rate scale >= 3.0
  Colony Pulse vs Feedback Mire: witness D13.2 event rate scale >= 3.0
  Colony Pulse vs Tectonic Floor: witness S7 ecosystem
  Colony Pulse vs Slow Bloom: witness D13.2 event rate scale >= 3.0
  Colony Pulse vs Cathedral Void: witness D13.2 event rate scale >= 3.0
  Colony Pulse vs Choir of Absence: witness D13.2 event rate scale >= 3.0
  Colony Pulse vs Hull Resonance: witness D13.2 event rate scale >= 3.0
  Colony Pulse vs Lightless: witness D13.2 event rate scale >= 3.0
  Colony Pulse vs Erosion: witness D13.2 event rate scale >= 3.0
  Colony Pulse vs Crowded Dark: witness D13.2 event rate scale >= 3.0
  Colony Pulse vs Drifting Strata: witness D13.2 event rate scale >= 3.0
  Colony Pulse vs Stone Gravity: witness D13.2 event rate scale >= 3.0
  Colony Pulse vs Entropic Hum: witness D13.2 event rate scale >= 3.0
  Colony Pulse vs Pressure Front: witness D13.2 event rate scale >= 3.0
  Colony Pulse vs Weighted Deep: witness D13.2 event rate scale >= 3.0
  Colony Pulse vs Fogbound: witness D13.2 event rate scale >= 3.0
  Colony Pulse vs Teeming: witness S7 ecosystem
  Colony Pulse vs Endless Descent: witness D13.2 event rate scale >= 3.0
  Colony Pulse vs Monolith: witness D13.2 event rate scale >= 3.0
  Colony Pulse vs Bloom Colony: witness D13.2 event rate scale >= 3.0
  Colony Pulse vs Singing Colony: witness D13.2 event rate scale >= 3.0
  Colony Pulse vs Swarm Breath: witness D13.2 event rate scale >= 3.0
  Colony Pulse vs Feeding Loops: witness D13.2 event rate scale >= 3.0
  Colony Pulse vs Haunted Colony: witness D13.2 event rate scale >= 3.0
  Colony Pulse vs Growth Ring: witness S7 ecosystem
  Colony Pulse vs Glass Well: witness D13.2 event rate scale >= 3.0
  Colony Pulse vs Strung Abyss: witness S7 ecosystem
  Colony Pulse vs Iron Plate: witness S7 ecosystem
  Colony Pulse vs Chamber Drone: witness S7 ecosystem
  Colony Pulse vs Ice Shelf: witness S7 ecosystem
  Colony Pulse vs Hull Ark: witness S7 ecosystem
  Colony Pulse vs Column Hymn: witness S7 ecosystem
  Colony Pulse vs Cavern Wall: witness S7 ecosystem
  Colony Pulse vs Glass Sphere: witness S7 ecosystem
  Colony Pulse vs Sudden Chasm: witness S7 ecosystem
  Colony Pulse vs Dead Air: witness S7 ecosystem
  Colony Pulse vs Abyssal Wind: witness S7 ecosystem
  Colony Pulse vs Spore Drift: witness S7 ecosystem
  Colony Pulse vs Steam Vent: witness S7 ecosystem

Cathedral Void (primary S8 cavern space):
  Cathedral Void vs Wind Through Basalt: witness S8 cavern space
  Cathedral Void vs Resonant Shaft: witness D10.1 freeze holds a field
  Cathedral Void vs Smeared Horizon: witness S8 cavern space
  Cathedral Void vs Feedback Mire: witness S8 cavern space
  Cathedral Void vs Tectonic Floor: witness D10.1 freeze holds a field
  Cathedral Void vs Slow Bloom: witness D10.1 freeze holds a field
  Cathedral Void vs Colony Pulse: witness S8 cavern space
  Cathedral Void vs Choir of Absence: witness S8 cavern space
  Cathedral Void vs Hull Resonance: witness S8 cavern space
  Cathedral Void vs Lightless: witness D10.1 freeze holds a field
  Cathedral Void vs Erosion: witness D10.1 freeze holds a field
  Cathedral Void vs Crowded Dark: witness S8 cavern space
  Cathedral Void vs Drifting Strata: witness S8 cavern space
  Cathedral Void vs Stone Gravity: witness D10.1 freeze holds a field
  Cathedral Void vs Entropic Hum: witness S8 cavern space
  Cathedral Void vs Pressure Front: witness D10.1 freeze holds a field
  Cathedral Void vs Weighted Deep: witness S8 cavern space
  Cathedral Void vs Fogbound: witness D10.1 freeze holds a field
  Cathedral Void vs Teeming: witness D10.1 freeze holds a field
  Cathedral Void vs Endless Descent: witness D10.1 freeze holds a field
  Cathedral Void vs Monolith: witness S8 cavern space
  Cathedral Void vs Bloom Colony: witness D10.1 freeze holds a field
  Cathedral Void vs Singing Colony: witness D10.1 freeze holds a field
  Cathedral Void vs Swarm Breath: witness S8 cavern space
  Cathedral Void vs Feeding Loops: witness S8 cavern space
  Cathedral Void vs Haunted Colony: witness D10.1 freeze holds a field
  Cathedral Void vs Growth Ring: witness D10.1 freeze holds a field
  Cathedral Void vs Glass Well: witness S8 cavern space
  Cathedral Void vs Strung Abyss: witness S8 cavern space
  Cathedral Void vs Iron Plate: witness S8 cavern space
  Cathedral Void vs Chamber Drone: witness S8 cavern space
  Cathedral Void vs Ice Shelf: witness S8 cavern space
  Cathedral Void vs Hull Ark: witness S8 cavern space
  Cathedral Void vs Column Hymn: witness S8 cavern space
  Cathedral Void vs Cavern Wall: witness S8 cavern space
  Cathedral Void vs Glass Sphere: witness S8 cavern space
  Cathedral Void vs Sudden Chasm: witness D10.1 freeze holds a field
  Cathedral Void vs Dead Air: witness D10.1 freeze holds a field
  Cathedral Void vs Abyssal Wind: witness D10.1 freeze holds a field
  Cathedral Void vs Spore Drift: witness D10.1 freeze holds a field
  Cathedral Void vs Steam Vent: witness S8 cavern space

Choir of Absence (primary S9 ghost / atmosphere):
  Choir of Absence vs Wind Through Basalt: witness S9 ghost / atmosphere
  Choir of Absence vs Resonant Shaft: witness S9 ghost / atmosphere
  Choir of Absence vs Smeared Horizon: witness S9 ghost / atmosphere
  Choir of Absence vs Feedback Mire: witness S9 ghost / atmosphere
  Choir of Absence vs Tectonic Floor: witness D11 ghost reverse >= 0.5
  Choir of Absence vs Slow Bloom: witness D11 ghost reverse >= 0.5
  Choir of Absence vs Colony Pulse: witness D11 ghost reverse >= 0.5
  Choir of Absence vs Cathedral Void: witness D11 ghost reverse >= 0.5
  Choir of Absence vs Hull Resonance: witness S9 ghost / atmosphere
  Choir of Absence vs Lightless: witness S9 ghost / atmosphere
  Choir of Absence vs Erosion: witness S9 ghost / atmosphere
  Choir of Absence vs Crowded Dark: witness D11 ghost reverse >= 0.5
  Choir of Absence vs Drifting Strata: witness D11 ghost reverse >= 0.5
  Choir of Absence vs Stone Gravity: witness S9 ghost / atmosphere
  Choir of Absence vs Entropic Hum: witness D11 ghost reverse >= 0.5
  Choir of Absence vs Pressure Front: witness D11 ghost reverse >= 0.5
  Choir of Absence vs Weighted Deep: witness D11 ghost reverse >= 0.5
  Choir of Absence vs Fogbound: witness S9 ghost / atmosphere
  Choir of Absence vs Teeming: witness D11 ghost reverse >= 0.5
  Choir of Absence vs Endless Descent: witness D11 ghost reverse >= 0.5
  Choir of Absence vs Monolith: witness S9 ghost / atmosphere
  Choir of Absence vs Bloom Colony: witness S9 ghost / atmosphere
  Choir of Absence vs Singing Colony: witness S9 ghost / atmosphere
  Choir of Absence vs Swarm Breath: witness S9 ghost / atmosphere
  Choir of Absence vs Feeding Loops: witness S9 ghost / atmosphere
  Choir of Absence vs Haunted Colony: witness D11 ghost reverse >= 0.5
  Choir of Absence vs Growth Ring: witness S9 ghost / atmosphere
  Choir of Absence vs Glass Well: witness S9 ghost / atmosphere
  Choir of Absence vs Strung Abyss: witness S9 ghost / atmosphere
  Choir of Absence vs Iron Plate: witness S9 ghost / atmosphere
  Choir of Absence vs Chamber Drone: witness S9 ghost / atmosphere
  Choir of Absence vs Ice Shelf: witness S9 ghost / atmosphere
  Choir of Absence vs Hull Ark: witness S9 ghost / atmosphere
  Choir of Absence vs Column Hymn: witness S9 ghost / atmosphere
  Choir of Absence vs Cavern Wall: witness S9 ghost / atmosphere
  Choir of Absence vs Glass Sphere: witness S9 ghost / atmosphere
  Choir of Absence vs Sudden Chasm: witness S9 ghost / atmosphere
  Choir of Absence vs Dead Air: witness S9 ghost / atmosphere
  Choir of Absence vs Abyssal Wind: witness S9 ghost / atmosphere
  Choir of Absence vs Spore Drift: witness D12.1 ghost event triggers on
  Choir of Absence vs Steam Vent: witness S9 ghost / atmosphere

Hull Resonance (primary S10 acoustic body):
  Hull Resonance vs Wind Through Basalt: witness M8 Weight
  Hull Resonance vs Resonant Shaft: witness S10 acoustic body
  Hull Resonance vs Smeared Horizon: witness S10 acoustic body
  Hull Resonance vs Feedback Mire: witness M8 Weight
  Hull Resonance vs Tectonic Floor: witness M8 Weight
  Hull Resonance vs Slow Bloom: witness M8 Weight
  Hull Resonance vs Colony Pulse: witness M8 Weight
  Hull Resonance vs Cathedral Void: witness M8 Weight
  Hull Resonance vs Choir of Absence: witness S10 acoustic body
  Hull Resonance vs Lightless: witness M8 Weight
  Hull Resonance vs Erosion: witness M8 Weight
  Hull Resonance vs Crowded Dark: witness M8 Weight
  Hull Resonance vs Drifting Strata: witness M8 Weight
  Hull Resonance vs Stone Gravity: witness S10 acoustic body
  Hull Resonance vs Entropic Hum: witness M8 Weight
  Hull Resonance vs Pressure Front: witness M8 Weight
  Hull Resonance vs Weighted Deep: witness D2 body blend both heard
  Hull Resonance vs Fogbound: witness M8 Weight
  Hull Resonance vs Teeming: witness M8 Weight
  Hull Resonance vs Endless Descent: witness M8 Weight
  Hull Resonance vs Monolith: witness M8 Weight
  Hull Resonance vs Bloom Colony: witness M8 Weight
  Hull Resonance vs Singing Colony: witness S10 acoustic body
  Hull Resonance vs Swarm Breath: witness M8 Weight
  Hull Resonance vs Feeding Loops: witness M8 Weight
  Hull Resonance vs Haunted Colony: witness M8 Weight
  Hull Resonance vs Growth Ring: witness M8 Weight
  Hull Resonance vs Glass Well: witness D2 body blend both heard
  Hull Resonance vs Strung Abyss: witness D2 body blend both heard
  Hull Resonance vs Iron Plate: witness D2 body blend both heard
  Hull Resonance vs Chamber Drone: witness D2 body blend both heard
  Hull Resonance vs Ice Shelf: witness D2 body blend both heard
  Hull Resonance vs Hull Ark: witness D2 body blend both heard
  Hull Resonance vs Column Hymn: witness D2 body blend both heard
  Hull Resonance vs Cavern Wall: witness D2 body blend both heard
  Hull Resonance vs Glass Sphere: witness D2 body blend both heard
  Hull Resonance vs Sudden Chasm: witness M8 Weight
  Hull Resonance vs Dead Air: witness S10 acoustic body
  Hull Resonance vs Abyssal Wind: witness M8 Weight
  Hull Resonance vs Spore Drift: witness M8 Weight
  Hull Resonance vs Steam Vent: witness M8 Weight

Lightless (primary M1 Darkness):
  Lightless vs Wind Through Basalt: witness M1 Darkness
  Lightless vs Resonant Shaft: witness M1 Darkness
  Lightless vs Smeared Horizon: witness M1 Darkness
  Lightless vs Feedback Mire: witness M1 Darkness
  Lightless vs Tectonic Floor: witness M1 Darkness
  Lightless vs Slow Bloom: witness M1 Darkness
  Lightless vs Colony Pulse: witness M1 Darkness
  Lightless vs Cathedral Void: witness M1 Darkness
  Lightless vs Choir of Absence: witness M1 Darkness
  Lightless vs Hull Resonance: witness M1 Darkness
  Lightless vs Erosion: witness M1 Darkness
  Lightless vs Crowded Dark: witness M1 Darkness
  Lightless vs Drifting Strata: witness M1 Darkness
  Lightless vs Stone Gravity: witness M1 Darkness
  Lightless vs Entropic Hum: witness M1 Darkness
  Lightless vs Pressure Front: witness M1 Darkness
  Lightless vs Weighted Deep: witness M1 Darkness
  Lightless vs Fogbound: witness M1 Darkness
  Lightless vs Teeming: witness M1 Darkness
  Lightless vs Endless Descent: witness M1 Darkness
  Lightless vs Monolith: witness M1 Darkness
  Lightless vs Bloom Colony: witness M1 Darkness
  Lightless vs Singing Colony: witness M1 Darkness
  Lightless vs Swarm Breath: witness M1 Darkness
  Lightless vs Feeding Loops: witness M1 Darkness
  Lightless vs Haunted Colony: witness M1 Darkness
  Lightless vs Growth Ring: witness M1 Darkness
  Lightless vs Glass Well: witness M1 Darkness
  Lightless vs Strung Abyss: witness M1 Darkness
  Lightless vs Iron Plate: witness M1 Darkness
  Lightless vs Chamber Drone: witness M1 Darkness
  Lightless vs Ice Shelf: witness M1 Darkness
  Lightless vs Hull Ark: witness M1 Darkness
  Lightless vs Column Hymn: witness M1 Darkness
  Lightless vs Cavern Wall: witness M1 Darkness
  Lightless vs Glass Sphere: witness M1 Darkness
  Lightless vs Sudden Chasm: witness M1 Darkness
  Lightless vs Dead Air: witness M1 Darkness
  Lightless vs Abyssal Wind: witness M1 Darkness
  Lightless vs Spore Drift: witness M1 Darkness
  Lightless vs Steam Vent: witness M1 Darkness

Erosion (primary M2 Age):
  Erosion vs Wind Through Basalt: witness M2 Age
  Erosion vs Resonant Shaft: witness M2 Age
  Erosion vs Smeared Horizon: witness M2 Age
  Erosion vs Feedback Mire: witness M2 Age
  Erosion vs Tectonic Floor: witness M2 Age
  Erosion vs Slow Bloom: witness M2 Age
  Erosion vs Colony Pulse: witness M2 Age
  Erosion vs Cathedral Void: witness M2 Age
  Erosion vs Choir of Absence: witness M2 Age
  Erosion vs Hull Resonance: witness M2 Age
  Erosion vs Lightless: witness M2 Age
  Erosion vs Crowded Dark: witness M2 Age
  Erosion vs Drifting Strata: witness M2 Age
  Erosion vs Stone Gravity: witness M2 Age
  Erosion vs Entropic Hum: witness M2 Age
  Erosion vs Pressure Front: witness M2 Age
  Erosion vs Weighted Deep: witness M2 Age
  Erosion vs Fogbound: witness M2 Age
  Erosion vs Teeming: witness M2 Age
  Erosion vs Endless Descent: witness M2 Age
  Erosion vs Monolith: witness M2 Age
  Erosion vs Bloom Colony: witness M2 Age
  Erosion vs Singing Colony: witness M2 Age
  Erosion vs Swarm Breath: witness M2 Age
  Erosion vs Feeding Loops: witness M2 Age
  Erosion vs Haunted Colony: witness M2 Age
  Erosion vs Growth Ring: witness M2 Age
  Erosion vs Glass Well: witness M2 Age
  Erosion vs Strung Abyss: witness M2 Age
  Erosion vs Iron Plate: witness M2 Age
  Erosion vs Chamber Drone: witness M2 Age
  Erosion vs Ice Shelf: witness M2 Age
  Erosion vs Hull Ark: witness M2 Age
  Erosion vs Column Hymn: witness M2 Age
  Erosion vs Cavern Wall: witness M2 Age
  Erosion vs Glass Sphere: witness M2 Age
  Erosion vs Sudden Chasm: witness M2 Age
  Erosion vs Dead Air: witness M2 Age
  Erosion vs Abyssal Wind: witness M2 Age
  Erosion vs Spore Drift: witness M2 Age
  Erosion vs Steam Vent: witness M2 Age

Crowded Dark (primary M3 Density):
  Crowded Dark vs Wind Through Basalt: witness M3 Density
  Crowded Dark vs Resonant Shaft: witness M3 Density
  Crowded Dark vs Smeared Horizon: witness M3 Density
  Crowded Dark vs Feedback Mire: witness M3 Density
  Crowded Dark vs Tectonic Floor: witness M3 Density
  Crowded Dark vs Slow Bloom: witness M3 Density
  Crowded Dark vs Colony Pulse: witness M3 Density
  Crowded Dark vs Cathedral Void: witness M3 Density
  Crowded Dark vs Choir of Absence: witness M3 Density
  Crowded Dark vs Hull Resonance: witness M3 Density
  Crowded Dark vs Lightless: witness M3 Density
  Crowded Dark vs Erosion: witness M3 Density
  Crowded Dark vs Drifting Strata: witness M3 Density
  Crowded Dark vs Stone Gravity: witness M3 Density
  Crowded Dark vs Entropic Hum: witness M3 Density
  Crowded Dark vs Pressure Front: witness M3 Density
  Crowded Dark vs Weighted Deep: witness M3 Density
  Crowded Dark vs Fogbound: witness M3 Density
  Crowded Dark vs Teeming: witness M3 Density
  Crowded Dark vs Endless Descent: witness M3 Density
  Crowded Dark vs Monolith: witness M3 Density
  Crowded Dark vs Bloom Colony: witness M3 Density
  Crowded Dark vs Singing Colony: witness M3 Density
  Crowded Dark vs Swarm Breath: witness M3 Density
  Crowded Dark vs Feeding Loops: witness M3 Density
  Crowded Dark vs Haunted Colony: witness M3 Density
  Crowded Dark vs Growth Ring: witness M3 Density
  Crowded Dark vs Glass Well: witness M3 Density
  Crowded Dark vs Strung Abyss: witness M3 Density
  Crowded Dark vs Iron Plate: witness M3 Density
  Crowded Dark vs Chamber Drone: witness M3 Density
  Crowded Dark vs Ice Shelf: witness M3 Density
  Crowded Dark vs Hull Ark: witness M3 Density
  Crowded Dark vs Column Hymn: witness M3 Density
  Crowded Dark vs Cavern Wall: witness M3 Density
  Crowded Dark vs Glass Sphere: witness M3 Density
  Crowded Dark vs Sudden Chasm: witness M3 Density
  Crowded Dark vs Dead Air: witness M3 Density
  Crowded Dark vs Abyssal Wind: witness M3 Density
  Crowded Dark vs Spore Drift: witness M3 Density
  Crowded Dark vs Steam Vent: witness M3 Density

Drifting Strata (primary M4 Movement):
  Drifting Strata vs Wind Through Basalt: witness M4 Movement
  Drifting Strata vs Resonant Shaft: witness M4 Movement
  Drifting Strata vs Smeared Horizon: witness M4 Movement
  Drifting Strata vs Feedback Mire: witness M4 Movement
  Drifting Strata vs Tectonic Floor: witness M4 Movement
  Drifting Strata vs Slow Bloom: witness M4 Movement
  Drifting Strata vs Colony Pulse: witness M4 Movement
  Drifting Strata vs Cathedral Void: witness M4 Movement
  Drifting Strata vs Choir of Absence: witness M4 Movement
  Drifting Strata vs Hull Resonance: witness M4 Movement
  Drifting Strata vs Lightless: witness M4 Movement
  Drifting Strata vs Erosion: witness M4 Movement
  Drifting Strata vs Crowded Dark: witness M4 Movement
  Drifting Strata vs Stone Gravity: witness M4 Movement
  Drifting Strata vs Entropic Hum: witness M4 Movement
  Drifting Strata vs Pressure Front: witness M4 Movement
  Drifting Strata vs Weighted Deep: witness M4 Movement
  Drifting Strata vs Fogbound: witness M4 Movement
  Drifting Strata vs Teeming: witness M4 Movement
  Drifting Strata vs Endless Descent: witness M4 Movement
  Drifting Strata vs Monolith: witness M4 Movement
  Drifting Strata vs Bloom Colony: witness M4 Movement
  Drifting Strata vs Singing Colony: witness M4 Movement
  Drifting Strata vs Swarm Breath: witness M4 Movement
  Drifting Strata vs Feeding Loops: witness M4 Movement
  Drifting Strata vs Haunted Colony: witness M4 Movement
  Drifting Strata vs Growth Ring: witness M4 Movement
  Drifting Strata vs Glass Well: witness M4 Movement
  Drifting Strata vs Strung Abyss: witness M4 Movement
  Drifting Strata vs Iron Plate: witness M4 Movement
  Drifting Strata vs Chamber Drone: witness M4 Movement
  Drifting Strata vs Ice Shelf: witness M4 Movement
  Drifting Strata vs Hull Ark: witness M4 Movement
  Drifting Strata vs Column Hymn: witness M4 Movement
  Drifting Strata vs Cavern Wall: witness M4 Movement
  Drifting Strata vs Glass Sphere: witness M4 Movement
  Drifting Strata vs Sudden Chasm: witness M4 Movement
  Drifting Strata vs Dead Air: witness M4 Movement
  Drifting Strata vs Abyssal Wind: witness M4 Movement
  Drifting Strata vs Spore Drift: witness M4 Movement
  Drifting Strata vs Steam Vent: witness M4 Movement

Stone Gravity (primary M5 Gravity):
  Stone Gravity vs Wind Through Basalt: witness M5 Gravity
  Stone Gravity vs Resonant Shaft: witness M5 Gravity
  Stone Gravity vs Smeared Horizon: witness M5 Gravity
  Stone Gravity vs Feedback Mire: witness M5 Gravity
  Stone Gravity vs Tectonic Floor: witness M5 Gravity
  Stone Gravity vs Slow Bloom: witness M5 Gravity
  Stone Gravity vs Colony Pulse: witness M5 Gravity
  Stone Gravity vs Cathedral Void: witness M5 Gravity
  Stone Gravity vs Choir of Absence: witness M5 Gravity
  Stone Gravity vs Hull Resonance: witness M5 Gravity
  Stone Gravity vs Lightless: witness M5 Gravity
  Stone Gravity vs Erosion: witness M5 Gravity
  Stone Gravity vs Crowded Dark: witness M5 Gravity
  Stone Gravity vs Drifting Strata: witness M5 Gravity
  Stone Gravity vs Entropic Hum: witness M5 Gravity
  Stone Gravity vs Pressure Front: witness M5 Gravity
  Stone Gravity vs Weighted Deep: witness M5 Gravity
  Stone Gravity vs Fogbound: witness M5 Gravity
  Stone Gravity vs Teeming: witness M5 Gravity
  Stone Gravity vs Endless Descent: witness M5 Gravity
  Stone Gravity vs Monolith: witness M5 Gravity
  Stone Gravity vs Bloom Colony: witness M5 Gravity
  Stone Gravity vs Singing Colony: witness M5 Gravity
  Stone Gravity vs Swarm Breath: witness M5 Gravity
  Stone Gravity vs Feeding Loops: witness M5 Gravity
  Stone Gravity vs Haunted Colony: witness M5 Gravity
  Stone Gravity vs Growth Ring: witness M5 Gravity
  Stone Gravity vs Glass Well: witness M5 Gravity
  Stone Gravity vs Strung Abyss: witness M5 Gravity
  Stone Gravity vs Iron Plate: witness M5 Gravity
  Stone Gravity vs Chamber Drone: witness M5 Gravity
  Stone Gravity vs Ice Shelf: witness M5 Gravity
  Stone Gravity vs Hull Ark: witness M5 Gravity
  Stone Gravity vs Column Hymn: witness M5 Gravity
  Stone Gravity vs Cavern Wall: witness M5 Gravity
  Stone Gravity vs Glass Sphere: witness M5 Gravity
  Stone Gravity vs Sudden Chasm: witness M5 Gravity
  Stone Gravity vs Dead Air: witness M5 Gravity
  Stone Gravity vs Abyssal Wind: witness M5 Gravity
  Stone Gravity vs Spore Drift: witness M5 Gravity
  Stone Gravity vs Steam Vent: witness M5 Gravity

Entropic Hum (primary M6 Entropy):
  Entropic Hum vs Wind Through Basalt: witness M6 Entropy
  Entropic Hum vs Resonant Shaft: witness M6 Entropy
  Entropic Hum vs Smeared Horizon: witness M6 Entropy
  Entropic Hum vs Feedback Mire: witness M6 Entropy
  Entropic Hum vs Tectonic Floor: witness M6 Entropy
  Entropic Hum vs Slow Bloom: witness M6 Entropy
  Entropic Hum vs Colony Pulse: witness M6 Entropy
  Entropic Hum vs Cathedral Void: witness M6 Entropy
  Entropic Hum vs Choir of Absence: witness M6 Entropy
  Entropic Hum vs Hull Resonance: witness M6 Entropy
  Entropic Hum vs Lightless: witness M6 Entropy
  Entropic Hum vs Erosion: witness M6 Entropy
  Entropic Hum vs Crowded Dark: witness M6 Entropy
  Entropic Hum vs Drifting Strata: witness M6 Entropy
  Entropic Hum vs Stone Gravity: witness M6 Entropy
  Entropic Hum vs Pressure Front: witness M6 Entropy
  Entropic Hum vs Weighted Deep: witness M6 Entropy
  Entropic Hum vs Fogbound: witness M6 Entropy
  Entropic Hum vs Teeming: witness M6 Entropy
  Entropic Hum vs Endless Descent: witness M6 Entropy
  Entropic Hum vs Monolith: witness M6 Entropy
  Entropic Hum vs Bloom Colony: witness M6 Entropy
  Entropic Hum vs Singing Colony: witness M6 Entropy
  Entropic Hum vs Swarm Breath: witness M6 Entropy
  Entropic Hum vs Feeding Loops: witness M6 Entropy
  Entropic Hum vs Haunted Colony: witness M6 Entropy
  Entropic Hum vs Growth Ring: witness M6 Entropy
  Entropic Hum vs Glass Well: witness M6 Entropy
  Entropic Hum vs Strung Abyss: witness M6 Entropy
  Entropic Hum vs Iron Plate: witness M6 Entropy
  Entropic Hum vs Chamber Drone: witness M6 Entropy
  Entropic Hum vs Ice Shelf: witness M6 Entropy
  Entropic Hum vs Hull Ark: witness M6 Entropy
  Entropic Hum vs Column Hymn: witness M6 Entropy
  Entropic Hum vs Cavern Wall: witness M6 Entropy
  Entropic Hum vs Glass Sphere: witness M6 Entropy
  Entropic Hum vs Sudden Chasm: witness M6 Entropy
  Entropic Hum vs Dead Air: witness M6 Entropy
  Entropic Hum vs Abyssal Wind: witness M6 Entropy
  Entropic Hum vs Spore Drift: witness M6 Entropy
  Entropic Hum vs Steam Vent: witness M6 Entropy

Pressure Front (primary M7 Pressure):
  Pressure Front vs Wind Through Basalt: witness M7 Pressure
  Pressure Front vs Resonant Shaft: witness M7 Pressure
  Pressure Front vs Smeared Horizon: witness M7 Pressure
  Pressure Front vs Feedback Mire: witness M7 Pressure
  Pressure Front vs Tectonic Floor: witness M7 Pressure
  Pressure Front vs Slow Bloom: witness M7 Pressure
  Pressure Front vs Colony Pulse: witness M7 Pressure
  Pressure Front vs Cathedral Void: witness M7 Pressure
  Pressure Front vs Choir of Absence: witness M7 Pressure
  Pressure Front vs Hull Resonance: witness M7 Pressure
  Pressure Front vs Lightless: witness M7 Pressure
  Pressure Front vs Erosion: witness M7 Pressure
  Pressure Front vs Crowded Dark: witness M7 Pressure
  Pressure Front vs Drifting Strata: witness M7 Pressure
  Pressure Front vs Stone Gravity: witness M7 Pressure
  Pressure Front vs Entropic Hum: witness M7 Pressure
  Pressure Front vs Weighted Deep: witness M7 Pressure
  Pressure Front vs Fogbound: witness M7 Pressure
  Pressure Front vs Teeming: witness M7 Pressure
  Pressure Front vs Endless Descent: witness M7 Pressure
  Pressure Front vs Monolith: witness M7 Pressure
  Pressure Front vs Bloom Colony: witness M7 Pressure
  Pressure Front vs Singing Colony: witness M7 Pressure
  Pressure Front vs Swarm Breath: witness M7 Pressure
  Pressure Front vs Feeding Loops: witness M7 Pressure
  Pressure Front vs Haunted Colony: witness M7 Pressure
  Pressure Front vs Growth Ring: witness M7 Pressure
  Pressure Front vs Glass Well: witness M7 Pressure
  Pressure Front vs Strung Abyss: witness M7 Pressure
  Pressure Front vs Iron Plate: witness M7 Pressure
  Pressure Front vs Chamber Drone: witness M7 Pressure
  Pressure Front vs Ice Shelf: witness M7 Pressure
  Pressure Front vs Hull Ark: witness M7 Pressure
  Pressure Front vs Column Hymn: witness M7 Pressure
  Pressure Front vs Cavern Wall: witness M7 Pressure
  Pressure Front vs Glass Sphere: witness M7 Pressure
  Pressure Front vs Sudden Chasm: witness M7 Pressure
  Pressure Front vs Dead Air: witness M7 Pressure
  Pressure Front vs Abyssal Wind: witness M7 Pressure
  Pressure Front vs Spore Drift: witness M7 Pressure
  Pressure Front vs Steam Vent: witness M7 Pressure

Weighted Deep (primary M8 Weight):
  Weighted Deep vs Wind Through Basalt: witness M8 Weight
  Weighted Deep vs Resonant Shaft: witness M8 Weight
  Weighted Deep vs Smeared Horizon: witness M8 Weight
  Weighted Deep vs Feedback Mire: witness M8 Weight
  Weighted Deep vs Tectonic Floor: witness M8 Weight
  Weighted Deep vs Slow Bloom: witness M8 Weight
  Weighted Deep vs Colony Pulse: witness M8 Weight
  Weighted Deep vs Cathedral Void: witness M8 Weight
  Weighted Deep vs Choir of Absence: witness M8 Weight
  Weighted Deep vs Hull Resonance: witness D7.2 loudest sub f/4
  Weighted Deep vs Lightless: witness M8 Weight
  Weighted Deep vs Erosion: witness M8 Weight
  Weighted Deep vs Crowded Dark: witness M8 Weight
  Weighted Deep vs Drifting Strata: witness M8 Weight
  Weighted Deep vs Stone Gravity: witness M8 Weight
  Weighted Deep vs Entropic Hum: witness M8 Weight
  Weighted Deep vs Pressure Front: witness M8 Weight
  Weighted Deep vs Fogbound: witness M8 Weight
  Weighted Deep vs Teeming: witness M8 Weight
  Weighted Deep vs Endless Descent: witness M8 Weight
  Weighted Deep vs Monolith: witness M8 Weight
  Weighted Deep vs Bloom Colony: witness M8 Weight
  Weighted Deep vs Singing Colony: witness M8 Weight
  Weighted Deep vs Swarm Breath: witness M8 Weight
  Weighted Deep vs Feeding Loops: witness M8 Weight
  Weighted Deep vs Haunted Colony: witness M8 Weight
  Weighted Deep vs Growth Ring: witness M8 Weight
  Weighted Deep vs Glass Well: witness M8 Weight
  Weighted Deep vs Strung Abyss: witness M8 Weight
  Weighted Deep vs Iron Plate: witness M8 Weight
  Weighted Deep vs Chamber Drone: witness M8 Weight
  Weighted Deep vs Ice Shelf: witness M8 Weight
  Weighted Deep vs Hull Ark: witness M8 Weight
  Weighted Deep vs Column Hymn: witness M8 Weight
  Weighted Deep vs Cavern Wall: witness M8 Weight
  Weighted Deep vs Glass Sphere: witness M8 Weight
  Weighted Deep vs Sudden Chasm: witness M8 Weight
  Weighted Deep vs Dead Air: witness M8 Weight
  Weighted Deep vs Abyssal Wind: witness M8 Weight
  Weighted Deep vs Spore Drift: witness M8 Weight
  Weighted Deep vs Steam Vent: witness M8 Weight

Fogbound (primary M9 Fog):
  Fogbound vs Wind Through Basalt: witness M9 Fog
  Fogbound vs Resonant Shaft: witness M9 Fog
  Fogbound vs Smeared Horizon: witness M9 Fog
  Fogbound vs Feedback Mire: witness M9 Fog
  Fogbound vs Tectonic Floor: witness M9 Fog
  Fogbound vs Slow Bloom: witness M9 Fog
  Fogbound vs Colony Pulse: witness M9 Fog
  Fogbound vs Cathedral Void: witness M9 Fog
  Fogbound vs Choir of Absence: witness M9 Fog
  Fogbound vs Hull Resonance: witness M9 Fog
  Fogbound vs Lightless: witness M9 Fog
  Fogbound vs Erosion: witness M9 Fog
  Fogbound vs Crowded Dark: witness M9 Fog
  Fogbound vs Drifting Strata: witness M9 Fog
  Fogbound vs Stone Gravity: witness M9 Fog
  Fogbound vs Entropic Hum: witness M9 Fog
  Fogbound vs Pressure Front: witness M9 Fog
  Fogbound vs Weighted Deep: witness M9 Fog
  Fogbound vs Teeming: witness M9 Fog
  Fogbound vs Endless Descent: witness M9 Fog
  Fogbound vs Monolith: witness M9 Fog
  Fogbound vs Bloom Colony: witness M9 Fog
  Fogbound vs Singing Colony: witness M9 Fog
  Fogbound vs Swarm Breath: witness M9 Fog
  Fogbound vs Feeding Loops: witness M9 Fog
  Fogbound vs Haunted Colony: witness M9 Fog
  Fogbound vs Growth Ring: witness M9 Fog
  Fogbound vs Glass Well: witness M9 Fog
  Fogbound vs Strung Abyss: witness M9 Fog
  Fogbound vs Iron Plate: witness M9 Fog
  Fogbound vs Chamber Drone: witness M9 Fog
  Fogbound vs Ice Shelf: witness M9 Fog
  Fogbound vs Hull Ark: witness M9 Fog
  Fogbound vs Column Hymn: witness M9 Fog
  Fogbound vs Cavern Wall: witness M9 Fog
  Fogbound vs Glass Sphere: witness M9 Fog
  Fogbound vs Sudden Chasm: witness M9 Fog
  Fogbound vs Dead Air: witness M9 Fog
  Fogbound vs Abyssal Wind: witness M9 Fog
  Fogbound vs Spore Drift: witness M9 Fog
  Fogbound vs Steam Vent: witness M9 Fog

Teeming (primary M10 Life):
  Teeming vs Wind Through Basalt: witness M10 Life
  Teeming vs Resonant Shaft: witness M10 Life
  Teeming vs Smeared Horizon: witness M10 Life
  Teeming vs Feedback Mire: witness M10 Life
  Teeming vs Tectonic Floor: witness M10 Life
  Teeming vs Slow Bloom: witness M10 Life
  Teeming vs Colony Pulse: witness M10 Life
  Teeming vs Cathedral Void: witness M10 Life
  Teeming vs Choir of Absence: witness M10 Life
  Teeming vs Hull Resonance: witness M10 Life
  Teeming vs Lightless: witness M10 Life
  Teeming vs Erosion: witness M10 Life
  Teeming vs Crowded Dark: witness M10 Life
  Teeming vs Drifting Strata: witness M10 Life
  Teeming vs Stone Gravity: witness M10 Life
  Teeming vs Entropic Hum: witness M10 Life
  Teeming vs Pressure Front: witness M10 Life
  Teeming vs Weighted Deep: witness M10 Life
  Teeming vs Fogbound: witness M10 Life
  Teeming vs Endless Descent: witness M10 Life
  Teeming vs Monolith: witness M10 Life
  Teeming vs Bloom Colony: witness M10 Life
  Teeming vs Singing Colony: witness M10 Life
  Teeming vs Swarm Breath: witness M10 Life
  Teeming vs Feeding Loops: witness M10 Life
  Teeming vs Haunted Colony: witness M10 Life
  Teeming vs Growth Ring: witness M10 Life
  Teeming vs Glass Well: witness M10 Life
  Teeming vs Strung Abyss: witness M10 Life
  Teeming vs Iron Plate: witness M10 Life
  Teeming vs Chamber Drone: witness M10 Life
  Teeming vs Ice Shelf: witness M10 Life
  Teeming vs Hull Ark: witness M10 Life
  Teeming vs Column Hymn: witness M10 Life
  Teeming vs Cavern Wall: witness M10 Life
  Teeming vs Glass Sphere: witness M10 Life
  Teeming vs Sudden Chasm: witness M10 Life
  Teeming vs Dead Air: witness M10 Life
  Teeming vs Abyssal Wind: witness M10 Life
  Teeming vs Spore Drift: witness M10 Life
  Teeming vs Steam Vent: witness M10 Life

Endless Descent (primary M11 Depth):
  Endless Descent vs Wind Through Basalt: witness M11 Depth
  Endless Descent vs Resonant Shaft: witness M11 Depth
  Endless Descent vs Smeared Horizon: witness M11 Depth
  Endless Descent vs Feedback Mire: witness M11 Depth
  Endless Descent vs Tectonic Floor: witness M11 Depth
  Endless Descent vs Slow Bloom: witness M11 Depth
  Endless Descent vs Colony Pulse: witness M11 Depth
  Endless Descent vs Cathedral Void: witness M11 Depth
  Endless Descent vs Choir of Absence: witness M11 Depth
  Endless Descent vs Hull Resonance: witness M11 Depth
  Endless Descent vs Lightless: witness M11 Depth
  Endless Descent vs Erosion: witness M11 Depth
  Endless Descent vs Crowded Dark: witness M11 Depth
  Endless Descent vs Drifting Strata: witness M11 Depth
  Endless Descent vs Stone Gravity: witness M11 Depth
  Endless Descent vs Entropic Hum: witness M11 Depth
  Endless Descent vs Pressure Front: witness M11 Depth
  Endless Descent vs Weighted Deep: witness M11 Depth
  Endless Descent vs Fogbound: witness M11 Depth
  Endless Descent vs Teeming: witness M11 Depth
  Endless Descent vs Monolith: witness M11 Depth
  Endless Descent vs Bloom Colony: witness M11 Depth
  Endless Descent vs Singing Colony: witness M11 Depth
  Endless Descent vs Swarm Breath: witness M11 Depth
  Endless Descent vs Feeding Loops: witness M11 Depth
  Endless Descent vs Haunted Colony: witness M11 Depth
  Endless Descent vs Growth Ring: witness M11 Depth
  Endless Descent vs Glass Well: witness M11 Depth
  Endless Descent vs Strung Abyss: witness M11 Depth
  Endless Descent vs Iron Plate: witness M11 Depth
  Endless Descent vs Chamber Drone: witness M11 Depth
  Endless Descent vs Ice Shelf: witness M11 Depth
  Endless Descent vs Hull Ark: witness M11 Depth
  Endless Descent vs Column Hymn: witness M11 Depth
  Endless Descent vs Cavern Wall: witness M11 Depth
  Endless Descent vs Glass Sphere: witness M11 Depth
  Endless Descent vs Sudden Chasm: witness M11 Depth
  Endless Descent vs Dead Air: witness M11 Depth
  Endless Descent vs Abyssal Wind: witness M11 Depth
  Endless Descent vs Spore Drift: witness M11 Depth
  Endless Descent vs Steam Vent: witness M11 Depth

Monolith (primary M12 Mass):
  Monolith vs Wind Through Basalt: witness M12 Mass
  Monolith vs Resonant Shaft: witness M12 Mass
  Monolith vs Smeared Horizon: witness M12 Mass
  Monolith vs Feedback Mire: witness M12 Mass
  Monolith vs Tectonic Floor: witness M12 Mass
  Monolith vs Slow Bloom: witness M12 Mass
  Monolith vs Colony Pulse: witness M12 Mass
  Monolith vs Cathedral Void: witness M12 Mass
  Monolith vs Choir of Absence: witness M12 Mass
  Monolith vs Hull Resonance: witness M12 Mass
  Monolith vs Lightless: witness M12 Mass
  Monolith vs Erosion: witness M12 Mass
  Monolith vs Crowded Dark: witness M12 Mass
  Monolith vs Drifting Strata: witness M12 Mass
  Monolith vs Stone Gravity: witness M12 Mass
  Monolith vs Entropic Hum: witness M12 Mass
  Monolith vs Pressure Front: witness M12 Mass
  Monolith vs Weighted Deep: witness M12 Mass
  Monolith vs Fogbound: witness M12 Mass
  Monolith vs Teeming: witness M12 Mass
  Monolith vs Endless Descent: witness M12 Mass
  Monolith vs Bloom Colony: witness M12 Mass
  Monolith vs Singing Colony: witness M12 Mass
  Monolith vs Swarm Breath: witness M12 Mass
  Monolith vs Feeding Loops: witness M12 Mass
  Monolith vs Haunted Colony: witness M12 Mass
  Monolith vs Growth Ring: witness M12 Mass
  Monolith vs Glass Well: witness M12 Mass
  Monolith vs Strung Abyss: witness M12 Mass
  Monolith vs Iron Plate: witness M12 Mass
  Monolith vs Chamber Drone: witness M12 Mass
  Monolith vs Ice Shelf: witness M12 Mass
  Monolith vs Hull Ark: witness M12 Mass
  Monolith vs Column Hymn: witness M12 Mass
  Monolith vs Cavern Wall: witness M12 Mass
  Monolith vs Glass Sphere: witness M12 Mass
  Monolith vs Sudden Chasm: witness M12 Mass
  Monolith vs Dead Air: witness M12 Mass
  Monolith vs Abyssal Wind: witness M12 Mass
  Monolith vs Spore Drift: witness M12 Mass
  Monolith vs Steam Vent: witness M12 Mass

Bloom Colony (primary E1 partial -> bloom):
  Bloom Colony vs Wind Through Basalt: witness E1 partial -> bloom
  Bloom Colony vs Resonant Shaft: witness E1 partial -> bloom
  Bloom Colony vs Smeared Horizon: witness E1 partial -> bloom
  Bloom Colony vs Feedback Mire: witness E1 partial -> bloom
  Bloom Colony vs Tectonic Floor: witness E1 partial -> bloom
  Bloom Colony vs Slow Bloom: witness E1 partial -> bloom
  Bloom Colony vs Colony Pulse: witness E1 partial -> bloom
  Bloom Colony vs Cathedral Void: witness E1 partial -> bloom
  Bloom Colony vs Choir of Absence: witness E1 partial -> bloom
  Bloom Colony vs Hull Resonance: witness E1 partial -> bloom
  Bloom Colony vs Lightless: witness E1 partial -> bloom
  Bloom Colony vs Erosion: witness E1 partial -> bloom
  Bloom Colony vs Crowded Dark: witness E1 partial -> bloom
  Bloom Colony vs Drifting Strata: witness E1 partial -> bloom
  Bloom Colony vs Stone Gravity: witness E1 partial -> bloom
  Bloom Colony vs Entropic Hum: witness E1 partial -> bloom
  Bloom Colony vs Pressure Front: witness E1 partial -> bloom
  Bloom Colony vs Weighted Deep: witness E1 partial -> bloom
  Bloom Colony vs Fogbound: witness E1 partial -> bloom
  Bloom Colony vs Teeming: witness E1 partial -> bloom
  Bloom Colony vs Endless Descent: witness E1 partial -> bloom
  Bloom Colony vs Monolith: witness E1 partial -> bloom
  Bloom Colony vs Singing Colony: witness E1 partial -> bloom
  Bloom Colony vs Swarm Breath: witness E1 partial -> bloom
  Bloom Colony vs Feeding Loops: witness E1 partial -> bloom
  Bloom Colony vs Haunted Colony: witness E1 partial -> bloom
  Bloom Colony vs Growth Ring: witness E1 partial -> bloom
  Bloom Colony vs Glass Well: witness E1 partial -> bloom
  Bloom Colony vs Strung Abyss: witness E1 partial -> bloom
  Bloom Colony vs Iron Plate: witness E1 partial -> bloom
  Bloom Colony vs Chamber Drone: witness E1 partial -> bloom
  Bloom Colony vs Ice Shelf: witness E1 partial -> bloom
  Bloom Colony vs Hull Ark: witness E1 partial -> bloom
  Bloom Colony vs Column Hymn: witness E1 partial -> bloom
  Bloom Colony vs Cavern Wall: witness E1 partial -> bloom
  Bloom Colony vs Glass Sphere: witness E1 partial -> bloom
  Bloom Colony vs Sudden Chasm: witness E1 partial -> bloom
  Bloom Colony vs Dead Air: witness E1 partial -> bloom
  Bloom Colony vs Abyssal Wind: witness E1 partial -> bloom
  Bloom Colony vs Spore Drift: witness E1 partial -> bloom
  Bloom Colony vs Steam Vent: witness E1 partial -> bloom

Singing Colony (primary E2 resonator -> resonance peaks):
  Singing Colony vs Wind Through Basalt: witness E2 resonator -> resonance peaks
  Singing Colony vs Resonant Shaft: witness E2 resonator -> resonance peaks
  Singing Colony vs Smeared Horizon: witness E2 resonator -> resonance peaks
  Singing Colony vs Feedback Mire: witness E2 resonator -> resonance peaks
  Singing Colony vs Tectonic Floor: witness D5.1 anchor Free
  Singing Colony vs Slow Bloom: witness E2 resonator -> resonance peaks
  Singing Colony vs Colony Pulse: witness D5.1 anchor Free
  Singing Colony vs Cathedral Void: witness E2 resonator -> resonance peaks
  Singing Colony vs Choir of Absence: witness D5.1 anchor Free
  Singing Colony vs Hull Resonance: witness E2 resonator -> resonance peaks
  Singing Colony vs Lightless: witness D5.1 anchor Free
  Singing Colony vs Erosion: witness E2 resonator -> resonance peaks
  Singing Colony vs Crowded Dark: witness D5.1 anchor Free
  Singing Colony vs Drifting Strata: witness D5.1 anchor Free
  Singing Colony vs Stone Gravity: witness E2 resonator -> resonance peaks
  Singing Colony vs Entropic Hum: witness E2 resonator -> resonance peaks
  Singing Colony vs Pressure Front: witness E2 resonator -> resonance peaks
  Singing Colony vs Weighted Deep: witness D5.1 anchor Free
  Singing Colony vs Fogbound: witness E2 resonator -> resonance peaks
  Singing Colony vs Teeming: witness E2 resonator -> resonance peaks
  Singing Colony vs Endless Descent: witness E2 resonator -> resonance peaks
  Singing Colony vs Monolith: witness E2 resonator -> resonance peaks
  Singing Colony vs Bloom Colony: witness E2 resonator -> resonance peaks
  Singing Colony vs Swarm Breath: witness E2 resonator -> resonance peaks
  Singing Colony vs Feeding Loops: witness E2 resonator -> resonance peaks
  Singing Colony vs Haunted Colony: witness E2 resonator -> resonance peaks
  Singing Colony vs Growth Ring: witness E2 resonator -> resonance peaks
  Singing Colony vs Glass Well: witness E2 resonator -> resonance peaks
  Singing Colony vs Strung Abyss: witness E2 resonator -> resonance peaks
  Singing Colony vs Iron Plate: witness E2 resonator -> resonance peaks
  Singing Colony vs Chamber Drone: witness E2 resonator -> resonance peaks
  Singing Colony vs Ice Shelf: witness E2 resonator -> resonance peaks
  Singing Colony vs Hull Ark: witness E2 resonator -> resonance peaks
  Singing Colony vs Column Hymn: witness E2 resonator -> resonance peaks
  Singing Colony vs Cavern Wall: witness E2 resonator -> resonance peaks
  Singing Colony vs Glass Sphere: witness E2 resonator -> resonance peaks
  Singing Colony vs Sudden Chasm: witness E2 resonator -> resonance peaks
  Singing Colony vs Dead Air: witness E2 resonator -> resonance peaks
  Singing Colony vs Abyssal Wind: witness E2 resonator -> resonance peaks
  Singing Colony vs Spore Drift: witness E2 resonator -> resonance peaks
  Singing Colony vs Steam Vent: witness E2 resonator -> resonance peaks

Swarm Breath (primary E3 noise -> noise wake):
  Swarm Breath vs Wind Through Basalt: witness D3.4 noise model MetallicHiss
  Swarm Breath vs Resonant Shaft: witness E3 noise -> noise wake
  Swarm Breath vs Smeared Horizon: witness E3 noise -> noise wake
  Swarm Breath vs Feedback Mire: witness E3 noise -> noise wake
  Swarm Breath vs Tectonic Floor: witness E3 noise -> noise wake
  Swarm Breath vs Slow Bloom: witness E3 noise -> noise wake
  Swarm Breath vs Colony Pulse: witness D4.7 noise type Blue
  Swarm Breath vs Cathedral Void: witness E3 noise -> noise wake
  Swarm Breath vs Choir of Absence: witness E3 noise -> noise wake
  Swarm Breath vs Hull Resonance: witness E3 noise -> noise wake
  Swarm Breath vs Lightless: witness D4.7 noise type Blue
  Swarm Breath vs Erosion: witness E3 noise -> noise wake
  Swarm Breath vs Crowded Dark: witness D4.7 noise type Blue
  Swarm Breath vs Drifting Strata: witness E3 noise -> noise wake
  Swarm Breath vs Stone Gravity: witness E3 noise -> noise wake
  Swarm Breath vs Entropic Hum: witness E3 noise -> noise wake
  Swarm Breath vs Pressure Front: witness E3 noise -> noise wake
  Swarm Breath vs Weighted Deep: witness E3 noise -> noise wake
  Swarm Breath vs Fogbound: witness E3 noise -> noise wake
  Swarm Breath vs Teeming: witness E3 noise -> noise wake
  Swarm Breath vs Endless Descent: witness E3 noise -> noise wake
  Swarm Breath vs Monolith: witness E3 noise -> noise wake
  Swarm Breath vs Bloom Colony: witness E3 noise -> noise wake
  Swarm Breath vs Singing Colony: witness E3 noise -> noise wake
  Swarm Breath vs Feeding Loops: witness E3 noise -> noise wake
  Swarm Breath vs Haunted Colony: witness E3 noise -> noise wake
  Swarm Breath vs Growth Ring: witness E3 noise -> noise wake
  Swarm Breath vs Glass Well: witness E3 noise -> noise wake
  Swarm Breath vs Strung Abyss: witness E3 noise -> noise wake
  Swarm Breath vs Iron Plate: witness E3 noise -> noise wake
  Swarm Breath vs Chamber Drone: witness E3 noise -> noise wake
  Swarm Breath vs Ice Shelf: witness E3 noise -> noise wake
  Swarm Breath vs Hull Ark: witness E3 noise -> noise wake
  Swarm Breath vs Column Hymn: witness E3 noise -> noise wake
  Swarm Breath vs Cavern Wall: witness E3 noise -> noise wake
  Swarm Breath vs Glass Sphere: witness E3 noise -> noise wake
  Swarm Breath vs Sudden Chasm: witness E3 noise -> noise wake
  Swarm Breath vs Dead Air: witness E3 noise -> noise wake
  Swarm Breath vs Abyssal Wind: witness E3 noise -> noise wake
  Swarm Breath vs Spore Drift: witness E3 noise -> noise wake
  Swarm Breath vs Steam Vent: witness E3 noise -> noise wake

Feeding Loops (primary E4 feedback -> loop wake):
  Feeding Loops vs Wind Through Basalt: witness E4 feedback -> loop wake
  Feeding Loops vs Resonant Shaft: witness E4 feedback -> loop wake
  Feeding Loops vs Smeared Horizon: witness E4 feedback -> loop wake
  Feeding Loops vs Feedback Mire: witness E4 feedback -> loop wake
  Feeding Loops vs Tectonic Floor: witness E4 feedback -> loop wake
  Feeding Loops vs Slow Bloom: witness E4 feedback -> loop wake
  Feeding Loops vs Colony Pulse: witness E4 feedback -> loop wake
  Feeding Loops vs Cathedral Void: witness E4 feedback -> loop wake
  Feeding Loops vs Choir of Absence: witness E4 feedback -> loop wake
  Feeding Loops vs Hull Resonance: witness E4 feedback -> loop wake
  Feeding Loops vs Lightless: witness E4 feedback -> loop wake
  Feeding Loops vs Erosion: witness E4 feedback -> loop wake
  Feeding Loops vs Crowded Dark: witness E4 feedback -> loop wake
  Feeding Loops vs Drifting Strata: witness E4 feedback -> loop wake
  Feeding Loops vs Stone Gravity: witness E4 feedback -> loop wake
  Feeding Loops vs Entropic Hum: witness E4 feedback -> loop wake
  Feeding Loops vs Pressure Front: witness E4 feedback -> loop wake
  Feeding Loops vs Weighted Deep: witness E4 feedback -> loop wake
  Feeding Loops vs Fogbound: witness E4 feedback -> loop wake
  Feeding Loops vs Teeming: witness E4 feedback -> loop wake
  Feeding Loops vs Endless Descent: witness E4 feedback -> loop wake
  Feeding Loops vs Monolith: witness E4 feedback -> loop wake
  Feeding Loops vs Bloom Colony: witness E4 feedback -> loop wake
  Feeding Loops vs Singing Colony: witness E4 feedback -> loop wake
  Feeding Loops vs Swarm Breath: witness E4 feedback -> loop wake
  Feeding Loops vs Haunted Colony: witness E4 feedback -> loop wake
  Feeding Loops vs Growth Ring: witness E4 feedback -> loop wake
  Feeding Loops vs Glass Well: witness E4 feedback -> loop wake
  Feeding Loops vs Strung Abyss: witness E4 feedback -> loop wake
  Feeding Loops vs Iron Plate: witness E4 feedback -> loop wake
  Feeding Loops vs Chamber Drone: witness E4 feedback -> loop wake
  Feeding Loops vs Ice Shelf: witness E4 feedback -> loop wake
  Feeding Loops vs Hull Ark: witness E4 feedback -> loop wake
  Feeding Loops vs Column Hymn: witness E4 feedback -> loop wake
  Feeding Loops vs Cavern Wall: witness E4 feedback -> loop wake
  Feeding Loops vs Glass Sphere: witness E4 feedback -> loop wake
  Feeding Loops vs Sudden Chasm: witness E4 feedback -> loop wake
  Feeding Loops vs Dead Air: witness E4 feedback -> loop wake
  Feeding Loops vs Abyssal Wind: witness E4 feedback -> loop wake
  Feeding Loops vs Spore Drift: witness E4 feedback -> loop wake
  Feeding Loops vs Steam Vent: witness E4 feedback -> loop wake

Haunted Colony (primary E5 ghost -> ghost bursts):
  Haunted Colony vs Wind Through Basalt: witness D12.1 ghost event triggers on
  Haunted Colony vs Resonant Shaft: witness E5 ghost -> ghost bursts
  Haunted Colony vs Smeared Horizon: witness E5 ghost -> ghost bursts
  Haunted Colony vs Feedback Mire: witness E5 ghost -> ghost bursts
  Haunted Colony vs Tectonic Floor: witness E5 ghost -> ghost bursts
  Haunted Colony vs Slow Bloom: witness D12.1 ghost event triggers on
  Haunted Colony vs Colony Pulse: witness D12.1 ghost event triggers on
  Haunted Colony vs Cathedral Void: witness E5 ghost -> ghost bursts
  Haunted Colony vs Choir of Absence: witness E5 ghost -> ghost bursts
  Haunted Colony vs Hull Resonance: witness E5 ghost -> ghost bursts
  Haunted Colony vs Lightless: witness E5 ghost -> ghost bursts
  Haunted Colony vs Erosion: witness E5 ghost -> ghost bursts
  Haunted Colony vs Crowded Dark: witness D12.1 ghost event triggers on
  Haunted Colony vs Drifting Strata: witness D12.1 ghost event triggers on
  Haunted Colony vs Stone Gravity: witness E5 ghost -> ghost bursts
  Haunted Colony vs Entropic Hum: witness E5 ghost -> ghost bursts
  Haunted Colony vs Pressure Front: witness E5 ghost -> ghost bursts
  Haunted Colony vs Weighted Deep: witness D12.1 ghost event triggers on
  Haunted Colony vs Fogbound: witness E5 ghost -> ghost bursts
  Haunted Colony vs Teeming: witness E5 ghost -> ghost bursts
  Haunted Colony vs Endless Descent: witness D12.1 ghost event triggers on
  Haunted Colony vs Monolith: witness E5 ghost -> ghost bursts
  Haunted Colony vs Bloom Colony: witness E5 ghost -> ghost bursts
  Haunted Colony vs Singing Colony: witness E5 ghost -> ghost bursts
  Haunted Colony vs Swarm Breath: witness E5 ghost -> ghost bursts
  Haunted Colony vs Feeding Loops: witness E5 ghost -> ghost bursts
  Haunted Colony vs Growth Ring: witness E5 ghost -> ghost bursts
  Haunted Colony vs Glass Well: witness E5 ghost -> ghost bursts
  Haunted Colony vs Strung Abyss: witness E5 ghost -> ghost bursts
  Haunted Colony vs Iron Plate: witness E5 ghost -> ghost bursts
  Haunted Colony vs Chamber Drone: witness E5 ghost -> ghost bursts
  Haunted Colony vs Ice Shelf: witness E5 ghost -> ghost bursts
  Haunted Colony vs Hull Ark: witness E5 ghost -> ghost bursts
  Haunted Colony vs Column Hymn: witness E5 ghost -> ghost bursts
  Haunted Colony vs Cavern Wall: witness E5 ghost -> ghost bursts
  Haunted Colony vs Glass Sphere: witness E5 ghost -> ghost bursts
  Haunted Colony vs Sudden Chasm: witness E5 ghost -> ghost bursts
  Haunted Colony vs Dead Air: witness E5 ghost -> ghost bursts
  Haunted Colony vs Abyssal Wind: witness E5 ghost -> ghost bursts
  Haunted Colony vs Spore Drift: witness E5 ghost -> ghost bursts
  Haunted Colony vs Steam Vent: witness E5 ghost -> ghost bursts

Growth Ring (primary D8.2 envelope Growth):
  Growth Ring vs Wind Through Basalt: witness D8.2 envelope Growth
  Growth Ring vs Resonant Shaft: witness D8.2 envelope Growth
  Growth Ring vs Smeared Horizon: witness D8.2 envelope Growth
  Growth Ring vs Feedback Mire: witness D8.2 envelope Growth
  Growth Ring vs Tectonic Floor: witness D8.2 envelope Growth
  Growth Ring vs Slow Bloom: witness D8.2 envelope Growth
  Growth Ring vs Colony Pulse: witness D8.2 envelope Growth
  Growth Ring vs Cathedral Void: witness D8.2 envelope Growth
  Growth Ring vs Choir of Absence: witness D8.2 envelope Growth
  Growth Ring vs Hull Resonance: witness D8.2 envelope Growth
  Growth Ring vs Lightless: witness D8.2 envelope Growth
  Growth Ring vs Erosion: witness D8.2 envelope Growth
  Growth Ring vs Crowded Dark: witness D8.2 envelope Growth
  Growth Ring vs Drifting Strata: witness D8.2 envelope Growth
  Growth Ring vs Stone Gravity: witness D8.2 envelope Growth
  Growth Ring vs Entropic Hum: witness D8.2 envelope Growth
  Growth Ring vs Pressure Front: witness D8.2 envelope Growth
  Growth Ring vs Weighted Deep: witness D8.2 envelope Growth
  Growth Ring vs Fogbound: witness D8.2 envelope Growth
  Growth Ring vs Teeming: witness D8.2 envelope Growth
  Growth Ring vs Endless Descent: witness D8.2 envelope Growth
  Growth Ring vs Monolith: witness D8.2 envelope Growth
  Growth Ring vs Bloom Colony: witness D8.2 envelope Growth
  Growth Ring vs Singing Colony: witness D8.2 envelope Growth
  Growth Ring vs Swarm Breath: witness D8.2 envelope Growth
  Growth Ring vs Feeding Loops: witness D8.2 envelope Growth
  Growth Ring vs Haunted Colony: witness D8.2 envelope Growth
  Growth Ring vs Glass Well: witness D8.2 envelope Growth
  Growth Ring vs Strung Abyss: witness D8.2 envelope Growth
  Growth Ring vs Iron Plate: witness D8.2 envelope Growth
  Growth Ring vs Chamber Drone: witness D8.2 envelope Growth
  Growth Ring vs Ice Shelf: witness D8.2 envelope Growth
  Growth Ring vs Hull Ark: witness D8.2 envelope Growth
  Growth Ring vs Column Hymn: witness D8.2 envelope Growth
  Growth Ring vs Cavern Wall: witness D8.2 envelope Growth
  Growth Ring vs Glass Sphere: witness D8.2 envelope Growth
  Growth Ring vs Sudden Chasm: witness D8.2 envelope Growth
  Growth Ring vs Dead Air: witness D8.2 envelope Growth
  Growth Ring vs Abyssal Wind: witness D8.2 envelope Growth
  Growth Ring vs Spore Drift: witness D8.2 envelope Growth
  Growth Ring vs Steam Vent: witness D8.2 envelope Growth

Glass Well (primary D1.1 material Glass):
  Glass Well vs Wind Through Basalt: witness D1.1 material Glass
  Glass Well vs Resonant Shaft: witness D1.1 material Glass
  Glass Well vs Smeared Horizon: witness D1.1 material Glass
  Glass Well vs Feedback Mire: witness D1.1 material Glass
  Glass Well vs Tectonic Floor: witness D1.1 material Glass
  Glass Well vs Slow Bloom: witness D1.1 material Glass
  Glass Well vs Colony Pulse: witness D1.1 material Glass
  Glass Well vs Cathedral Void: witness D1.1 material Glass
  Glass Well vs Choir of Absence: witness D1.1 material Glass
  Glass Well vs Hull Resonance: witness D1.1 material Glass
  Glass Well vs Lightless: witness D1.1 material Glass
  Glass Well vs Erosion: witness D1.1 material Glass
  Glass Well vs Crowded Dark: witness D1.1 material Glass
  Glass Well vs Drifting Strata: witness D1.1 material Glass
  Glass Well vs Stone Gravity: witness D1.1 material Glass
  Glass Well vs Entropic Hum: witness D1.1 material Glass
  Glass Well vs Pressure Front: witness D1.1 material Glass
  Glass Well vs Weighted Deep: witness D1.1 material Glass
  Glass Well vs Fogbound: witness D1.1 material Glass
  Glass Well vs Teeming: witness D1.1 material Glass
  Glass Well vs Endless Descent: witness D1.1 material Glass
  Glass Well vs Monolith: witness D1.1 material Glass
  Glass Well vs Bloom Colony: witness D1.1 material Glass
  Glass Well vs Singing Colony: witness D1.1 material Glass
  Glass Well vs Swarm Breath: witness D1.1 material Glass
  Glass Well vs Feeding Loops: witness D1.1 material Glass
  Glass Well vs Haunted Colony: witness D1.1 material Glass
  Glass Well vs Growth Ring: witness D1.1 material Glass
  Glass Well vs Strung Abyss: witness D1.1 material Glass
  Glass Well vs Iron Plate: witness D1.1 material Glass
  Glass Well vs Chamber Drone: witness D1.1 material Glass
  Glass Well vs Ice Shelf: witness D1.1 material Glass
  Glass Well vs Hull Ark: witness D1.1 material Glass
  Glass Well vs Column Hymn: witness D1.1 material Glass
  Glass Well vs Cavern Wall: witness D1.1 material Glass
  Glass Well vs Glass Sphere: witness D1.1 material Glass
  Glass Well vs Sudden Chasm: witness D1.1 material Glass
  Glass Well vs Dead Air: witness D1.1 material Glass
  Glass Well vs Abyssal Wind: witness D1.1 material Glass
  Glass Well vs Spore Drift: witness D1.1 material Glass
  Glass Well vs Steam Vent: witness D1.1 material Glass

Strung Abyss (primary D1.2 material Strings):
  Strung Abyss vs Wind Through Basalt: witness D1.2 material Strings
  Strung Abyss vs Resonant Shaft: witness D1.2 material Strings
  Strung Abyss vs Smeared Horizon: witness D1.2 material Strings
  Strung Abyss vs Feedback Mire: witness D1.2 material Strings
  Strung Abyss vs Tectonic Floor: witness D1.2 material Strings
  Strung Abyss vs Slow Bloom: witness D1.2 material Strings
  Strung Abyss vs Colony Pulse: witness D1.2 material Strings
  Strung Abyss vs Cathedral Void: witness D1.2 material Strings
  Strung Abyss vs Choir of Absence: witness D1.2 material Strings
  Strung Abyss vs Hull Resonance: witness D1.2 material Strings
  Strung Abyss vs Lightless: witness D1.2 material Strings
  Strung Abyss vs Erosion: witness D1.2 material Strings
  Strung Abyss vs Crowded Dark: witness D1.2 material Strings
  Strung Abyss vs Drifting Strata: witness D1.2 material Strings
  Strung Abyss vs Stone Gravity: witness D1.2 material Strings
  Strung Abyss vs Entropic Hum: witness D1.2 material Strings
  Strung Abyss vs Pressure Front: witness D1.2 material Strings
  Strung Abyss vs Weighted Deep: witness D1.2 material Strings
  Strung Abyss vs Fogbound: witness D1.2 material Strings
  Strung Abyss vs Teeming: witness D1.2 material Strings
  Strung Abyss vs Endless Descent: witness D1.2 material Strings
  Strung Abyss vs Monolith: witness D1.2 material Strings
  Strung Abyss vs Bloom Colony: witness D1.2 material Strings
  Strung Abyss vs Singing Colony: witness D1.2 material Strings
  Strung Abyss vs Swarm Breath: witness D1.2 material Strings
  Strung Abyss vs Feeding Loops: witness D1.2 material Strings
  Strung Abyss vs Haunted Colony: witness D1.2 material Strings
  Strung Abyss vs Growth Ring: witness D1.2 material Strings
  Strung Abyss vs Glass Well: witness D1.2 material Strings
  Strung Abyss vs Iron Plate: witness D1.2 material Strings
  Strung Abyss vs Chamber Drone: witness D1.2 material Strings
  Strung Abyss vs Ice Shelf: witness D1.2 material Strings
  Strung Abyss vs Hull Ark: witness D1.2 material Strings
  Strung Abyss vs Column Hymn: witness D1.2 material Strings
  Strung Abyss vs Cavern Wall: witness D1.2 material Strings
  Strung Abyss vs Glass Sphere: witness D1.2 material Strings
  Strung Abyss vs Sudden Chasm: witness D1.2 material Strings
  Strung Abyss vs Dead Air: witness D1.2 material Strings
  Strung Abyss vs Abyssal Wind: witness D1.2 material Strings
  Strung Abyss vs Spore Drift: witness D1.2 material Strings
  Strung Abyss vs Steam Vent: witness D1.2 material Strings

Iron Plate (primary D1.3 material MetalPlate):
  Iron Plate vs Wind Through Basalt: witness D1.3 material MetalPlate
  Iron Plate vs Resonant Shaft: witness D1.3 material MetalPlate
  Iron Plate vs Smeared Horizon: witness D1.3 material MetalPlate
  Iron Plate vs Feedback Mire: witness D1.3 material MetalPlate
  Iron Plate vs Tectonic Floor: witness D1.3 material MetalPlate
  Iron Plate vs Slow Bloom: witness D1.3 material MetalPlate
  Iron Plate vs Colony Pulse: witness D1.3 material MetalPlate
  Iron Plate vs Cathedral Void: witness D1.3 material MetalPlate
  Iron Plate vs Choir of Absence: witness D1.3 material MetalPlate
  Iron Plate vs Hull Resonance: witness D1.3 material MetalPlate
  Iron Plate vs Lightless: witness D1.3 material MetalPlate
  Iron Plate vs Erosion: witness D1.3 material MetalPlate
  Iron Plate vs Crowded Dark: witness D1.3 material MetalPlate
  Iron Plate vs Drifting Strata: witness D1.3 material MetalPlate
  Iron Plate vs Stone Gravity: witness D1.3 material MetalPlate
  Iron Plate vs Entropic Hum: witness D1.3 material MetalPlate
  Iron Plate vs Pressure Front: witness D1.3 material MetalPlate
  Iron Plate vs Weighted Deep: witness D1.3 material MetalPlate
  Iron Plate vs Fogbound: witness D1.3 material MetalPlate
  Iron Plate vs Teeming: witness D1.3 material MetalPlate
  Iron Plate vs Endless Descent: witness D1.3 material MetalPlate
  Iron Plate vs Monolith: witness D1.3 material MetalPlate
  Iron Plate vs Bloom Colony: witness D1.3 material MetalPlate
  Iron Plate vs Singing Colony: witness D1.3 material MetalPlate
  Iron Plate vs Swarm Breath: witness D1.3 material MetalPlate
  Iron Plate vs Feeding Loops: witness D1.3 material MetalPlate
  Iron Plate vs Haunted Colony: witness D1.3 material MetalPlate
  Iron Plate vs Growth Ring: witness D1.3 material MetalPlate
  Iron Plate vs Glass Well: witness D1.3 material MetalPlate
  Iron Plate vs Strung Abyss: witness D1.3 material MetalPlate
  Iron Plate vs Chamber Drone: witness D1.3 material MetalPlate
  Iron Plate vs Ice Shelf: witness D1.3 material MetalPlate
  Iron Plate vs Hull Ark: witness D1.3 material MetalPlate
  Iron Plate vs Column Hymn: witness D1.3 material MetalPlate
  Iron Plate vs Cavern Wall: witness D1.3 material MetalPlate
  Iron Plate vs Glass Sphere: witness D1.3 material MetalPlate
  Iron Plate vs Sudden Chasm: witness D1.3 material MetalPlate
  Iron Plate vs Dead Air: witness D1.3 material MetalPlate
  Iron Plate vs Abyssal Wind: witness D1.3 material MetalPlate
  Iron Plate vs Spore Drift: witness D1.3 material MetalPlate
  Iron Plate vs Steam Vent: witness D1.3 material MetalPlate

Chamber Drone (primary D1.4 material Chamber):
  Chamber Drone vs Wind Through Basalt: witness D1.4 material Chamber
  Chamber Drone vs Resonant Shaft: witness D1.4 material Chamber
  Chamber Drone vs Smeared Horizon: witness D1.4 material Chamber
  Chamber Drone vs Feedback Mire: witness D1.4 material Chamber
  Chamber Drone vs Tectonic Floor: witness D1.4 material Chamber
  Chamber Drone vs Slow Bloom: witness D1.4 material Chamber
  Chamber Drone vs Colony Pulse: witness D1.4 material Chamber
  Chamber Drone vs Cathedral Void: witness D1.4 material Chamber
  Chamber Drone vs Choir of Absence: witness D1.4 material Chamber
  Chamber Drone vs Hull Resonance: witness D1.4 material Chamber
  Chamber Drone vs Lightless: witness D1.4 material Chamber
  Chamber Drone vs Erosion: witness D1.4 material Chamber
  Chamber Drone vs Crowded Dark: witness D1.4 material Chamber
  Chamber Drone vs Drifting Strata: witness D1.4 material Chamber
  Chamber Drone vs Stone Gravity: witness D1.4 material Chamber
  Chamber Drone vs Entropic Hum: witness D1.4 material Chamber
  Chamber Drone vs Pressure Front: witness D1.4 material Chamber
  Chamber Drone vs Weighted Deep: witness D1.4 material Chamber
  Chamber Drone vs Fogbound: witness D1.4 material Chamber
  Chamber Drone vs Teeming: witness D1.4 material Chamber
  Chamber Drone vs Endless Descent: witness D1.4 material Chamber
  Chamber Drone vs Monolith: witness D1.4 material Chamber
  Chamber Drone vs Bloom Colony: witness D1.4 material Chamber
  Chamber Drone vs Singing Colony: witness D1.4 material Chamber
  Chamber Drone vs Swarm Breath: witness D1.4 material Chamber
  Chamber Drone vs Feeding Loops: witness D1.4 material Chamber
  Chamber Drone vs Haunted Colony: witness D1.4 material Chamber
  Chamber Drone vs Growth Ring: witness D1.4 material Chamber
  Chamber Drone vs Glass Well: witness D1.4 material Chamber
  Chamber Drone vs Strung Abyss: witness D1.4 material Chamber
  Chamber Drone vs Iron Plate: witness D1.4 material Chamber
  Chamber Drone vs Ice Shelf: witness D1.4 material Chamber
  Chamber Drone vs Hull Ark: witness D1.4 material Chamber
  Chamber Drone vs Column Hymn: witness D1.4 material Chamber
  Chamber Drone vs Cavern Wall: witness D1.4 material Chamber
  Chamber Drone vs Glass Sphere: witness D1.4 material Chamber
  Chamber Drone vs Sudden Chasm: witness D1.4 material Chamber
  Chamber Drone vs Dead Air: witness D1.4 material Chamber
  Chamber Drone vs Abyssal Wind: witness D1.4 material Chamber
  Chamber Drone vs Spore Drift: witness D1.4 material Chamber
  Chamber Drone vs Steam Vent: witness D1.4 material Chamber

Ice Shelf (primary D1.5 material Ice):
  Ice Shelf vs Wind Through Basalt: witness D1.5 material Ice
  Ice Shelf vs Resonant Shaft: witness D1.5 material Ice
  Ice Shelf vs Smeared Horizon: witness D1.5 material Ice
  Ice Shelf vs Feedback Mire: witness D1.5 material Ice
  Ice Shelf vs Tectonic Floor: witness D1.5 material Ice
  Ice Shelf vs Slow Bloom: witness D1.5 material Ice
  Ice Shelf vs Colony Pulse: witness D1.5 material Ice
  Ice Shelf vs Cathedral Void: witness D1.5 material Ice
  Ice Shelf vs Choir of Absence: witness D1.5 material Ice
  Ice Shelf vs Hull Resonance: witness D1.5 material Ice
  Ice Shelf vs Lightless: witness D1.5 material Ice
  Ice Shelf vs Erosion: witness D1.5 material Ice
  Ice Shelf vs Crowded Dark: witness D1.5 material Ice
  Ice Shelf vs Drifting Strata: witness D1.5 material Ice
  Ice Shelf vs Stone Gravity: witness D1.5 material Ice
  Ice Shelf vs Entropic Hum: witness D1.5 material Ice
  Ice Shelf vs Pressure Front: witness D1.5 material Ice
  Ice Shelf vs Weighted Deep: witness D1.5 material Ice
  Ice Shelf vs Fogbound: witness D1.5 material Ice
  Ice Shelf vs Teeming: witness D1.5 material Ice
  Ice Shelf vs Endless Descent: witness D1.5 material Ice
  Ice Shelf vs Monolith: witness D1.5 material Ice
  Ice Shelf vs Bloom Colony: witness D1.5 material Ice
  Ice Shelf vs Singing Colony: witness D1.5 material Ice
  Ice Shelf vs Swarm Breath: witness D1.5 material Ice
  Ice Shelf vs Feeding Loops: witness D1.5 material Ice
  Ice Shelf vs Haunted Colony: witness D1.5 material Ice
  Ice Shelf vs Growth Ring: witness D1.5 material Ice
  Ice Shelf vs Glass Well: witness D1.5 material Ice
  Ice Shelf vs Strung Abyss: witness D1.5 material Ice
  Ice Shelf vs Iron Plate: witness D1.5 material Ice
  Ice Shelf vs Chamber Drone: witness D1.5 material Ice
  Ice Shelf vs Hull Ark: witness D1.5 material Ice
  Ice Shelf vs Column Hymn: witness D1.5 material Ice
  Ice Shelf vs Cavern Wall: witness D1.5 material Ice
  Ice Shelf vs Glass Sphere: witness D1.5 material Ice
  Ice Shelf vs Sudden Chasm: witness D1.5 material Ice
  Ice Shelf vs Dead Air: witness D1.5 material Ice
  Ice Shelf vs Abyssal Wind: witness D1.5 material Ice
  Ice Shelf vs Spore Drift: witness D1.5 material Ice
  Ice Shelf vs Steam Vent: witness D1.5 material Ice

Hull Ark (primary D1.8 material WoodenHull):
  Hull Ark vs Wind Through Basalt: witness D1.8 material WoodenHull
  Hull Ark vs Resonant Shaft: witness D1.8 material WoodenHull
  Hull Ark vs Smeared Horizon: witness D1.8 material WoodenHull
  Hull Ark vs Feedback Mire: witness D1.8 material WoodenHull
  Hull Ark vs Tectonic Floor: witness D1.8 material WoodenHull
  Hull Ark vs Slow Bloom: witness D1.8 material WoodenHull
  Hull Ark vs Colony Pulse: witness D1.8 material WoodenHull
  Hull Ark vs Cathedral Void: witness D1.8 material WoodenHull
  Hull Ark vs Choir of Absence: witness D1.8 material WoodenHull
  Hull Ark vs Hull Resonance: witness D1.8 material WoodenHull
  Hull Ark vs Lightless: witness D1.8 material WoodenHull
  Hull Ark vs Erosion: witness D1.8 material WoodenHull
  Hull Ark vs Crowded Dark: witness D1.8 material WoodenHull
  Hull Ark vs Drifting Strata: witness D1.8 material WoodenHull
  Hull Ark vs Stone Gravity: witness D1.8 material WoodenHull
  Hull Ark vs Entropic Hum: witness D1.8 material WoodenHull
  Hull Ark vs Pressure Front: witness D1.8 material WoodenHull
  Hull Ark vs Weighted Deep: witness D1.8 material WoodenHull
  Hull Ark vs Fogbound: witness D1.8 material WoodenHull
  Hull Ark vs Teeming: witness D1.8 material WoodenHull
  Hull Ark vs Endless Descent: witness D1.8 material WoodenHull
  Hull Ark vs Monolith: witness D1.8 material WoodenHull
  Hull Ark vs Bloom Colony: witness D1.8 material WoodenHull
  Hull Ark vs Singing Colony: witness D1.8 material WoodenHull
  Hull Ark vs Swarm Breath: witness D1.8 material WoodenHull
  Hull Ark vs Feeding Loops: witness D1.8 material WoodenHull
  Hull Ark vs Haunted Colony: witness D1.8 material WoodenHull
  Hull Ark vs Growth Ring: witness D1.8 material WoodenHull
  Hull Ark vs Glass Well: witness D1.8 material WoodenHull
  Hull Ark vs Strung Abyss: witness D1.8 material WoodenHull
  Hull Ark vs Iron Plate: witness D1.8 material WoodenHull
  Hull Ark vs Chamber Drone: witness D1.8 material WoodenHull
  Hull Ark vs Ice Shelf: witness D1.8 material WoodenHull
  Hull Ark vs Column Hymn: witness D1.8 material WoodenHull
  Hull Ark vs Cavern Wall: witness D1.8 material WoodenHull
  Hull Ark vs Glass Sphere: witness D1.8 material WoodenHull
  Hull Ark vs Sudden Chasm: witness D1.8 material WoodenHull
  Hull Ark vs Dead Air: witness D1.8 material WoodenHull
  Hull Ark vs Abyssal Wind: witness D1.8 material WoodenHull
  Hull Ark vs Spore Drift: witness D1.8 material WoodenHull
  Hull Ark vs Steam Vent: witness D1.8 material WoodenHull

Column Hymn (primary D1.9 material CathedralColumn):
  Column Hymn vs Wind Through Basalt: witness D1.9 material CathedralColumn
  Column Hymn vs Resonant Shaft: witness D1.9 material CathedralColumn
  Column Hymn vs Smeared Horizon: witness D1.9 material CathedralColumn
  Column Hymn vs Feedback Mire: witness D1.9 material CathedralColumn
  Column Hymn vs Tectonic Floor: witness D1.9 material CathedralColumn
  Column Hymn vs Slow Bloom: witness D1.9 material CathedralColumn
  Column Hymn vs Colony Pulse: witness D1.9 material CathedralColumn
  Column Hymn vs Cathedral Void: witness D1.9 material CathedralColumn
  Column Hymn vs Choir of Absence: witness D1.9 material CathedralColumn
  Column Hymn vs Hull Resonance: witness D1.9 material CathedralColumn
  Column Hymn vs Lightless: witness D1.9 material CathedralColumn
  Column Hymn vs Erosion: witness D1.9 material CathedralColumn
  Column Hymn vs Crowded Dark: witness D1.9 material CathedralColumn
  Column Hymn vs Drifting Strata: witness D1.9 material CathedralColumn
  Column Hymn vs Stone Gravity: witness D1.9 material CathedralColumn
  Column Hymn vs Entropic Hum: witness D1.9 material CathedralColumn
  Column Hymn vs Pressure Front: witness D1.9 material CathedralColumn
  Column Hymn vs Weighted Deep: witness D1.9 material CathedralColumn
  Column Hymn vs Fogbound: witness D1.9 material CathedralColumn
  Column Hymn vs Teeming: witness D1.9 material CathedralColumn
  Column Hymn vs Endless Descent: witness D1.9 material CathedralColumn
  Column Hymn vs Monolith: witness D1.9 material CathedralColumn
  Column Hymn vs Bloom Colony: witness D1.9 material CathedralColumn
  Column Hymn vs Singing Colony: witness D1.9 material CathedralColumn
  Column Hymn vs Swarm Breath: witness D1.9 material CathedralColumn
  Column Hymn vs Feeding Loops: witness D1.9 material CathedralColumn
  Column Hymn vs Haunted Colony: witness D1.9 material CathedralColumn
  Column Hymn vs Growth Ring: witness D1.9 material CathedralColumn
  Column Hymn vs Glass Well: witness D1.9 material CathedralColumn
  Column Hymn vs Strung Abyss: witness D1.9 material CathedralColumn
  Column Hymn vs Iron Plate: witness D1.9 material CathedralColumn
  Column Hymn vs Chamber Drone: witness D1.9 material CathedralColumn
  Column Hymn vs Ice Shelf: witness D1.9 material CathedralColumn
  Column Hymn vs Hull Ark: witness D1.9 material CathedralColumn
  Column Hymn vs Cavern Wall: witness D1.9 material CathedralColumn
  Column Hymn vs Glass Sphere: witness D1.9 material CathedralColumn
  Column Hymn vs Sudden Chasm: witness D1.9 material CathedralColumn
  Column Hymn vs Dead Air: witness D1.9 material CathedralColumn
  Column Hymn vs Abyssal Wind: witness D1.9 material CathedralColumn
  Column Hymn vs Spore Drift: witness D1.9 material CathedralColumn
  Column Hymn vs Steam Vent: witness D1.9 material CathedralColumn

Cavern Wall (primary D1.10 material CavernWall):
  Cavern Wall vs Wind Through Basalt: witness D1.10 material CavernWall
  Cavern Wall vs Resonant Shaft: witness D1.10 material CavernWall
  Cavern Wall vs Smeared Horizon: witness D1.10 material CavernWall
  Cavern Wall vs Feedback Mire: witness D1.10 material CavernWall
  Cavern Wall vs Tectonic Floor: witness D1.10 material CavernWall
  Cavern Wall vs Slow Bloom: witness D1.10 material CavernWall
  Cavern Wall vs Colony Pulse: witness D1.10 material CavernWall
  Cavern Wall vs Cathedral Void: witness D1.10 material CavernWall
  Cavern Wall vs Choir of Absence: witness D1.10 material CavernWall
  Cavern Wall vs Hull Resonance: witness D1.10 material CavernWall
  Cavern Wall vs Lightless: witness D1.10 material CavernWall
  Cavern Wall vs Erosion: witness D1.10 material CavernWall
  Cavern Wall vs Crowded Dark: witness D1.10 material CavernWall
  Cavern Wall vs Drifting Strata: witness D1.10 material CavernWall
  Cavern Wall vs Stone Gravity: witness D1.10 material CavernWall
  Cavern Wall vs Entropic Hum: witness D1.10 material CavernWall
  Cavern Wall vs Pressure Front: witness D1.10 material CavernWall
  Cavern Wall vs Weighted Deep: witness D1.10 material CavernWall
  Cavern Wall vs Fogbound: witness D1.10 material CavernWall
  Cavern Wall vs Teeming: witness D1.10 material CavernWall
  Cavern Wall vs Endless Descent: witness D1.10 material CavernWall
  Cavern Wall vs Monolith: witness D1.10 material CavernWall
  Cavern Wall vs Bloom Colony: witness D1.10 material CavernWall
  Cavern Wall vs Singing Colony: witness D1.10 material CavernWall
  Cavern Wall vs Swarm Breath: witness D1.10 material CavernWall
  Cavern Wall vs Feeding Loops: witness D1.10 material CavernWall
  Cavern Wall vs Haunted Colony: witness D1.10 material CavernWall
  Cavern Wall vs Growth Ring: witness D1.10 material CavernWall
  Cavern Wall vs Glass Well: witness D1.10 material CavernWall
  Cavern Wall vs Strung Abyss: witness D1.10 material CavernWall
  Cavern Wall vs Iron Plate: witness D1.10 material CavernWall
  Cavern Wall vs Chamber Drone: witness D1.10 material CavernWall
  Cavern Wall vs Ice Shelf: witness D1.10 material CavernWall
  Cavern Wall vs Hull Ark: witness D1.10 material CavernWall
  Cavern Wall vs Column Hymn: witness D1.10 material CavernWall
  Cavern Wall vs Glass Sphere: witness D1.10 material CavernWall
  Cavern Wall vs Sudden Chasm: witness D1.10 material CavernWall
  Cavern Wall vs Dead Air: witness D1.10 material CavernWall
  Cavern Wall vs Abyssal Wind: witness D1.10 material CavernWall
  Cavern Wall vs Spore Drift: witness D1.10 material CavernWall
  Cavern Wall vs Steam Vent: witness D1.10 material CavernWall

Glass Sphere (primary D1.11 material GlassSphere):
  Glass Sphere vs Wind Through Basalt: witness D1.11 material GlassSphere
  Glass Sphere vs Resonant Shaft: witness D1.11 material GlassSphere
  Glass Sphere vs Smeared Horizon: witness D1.11 material GlassSphere
  Glass Sphere vs Feedback Mire: witness D1.11 material GlassSphere
  Glass Sphere vs Tectonic Floor: witness D1.11 material GlassSphere
  Glass Sphere vs Slow Bloom: witness D1.11 material GlassSphere
  Glass Sphere vs Colony Pulse: witness D1.11 material GlassSphere
  Glass Sphere vs Cathedral Void: witness D1.11 material GlassSphere
  Glass Sphere vs Choir of Absence: witness D1.11 material GlassSphere
  Glass Sphere vs Hull Resonance: witness D1.11 material GlassSphere
  Glass Sphere vs Lightless: witness D1.11 material GlassSphere
  Glass Sphere vs Erosion: witness D1.11 material GlassSphere
  Glass Sphere vs Crowded Dark: witness D1.11 material GlassSphere
  Glass Sphere vs Drifting Strata: witness D1.11 material GlassSphere
  Glass Sphere vs Stone Gravity: witness D1.11 material GlassSphere
  Glass Sphere vs Entropic Hum: witness D1.11 material GlassSphere
  Glass Sphere vs Pressure Front: witness D1.11 material GlassSphere
  Glass Sphere vs Weighted Deep: witness D1.11 material GlassSphere
  Glass Sphere vs Fogbound: witness D1.11 material GlassSphere
  Glass Sphere vs Teeming: witness D1.11 material GlassSphere
  Glass Sphere vs Endless Descent: witness D1.11 material GlassSphere
  Glass Sphere vs Monolith: witness D1.11 material GlassSphere
  Glass Sphere vs Bloom Colony: witness D1.11 material GlassSphere
  Glass Sphere vs Singing Colony: witness D1.11 material GlassSphere
  Glass Sphere vs Swarm Breath: witness D1.11 material GlassSphere
  Glass Sphere vs Feeding Loops: witness D1.11 material GlassSphere
  Glass Sphere vs Haunted Colony: witness D1.11 material GlassSphere
  Glass Sphere vs Growth Ring: witness D1.11 material GlassSphere
  Glass Sphere vs Glass Well: witness D1.11 material GlassSphere
  Glass Sphere vs Strung Abyss: witness D1.11 material GlassSphere
  Glass Sphere vs Iron Plate: witness D1.11 material GlassSphere
  Glass Sphere vs Chamber Drone: witness D1.11 material GlassSphere
  Glass Sphere vs Ice Shelf: witness D1.11 material GlassSphere
  Glass Sphere vs Hull Ark: witness D1.11 material GlassSphere
  Glass Sphere vs Column Hymn: witness D1.11 material GlassSphere
  Glass Sphere vs Cavern Wall: witness D1.11 material GlassSphere
  Glass Sphere vs Sudden Chasm: witness D1.11 material GlassSphere
  Glass Sphere vs Dead Air: witness D1.11 material GlassSphere
  Glass Sphere vs Abyssal Wind: witness D1.11 material GlassSphere
  Glass Sphere vs Spore Drift: witness D1.11 material GlassSphere
  Glass Sphere vs Steam Vent: witness D1.11 material GlassSphere

Sudden Chasm (primary D9.1 attack span <= 10 s):
  Sudden Chasm vs Wind Through Basalt: witness D9.1 attack span <= 10 s
  Sudden Chasm vs Resonant Shaft: witness D9.1 attack span <= 10 s
  Sudden Chasm vs Smeared Horizon: witness D9.1 attack span <= 10 s
  Sudden Chasm vs Feedback Mire: witness D9.1 attack span <= 10 s
  Sudden Chasm vs Tectonic Floor: witness D9.1 attack span <= 10 s
  Sudden Chasm vs Slow Bloom: witness D9.1 attack span <= 10 s
  Sudden Chasm vs Colony Pulse: witness D9.1 attack span <= 10 s
  Sudden Chasm vs Cathedral Void: witness D9.1 attack span <= 10 s
  Sudden Chasm vs Choir of Absence: witness D9.1 attack span <= 10 s
  Sudden Chasm vs Hull Resonance: witness D9.1 attack span <= 10 s
  Sudden Chasm vs Lightless: witness D9.1 attack span <= 10 s
  Sudden Chasm vs Erosion: witness D9.1 attack span <= 10 s
  Sudden Chasm vs Crowded Dark: witness D9.1 attack span <= 10 s
  Sudden Chasm vs Drifting Strata: witness D9.1 attack span <= 10 s
  Sudden Chasm vs Stone Gravity: witness D9.1 attack span <= 10 s
  Sudden Chasm vs Entropic Hum: witness D9.1 attack span <= 10 s
  Sudden Chasm vs Pressure Front: witness D9.1 attack span <= 10 s
  Sudden Chasm vs Weighted Deep: witness D9.1 attack span <= 10 s
  Sudden Chasm vs Fogbound: witness D9.1 attack span <= 10 s
  Sudden Chasm vs Teeming: witness D9.1 attack span <= 10 s
  Sudden Chasm vs Endless Descent: witness D9.1 attack span <= 10 s
  Sudden Chasm vs Monolith: witness D9.1 attack span <= 10 s
  Sudden Chasm vs Bloom Colony: witness D9.1 attack span <= 10 s
  Sudden Chasm vs Singing Colony: witness D9.1 attack span <= 10 s
  Sudden Chasm vs Swarm Breath: witness D9.1 attack span <= 10 s
  Sudden Chasm vs Feeding Loops: witness D9.1 attack span <= 10 s
  Sudden Chasm vs Haunted Colony: witness D9.1 attack span <= 10 s
  Sudden Chasm vs Growth Ring: witness D9.1 attack span <= 10 s
  Sudden Chasm vs Glass Well: witness D9.1 attack span <= 10 s
  Sudden Chasm vs Strung Abyss: witness D9.1 attack span <= 10 s
  Sudden Chasm vs Iron Plate: witness D9.1 attack span <= 10 s
  Sudden Chasm vs Chamber Drone: witness D9.1 attack span <= 10 s
  Sudden Chasm vs Ice Shelf: witness D9.1 attack span <= 10 s
  Sudden Chasm vs Hull Ark: witness D9.1 attack span <= 10 s
  Sudden Chasm vs Column Hymn: witness D9.1 attack span <= 10 s
  Sudden Chasm vs Cavern Wall: witness D9.1 attack span <= 10 s
  Sudden Chasm vs Glass Sphere: witness D9.1 attack span <= 10 s
  Sudden Chasm vs Dead Air: witness D9.1 attack span <= 10 s
  Sudden Chasm vs Abyssal Wind: witness D9.1 attack span <= 10 s
  Sudden Chasm vs Spore Drift: witness D9.1 attack span <= 10 s
  Sudden Chasm vs Steam Vent: witness D9.1 attack span <= 10 s

Dead Air (primary D3.1 noise model Direct):
  Dead Air vs Wind Through Basalt: witness D4.9 noise type Grey
  Dead Air vs Resonant Shaft: witness D3.1 noise model Direct
  Dead Air vs Smeared Horizon: witness D3.1 noise model Direct
  Dead Air vs Feedback Mire: witness D4.1 noise type White
  Dead Air vs Tectonic Floor: witness D3.1 noise model Direct
  Dead Air vs Slow Bloom: witness D3.1 noise model Direct
  Dead Air vs Colony Pulse: witness D4.1 noise type White
  Dead Air vs Cathedral Void: witness D3.1 noise model Direct
  Dead Air vs Choir of Absence: witness D3.1 noise model Direct
  Dead Air vs Hull Resonance: witness D4.1 noise type White
  Dead Air vs Lightless: witness D4.1 noise type White
  Dead Air vs Erosion: witness D4.1 noise type White
  Dead Air vs Crowded Dark: witness D4.1 noise type White
  Dead Air vs Drifting Strata: witness D3.1 noise model Direct
  Dead Air vs Stone Gravity: witness D3.1 noise model Direct
  Dead Air vs Entropic Hum: witness D4.1 noise type White
  Dead Air vs Pressure Front: witness D3.1 noise model Direct
  Dead Air vs Weighted Deep: witness D3.1 noise model Direct
  Dead Air vs Fogbound: witness D4.1 noise type White
  Dead Air vs Teeming: witness D3.1 noise model Direct
  Dead Air vs Endless Descent: witness D3.1 noise model Direct
  Dead Air vs Monolith: witness D3.1 noise model Direct
  Dead Air vs Bloom Colony: witness D3.1 noise model Direct
  Dead Air vs Singing Colony: witness D3.1 noise model Direct
  Dead Air vs Swarm Breath: witness D4.1 noise type White
  Dead Air vs Feeding Loops: witness D3.1 noise model Direct
  Dead Air vs Haunted Colony: witness D3.1 noise model Direct
  Dead Air vs Growth Ring: witness D3.1 noise model Direct
  Dead Air vs Glass Well: witness D3.1 noise model Direct
  Dead Air vs Strung Abyss: witness D3.1 noise model Direct
  Dead Air vs Iron Plate: witness D3.1 noise model Direct
  Dead Air vs Chamber Drone: witness D3.1 noise model Direct
  Dead Air vs Ice Shelf: witness D4.1 noise type White
  Dead Air vs Hull Ark: witness D3.1 noise model Direct
  Dead Air vs Column Hymn: witness D3.1 noise model Direct
  Dead Air vs Cavern Wall: witness D3.1 noise model Direct
  Dead Air vs Glass Sphere: witness D3.1 noise model Direct
  Dead Air vs Sudden Chasm: witness D3.1 noise model Direct
  Dead Air vs Abyssal Wind: witness D3.1 noise model Direct
  Dead Air vs Spore Drift: witness D3.1 noise model Direct
  Dead Air vs Steam Vent: witness D3.1 noise model Direct

Abyssal Wind (primary D3.2 noise model FilteredWind):
  Abyssal Wind vs Wind Through Basalt: witness D3.2 noise model FilteredWind
  Abyssal Wind vs Resonant Shaft: witness D3.2 noise model FilteredWind
  Abyssal Wind vs Smeared Horizon: witness D3.2 noise model FilteredWind
  Abyssal Wind vs Feedback Mire: witness D7.2 loudest sub f/4
  Abyssal Wind vs Tectonic Floor: witness D3.2 noise model FilteredWind
  Abyssal Wind vs Slow Bloom: witness D3.2 noise model FilteredWind
  Abyssal Wind vs Colony Pulse: witness D7.2 loudest sub f/4
  Abyssal Wind vs Cathedral Void: witness D3.2 noise model FilteredWind
  Abyssal Wind vs Choir of Absence: witness D3.2 noise model FilteredWind
  Abyssal Wind vs Hull Resonance: witness D7.2 loudest sub f/4
  Abyssal Wind vs Lightless: witness D7.2 loudest sub f/4
  Abyssal Wind vs Erosion: witness D3.2 noise model FilteredWind
  Abyssal Wind vs Crowded Dark: witness D7.2 loudest sub f/4
  Abyssal Wind vs Drifting Strata: witness D3.2 noise model FilteredWind
  Abyssal Wind vs Stone Gravity: witness D3.2 noise model FilteredWind
  Abyssal Wind vs Entropic Hum: witness D7.2 loudest sub f/4
  Abyssal Wind vs Pressure Front: witness D3.2 noise model FilteredWind
  Abyssal Wind vs Weighted Deep: witness D3.2 noise model FilteredWind
  Abyssal Wind vs Fogbound: witness D3.2 noise model FilteredWind
  Abyssal Wind vs Teeming: witness D3.2 noise model FilteredWind
  Abyssal Wind vs Endless Descent: witness D3.2 noise model FilteredWind
  Abyssal Wind vs Monolith: witness D3.2 noise model FilteredWind
  Abyssal Wind vs Bloom Colony: witness D3.2 noise model FilteredWind
  Abyssal Wind vs Singing Colony: witness D3.2 noise model FilteredWind
  Abyssal Wind vs Swarm Breath: witness D3.2 noise model FilteredWind
  Abyssal Wind vs Feeding Loops: witness D3.2 noise model FilteredWind
  Abyssal Wind vs Haunted Colony: witness D3.2 noise model FilteredWind
  Abyssal Wind vs Growth Ring: witness D3.2 noise model FilteredWind
  Abyssal Wind vs Glass Well: witness D3.2 noise model FilteredWind
  Abyssal Wind vs Strung Abyss: witness D3.2 noise model FilteredWind
  Abyssal Wind vs Iron Plate: witness D3.2 noise model FilteredWind
  Abyssal Wind vs Chamber Drone: witness D3.2 noise model FilteredWind
  Abyssal Wind vs Ice Shelf: witness D7.2 loudest sub f/4
  Abyssal Wind vs Hull Ark: witness D3.2 noise model FilteredWind
  Abyssal Wind vs Column Hymn: witness D3.2 noise model FilteredWind
  Abyssal Wind vs Cavern Wall: witness D3.2 noise model FilteredWind
  Abyssal Wind vs Glass Sphere: witness D3.2 noise model FilteredWind
  Abyssal Wind vs Sudden Chasm: witness D3.2 noise model FilteredWind
  Abyssal Wind vs Dead Air: witness D3.2 noise model FilteredWind
  Abyssal Wind vs Spore Drift: witness D3.2 noise model FilteredWind
  Abyssal Wind vs Steam Vent: witness D3.2 noise model FilteredWind

Spore Drift (primary D3.3 noise model GranularDust):
  Spore Drift vs Wind Through Basalt: witness D3.3 noise model GranularDust
  Spore Drift vs Resonant Shaft: witness D3.3 noise model GranularDust
  Spore Drift vs Smeared Horizon: witness D3.3 noise model GranularDust
  Spore Drift vs Feedback Mire: witness D11 ghost reverse >= 0.5
  Spore Drift vs Tectonic Floor: witness D3.3 noise model GranularDust
  Spore Drift vs Slow Bloom: witness D3.3 noise model GranularDust
  Spore Drift vs Colony Pulse: witness D11 ghost reverse >= 0.5
  Spore Drift vs Cathedral Void: witness D3.3 noise model GranularDust
  Spore Drift vs Choir of Absence: witness D3.3 noise model GranularDust
  Spore Drift vs Hull Resonance: witness D11 ghost reverse >= 0.5
  Spore Drift vs Lightless: witness D11 ghost reverse >= 0.5
  Spore Drift vs Erosion: witness D11 ghost reverse >= 0.5
  Spore Drift vs Crowded Dark: witness D11 ghost reverse >= 0.5
  Spore Drift vs Drifting Strata: witness D3.3 noise model GranularDust
  Spore Drift vs Stone Gravity: witness D3.3 noise model GranularDust
  Spore Drift vs Entropic Hum: witness D11 ghost reverse >= 0.5
  Spore Drift vs Pressure Front: witness D3.3 noise model GranularDust
  Spore Drift vs Weighted Deep: witness D3.3 noise model GranularDust
  Spore Drift vs Fogbound: witness D3.3 noise model GranularDust
  Spore Drift vs Teeming: witness D3.3 noise model GranularDust
  Spore Drift vs Endless Descent: witness D3.3 noise model GranularDust
  Spore Drift vs Monolith: witness D3.3 noise model GranularDust
  Spore Drift vs Bloom Colony: witness D3.3 noise model GranularDust
  Spore Drift vs Singing Colony: witness D3.3 noise model GranularDust
  Spore Drift vs Swarm Breath: witness D3.3 noise model GranularDust
  Spore Drift vs Feeding Loops: witness D3.3 noise model GranularDust
  Spore Drift vs Haunted Colony: witness D3.3 noise model GranularDust
  Spore Drift vs Growth Ring: witness D3.3 noise model GranularDust
  Spore Drift vs Glass Well: witness D3.3 noise model GranularDust
  Spore Drift vs Strung Abyss: witness D3.3 noise model GranularDust
  Spore Drift vs Iron Plate: witness D3.3 noise model GranularDust
  Spore Drift vs Chamber Drone: witness D3.3 noise model GranularDust
  Spore Drift vs Ice Shelf: witness D11 ghost reverse >= 0.5
  Spore Drift vs Hull Ark: witness D3.3 noise model GranularDust
  Spore Drift vs Column Hymn: witness D3.3 noise model GranularDust
  Spore Drift vs Cavern Wall: witness D3.3 noise model GranularDust
  Spore Drift vs Glass Sphere: witness D3.3 noise model GranularDust
  Spore Drift vs Sudden Chasm: witness D3.3 noise model GranularDust
  Spore Drift vs Dead Air: witness D3.3 noise model GranularDust
  Spore Drift vs Abyssal Wind: witness D3.3 noise model GranularDust
  Spore Drift vs Steam Vent: witness D3.3 noise model GranularDust

Steam Vent (primary D3.4 noise model MetallicHiss):
  Steam Vent vs Wind Through Basalt: witness D3.4 noise model MetallicHiss
  Steam Vent vs Resonant Shaft: witness D3.4 noise model MetallicHiss
  Steam Vent vs Smeared Horizon: witness D3.4 noise model MetallicHiss
  Steam Vent vs Feedback Mire: witness D7.2 loudest sub f/4
  Steam Vent vs Tectonic Floor: witness D3.4 noise model MetallicHiss
  Steam Vent vs Slow Bloom: witness D3.4 noise model MetallicHiss
  Steam Vent vs Colony Pulse: witness D6.3 loop filter Highpass
  Steam Vent vs Cathedral Void: witness D3.4 noise model MetallicHiss
  Steam Vent vs Choir of Absence: witness D3.4 noise model MetallicHiss
  Steam Vent vs Hull Resonance: witness D6.3 loop filter Highpass
  Steam Vent vs Lightless: witness D6.3 loop filter Highpass
  Steam Vent vs Erosion: witness D3.4 noise model MetallicHiss
  Steam Vent vs Crowded Dark: witness D6.3 loop filter Highpass
  Steam Vent vs Drifting Strata: witness D3.4 noise model MetallicHiss
  Steam Vent vs Stone Gravity: witness D3.4 noise model MetallicHiss
  Steam Vent vs Entropic Hum: witness D6.3 loop filter Highpass
  Steam Vent vs Pressure Front: witness D3.4 noise model MetallicHiss
  Steam Vent vs Weighted Deep: witness D3.4 noise model MetallicHiss
  Steam Vent vs Fogbound: witness D3.4 noise model MetallicHiss
  Steam Vent vs Teeming: witness D3.4 noise model MetallicHiss
  Steam Vent vs Endless Descent: witness D3.4 noise model MetallicHiss
  Steam Vent vs Monolith: witness D3.4 noise model MetallicHiss
  Steam Vent vs Bloom Colony: witness D3.4 noise model MetallicHiss
  Steam Vent vs Singing Colony: witness D3.4 noise model MetallicHiss
  Steam Vent vs Swarm Breath: witness D6.3 loop filter Highpass
  Steam Vent vs Feeding Loops: witness D3.4 noise model MetallicHiss
  Steam Vent vs Haunted Colony: witness D3.4 noise model MetallicHiss
  Steam Vent vs Growth Ring: witness D3.4 noise model MetallicHiss
  Steam Vent vs Glass Well: witness D3.4 noise model MetallicHiss
  Steam Vent vs Strung Abyss: witness D3.4 noise model MetallicHiss
  Steam Vent vs Iron Plate: witness D3.4 noise model MetallicHiss
  Steam Vent vs Chamber Drone: witness D3.4 noise model MetallicHiss
  Steam Vent vs Ice Shelf: witness D6.3 loop filter Highpass
  Steam Vent vs Hull Ark: witness D3.4 noise model MetallicHiss
  Steam Vent vs Column Hymn: witness D3.4 noise model MetallicHiss
  Steam Vent vs Cavern Wall: witness D3.4 noise model MetallicHiss
  Steam Vent vs Glass Sphere: witness D3.4 noise model MetallicHiss
  Steam Vent vs Sudden Chasm: witness D3.4 noise model MetallicHiss
  Steam Vent vs Dead Air: witness D3.4 noise model MetallicHiss
  Steam Vent vs Abyssal Wind: witness D3.4 noise model MetallicHiss
  Steam Vent vs Spore Drift: witness D3.4 noise model MetallicHiss

SUBSET pairs: 0
0.003 s: Vorago_PresetMatrix_NoShowcaseSubset
[aggregate] index 0: computing / loading record...
[aggregate] index 1: computing / loading record...
[aggregate] index 2: computing / loading record...
[aggregate] index 3: computing / loading record...
[aggregate] index 4: computing / loading record...
[aggregate] index 5: computing / loading record...
[aggregate] index 6: computing / loading record...
[aggregate] index 7: computing / loading record...
[aggregate] index 8: computing / loading record...
[aggregate] index 9: computing / loading record...
[aggregate] index 10: computing / loading record...
[aggregate] index 11: computing / loading record...
[aggregate] index 12: computing / loading record...
[aggregate] index 13: computing / loading record...
[aggregate] index 14: computing / loading record...
[aggregate] index 15: computing / loading record...
[aggregate] index 16: computing / loading record...
[aggregate] index 17: computing / loading record...
[aggregate] index 18: computing / loading record...
[aggregate] index 19: computing / loading record...
[aggregate] index 20: computing / loading record...
[aggregate] index 21: computing / loading record...
[aggregate] index 22: computing / loading record...
[aggregate] index 23: computing / loading record...
[aggregate] index 24: computing / loading record...
[aggregate] index 25: computing / loading record...
[aggregate] index 26: computing / loading record...
[aggregate] index 27: computing / loading record...
[aggregate] index 28: computing / loading record...
[aggregate] index 29: computing / loading record...
[aggregate] index 30: computing / loading record...
[aggregate] index 31: computing / loading record...
[aggregate] index 32: computing / loading record...
[aggregate] index 33: computing / loading record...
[aggregate] index 34: computing / loading record...
[aggregate] index 35: computing / loading record...
[aggregate] index 36: computing / loading record...
[aggregate] index 37: computing / loading record...
[aggregate] index 38: computing / loading record...
[aggregate] index 39: computing / loading record...
[aggregate] index 40: computing / loading record...
[aggregate] index 41: computing / loading record...
[aggregate] index 42: computing / loading record...

=== Vorago_PresetSweep_SoundSpaceDistinct (FR-015, FR-036, SC-010; N = 42, K = 4) ===
Control set C (5): [Monolith] [Dead Air] [Cathedral Void] [Pressure Front] [Hull Resonance]

(a) level twin (bound < 0.05):
  Wind Through Basalt          d 0.000006
  Resonant Shaft               d 0.000003
  Smeared Horizon              d 0.000000
  Feedback Mire                d 0.000016
  Tectonic Floor               d 0.000034
  Slow Bloom                   d 0.000001
  Colony Pulse                 d 0.000002
  Cathedral Void               d 0.000002
  Choir of Absence             d 0.000000
  Hull Resonance               d 0.000004
  Lightless                    d 0.000000
  Erosion                      d 0.000038
  Crowded Dark                 d 0.000003
  Drifting Strata              d 0.000004
  Stone Gravity                d 0.000002
  Entropic Hum                 d 0.000003
  Pressure Front               d 0.000001
  Weighted Deep                d 0.000025
  Fogbound                     d 0.000010
  Teeming                      d 0.000028
  Endless Descent              d 0.000003
  Monolith                     d 0.000047
  Bloom Colony                 d 0.000009
  Singing Colony               d 0.000041
  Swarm Breath                 d 0.000020
  Feeding Loops                d 0.000001
  Haunted Colony               d 0.000001
  Growth Ring                  d 0.000120
  Glass Well                   d 0.000007
  Strung Abyss                 d 0.000002
  Iron Plate                   d 0.000230
  Chamber Drone                d 0.000005
  Ice Shelf                    d 0.000000
  Hull Ark                     d 0.000039
  Column Hymn                  d 0.000001
  Cavern Wall                  d 0.000224
  Glass Sphere                 d 0.000650
  Sudden Chasm                 d 0.000115
  Dead Air                     d 0.000017
  Abyssal Wind                 d 0.000097
  Spore Drift                  d 0.000011
  Steam Vent                   d 0.000108

(a') gain twin on Pressure Front (Pressure 1.0000): d 2.3033 (bound <= 2.00)
-------------------------------------------------------------------------------
Vorago_PresetSweep_SoundSpaceDistinct
-------------------------------------------------------------------------------
F:\projects\iterum\plugins\vorago\tests\integration\preset_matrix_test.cpp(361)
...............................................................................

F:\projects\iterum\plugins\vorago\tests\integration\preset_matrix_test.cpp(437): FAILED:
  CHECK( *d <= VoragoTest::kSeedTwinMargin )
with expansion:
  2.3033291675 <= 2.0
with message:
  Pressure Front: gain twin (FR-017 stop on failure)


(b) seed twins (t_K <= 2.00) and (c) sub twins (d < 4.00):
  Monolith                     t_K 1.3824  |  sub -0.125: d 3.9655  sub +0.125: d 4.0778  [FAIL]
F:\projects\iterum\plugins\vorago\tests\integration\preset_matrix_test.cpp(478): FAILED:
  CHECK( sub.ok )
with expansion:
  false
with message:
  Monolith: sub twin minus run 1 d 3.96549, plus run 1 d 4.07778 (FR-017 stop
  on failure)

  Dead Air                     t_K 0.2630  |  sub -0.125: d 0.0976  sub +0.125: d 0.2585  [ok]
  Cathedral Void               t_K 0.8054  |  sub -0.125: d 1.1560  sub +0.125: d 2.0835  [ok]
  Pressure Front               t_K 2.1593  |  sub -0.125: d 0.5756  sub +0.125: d 0.6894  [ok]
F:\projects\iterum\plugins\vorago\tests\integration\preset_matrix_test.cpp(470): FAILED:
  CHECK( *tK <= VoragoTest::kSeedTwinMargin )
with expansion:
  2.1593301933 <= 2.0
with message:
  Pressure Front: seed twin t_K (FR-017 stop on failure)

  Hull Resonance               t_K 4.9080  |  sub -0.125: d 1.4580  sub +0.125: d 4.8355  [FAIL]
F:\projects\iterum\plugins\vorago\tests\integration\preset_matrix_test.cpp(470): FAILED:
  CHECK( *tK <= VoragoTest::kSeedTwinMargin )
with expansion:
  4.9080097683 <= 2.0
with message:
  Hull Resonance: seed twin t_K (FR-017 stop on failure)

F:\projects\iterum\plugins\vorago\tests\integration\preset_matrix_test.cpp(478): FAILED:
  CHECK( sub.ok )
with expansion:
  false
with message:
  Hull Resonance: sub twin minus run 1 d 1.45802, plus run 1 d 4.8355 (FR-017
  stop on failure)


s(P) per preset:
  Wind Through Basalt          s(P) 2.1606
  Resonant Shaft               s(P) 3.6550
  Smeared Horizon              s(P) 2.2409
  Feedback Mire                s(P) 3.7945
  Tectonic Floor               s(P) 4.4017
  Slow Bloom                   s(P) 1.6705
  Colony Pulse                 s(P) 2.8973
  Cathedral Void               s(P) 1.3210
  Choir of Absence             s(P) 3.4100
  Hull Resonance               s(P) 5.0878
  Lightless                    s(P) 1.8482
  Erosion                      s(P) 2.3122
  Crowded Dark                 s(P) 2.8342
  Drifting Strata              s(P) 2.7461
  Stone Gravity                s(P) 5.1751
  Entropic Hum                 s(P) 3.6629
  Pressure Front               s(P) 3.0105
  Weighted Deep                s(P) 4.3409
  Fogbound                     s(P) 1.9513
  Teeming                      s(P) 4.8917
  Endless Descent              s(P) 1.1344
  Monolith                     s(P) 8.1474
  Bloom Colony                 s(P) 3.6192
  Singing Colony               s(P) 4.8319
  Swarm Breath                 s(P) 2.2375
  Feeding Loops                s(P) 4.5043
  Haunted Colony               s(P) 3.2490
  Growth Ring                  s(P) 2.6297
  Glass Well                   s(P) 3.9223
  Strung Abyss                 s(P) 3.9375
  Iron Plate                   s(P) 5.5822
  Chamber Drone                s(P) 1.8787
  Ice Shelf                    s(P) 3.7012
  Hull Ark                     s(P) 2.1445
  Column Hymn                  s(P) 3.2388
  Cavern Wall                  s(P) 2.9359
  Glass Sphere                 s(P) 3.2833
  Sudden Chasm                 s(P) 2.0921
  Dead Air                     s(P) 0.7047
  Abyssal Wind                 s(P) 3.9756
  Spore Drift                  s(P) 2.7893
  Steam Vent                   s(P) 1.9035
  BELOW FLOOR: Wind Through Basalt vs Feedback Mire: d 6.7433 < floor 9.8160
F:\projects\iterum\plugins\vorago\tests\integration\preset_matrix_test.cpp(517): FAILED:
  CHECK( d >= pf )
with expansion:
  6.743276428 >= 9.8160195366
with message:
  Wind Through Basalt vs Feedback Mire: d 6.74328, floor 9.81602

  BELOW FLOOR: Wind Through Basalt vs Tectonic Floor: d 4.5311 < floor 9.8160
F:\projects\iterum\plugins\vorago\tests\integration\preset_matrix_test.cpp(517): FAILED:
  CHECK( d >= pf )
with expansion:
  4.5311231917 >= 9.8160195366
with message:
  Wind Through Basalt vs Tectonic Floor: d 4.53112, floor 9.81602

  BELOW FLOOR: Wind Through Basalt vs Slow Bloom: d 3.8809 < floor 9.8160
F:\projects\iterum\plugins\vorago\tests\integration\preset_matrix_test.cpp(517): FAILED:
  CHECK( d >= pf )
with expansion:
  3.8809150669 >= 9.8160195366
with message:
  Wind Through Basalt vs Slow Bloom: d 3.88092, floor 9.81602

  BELOW FLOOR: Wind Through Basalt vs Colony Pulse: d 4.6851 < floor 9.8160
F:\projects\iterum\plugins\vorago\tests\integration\preset_matrix_test.cpp(517): FAILED:
  CHECK( d >= pf )
with expansion:
  4.68514889 >= 9.8160195366
with message:
  Wind Through Basalt vs Colony Pulse: d 4.68515, floor 9.81602

  BELOW FLOOR: Wind Through Basalt vs Hull Resonance: d 7.4007 < floor 9.8160
F:\projects\iterum\plugins\vorago\tests\integration\preset_matrix_test.cpp(517): FAILED:
  CHECK( d >= pf )
with expansion:
  7.400735839 >= 9.8160195366
with message:
  Wind Through Basalt vs Hull Resonance: d 7.40074, floor 9.81602

  BELOW FLOOR: Wind Through Basalt vs Erosion: d 8.2237 < floor 9.8160
F:\projects\iterum\plugins\vorago\tests\integration\preset_matrix_test.cpp(517): FAILED:
  CHECK( d >= pf )
with expansion:
  8.2237450351 >= 9.8160195366
with message:
  Wind Through Basalt vs Erosion: d 8.22375, floor 9.81602

  BELOW FLOOR: Wind Through Basalt vs Crowded Dark: d 7.4140 < floor 9.8160
F:\projects\iterum\plugins\vorago\tests\integration\preset_matrix_test.cpp(517): FAILED:
  CHECK( d >= pf )
with expansion:
  7.413990098 >= 9.8160195366
with message:
  Wind Through Basalt vs Crowded Dark: d 7.41399, floor 9.81602

  BELOW FLOOR: Wind Through Basalt vs Drifting Strata: d 4.0658 < floor 9.8160
F:\projects\iterum\plugins\vorago\tests\integration\preset_matrix_test.cpp(517): FAILED:
  CHECK( d >= pf )
with expansion:
  4.0658260365 >= 9.8160195366
with message:
  Wind Through Basalt vs Drifting Strata: d 4.06583, floor 9.81602

  BELOW FLOOR: Wind Through Basalt vs Entropic Hum: d 4.5602 < floor 9.8160
F:\projects\iterum\plugins\vorago\tests\integration\preset_matrix_test.cpp(517): FAILED:
  CHECK( d >= pf )
with expansion:
  4.5601892208 >= 9.8160195366
with message:
  Wind Through Basalt vs Entropic Hum: d 4.56019, floor 9.81602

  BELOW FLOOR: Wind Through Basalt vs Pressure Front: d 7.4372 < floor 9.8160
F:\projects\iterum\plugins\vorago\tests\integration\preset_matrix_test.cpp(517): FAILED:
  CHECK( d >= pf )
with expansion:
  7.4371690974 >= 9.8160195366
with message:
  Wind Through Basalt vs Pressure Front: d 7.43717, floor 9.81602

  BELOW FLOOR: Wind Through Basalt vs Weighted Deep: d 4.8274 < floor 9.8160
F:\projects\iterum\plugins\vorago\tests\integration\preset_matrix_test.cpp(517): FAILED:
  CHECK( d >= pf )
with expansion:
  4.8273556995 >= 9.8160195366
with message:
  Wind Through Basalt vs Weighted Deep: d 4.82736, floor 9.81602

  BELOW FLOOR: Wind Through Basalt vs Fogbound: d 5.9679 < floor 9.8160
F:\projects\iterum\plugins\vorago\tests\integration\preset_matrix_test.cpp(517): FAILED:
  CHECK( d >= pf )
with expansion:
  5.9678945356 >= 9.8160195366
with message:
  Wind Through Basalt vs Fogbound: d 5.96789, floor 9.81602

  BELOW FLOOR: Wind Through Basalt vs Teeming: d 7.3580 < floor 9.8160
F:\projects\iterum\plugins\vorago\tests\integration\preset_matrix_test.cpp(517): FAILED:
  CHECK( d >= pf )
with expansion:
  7.3579551672 >= 9.8160195366
with message:
  Wind Through Basalt vs Teeming: d 7.35796, floor 9.81602

  BELOW FLOOR: Wind Through Basalt vs Endless Descent: d 8.9630 < floor 9.8160
F:\projects\iterum\plugins\vorago\tests\integration\preset_matrix_test.cpp(517): FAILED:
  CHECK( d >= pf )
with expansion:
  8.9630267015 >= 9.8160195366
with message:
  Wind Through Basalt vs Endless Descent: d 8.96303, floor 9.81602

  BELOW FLOOR: Wind Through Basalt vs Monolith: d 3.0899 < floor 9.8160
F:\projects\iterum\plugins\vorago\tests\integration\preset_matrix_test.cpp(517): FAILED:
  CHECK( d >= pf )
with expansion:
  3.0899237666 >= 9.8160195366
with message:
  Wind Through Basalt vs Monolith: d 3.08992, floor 9.81602

  BELOW FLOOR: Wind Through Basalt vs Bloom Colony: d 1.6449 < floor 9.8160
F:\projects\iterum\plugins\vorago\tests\integration\preset_matrix_test.cpp(517): FAILED:
  CHECK( d >= pf )
with expansion:
  1.6449198355 >= 9.8160195366
with message:
  Wind Through Basalt vs Bloom Colony: d 1.64492, floor 9.81602

  BELOW FLOOR: Wind Through Basalt vs Swarm Breath: d 0.9499 < floor 9.8160
F:\projects\iterum\plugins\vorago\tests\integration\preset_matrix_test.cpp(517): FAILED:
  CHECK( d >= pf )
with expansion:
  0.9499381783 >= 9.8160195366
with message:
  Wind Through Basalt vs Swarm Breath: d 0.949938, floor 9.81602

  BELOW FLOOR: Wind Through Basalt vs Feeding Loops: d 9.3196 < floor 9.8160
F:\projects\iterum\plugins\vorago\tests\integration\preset_matrix_test.cpp(517): FAILED:
  CHECK( d >= pf )
with expansion:
  9.3196457559 >= 9.8160195366
with message:
  Wind Through Basalt vs Feeding Loops: d 9.31965, floor 9.81602

  BELOW FLOOR: Wind Through Basalt vs Haunted Colony: d 6.4791 < floor 9.8160
F:\projects\iterum\plugins\vorago\tests\integration\preset_matrix_test.cpp(517): FAILED:
  CHECK( d >= pf )
with expansion:
  6.4790709604 >= 9.8160195366
with message:
  Wind Through Basalt vs Haunted Colony: d 6.47907, floor 9.81602

  BELOW FLOOR: Wind Through Basalt vs Growth Ring: d 9.7391 < floor 9.8160
F:\projects\iterum\plugins\vorago\tests\integration\preset_matrix_test.cpp(517): FAILED:
  CHECK( d >= pf )
with expansion:
  9.7390883559 >= 9.8160195366
with message:
  Wind Through Basalt vs Growth Ring: d 9.73909, floor 9.81602

  BELOW FLOOR: Wind Through Basalt vs Column Hymn: d 4.9596 < floor 9.8160
F:\projects\iterum\plugins\vorago\tests\integration\preset_matrix_test.cpp(517): FAILED:
  CHECK( d >= pf )
with expansion:
  4.9596293982 >= 9.8160195366
with message:
  Wind Through Basalt vs Column Hymn: d 4.95963, floor 9.81602

  BELOW FLOOR: Wind Through Basalt vs Glass Sphere: d 9.3431 < floor 9.8160
F:\projects\iterum\plugins\vorago\tests\integration\preset_matrix_test.cpp(517): FAILED:
  CHECK( d >= pf )
with expansion:
  9.3431205191 >= 9.8160195366
with message:
  Wind Through Basalt vs Glass Sphere: d 9.34312, floor 9.81602

  BELOW FLOOR: Wind Through Basalt vs Sudden Chasm: d 9.0516 < floor 9.8160
F:\projects\iterum\plugins\vorago\tests\integration\preset_matrix_test.cpp(517): FAILED:
  CHECK( d >= pf )
with expansion:
  9.0515743173 >= 9.8160195366
with message:
  Wind Through Basalt vs Sudden Chasm: d 9.05157, floor 9.81602

  BELOW FLOOR: Wind Through Basalt vs Dead Air: d 9.2764 < floor 9.8160
F:\projects\iterum\plugins\vorago\tests\integration\preset_matrix_test.cpp(517): FAILED:
  CHECK( d >= pf )
with expansion:
  9.2763968437 >= 9.8160195366
with message:
  Wind Through Basalt vs Dead Air: d 9.2764, floor 9.81602

  BELOW FLOOR: Wind Through Basalt vs Abyssal Wind: d 9.6038 < floor 9.8160
F:\projects\iterum\plugins\vorago\tests\integration\preset_matrix_test.cpp(517): FAILED:
  CHECK( d >= pf )
with expansion:
  9.6038160691 >= 9.8160195366
with message:
  Wind Through Basalt vs Abyssal Wind: d 9.60382, floor 9.81602

  BELOW FLOOR: Wind Through Basalt vs Spore Drift: d 6.8944 < floor 9.8160
F:\projects\iterum\plugins\vorago\tests\integration\preset_matrix_test.cpp(517): FAILED:
  CHECK( d >= pf )
with expansion:
  6.89436706 >= 9.8160195366
with message:
  Wind Through Basalt vs Spore Drift: d 6.89437, floor 9.81602

  BELOW FLOOR: Wind Through Basalt vs Steam Vent: d 6.3925 < floor 9.8160
F:\projects\iterum\plugins\vorago\tests\integration\preset_matrix_test.cpp(517): FAILED:
  CHECK( d >= pf )
with expansion:
  6.3925461293 >= 9.8160195366
with message:
  Wind Through Basalt vs Steam Vent: d 6.39255, floor 9.81602

  BELOW FLOOR: Resonant Shaft vs Smeared Horizon: d 8.6850 < floor 9.8160
F:\projects\iterum\plugins\vorago\tests\integration\preset_matrix_test.cpp(517): FAILED:
  CHECK( d >= pf )
with expansion:
  8.6849652899 >= 9.8160195366
with message:
  Resonant Shaft vs Smeared Horizon: d 8.68497, floor 9.81602

  BELOW FLOOR: Resonant Shaft vs Cathedral Void: d 6.4308 < floor 9.8160
F:\projects\iterum\plugins\vorago\tests\integration\preset_matrix_test.cpp(517): FAILED:
  CHECK( d >= pf )
with expansion:
  6.4308451598 >= 9.8160195366
with message:
  Resonant Shaft vs Cathedral Void: d 6.43085, floor 9.81602

  BELOW FLOOR: Resonant Shaft vs Choir of Absence: d 4.5884 < floor 9.8160
F:\projects\iterum\plugins\vorago\tests\integration\preset_matrix_test.cpp(517): FAILED:
  CHECK( d >= pf )
with expansion:
  4.5884078131 >= 9.8160195366
with message:
  Resonant Shaft vs Choir of Absence: d 4.58841, floor 9.81602

  BELOW FLOOR: Resonant Shaft vs Stone Gravity: d 6.0521 < floor 9.8160
F:\projects\iterum\plugins\vorago\tests\integration\preset_matrix_test.cpp(517): FAILED:
  CHECK( d >= pf )
with expansion:
  6.0521422764 >= 9.8160195366
with message:
  Resonant Shaft vs Stone Gravity: d 6.05214, floor 9.81602

  BELOW FLOOR: Resonant Shaft vs Endless Descent: d 8.7518 < floor 9.8160
F:\projects\iterum\plugins\vorago\tests\integration\preset_matrix_test.cpp(517): FAILED:
  CHECK( d >= pf )
with expansion:
  8.7517517435 >= 9.8160195366
with message:
  Resonant Shaft vs Endless Descent: d 8.75175, floor 9.81602

  BELOW FLOOR: Resonant Shaft vs Singing Colony: d 5.6292 < floor 9.8160
F:\projects\iterum\plugins\vorago\tests\integration\preset_matrix_test.cpp(517): FAILED:
  CHECK( d >= pf )
with expansion:
  5.6292365312 >= 9.8160195366
with message:
  Resonant Shaft vs Singing Colony: d 5.62924, floor 9.81602

  BELOW FLOOR: Resonant Shaft vs Feeding Loops: d 8.9036 < floor 9.8160
F:\projects\iterum\plugins\vorago\tests\integration\preset_matrix_test.cpp(517): FAILED:
  CHECK( d >= pf )
with expansion:
  8.9035714967 >= 9.8160195366
with message:
  Resonant Shaft vs Feeding Loops: d 8.90357, floor 9.81602

  BELOW FLOOR: Resonant Shaft vs Glass Well: d 8.3703 < floor 9.8160
F:\projects\iterum\plugins\vorago\tests\integration\preset_matrix_test.cpp(517): FAILED:
  CHECK( d >= pf )
with expansion:
  8.3702930254 >= 9.8160195366
with message:
  Resonant Shaft vs Glass Well: d 8.37029, floor 9.81602

  BELOW FLOOR: Resonant Shaft vs Iron Plate: d 8.7928 < floor 9.8160
F:\projects\iterum\plugins\vorago\tests\integration\preset_matrix_test.cpp(517): FAILED:
  CHECK( d >= pf )
with expansion:
  8.7927760521 >= 9.8160195366
with message:
  Resonant Shaft vs Iron Plate: d 8.79278, floor 9.81602

  BELOW FLOOR: Resonant Shaft vs Chamber Drone: d 8.0521 < floor 9.8160
F:\projects\iterum\plugins\vorago\tests\integration\preset_matrix_test.cpp(517): FAILED:
  CHECK( d >= pf )
with expansion:
  8.0521429103 >= 9.8160195366
with message:
  Resonant Shaft vs Chamber Drone: d 8.05214, floor 9.81602

  BELOW FLOOR: Resonant Shaft vs Dead Air: d 8.9273 < floor 9.8160
F:\projects\iterum\plugins\vorago\tests\integration\preset_matrix_test.cpp(517): FAILED:
  CHECK( d >= pf )
with expansion:
  8.9273317379 >= 9.8160195366
with message:
  Resonant Shaft vs Dead Air: d 8.92733, floor 9.81602

  BELOW FLOOR: Resonant Shaft vs Abyssal Wind: d 8.9840 < floor 9.8160
F:\projects\iterum\plugins\vorago\tests\integration\preset_matrix_test.cpp(517): FAILED:
  CHECK( d >= pf )
with expansion:
  8.9840239924 >= 9.8160195366
with message:
  Resonant Shaft vs Abyssal Wind: d 8.98402, floor 9.81602

  BELOW FLOOR: Smeared Horizon vs Feedback Mire: d 6.0552 < floor 9.8160
F:\projects\iterum\plugins\vorago\tests\integration\preset_matrix_test.cpp(517): FAILED:
  CHECK( d >= pf )
with expansion:
  6.0551734771 >= 9.8160195366
with message:
  Smeared Horizon vs Feedback Mire: d 6.05517, floor 9.81602

  BELOW FLOOR: Smeared Horizon vs Tectonic Floor: d 8.0764 < floor 9.8160
F:\projects\iterum\plugins\vorago\tests\integration\preset_matrix_test.cpp(517): FAILED:
  CHECK( d >= pf )
with expansion:
  8.0763517538 >= 9.8160195366
with message:
  Smeared Horizon vs Tectonic Floor: d 8.07635, floor 9.81602

  BELOW FLOOR: Smeared Horizon vs Slow Bloom: d 7.3423 < floor 9.8160
F:\projects\iterum\plugins\vorago\tests\integration\preset_matrix_test.cpp(517): FAILED:
  CHECK( d >= pf )
with expansion:
  7.3422887728 >= 9.8160195366
with message:
  Smeared Horizon vs Slow Bloom: d 7.34229, floor 9.81602

  BELOW FLOOR: Smeared Horizon vs Colony Pulse: d 6.8448 < floor 9.8160
F:\projects\iterum\plugins\vorago\tests\integration\preset_matrix_test.cpp(517): FAILED:
  CHECK( d >= pf )
with expansion:
  6.8448034617 >= 9.8160195366
with message:
  Smeared Horizon vs Colony Pulse: d 6.8448, floor 9.81602

  BELOW FLOOR: Smeared Horizon vs Cathedral Void: d 5.5279 < floor 9.8160
F:\projects\iterum\plugins\vorago\tests\integration\preset_matrix_test.cpp(517): FAILED:
  CHECK( d >= pf )
with expansion:
  5.5279278088 >= 9.8160195366
with message:
  Smeared Horizon vs Cathedral Void: d 5.52793, floor 9.81602

  BELOW FLOOR: Smeared Horizon vs Choir of Absence: d 5.3212 < floor 9.8160
F:\projects\iterum\plugins\vorago\tests\integration\preset_matrix_test.cpp(517): FAILED:
  CHECK( d >= pf )
with expansion:
  5.3212235746 >= 9.8160195366
with message:
  Smeared Horizon vs Choir of Absence: d 5.32122, floor 9.81602

  BELOW FLOOR: Smeared Horizon vs Hull Resonance: d 7.9895 < floor 9.8160
F:\projects\iterum\plugins\vorago\tests\integration\preset_matrix_test.cpp(517): FAILED:
  CHECK( d >= pf )
with expansion:
  7.9895055311 >= 9.8160195366
with message:
  Smeared Horizon vs Hull Resonance: d 7.98951, floor 9.81602

  BELOW FLOOR: Smeared Horizon vs Lightless: d 9.3993 < floor 9.8160
F:\projects\iterum\plugins\vorago\tests\integration\preset_matrix_test.cpp(517): FAILED:
  CHECK( d >= pf )
with expansion:
  9.399307409 >= 9.8160195366
with message:
  Smeared Horizon vs Lightless: d 9.39931, floor 9.81602

  BELOW FLOOR: Smeared Horizon vs Erosion: d 8.6217 < floor 9.8160
F:\projects\iterum\plugins\vorago\tests\integration\preset_matrix_test.cpp(517): FAILED:
  CHECK( d >= pf )
with expansion:
  8.6217299421 >= 9.8160195366
with message:
  Smeared Horizon vs Erosion: d 8.62173, floor 9.81602

  BELOW FLOOR: Smeared Horizon vs Crowded Dark: d 6.4905 < floor 9.8160
F:\projects\iterum\plugins\vorago\tests\integration\preset_matrix_test.cpp(517): FAILED:
  CHECK( d >= pf )
with expansion:
  6.4904706362 >= 9.8160195366
with message:
  Smeared Horizon vs Crowded Dark: d 6.49047, floor 9.81602

  BELOW FLOOR: Smeared Horizon vs Drifting Strata: d 8.0008 < floor 9.8160
F:\projects\iterum\plugins\vorago\tests\integration\preset_matrix_test.cpp(517): FAILED:
  CHECK( d >= pf )
with expansion:
  8.0007638377 >= 9.8160195366
with message:
  Smeared Horizon vs Drifting Strata: d 8.00076, floor 9.81602

  BELOW FLOOR: Smeared Horizon vs Stone Gravity: d 6.5309 < floor 9.8160
F:\projects\iterum\plugins\vorago\tests\integration\preset_matrix_test.cpp(517): FAILED:
  CHECK( d >= pf )
with expansion:
  6.5308664531 >= 9.8160195366
with message:
  Smeared Horizon vs Stone Gravity: d 6.53087, floor 9.81602

  BELOW FLOOR: Smeared Horizon vs Entropic Hum: d 7.2894 < floor 9.8160
F:\projects\iterum\plugins\vorago\tests\integration\preset_matrix_test.cpp(517): FAILED:
  CHECK( d >= pf )
with expansion:
  7.2893688978 >= 9.8160195366
with message:
  Smeared Horizon vs Entropic Hum: d 7.28937, floor 9.81602

  BELOW FLOOR: Smeared Horizon vs Pressure Front: d 6.4769 < floor 9.8160
F:\projects\iterum\plugins\vorago\tests\integration\preset_matrix_test.cpp(517): FAILED:
  CHECK( d >= pf )
with expansion:
  6.4768751831 >= 9.8160195366
with message:
  Smeared Horizon vs Pressure Front: d 6.47688, floor 9.81602

  BELOW FLOOR: Smeared Horizon vs Fogbound: d 6.0833 < floor 9.8160
F:\projects\iterum\plugins\vorago\tests\integration\preset_matrix_test.cpp(517): FAILED:
  CHECK( d >= pf )
with expansion:
  6.083307233 >= 9.8160195366
with message:
  Smeared Horizon vs Fogbound: d 6.08331, floor 9.81602

  BELOW FLOOR: Smeared Horizon vs Teeming: d 8.6852 < floor 9.8160
F:\projects\iterum\plugins\vorago\tests\integration\preset_matrix_test.cpp(517): FAILED:
  CHECK( d >= pf )
with expansion:
  8.6851763986 >= 9.8160195366
with message:
  Smeared Horizon vs Teeming: d 8.68518, floor 9.81602

  BELOW FLOOR: Smeared Horizon vs Endless Descent: d 3.5757 < floor 9.8160
F:\projects\iterum\plugins\vorago\tests\integration\preset_matrix_test.cpp(517): FAILED:
  CHECK( d >= pf )
with expansion:
  3.57573362 >= 9.8160195366
with message:
  Smeared Horizon vs Endless Descent: d 3.57573, floor 9.81602

  BELOW FLOOR: Smeared Horizon vs Singing Colony: d 8.6377 < floor 9.8160
F:\projects\iterum\plugins\vorago\tests\integration\preset_matrix_test.cpp(517): FAILED:
  CHECK( d >= pf )
with expansion:
  8.637728687 >= 9.8160195366
with message:
  Smeared Horizon vs Singing Colony: d 8.63773, floor 9.81602

  BELOW FLOOR: Smeared Horizon vs Feeding Loops: d 7.4503 < floor 9.8160
F:\projects\iterum\plugins\vorago\tests\integration\preset_matrix_test.cpp(517): FAILED:
  CHECK( d >= pf )
with expansion:
  7.4502673465 >= 9.8160195366
with message:
  Smeared Horizon vs Feeding Loops: d 7.45027, floor 9.81602

  BELOW FLOOR: Smeared Horizon vs Haunted Colony: d 9.5590 < floor 9.8160
F:\projects\iterum\plugins\vorago\tests\integration\preset_matrix_test.cpp(517): FAILED:
  CHECK( d >= pf )
with expansion:
  9.5590148774 >= 9.8160195366
with message:
  Smeared Horizon vs Haunted Colony: d 9.55901, floor 9.81602

  BELOW FLOOR: Smeared Horizon vs Iron Plate: d 6.0791 < floor 9.8160
F:\projects\iterum\plugins\vorago\tests\integration\preset_matrix_test.cpp(517): FAILED:
  CHECK( d >= pf )
with expansion:
  6.079120177 >= 9.8160195366
with message:
  Smeared Horizon vs Iron Plate: d 6.07912, floor 9.81602

  BELOW FLOOR: Smeared Horizon vs Chamber Drone: d 6.3624 < floor 9.8160
F:\projects\iterum\plugins\vorago\tests\integration\preset_matrix_test.cpp(517): FAILED:
  CHECK( d >= pf )
with expansion:
  6.3623788129 >= 9.8160195366
with message:
  Smeared Horizon vs Chamber Drone: d 6.36238, floor 9.81602

  BELOW FLOOR: Smeared Horizon vs Dead Air: d 3.3038 < floor 9.8160
F:\projects\iterum\plugins\vorago\tests\integration\preset_matrix_test.cpp(517): FAILED:
  CHECK( d >= pf )
with expansion:
  3.3037926815 >= 9.8160195366
with message:
  Smeared Horizon vs Dead Air: d 3.30379, floor 9.81602

  BELOW FLOOR: Smeared Horizon vs Abyssal Wind: d 7.2676 < floor 9.8160
F:\projects\iterum\plugins\vorago\tests\integration\preset_matrix_test.cpp(517): FAILED:
  CHECK( d >= pf )
with expansion:
  7.2675952224 >= 9.8160195366
with message:
  Smeared Horizon vs Abyssal Wind: d 7.2676, floor 9.81602

  BELOW FLOOR: Smeared Horizon vs Steam Vent: d 7.7544 < floor 9.8160
F:\projects\iterum\plugins\vorago\tests\integration\preset_matrix_test.cpp(517): FAILED:
  CHECK( d >= pf )
with expansion:
  7.7544063643 >= 9.8160195366
with message:
  Smeared Horizon vs Steam Vent: d 7.75441, floor 9.81602

  BELOW FLOOR: Feedback Mire vs Tectonic Floor: d 5.1500 < floor 9.8160
F:\projects\iterum\plugins\vorago\tests\integration\preset_matrix_test.cpp(517): FAILED:
  CHECK( d >= pf )
with expansion:
  5.1499706085 >= 9.8160195366
with message:
  Feedback Mire vs Tectonic Floor: d 5.14997, floor 9.81602

  BELOW FLOOR: Feedback Mire vs Slow Bloom: d 3.9272 < floor 9.8160
F:\projects\iterum\plugins\vorago\tests\integration\preset_matrix_test.cpp(517): FAILED:
  CHECK( d >= pf )
with expansion:
  3.9271912364 >= 9.8160195366
with message:
  Feedback Mire vs Slow Bloom: d 3.92719, floor 9.81602

  BELOW FLOOR: Feedback Mire vs Colony Pulse: d 4.7161 < floor 9.8160
F:\projects\iterum\plugins\vorago\tests\integration\preset_matrix_test.cpp(517): FAILED:
  CHECK( d >= pf )
with expansion:
  4.7160789034 >= 9.8160195366
with message:
  Feedback Mire vs Colony Pulse: d 4.71608, floor 9.81602

  BELOW FLOOR: Feedback Mire vs Cathedral Void: d 8.2041 < floor 9.8160
F:\projects\iterum\plugins\vorago\tests\integration\preset_matrix_test.cpp(517): FAILED:
  CHECK( d >= pf )
with expansion:
  8.2041454652 >= 9.8160195366
with message:
  Feedback Mire vs Cathedral Void: d 8.20415, floor 9.81602

  BELOW FLOOR: Feedback Mire vs Choir of Absence: d 9.7700 < floor 9.8160
F:\projects\iterum\plugins\vorago\tests\integration\preset_matrix_test.cpp(517): FAILED:
  CHECK( d >= pf )
with expansion:
  9.770003258 >= 9.8160195366
with message:
  Feedback Mire vs Choir of Absence: d 9.77, floor 9.81602

  BELOW FLOOR: Feedback Mire vs Hull Resonance: d 5.5607 < floor 9.8160
F:\projects\iterum\plugins\vorago\tests\integration\preset_matrix_test.cpp(517): FAILED:
  CHECK( d >= pf )
with expansion:
  5.5607343166 >= 9.8160195366
with message:
  Feedback Mire vs Hull Resonance: d 5.56073, floor 9.81602

  BELOW FLOOR: Feedback Mire vs Erosion: d 7.6511 < floor 9.8160
F:\projects\iterum\plugins\vorago\tests\integration\preset_matrix_test.cpp(517): FAILED:
  CHECK( d >= pf )
with expansion:
  7.6511132586 >= 9.8160195366
with message:
  Feedback Mire vs Erosion: d 7.65111, floor 9.81602

  BELOW FLOOR: Feedback Mire vs Crowded Dark: d 5.3515 < floor 9.8160
F:\projects\iterum\plugins\vorago\tests\integration\preset_matrix_test.cpp(517): FAILED:
  CHECK( d >= pf )
with expansion:
  5.3514991524 >= 9.8160195366
with message:
  Feedback Mire vs Crowded Dark: d 5.3515, floor 9.81602

  BELOW FLOOR: Feedback Mire vs Drifting Strata: d 5.2611 < floor 9.8160
F:\projects\iterum\plugins\vorago\tests\integration\preset_matrix_test.cpp(517): FAILED:
  CHECK( d >= pf )
with expansion:
  5.2611370131 >= 9.8160195366
with message:
  Feedback Mire vs Drifting Strata: d 5.26114, floor 9.81602

  BELOW FLOOR: Feedback Mire vs Entropic Hum: d 4.8925 < floor 9.8160
F:\projects\iterum\plugins\vorago\tests\integration\preset_matrix_test.cpp(517): FAILED:
  CHECK( d >= pf )
with expansion:
  4.8925042323 >= 9.8160195366
with message:
  Feedback Mire vs Entropic Hum: d 4.8925, floor 9.81602

  BELOW FLOOR: Feedback Mire vs Pressure Front: d 3.9526 < floor 9.8160
F:\projects\iterum\plugins\vorago\tests\integration\preset_matrix_test.cpp(517): FAILED:
  CHECK( d >= pf )
with expansion:
  3.9526034017 >= 9.8160195366
with message:
  Feedback Mire vs Pressure Front: d 3.9526, floor 9.81602

  BELOW FLOOR: Feedback Mire vs Weighted Deep: d 8.2624 < floor 9.8160
F:\projects\iterum\plugins\vorago\tests\integration\preset_matrix_test.cpp(517): FAILED:
  CHECK( d >= pf )
with expansion:
  8.2624398532 >= 9.8160195366
with message:
  Feedback Mire vs Weighted Deep: d 8.26244, floor 9.81602

  BELOW FLOOR: Feedback Mire vs Fogbound: d 5.0231 < floor 9.8160
F:\projects\iterum\plugins\vorago\tests\integration\preset_matrix_test.cpp(517): FAILED:
  CHECK( d >= pf )
with expansion:
  5.0230791066 >= 9.8160195366
with message:
  Feedback Mire vs Fogbound: d 5.02308, floor 9.81602

  BELOW FLOOR: Feedback Mire vs Teeming: d 7.5229 < floor 9.8160
F:\projects\iterum\plugins\vorago\tests\integration\preset_matrix_test.cpp(517): FAILED:
  CHECK( d >= pf )
with expansion:
  7.5228699565 >= 9.8160195366
with message:
  Feedback Mire vs Teeming: d 7.52287, floor 9.81602

  BELOW FLOOR: Feedback Mire vs Endless Descent: d 4.6807 < floor 9.8160
F:\projects\iterum\plugins\vorago\tests\integration\preset_matrix_test.cpp(517): FAILED:
  CHECK( d >= pf )
with expansion:
  4.6807207292 >= 9.8160195366
with message:
  Feedback Mire vs Endless Descent: d 4.68072, floor 9.81602

  BELOW FLOOR: Feedback Mire vs Monolith: d 6.2974 < floor 9.8160
F:\projects\iterum\plugins\vorago\tests\integration\preset_matrix_test.cpp(517): FAILED:
  CHECK( d >= pf )
with expansion:
  6.2974272692 >= 9.8160195366
with message:
  Feedback Mire vs Monolith: d 6.29743, floor 9.81602

  BELOW FLOOR: Feedback Mire vs Bloom Colony: d 6.9903 < floor 9.8160
F:\projects\iterum\plugins\vorago\tests\integration\preset_matrix_test.cpp(517): FAILED:
  CHECK( d >= pf )
with expansion:
  6.990266712 >= 9.8160195366
with message:
  Feedback Mire vs Bloom Colony: d 6.99027, floor 9.81602

  BELOW FLOOR: Feedback Mire vs Swarm Breath: d 6.4256 < floor 9.8160
F:\projects\iterum\plugins\vorago\tests\integration\preset_matrix_test.cpp(517): FAILED:
  CHECK( d >= pf )
with expansion:
  6.4256158749 >= 9.8160195366
with message:
  Feedback Mire vs Swarm Breath: d 6.42562, floor 9.81602

  BELOW FLOOR: Feedback Mire vs Feeding Loops: d 6.1495 < floor 9.8160
F:\projects\iterum\plugins\vorago\tests\integration\preset_matrix_test.cpp(517): FAILED:
  CHECK( d >= pf )
with expansion:
  6.1495080941 >= 9.8160195366
with message:
  Feedback Mire vs Feeding Loops: d 6.14951, floor 9.81602

  BELOW FLOOR: Feedback Mire vs Haunted Colony: d 8.0015 < floor 9.8160
F:\projects\iterum\plugins\vorago\tests\integration\preset_matrix_test.cpp(517): FAILED:
  CHECK( d >= pf )
with expansion:
  8.0014602291 >= 9.8160195366
with message:
  Feedback Mire vs Haunted Colony: d 8.00146, floor 9.81602

  BELOW FLOOR: Feedback Mire vs Glass Well: d 9.2652 < floor 9.8160
F:\projects\iterum\plugins\vorago\tests\integration\preset_matrix_test.cpp(517): FAILED:
  CHECK( d >= pf )
with expansion:
  9.2651805513 >= 9.8160195366
with message:
  Feedback Mire vs Glass Well: d 9.26518, floor 9.81602

  BELOW FLOOR: Feedback Mire vs Iron Plate: d 6.7840 < floor 9.8160
F:\projects\iterum\plugins\vorago\tests\integration\preset_matrix_test.cpp(517): FAILED:
  CHECK( d >= pf )
with expansion:
  6.7840371579 >= 9.8160195366
with message:
  Feedback Mire vs Iron Plate: d 6.78404, floor 9.81602

  BELOW FLOOR: Feedback Mire vs Chamber Drone: d 7.3043 < floor 9.8160
F:\projects\iterum\plugins\vorago\tests\integration\preset_matrix_test.cpp(517): FAILED:
  CHECK( d >= pf )
with expansion:
  7.3042950185 >= 9.8160195366
with message:
  Feedback Mire vs Chamber Drone: d 7.3043, floor 9.81602

  BELOW FLOOR: Feedback Mire vs Column Hymn: d 9.0168 < floor 9.8160
F:\projects\iterum\plugins\vorago\tests\integration\preset_matrix_test.cpp(517): FAILED:
  CHECK( d >= pf )
with expansion:
  9.0168239496 >= 9.8160195366
with message:
  Feedback Mire vs Column Hymn: d 9.01682, floor 9.81602

  BELOW FLOOR: Feedback Mire vs Glass Sphere: d 9.0898 < floor 9.8160
F:\projects\iterum\plugins\vorago\tests\integration\preset_matrix_test.cpp(517): FAILED:
  CHECK( d >= pf )
with expansion:
  9.0898324529 >= 9.8160195366
with message:
  Feedback Mire vs Glass Sphere: d 9.08983, floor 9.81602

  BELOW FLOOR: Feedback Mire vs Dead Air: d 5.6080 < floor 9.8160
F:\projects\iterum\plugins\vorago\tests\integration\preset_matrix_test.cpp(517): FAILED:
  CHECK( d >= pf )
with expansion:
  5.6079558998 >= 9.8160195366
with message:
  Feedback Mire vs Dead Air: d 5.60796, floor 9.81602

  BELOW FLOOR: Feedback Mire vs Abyssal Wind: d 7.6206 < floor 9.8160
F:\projects\iterum\plugins\vorago\tests\integration\preset_matrix_test.cpp(517): FAILED:
  CHECK( d >= pf )
with expansion:
  7.6205910725 >= 9.8160195366
with message:
  Feedback Mire vs Abyssal Wind: d 7.62059, floor 9.81602

  BELOW FLOOR: Feedback Mire vs Spore Drift: d 9.0741 < floor 9.8160
F:\projects\iterum\plugins\vorago\tests\integration\preset_matrix_test.cpp(517): FAILED:
  CHECK( d >= pf )
with expansion:
  9.0741020665 >= 9.8160195366
with message:
  Feedback Mire vs Spore Drift: d 9.0741, floor 9.81602

  BELOW FLOOR: Feedback Mire vs Steam Vent: d 5.7150 < floor 9.8160
F:\projects\iterum\plugins\vorago\tests\integration\preset_matrix_test.cpp(517): FAILED:
  CHECK( d >= pf )
with expansion:
  5.7150172239 >= 9.8160195366
with message:
  Feedback Mire vs Steam Vent: d 5.71502, floor 9.81602

  BELOW FLOOR: Tectonic Floor vs Slow Bloom: d 1.7455 < floor 9.8160
F:\projects\iterum\plugins\vorago\tests\integration\preset_matrix_test.cpp(517): FAILED:
  CHECK( d >= pf )
with expansion:
  1.745472277 >= 9.8160195366
with message:
  Tectonic Floor vs Slow Bloom: d 1.74547, floor 9.81602

  BELOW FLOOR: Tectonic Floor vs Colony Pulse: d 4.4488 < floor 9.8160
F:\projects\iterum\plugins\vorago\tests\integration\preset_matrix_test.cpp(517): FAILED:
  CHECK( d >= pf )
with expansion:
  4.4488296137 >= 9.8160195366
with message:
  Tectonic Floor vs Colony Pulse: d 4.44883, floor 9.81602

  BELOW FLOOR: Tectonic Floor vs Cathedral Void: d 8.0170 < floor 9.8160
F:\projects\iterum\plugins\vorago\tests\integration\preset_matrix_test.cpp(517): FAILED:
  CHECK( d >= pf )
with expansion:
  8.0170445167 >= 9.8160195366
with message:
  Tectonic Floor vs Cathedral Void: d 8.01704, floor 9.81602

  BELOW FLOOR: Tectonic Floor vs Hull Resonance: d 5.3151 < floor 9.8160
F:\projects\iterum\plugins\vorago\tests\integration\preset_matrix_test.cpp(517): FAILED:
  CHECK( d >= pf )
with expansion:
  5.3150614892 >= 9.8160195366
with message:
  Tectonic Floor vs Hull Resonance: d 5.31506, floor 9.81602

  BELOW FLOOR: Tectonic Floor vs Lightless: d 7.8159 < floor 9.8160
F:\projects\iterum\plugins\vorago\tests\integration\preset_matrix_test.cpp(517): FAILED:
  CHECK( d >= pf )
with expansion:
  7.8159447006 >= 9.8160195366
with message:
  Tectonic Floor vs Lightless: d 7.81594, floor 9.81602

  BELOW FLOOR: Tectonic Floor vs Erosion: d 4.8058 < floor 9.8160
F:\projects\iterum\plugins\vorago\tests\integration\preset_matrix_test.cpp(517): FAILED:
  CHECK( d >= pf )
with expansion:
  4.8057533543 >= 9.8160195366
with message:
  Tectonic Floor vs Erosion: d 4.80575, floor 9.81602

  BELOW FLOOR: Tectonic Floor vs Crowded Dark: d 6.4455 < floor 9.8160
F:\projects\iterum\plugins\vorago\tests\integration\preset_matrix_test.cpp(517): FAILED:
  CHECK( d >= pf )
with expansion:
  6.4455335492 >= 9.8160195366
with message:
  Tectonic Floor vs Crowded Dark: d 6.44553, floor 9.81602

  BELOW FLOOR: Tectonic Floor vs Drifting Strata: d 5.1413 < floor 9.8160
F:\projects\iterum\plugins\vorago\tests\integration\preset_matrix_test.cpp(517): FAILED:
  CHECK( d >= pf )
with expansion:
  5.1413402513 >= 9.8160195366
with message:
  Tectonic Floor vs Drifting Strata: d 5.14134, floor 9.81602

  BELOW FLOOR: Tectonic Floor vs Entropic Hum: d 4.9064 < floor 9.8160
F:\projects\iterum\plugins\vorago\tests\integration\preset_matrix_test.cpp(517): FAILED:
  CHECK( d >= pf )
with expansion:
  4.9064294375 >= 9.8160195366
with message:
  Tectonic Floor vs Entropic Hum: d 4.90643, floor 9.81602

  BELOW FLOOR: Tectonic Floor vs Pressure Front: d 4.1792 < floor 9.8160
F:\projects\iterum\plugins\vorago\tests\integration\preset_matrix_test.cpp(517): FAILED:
  CHECK( d >= pf )
with expansion:
  4.1791614767 >= 9.8160195366
with message:
  Tectonic Floor vs Pressure Front: d 4.17916, floor 9.81602

  BELOW FLOOR: Tectonic Floor vs Weighted Deep: d 4.7509 < floor 9.8160
F:\projects\iterum\plugins\vorago\tests\integration\preset_matrix_test.cpp(517): FAILED:
  CHECK( d >= pf )
with expansion:
  4.7509001534 >= 9.8160195366
with message:
  Tectonic Floor vs Weighted Deep: d 4.7509, floor 9.81602

  BELOW FLOOR: Tectonic Floor vs Fogbound: d 3.6433 < floor 9.8160
F:\projects\iterum\plugins\vorago\tests\integration\preset_matrix_test.cpp(517): FAILED:
  CHECK( d >= pf )
with expansion:
  3.6433297954 >= 9.8160195366
with message:
  Tectonic Floor vs Fogbound: d 3.64333, floor 9.81602

  BELOW FLOOR: Tectonic Floor vs Teeming: d 3.9690 < floor 9.8160
F:\projects\iterum\plugins\vorago\tests\integration\preset_matrix_test.cpp(517): FAILED:
  CHECK( d >= pf )
with expansion:
  3.9690233494 >= 9.8160195366
with message:
  Tectonic Floor vs Teeming: d 3.96902, floor 9.81602

  BELOW FLOOR: Tectonic Floor vs Endless Descent: d 6.6682 < floor 9.8160
F:\projects\iterum\plugins\vorago\tests\integration\preset_matrix_test.cpp(517): FAILED:
  CHECK( d >= pf )
with expansion:
  6.6682169444 >= 9.8160195366
with message:
  Tectonic Floor vs Endless Descent: d 6.66822, floor 9.81602

  BELOW FLOOR: Tectonic Floor vs Monolith: d 5.3034 < floor 9.8160
F:\projects\iterum\plugins\vorago\tests\integration\preset_matrix_test.cpp(517): FAILED:
  CHECK( d >= pf )
with expansion:
  5.3033736768 >= 9.8160195366
with message:
  Tectonic Floor vs Monolith: d 5.30337, floor 9.81602

  BELOW FLOOR: Tectonic Floor vs Bloom Colony: d 3.7933 < floor 9.8160
F:\projects\iterum\plugins\vorago\tests\integration\preset_matrix_test.cpp(517): FAILED:
  CHECK( d >= pf )
with expansion:
  3.793300905 >= 9.8160195366
with message:
  Tectonic Floor vs Bloom Colony: d 3.7933, floor 9.81602

  BELOW FLOOR: Tectonic Floor vs Swarm Breath: d 3.8872 < floor 9.8160
F:\projects\iterum\plugins\vorago\tests\integration\preset_matrix_test.cpp(517): FAILED:
  CHECK( d >= pf )
with expansion:
  3.8871843159 >= 9.8160195366
with message:
  Tectonic Floor vs Swarm Breath: d 3.88718, floor 9.81602

  BELOW FLOOR: Tectonic Floor vs Feeding Loops: d 6.6786 < floor 9.8160
F:\projects\iterum\plugins\vorago\tests\integration\preset_matrix_test.cpp(517): FAILED:
  CHECK( d >= pf )
with expansion:
  6.6786356526 >= 9.8160195366
with message:
  Tectonic Floor vs Feeding Loops: d 6.67864, floor 9.81602

  BELOW FLOOR: Tectonic Floor vs Haunted Colony: d 3.6138 < floor 9.8160
F:\projects\iterum\plugins\vorago\tests\integration\preset_matrix_test.cpp(517): FAILED:
  CHECK( d >= pf )
with expansion:
  3.6138207709 >= 9.8160195366
with message:
  Tectonic Floor vs Haunted Colony: d 3.61382, floor 9.81602

  BELOW FLOOR: Tectonic Floor vs Growth Ring: d 6.0415 < floor 9.8160
F:\projects\iterum\plugins\vorago\tests\integration\preset_matrix_test.cpp(517): FAILED:
  CHECK( d >= pf )
with expansion:
  6.0415050994 >= 9.8160195366
with message:
  Tectonic Floor vs Growth Ring: d 6.04151, floor 9.81602

  BELOW FLOOR: Tectonic Floor vs Glass Well: d 8.0014 < floor 9.8160
F:\projects\iterum\plugins\vorago\tests\integration\preset_matrix_test.cpp(517): FAILED:
  CHECK( d >= pf )
with expansion:
  8.0013886167 >= 9.8160195366
with message:
  Tectonic Floor vs Glass Well: d 8.00139, floor 9.81602

  BELOW FLOOR: Tectonic Floor vs Iron Plate: d 9.3273 < floor 9.8160
F:\projects\iterum\plugins\vorago\tests\integration\preset_matrix_test.cpp(517): FAILED:
  CHECK( d >= pf )
with expansion:
  9.327324776 >= 9.8160195366
with message:
  Tectonic Floor vs Iron Plate: d 9.32732, floor 9.81602

  BELOW FLOOR: Tectonic Floor vs Column Hymn: d 5.3713 < floor 9.8160
F:\projects\iterum\plugins\vorago\tests\integration\preset_matrix_test.cpp(517): FAILED:
  CHECK( d >= pf )
with expansion:
  5.3713374528 >= 9.8160195366
with message:
  Tectonic Floor vs Column Hymn: d 5.37134, floor 9.81602

  BELOW FLOOR: Tectonic Floor vs Cavern Wall: d 9.0875 < floor 9.8160
F:\projects\iterum\plugins\vorago\tests\integration\preset_matrix_test.cpp(517): FAILED:
  CHECK( d >= pf )
with expansion:
  9.0875199812 >= 9.8160195366
with message:
  Tectonic Floor vs Cavern Wall: d 9.08752, floor 9.81602

  BELOW FLOOR: Tectonic Floor vs Glass Sphere: d 7.4306 < floor 9.8160
F:\projects\iterum\plugins\vorago\tests\integration\preset_matrix_test.cpp(517): FAILED:
  CHECK( d >= pf )
with expansion:
  7.4306095527 >= 9.8160195366
with message:
  Tectonic Floor vs Glass Sphere: d 7.43061, floor 9.81602

  BELOW FLOOR: Tectonic Floor vs Sudden Chasm: d 5.8798 < floor 9.8160
F:\projects\iterum\plugins\vorago\tests\integration\preset_matrix_test.cpp(517): FAILED:
  CHECK( d >= pf )
with expansion:
  5.8798202458 >= 9.8160195366
with message:
  Tectonic Floor vs Sudden Chasm: d 5.87982, floor 9.81602

  BELOW FLOOR: Tectonic Floor vs Dead Air: d 7.6864 < floor 9.8160
F:\projects\iterum\plugins\vorago\tests\integration\preset_matrix_test.cpp(517): FAILED:
  CHECK( d >= pf )
with expansion:
  7.6863711763 >= 9.8160195366
with message:
  Tectonic Floor vs Dead Air: d 7.68637, floor 9.81602

  BELOW FLOOR: Tectonic Floor vs Abyssal Wind: d 5.8122 < floor 9.8160
F:\projects\iterum\plugins\vorago\tests\integration\preset_matrix_test.cpp(517): FAILED:
  CHECK( d >= pf )
with expansion:
  5.8121828037 >= 9.8160195366
with message:
  Tectonic Floor vs Abyssal Wind: d 5.81218, floor 9.81602

  BELOW FLOOR: Tectonic Floor vs Spore Drift: d 4.8808 < floor 9.8160
F:\projects\iterum\plugins\vorago\tests\integration\preset_matrix_test.cpp(517): FAILED:
  CHECK( d >= pf )
with expansion:
  4.8808426602 >= 9.8160195366
with message:
  Tectonic Floor vs Spore Drift: d 4.88084, floor 9.81602

  BELOW FLOOR: Tectonic Floor vs Steam Vent: d 4.4128 < floor 9.8160
F:\projects\iterum\plugins\vorago\tests\integration\preset_matrix_test.cpp(517): FAILED:
  CHECK( d >= pf )
with expansion:
  4.4128077239 >= 9.8160195366
with message:
  Tectonic Floor vs Steam Vent: d 4.41281, floor 9.81602

  BELOW FLOOR: Slow Bloom vs Colony Pulse: d 3.1089 < floor 9.8160
F:\projects\iterum\plugins\vorago\tests\integration\preset_matrix_test.cpp(517): FAILED:
  CHECK( d >= pf )
with expansion:
  3.1089018487 >= 9.8160195366
with message:
  Slow Bloom vs Colony Pulse: d 3.1089, floor 9.81602

  BELOW FLOOR: Slow Bloom vs Cathedral Void: d 7.9867 < floor 9.8160
F:\projects\iterum\plugins\vorago\tests\integration\preset_matrix_test.cpp(517): FAILED:
  CHECK( d >= pf )
with expansion:
  7.9867434288 >= 9.8160195366
with message:
  Slow Bloom vs Cathedral Void: d 7.98674, floor 9.81602

  BELOW FLOOR: Slow Bloom vs Hull Resonance: d 5.0096 < floor 9.8160
F:\projects\iterum\plugins\vorago\tests\integration\preset_matrix_test.cpp(517): FAILED:
  CHECK( d >= pf )
with expansion:
  5.0095710454 >= 9.8160195366
with message:
  Slow Bloom vs Hull Resonance: d 5.00957, floor 9.81602

  BELOW FLOOR: Slow Bloom vs Lightless: d 8.8416 < floor 9.8160
F:\projects\iterum\plugins\vorago\tests\integration\preset_matrix_test.cpp(517): FAILED:
  CHECK( d >= pf )
with expansion:
  8.8415995388 >= 9.8160195366
with message:
  Slow Bloom vs Lightless: d 8.8416, floor 9.81602

  BELOW FLOOR: Slow Bloom vs Erosion: d 5.7406 < floor 9.8160
F:\projects\iterum\plugins\vorago\tests\integration\preset_matrix_test.cpp(517): FAILED:
  CHECK( d >= pf )
with expansion:
  5.7405781717 >= 9.8160195366
with message:
  Slow Bloom vs Erosion: d 5.74058, floor 9.81602

  BELOW FLOOR: Slow Bloom vs Crowded Dark: d 5.3647 < floor 9.8160
F:\projects\iterum\plugins\vorago\tests\integration\preset_matrix_test.cpp(517): FAILED:
  CHECK( d >= pf )
with expansion:
  5.3647213755 >= 9.8160195366
with message:
  Slow Bloom vs Crowded Dark: d 5.36472, floor 9.81602

  BELOW FLOOR: Slow Bloom vs Drifting Strata: d 3.7604 < floor 9.8160
F:\projects\iterum\plugins\vorago\tests\integration\preset_matrix_test.cpp(517): FAILED:
  CHECK( d >= pf )
with expansion:
  3.7604376303 >= 9.8160195366
with message:
  Slow Bloom vs Drifting Strata: d 3.76044, floor 9.81602

  BELOW FLOOR: Slow Bloom vs Entropic Hum: d 3.5767 < floor 9.8160
F:\projects\iterum\plugins\vorago\tests\integration\preset_matrix_test.cpp(517): FAILED:
  CHECK( d >= pf )
with expansion:
  3.5767220717 >= 9.8160195366
with message:
  Slow Bloom vs Entropic Hum: d 3.57672, floor 9.81602

  BELOW FLOOR: Slow Bloom vs Pressure Front: d 4.0776 < floor 9.8160
F:\projects\iterum\plugins\vorago\tests\integration\preset_matrix_test.cpp(517): FAILED:
  CHECK( d >= pf )
with expansion:
  4.0775635801 >= 9.8160195366
with message:
  Slow Bloom vs Pressure Front: d 4.07756, floor 9.81602

  BELOW FLOOR: Slow Bloom vs Weighted Deep: d 5.0326 < floor 9.8160
F:\projects\iterum\plugins\vorago\tests\integration\preset_matrix_test.cpp(517): FAILED:
  CHECK( d >= pf )
with expansion:
  5.0325657534 >= 9.8160195366
with message:
  Slow Bloom vs Weighted Deep: d 5.03257, floor 9.81602

  BELOW FLOOR: Slow Bloom vs Fogbound: d 3.2155 < floor 9.8160
F:\projects\iterum\plugins\vorago\tests\integration\preset_matrix_test.cpp(517): FAILED:
  CHECK( d >= pf )
with expansion:
  3.2154798367 >= 9.8160195366
with message:
  Slow Bloom vs Fogbound: d 3.21548, floor 9.81602

  BELOW FLOOR: Slow Bloom vs Teeming: d 5.0799 < floor 9.8160
F:\projects\iterum\plugins\vorago\tests\integration\preset_matrix_test.cpp(517): FAILED:
  CHECK( d >= pf )
with expansion:
  5.0798548101 >= 9.8160195366
with message:
  Slow Bloom vs Teeming: d 5.07985, floor 9.81602

  BELOW FLOOR: Slow Bloom vs Endless Descent: d 5.7681 < floor 9.8160
F:\projects\iterum\plugins\vorago\tests\integration\preset_matrix_test.cpp(517): FAILED:
  CHECK( d >= pf )
with expansion:
  5.7681415126 >= 9.8160195366
with message:
  Slow Bloom vs Endless Descent: d 5.76814, floor 9.81602

  BELOW FLOOR: Slow Bloom vs Monolith: d 4.5693 < floor 9.8160
F:\projects\iterum\plugins\vorago\tests\integration\preset_matrix_test.cpp(517): FAILED:
  CHECK( d >= pf )
with expansion:
  4.5692506808 >= 9.8160195366
with message:
  Slow Bloom vs Monolith: d 4.56925, floor 9.81602

  BELOW FLOOR: Slow Bloom vs Bloom Colony: d 3.5837 < floor 9.8160
F:\projects\iterum\plugins\vorago\tests\integration\preset_matrix_test.cpp(517): FAILED:
  CHECK( d >= pf )
with expansion:
  3.5836802699 >= 9.8160195366
with message:
  Slow Bloom vs Bloom Colony: d 3.58368, floor 9.81602

  BELOW FLOOR: Slow Bloom vs Swarm Breath: d 3.3380 < floor 9.8160
F:\projects\iterum\plugins\vorago\tests\integration\preset_matrix_test.cpp(517): FAILED:
  CHECK( d >= pf )
with expansion:
  3.337976077 >= 9.8160195366
with message:
  Slow Bloom vs Swarm Breath: d 3.33798, floor 9.81602

  BELOW FLOOR: Slow Bloom vs Feeding Loops: d 6.4479 < floor 9.8160
F:\projects\iterum\plugins\vorago\tests\integration\preset_matrix_test.cpp(517): FAILED:
  CHECK( d >= pf )
with expansion:
  6.4479040855 >= 9.8160195366
with message:
  Slow Bloom vs Feeding Loops: d 6.4479, floor 9.81602

  BELOW FLOOR: Slow Bloom vs Haunted Colony: d 4.8707 < floor 9.8160
F:\projects\iterum\plugins\vorago\tests\integration\preset_matrix_test.cpp(517): FAILED:
  CHECK( d >= pf )
with expansion:
  4.870670645 >= 9.8160195366
with message:
  Slow Bloom vs Haunted Colony: d 4.87067, floor 9.81602

  BELOW FLOOR: Slow Bloom vs Growth Ring: d 7.5595 < floor 9.8160
F:\projects\iterum\plugins\vorago\tests\integration\preset_matrix_test.cpp(517): FAILED:
  CHECK( d >= pf )
with expansion:
  7.559481452 >= 9.8160195366
with message:
  Slow Bloom vs Growth Ring: d 7.55948, floor 9.81602

  BELOW FLOOR: Slow Bloom vs Glass Well: d 8.3949 < floor 9.8160
F:\projects\iterum\plugins\vorago\tests\integration\preset_matrix_test.cpp(517): FAILED:
  CHECK( d >= pf )
with expansion:
  8.3948953711 >= 9.8160195366
with message:
  Slow Bloom vs Glass Well: d 8.3949, floor 9.81602

  BELOW FLOOR: Slow Bloom vs Iron Plate: d 8.5684 < floor 9.8160
F:\projects\iterum\plugins\vorago\tests\integration\preset_matrix_test.cpp(517): FAILED:
  CHECK( d >= pf )
with expansion:
  8.5684251968 >= 9.8160195366
with message:
  Slow Bloom vs Iron Plate: d 8.56843, floor 9.81602

  BELOW FLOOR: Slow Bloom vs Chamber Drone: d 9.7057 < floor 9.8160
F:\projects\iterum\plugins\vorago\tests\integration\preset_matrix_test.cpp(517): FAILED:
  CHECK( d >= pf )
with expansion:
  9.7057352049 >= 9.8160195366
with message:
  Slow Bloom vs Chamber Drone: d 9.70574, floor 9.81602

  BELOW FLOOR: Slow Bloom vs Column Hymn: d 5.6383 < floor 9.8160
F:\projects\iterum\plugins\vorago\tests\integration\preset_matrix_test.cpp(517): FAILED:
  CHECK( d >= pf )
with expansion:
  5.6383272607 >= 9.8160195366
with message:
  Slow Bloom vs Column Hymn: d 5.63833, floor 9.81602

  BELOW FLOOR: Slow Bloom vs Cavern Wall: d 9.7388 < floor 9.8160
F:\projects\iterum\plugins\vorago\tests\integration\preset_matrix_test.cpp(517): FAILED:
  CHECK( d >= pf )
with expansion:
  9.7387695246 >= 9.8160195366
with message:
  Slow Bloom vs Cavern Wall: d 9.73877, floor 9.81602

  BELOW FLOOR: Slow Bloom vs Glass Sphere: d 7.6094 < floor 9.8160
F:\projects\iterum\plugins\vorago\tests\integration\preset_matrix_test.cpp(517): FAILED:
  CHECK( d >= pf )
with expansion:
  7.6094125391 >= 9.8160195366
with message:
  Slow Bloom vs Glass Sphere: d 7.60941, floor 9.81602

  BELOW FLOOR: Slow Bloom vs Sudden Chasm: d 7.5069 < floor 9.8160
F:\projects\iterum\plugins\vorago\tests\integration\preset_matrix_test.cpp(517): FAILED:
  CHECK( d >= pf )
with expansion:
  7.5069471511 >= 9.8160195366
with message:
  Slow Bloom vs Sudden Chasm: d 7.50695, floor 9.81602

  BELOW FLOOR: Slow Bloom vs Dead Air: d 6.5868 < floor 9.8160
F:\projects\iterum\plugins\vorago\tests\integration\preset_matrix_test.cpp(517): FAILED:
  CHECK( d >= pf )
with expansion:
  6.5867920869 >= 9.8160195366
with message:
  Slow Bloom vs Dead Air: d 6.58679, floor 9.81602

  BELOW FLOOR: Slow Bloom vs Abyssal Wind: d 6.4271 < floor 9.8160
F:\projects\iterum\plugins\vorago\tests\integration\preset_matrix_test.cpp(517): FAILED:
  CHECK( d >= pf )
with expansion:
  6.4270619359 >= 9.8160195366
with message:
  Slow Bloom vs Abyssal Wind: d 6.42706, floor 9.81602

  BELOW FLOOR: Slow Bloom vs Spore Drift: d 6.0009 < floor 9.8160
F:\projects\iterum\plugins\vorago\tests\integration\preset_matrix_test.cpp(517): FAILED:
  CHECK( d >= pf )
with expansion:
  6.0008822066 >= 9.8160195366
with message:
  Slow Bloom vs Spore Drift: d 6.00088, floor 9.81602

  BELOW FLOOR: Slow Bloom vs Steam Vent: d 4.1571 < floor 9.8160
F:\projects\iterum\plugins\vorago\tests\integration\preset_matrix_test.cpp(517): FAILED:
  CHECK( d >= pf )
with expansion:
  4.1571143026 >= 9.8160195366
with message:
  Slow Bloom vs Steam Vent: d 4.15711, floor 9.81602

  BELOW FLOOR: Colony Pulse vs Cathedral Void: d 7.9596 < floor 9.8160
F:\projects\iterum\plugins\vorago\tests\integration\preset_matrix_test.cpp(517): FAILED:
  CHECK( d >= pf )
with expansion:
  7.9595609022 >= 9.8160195366
with message:
  Colony Pulse vs Cathedral Void: d 7.95956, floor 9.81602

  BELOW FLOOR: Colony Pulse vs Hull Resonance: d 6.0169 < floor 9.8160
F:\projects\iterum\plugins\vorago\tests\integration\preset_matrix_test.cpp(517): FAILED:
  CHECK( d >= pf )
with expansion:
  6.0168785749 >= 9.8160195366
with message:
  Colony Pulse vs Hull Resonance: d 6.01688, floor 9.81602

  BELOW FLOOR: Colony Pulse vs Erosion: d 6.9342 < floor 9.8160
F:\projects\iterum\plugins\vorago\tests\integration\preset_matrix_test.cpp(517): FAILED:
  CHECK( d >= pf )
with expansion:
  6.9341698266 >= 9.8160195366
with message:
  Colony Pulse vs Erosion: d 6.93417, floor 9.81602

  BELOW FLOOR: Colony Pulse vs Crowded Dark: d 3.5720 < floor 9.8160
F:\projects\iterum\plugins\vorago\tests\integration\preset_matrix_test.cpp(517): FAILED:
  CHECK( d >= pf )
with expansion:
  3.571974322 >= 9.8160195366
with message:
  Colony Pulse vs Crowded Dark: d 3.57197, floor 9.81602

  BELOW FLOOR: Colony Pulse vs Drifting Strata: d 1.9190 < floor 9.8160
F:\projects\iterum\plugins\vorago\tests\integration\preset_matrix_test.cpp(517): FAILED:
  CHECK( d >= pf )
with expansion:
  1.9189533669 >= 9.8160195366
with message:
  Colony Pulse vs Drifting Strata: d 1.91895, floor 9.81602

  BELOW FLOOR: Colony Pulse vs Entropic Hum: d 2.1653 < floor 9.8160
F:\projects\iterum\plugins\vorago\tests\integration\preset_matrix_test.cpp(517): FAILED:
  CHECK( d >= pf )
with expansion:
  2.1652943954 >= 9.8160195366
with message:
  Colony Pulse vs Entropic Hum: d 2.16529, floor 9.81602

  BELOW FLOOR: Colony Pulse vs Pressure Front: d 6.0844 < floor 9.8160
F:\projects\iterum\plugins\vorago\tests\integration\preset_matrix_test.cpp(517): FAILED:
  CHECK( d >= pf )
with expansion:
  6.0844048924 >= 9.8160195366
with message:
  Colony Pulse vs Pressure Front: d 6.0844, floor 9.81602

  BELOW FLOOR: Colony Pulse vs Weighted Deep: d 6.4075 < floor 9.8160
F:\projects\iterum\plugins\vorago\tests\integration\preset_matrix_test.cpp(517): FAILED:
  CHECK( d >= pf )
with expansion:
  6.4075263089 >= 9.8160195366
with message:
  Colony Pulse vs Weighted Deep: d 6.40753, floor 9.81602

  BELOW FLOOR: Colony Pulse vs Fogbound: d 3.1552 < floor 9.8160
F:\projects\iterum\plugins\vorago\tests\integration\preset_matrix_test.cpp(517): FAILED:
  CHECK( d >= pf )
with expansion:
  3.1552404455 >= 9.8160195366
with message:
  Colony Pulse vs Fogbound: d 3.15524, floor 9.81602

  BELOW FLOOR: Colony Pulse vs Teeming: d 6.5395 < floor 9.8160
F:\projects\iterum\plugins\vorago\tests\integration\preset_matrix_test.cpp(517): FAILED:
  CHECK( d >= pf )
with expansion:
  6.5394641994 >= 9.8160195366
with message:
  Colony Pulse vs Teeming: d 6.53946, floor 9.81602

  BELOW FLOOR: Colony Pulse vs Endless Descent: d 4.9079 < floor 9.8160
F:\projects\iterum\plugins\vorago\tests\integration\preset_matrix_test.cpp(517): FAILED:
  CHECK( d >= pf )
with expansion:
  4.9079378869 >= 9.8160195366
with message:
  Colony Pulse vs Endless Descent: d 4.90794, floor 9.81602

  BELOW FLOOR: Colony Pulse vs Monolith: d 5.7326 < floor 9.8160
F:\projects\iterum\plugins\vorago\tests\integration\preset_matrix_test.cpp(517): FAILED:
  CHECK( d >= pf )
with expansion:
  5.7325763074 >= 9.8160195366
with message:
  Colony Pulse vs Monolith: d 5.73258, floor 9.81602

  BELOW FLOOR: Colony Pulse vs Bloom Colony: d 4.8468 < floor 9.8160
F:\projects\iterum\plugins\vorago\tests\integration\preset_matrix_test.cpp(517): FAILED:
  CHECK( d >= pf )
with expansion:
  4.8468159128 >= 9.8160195366
with message:
  Colony Pulse vs Bloom Colony: d 4.84682, floor 9.81602

  BELOW FLOOR: Colony Pulse vs Swarm Breath: d 4.3202 < floor 9.8160
F:\projects\iterum\plugins\vorago\tests\integration\preset_matrix_test.cpp(517): FAILED:
  CHECK( d >= pf )
with expansion:
  4.3201632868 >= 9.8160195366
with message:
  Colony Pulse vs Swarm Breath: d 4.32016, floor 9.81602

  BELOW FLOOR: Colony Pulse vs Feeding Loops: d 7.0681 < floor 9.8160
F:\projects\iterum\plugins\vorago\tests\integration\preset_matrix_test.cpp(517): FAILED:
  CHECK( d >= pf )
with expansion:
  7.0680518167 >= 9.8160195366
with message:
  Colony Pulse vs Feeding Loops: d 7.06805, floor 9.81602

  BELOW FLOOR: Colony Pulse vs Haunted Colony: d 6.3337 < floor 9.8160
F:\projects\iterum\plugins\vorago\tests\integration\preset_matrix_test.cpp(517): FAILED:
  CHECK( d >= pf )
with expansion:
  6.333665841 >= 9.8160195366
with message:
  Colony Pulse vs Haunted Colony: d 6.33367, floor 9.81602

  BELOW FLOOR: Colony Pulse vs Growth Ring: d 9.2106 < floor 9.8160
F:\projects\iterum\plugins\vorago\tests\integration\preset_matrix_test.cpp(517): FAILED:
  CHECK( d >= pf )
with expansion:
  9.2106050818 >= 9.8160195366
with message:
  Colony Pulse vs Growth Ring: d 9.21061, floor 9.81602

  BELOW FLOOR: Colony Pulse vs Glass Well: d 9.6880 < floor 9.8160
F:\projects\iterum\plugins\vorago\tests\integration\preset_matrix_test.cpp(517): FAILED:
  CHECK( d >= pf )
with expansion:
  9.6880459906 >= 9.8160195366
with message:
  Colony Pulse vs Glass Well: d 9.68805, floor 9.81602

  BELOW FLOOR: Colony Pulse vs Iron Plate: d 8.3585 < floor 9.8160
F:\projects\iterum\plugins\vorago\tests\integration\preset_matrix_test.cpp(517): FAILED:
  CHECK( d >= pf )
with expansion:
  8.3585386348 >= 9.8160195366
with message:
  Colony Pulse vs Iron Plate: d 8.35854, floor 9.81602

  BELOW FLOOR: Colony Pulse vs Chamber Drone: d 9.7042 < floor 9.8160
F:\projects\iterum\plugins\vorago\tests\integration\preset_matrix_test.cpp(517): FAILED:
  CHECK( d >= pf )
with expansion:
  9.7041655002 >= 9.8160195366
with message:
  Colony Pulse vs Chamber Drone: d 9.70417, floor 9.81602

  BELOW FLOOR: Colony Pulse vs Column Hymn: d 6.3329 < floor 9.8160
F:\projects\iterum\plugins\vorago\tests\integration\preset_matrix_test.cpp(517): FAILED:
  CHECK( d >= pf )
with expansion:
  6.3329220145 >= 9.8160195366
with message:
  Colony Pulse vs Column Hymn: d 6.33292, floor 9.81602

  BELOW FLOOR: Colony Pulse vs Glass Sphere: d 7.7943 < floor 9.8160
F:\projects\iterum\plugins\vorago\tests\integration\preset_matrix_test.cpp(517): FAILED:
  CHECK( d >= pf )
with expansion:
  7.7943323052 >= 9.8160195366
with message:
  Colony Pulse vs Glass Sphere: d 7.79433, floor 9.81602

  BELOW FLOOR: Colony Pulse vs Sudden Chasm: d 9.2999 < floor 9.8160
F:\projects\iterum\plugins\vorago\tests\integration\preset_matrix_test.cpp(517): FAILED:
  CHECK( d >= pf )
with expansion:
  9.2998717555 >= 9.8160195366
with message:
  Colony Pulse vs Sudden Chasm: d 9.29987, floor 9.81602

  BELOW FLOOR: Colony Pulse vs Dead Air: d 5.6042 < floor 9.8160
F:\projects\iterum\plugins\vorago\tests\integration\preset_matrix_test.cpp(517): FAILED:
  CHECK( d >= pf )
with expansion:
  5.6041554406 >= 9.8160195366
with message:
  Colony Pulse vs Dead Air: d 5.60416, floor 9.81602

  BELOW FLOOR: Colony Pulse vs Abyssal Wind: d 7.4075 < floor 9.8160
F:\projects\iterum\plugins\vorago\tests\integration\preset_matrix_test.cpp(517): FAILED:
  CHECK( d >= pf )
with expansion:
  7.4074653975 >= 9.8160195366
with message:
  Colony Pulse vs Abyssal Wind: d 7.40747, floor 9.81602

  BELOW FLOOR: Colony Pulse vs Spore Drift: d 7.2605 < floor 9.8160
F:\projects\iterum\plugins\vorago\tests\integration\preset_matrix_test.cpp(517): FAILED:
  CHECK( d >= pf )
with expansion:
  7.2604964642 >= 9.8160195366
with message:
  Colony Pulse vs Spore Drift: d 7.2605, floor 9.81602

  BELOW FLOOR: Colony Pulse vs Steam Vent: d 5.2686 < floor 9.8160
F:\projects\iterum\plugins\vorago\tests\integration\preset_matrix_test.cpp(517): FAILED:
  CHECK( d >= pf )
with expansion:
  5.2686353472 >= 9.8160195366
with message:
  Colony Pulse vs Steam Vent: d 5.26864, floor 9.81602

  BELOW FLOOR: Cathedral Void vs Choir of Absence: d 4.6507 < floor 9.8160
F:\projects\iterum\plugins\vorago\tests\integration\preset_matrix_test.cpp(517): FAILED:
  CHECK( d >= pf )
with expansion:
  4.6506838137 >= 9.8160195366
with message:
  Cathedral Void vs Choir of Absence: d 4.65068, floor 9.81602

  BELOW FLOOR: Cathedral Void vs Hull Resonance: d 7.0397 < floor 9.8160
F:\projects\iterum\plugins\vorago\tests\integration\preset_matrix_test.cpp(517): FAILED:
  CHECK( d >= pf )
with expansion:
  7.0396517268 >= 9.8160195366
with message:
  Cathedral Void vs Hull Resonance: d 7.03965, floor 9.81602

  BELOW FLOOR: Cathedral Void vs Lightless: d 6.2522 < floor 9.8160
F:\projects\iterum\plugins\vorago\tests\integration\preset_matrix_test.cpp(517): FAILED:
  CHECK( d >= pf )
with expansion:
  6.2522330382 >= 9.8160195366
with message:
  Cathedral Void vs Lightless: d 6.25223, floor 9.81602

  BELOW FLOOR: Cathedral Void vs Erosion: d 7.8570 < floor 9.8160
F:\projects\iterum\plugins\vorago\tests\integration\preset_matrix_test.cpp(517): FAILED:
  CHECK( d >= pf )
with expansion:
  7.8569794156 >= 9.8160195366
with message:
  Cathedral Void vs Erosion: d 7.85698, floor 9.81602

  BELOW FLOOR: Cathedral Void vs Crowded Dark: d 7.0308 < floor 9.8160
F:\projects\iterum\plugins\vorago\tests\integration\preset_matrix_test.cpp(517): FAILED:
  CHECK( d >= pf )
with expansion:
  7.0307719867 >= 9.8160195366
with message:
  Cathedral Void vs Crowded Dark: d 7.03077, floor 9.81602

  BELOW FLOOR: Cathedral Void vs Drifting Strata: d 9.5764 < floor 9.8160
F:\projects\iterum\plugins\vorago\tests\integration\preset_matrix_test.cpp(517): FAILED:
  CHECK( d >= pf )
with expansion:
  9.5763658119 >= 9.8160195366
with message:
  Cathedral Void vs Drifting Strata: d 9.57637, floor 9.81602

  BELOW FLOOR: Cathedral Void vs Stone Gravity: d 4.9667 < floor 9.8160
F:\projects\iterum\plugins\vorago\tests\integration\preset_matrix_test.cpp(517): FAILED:
  CHECK( d >= pf )
with expansion:
  4.9666547386 >= 9.8160195366
with message:
  Cathedral Void vs Stone Gravity: d 4.96665, floor 9.81602

  BELOW FLOOR: Cathedral Void vs Entropic Hum: d 9.3011 < floor 9.8160
F:\projects\iterum\plugins\vorago\tests\integration\preset_matrix_test.cpp(517): FAILED:
  CHECK( d >= pf )
with expansion:
  9.3010848421 >= 9.8160195366
with message:
  Cathedral Void vs Entropic Hum: d 9.30108, floor 9.81602

  BELOW FLOOR: Cathedral Void vs Pressure Front: d 6.6626 < floor 9.8160
F:\projects\iterum\plugins\vorago\tests\integration\preset_matrix_test.cpp(517): FAILED:
  CHECK( d >= pf )
with expansion:
  6.6626414937 >= 9.8160195366
with message:
  Cathedral Void vs Pressure Front: d 6.66264, floor 9.81602

  BELOW FLOOR: Cathedral Void vs Fogbound: d 7.4245 < floor 9.8160
F:\projects\iterum\plugins\vorago\tests\integration\preset_matrix_test.cpp(517): FAILED:
  CHECK( d >= pf )
with expansion:
  7.4245430485 >= 9.8160195366
with message:
  Cathedral Void vs Fogbound: d 7.42454, floor 9.81602

  BELOW FLOOR: Cathedral Void vs Teeming: d 8.4938 < floor 9.8160
F:\projects\iterum\plugins\vorago\tests\integration\preset_matrix_test.cpp(517): FAILED:
  CHECK( d >= pf )
with expansion:
  8.4937986483 >= 9.8160195366
with message:
  Cathedral Void vs Teeming: d 8.4938, floor 9.81602

  BELOW FLOOR: Cathedral Void vs Endless Descent: d 4.6475 < floor 9.8160
F:\projects\iterum\plugins\vorago\tests\integration\preset_matrix_test.cpp(517): FAILED:
  CHECK( d >= pf )
with expansion:
  4.6474857348 >= 9.8160195366
with message:
  Cathedral Void vs Endless Descent: d 4.64749, floor 9.81602

  BELOW FLOOR: Cathedral Void vs Singing Colony: d 6.0985 < floor 9.8160
F:\projects\iterum\plugins\vorago\tests\integration\preset_matrix_test.cpp(517): FAILED:
  CHECK( d >= pf )
with expansion:
  6.0984987718 >= 9.8160195366
with message:
  Cathedral Void vs Singing Colony: d 6.0985, floor 9.81602

  BELOW FLOOR: Cathedral Void vs Feeding Loops: d 5.5486 < floor 9.8160
F:\projects\iterum\plugins\vorago\tests\integration\preset_matrix_test.cpp(517): FAILED:
  CHECK( d >= pf )
with expansion:
  5.5485817361 >= 9.8160195366
with message:
  Cathedral Void vs Feeding Loops: d 5.54858, floor 9.81602

  BELOW FLOOR: Cathedral Void vs Haunted Colony: d 8.9685 < floor 9.8160
F:\projects\iterum\plugins\vorago\tests\integration\preset_matrix_test.cpp(517): FAILED:
  CHECK( d >= pf )
with expansion:
  8.9685443931 >= 9.8160195366
with message:
  Cathedral Void vs Haunted Colony: d 8.96854, floor 9.81602

  BELOW FLOOR: Cathedral Void vs Growth Ring: d 8.4371 < floor 9.8160
F:\projects\iterum\plugins\vorago\tests\integration\preset_matrix_test.cpp(517): FAILED:
  CHECK( d >= pf )
with expansion:
  8.4370981847 >= 9.8160195366
with message:
  Cathedral Void vs Growth Ring: d 8.4371, floor 9.81602

  BELOW FLOOR: Cathedral Void vs Glass Well: d 6.4330 < floor 9.8160
F:\projects\iterum\plugins\vorago\tests\integration\preset_matrix_test.cpp(517): FAILED:
  CHECK( d >= pf )
with expansion:
  6.4329996881 >= 9.8160195366
with message:
  Cathedral Void vs Glass Well: d 6.433, floor 9.81602

  BELOW FLOOR: Cathedral Void vs Iron Plate: d 7.0810 < floor 9.8160
F:\projects\iterum\plugins\vorago\tests\integration\preset_matrix_test.cpp(517): FAILED:
  CHECK( d >= pf )
with expansion:
  7.0809907296 >= 9.8160195366
with message:
  Cathedral Void vs Iron Plate: d 7.08099, floor 9.81602

  BELOW FLOOR: Cathedral Void vs Chamber Drone: d 7.2907 < floor 9.8160
F:\projects\iterum\plugins\vorago\tests\integration\preset_matrix_test.cpp(517): FAILED:
  CHECK( d >= pf )
with expansion:
  7.2907379165 >= 9.8160195366
with message:
  Cathedral Void vs Chamber Drone: d 7.29074, floor 9.81602

  BELOW FLOOR: Cathedral Void vs Cavern Wall: d 8.8762 < floor 9.8160
F:\projects\iterum\plugins\vorago\tests\integration\preset_matrix_test.cpp(517): FAILED:
  CHECK( d >= pf )
with expansion:
  8.8762253846 >= 9.8160195366
with message:
  Cathedral Void vs Cavern Wall: d 8.87623, floor 9.81602

  BELOW FLOOR: Cathedral Void vs Glass Sphere: d 6.7162 < floor 9.8160
F:\projects\iterum\plugins\vorago\tests\integration\preset_matrix_test.cpp(517): FAILED:
  CHECK( d >= pf )
with expansion:
  6.7162004201 >= 9.8160195366
with message:
  Cathedral Void vs Glass Sphere: d 6.7162, floor 9.81602

  BELOW FLOOR: Cathedral Void vs Dead Air: d 6.1734 < floor 9.8160
F:\projects\iterum\plugins\vorago\tests\integration\preset_matrix_test.cpp(517): FAILED:
  CHECK( d >= pf )
with expansion:
  6.1734445009 >= 9.8160195366
with message:
  Cathedral Void vs Dead Air: d 6.17344, floor 9.81602

  BELOW FLOOR: Cathedral Void vs Abyssal Wind: d 4.1429 < floor 9.8160
F:\projects\iterum\plugins\vorago\tests\integration\preset_matrix_test.cpp(517): FAILED:
  CHECK( d >= pf )
with expansion:
  4.1428597328 >= 9.8160195366
with message:
  Cathedral Void vs Abyssal Wind: d 4.14286, floor 9.81602

  BELOW FLOOR: Cathedral Void vs Steam Vent: d 6.4461 < floor 9.8160
F:\projects\iterum\plugins\vorago\tests\integration\preset_matrix_test.cpp(517): FAILED:
  CHECK( d >= pf )
with expansion:
  6.4461034377 >= 9.8160195366
with message:
  Cathedral Void vs Steam Vent: d 6.4461, floor 9.81602

  BELOW FLOOR: Choir of Absence vs Lightless: d 9.3622 < floor 9.8160
F:\projects\iterum\plugins\vorago\tests\integration\preset_matrix_test.cpp(517): FAILED:
  CHECK( d >= pf )
with expansion:
  9.3621577458 >= 9.8160195366
with message:
  Choir of Absence vs Lightless: d 9.36216, floor 9.81602

  BELOW FLOOR: Choir of Absence vs Crowded Dark: d 9.6900 < floor 9.8160
F:\projects\iterum\plugins\vorago\tests\integration\preset_matrix_test.cpp(517): FAILED:
  CHECK( d >= pf )
with expansion:
  9.6899749363 >= 9.8160195366
with message:
  Choir of Absence vs Crowded Dark: d 9.68997, floor 9.81602

  BELOW FLOOR: Choir of Absence vs Stone Gravity: d 3.6780 < floor 9.8160
F:\projects\iterum\plugins\vorago\tests\integration\preset_matrix_test.cpp(517): FAILED:
  CHECK( d >= pf )
with expansion:
  3.6779993189 >= 9.8160195366
with message:
  Choir of Absence vs Stone Gravity: d 3.678, floor 9.81602

  BELOW FLOOR: Choir of Absence vs Pressure Front: d 8.3097 < floor 9.8160
F:\projects\iterum\plugins\vorago\tests\integration\preset_matrix_test.cpp(517): FAILED:
  CHECK( d >= pf )
with expansion:
  8.3097429847 >= 9.8160195366
with message:
  Choir of Absence vs Pressure Front: d 8.30974, floor 9.81602

  BELOW FLOOR: Choir of Absence vs Endless Descent: d 6.5672 < floor 9.8160
F:\projects\iterum\plugins\vorago\tests\integration\preset_matrix_test.cpp(517): FAILED:
  CHECK( d >= pf )
with expansion:
  6.5672190009 >= 9.8160195366
with message:
  Choir of Absence vs Endless Descent: d 6.56722, floor 9.81602

  BELOW FLOOR: Choir of Absence vs Singing Colony: d 4.9120 < floor 9.8160
F:\projects\iterum\plugins\vorago\tests\integration\preset_matrix_test.cpp(517): FAILED:
  CHECK( d >= pf )
with expansion:
  4.9119548304 >= 9.8160195366
with message:
  Choir of Absence vs Singing Colony: d 4.91195, floor 9.81602

  BELOW FLOOR: Choir of Absence vs Feeding Loops: d 8.3374 < floor 9.8160
F:\projects\iterum\plugins\vorago\tests\integration\preset_matrix_test.cpp(517): FAILED:
  CHECK( d >= pf )
with expansion:
  8.3373810676 >= 9.8160195366
with message:
  Choir of Absence vs Feeding Loops: d 8.33738, floor 9.81602

  BELOW FLOOR: Choir of Absence vs Glass Well: d 9.0713 < floor 9.8160
F:\projects\iterum\plugins\vorago\tests\integration\preset_matrix_test.cpp(517): FAILED:
  CHECK( d >= pf )
with expansion:
  9.071340565 >= 9.8160195366
with message:
  Choir of Absence vs Glass Well: d 9.07134, floor 9.81602

  BELOW FLOOR: Choir of Absence vs Iron Plate: d 7.4542 < floor 9.8160
F:\projects\iterum\plugins\vorago\tests\integration\preset_matrix_test.cpp(517): FAILED:
  CHECK( d >= pf )
with expansion:
  7.4541849181 >= 9.8160195366
with message:
  Choir of Absence vs Iron Plate: d 7.45418, floor 9.81602

  BELOW FLOOR: Choir of Absence vs Chamber Drone: d 6.9267 < floor 9.8160
F:\projects\iterum\plugins\vorago\tests\integration\preset_matrix_test.cpp(517): FAILED:
  CHECK( d >= pf )
with expansion:
  6.9266692305 >= 9.8160195366
with message:
  Choir of Absence vs Chamber Drone: d 6.92667, floor 9.81602

  BELOW FLOOR: Choir of Absence vs Dead Air: d 6.4401 < floor 9.8160
F:\projects\iterum\plugins\vorago\tests\integration\preset_matrix_test.cpp(517): FAILED:
  CHECK( d >= pf )
with expansion:
  6.4401348395 >= 9.8160195366
with message:
  Choir of Absence vs Dead Air: d 6.44013, floor 9.81602

  BELOW FLOOR: Choir of Absence vs Abyssal Wind: d 7.6296 < floor 9.8160
F:\projects\iterum\plugins\vorago\tests\integration\preset_matrix_test.cpp(517): FAILED:
  CHECK( d >= pf )
with expansion:
  7.6296169688 >= 9.8160195366
with message:
  Choir of Absence vs Abyssal Wind: d 7.62962, floor 9.81602

  BELOW FLOOR: Choir of Absence vs Steam Vent: d 9.2848 < floor 9.8160
F:\projects\iterum\plugins\vorago\tests\integration\preset_matrix_test.cpp(517): FAILED:
  CHECK( d >= pf )
with expansion:
  9.2848108133 >= 9.8160195366
with message:
  Choir of Absence vs Steam Vent: d 9.28481, floor 9.81602

  BELOW FLOOR: Hull Resonance vs Lightless: d 8.4070 < floor 9.8160
F:\projects\iterum\plugins\vorago\tests\integration\preset_matrix_test.cpp(517): FAILED:
  CHECK( d >= pf )
with expansion:
  8.4069544991 >= 9.8160195366
with message:
  Hull Resonance vs Lightless: d 8.40695, floor 9.81602

  BELOW FLOOR: Hull Resonance vs Erosion: d 7.8780 < floor 9.8160
F:\projects\iterum\plugins\vorago\tests\integration\preset_matrix_test.cpp(517): FAILED:
  CHECK( d >= pf )
with expansion:
  7.8779891976 >= 9.8160195366
with message:
  Hull Resonance vs Erosion: d 7.87799, floor 9.81602

  BELOW FLOOR: Hull Resonance vs Crowded Dark: d 5.1606 < floor 9.8160
F:\projects\iterum\plugins\vorago\tests\integration\preset_matrix_test.cpp(517): FAILED:
  CHECK( d >= pf )
with expansion:
  5.1605691677 >= 9.8160195366
with message:
  Hull Resonance vs Crowded Dark: d 5.16057, floor 9.81602

  BELOW FLOOR: Hull Resonance vs Drifting Strata: d 7.0356 < floor 9.8160
F:\projects\iterum\plugins\vorago\tests\integration\preset_matrix_test.cpp(517): FAILED:
  CHECK( d >= pf )
with expansion:
  7.0356090274 >= 9.8160195366
with message:
  Hull Resonance vs Drifting Strata: d 7.03561, floor 9.81602

  BELOW FLOOR: Hull Resonance vs Entropic Hum: d 7.5177 < floor 9.8160
F:\projects\iterum\plugins\vorago\tests\integration\preset_matrix_test.cpp(517): FAILED:
  CHECK( d >= pf )
with expansion:
  7.5176716456 >= 9.8160195366
with message:
  Hull Resonance vs Entropic Hum: d 7.51767, floor 9.81602

  BELOW FLOOR: Hull Resonance vs Pressure Front: d 4.1484 < floor 9.8160
F:\projects\iterum\plugins\vorago\tests\integration\preset_matrix_test.cpp(517): FAILED:
  CHECK( d >= pf )
with expansion:
  4.1484148192 >= 9.8160195366
with message:
  Hull Resonance vs Pressure Front: d 4.14841, floor 9.81602

  BELOW FLOOR: Hull Resonance vs Weighted Deep: d 6.0797 < floor 9.8160
F:\projects\iterum\plugins\vorago\tests\integration\preset_matrix_test.cpp(517): FAILED:
  CHECK( d >= pf )
with expansion:
  6.0796756802 >= 9.8160195366
with message:
  Hull Resonance vs Weighted Deep: d 6.07968, floor 9.81602

  BELOW FLOOR: Hull Resonance vs Fogbound: d 6.8951 < floor 9.8160
F:\projects\iterum\plugins\vorago\tests\integration\preset_matrix_test.cpp(517): FAILED:
  CHECK( d >= pf )
with expansion:
  6.8950610535 >= 9.8160195366
with message:
  Hull Resonance vs Fogbound: d 6.89506, floor 9.81602

  BELOW FLOOR: Hull Resonance vs Teeming: d 8.1147 < floor 9.8160
F:\projects\iterum\plugins\vorago\tests\integration\preset_matrix_test.cpp(517): FAILED:
  CHECK( d >= pf )
with expansion:
  8.1146582543 >= 9.8160195366
with message:
  Hull Resonance vs Teeming: d 8.11466, floor 9.81602

  BELOW FLOOR: Hull Resonance vs Endless Descent: d 5.6636 < floor 9.8160
F:\projects\iterum\plugins\vorago\tests\integration\preset_matrix_test.cpp(517): FAILED:
  CHECK( d >= pf )
with expansion:
  5.6636099414 >= 9.8160195366
with message:
  Hull Resonance vs Endless Descent: d 5.66361, floor 9.81602

  BELOW FLOOR: Hull Resonance vs Monolith: d 8.1570 < floor 9.8160
F:\projects\iterum\plugins\vorago\tests\integration\preset_matrix_test.cpp(517): FAILED:
  CHECK( d >= pf )
with expansion:
  8.156994908 >= 9.8160195366
with message:
  Hull Resonance vs Monolith: d 8.15699, floor 9.81602

  BELOW FLOOR: Hull Resonance vs Bloom Colony: d 6.8155 < floor 9.8160
F:\projects\iterum\plugins\vorago\tests\integration\preset_matrix_test.cpp(517): FAILED:
  CHECK( d >= pf )
with expansion:
  6.8154948523 >= 9.8160195366
with message:
  Hull Resonance vs Bloom Colony: d 6.81549, floor 9.81602

  BELOW FLOOR: Hull Resonance vs Swarm Breath: d 6.9941 < floor 9.8160
F:\projects\iterum\plugins\vorago\tests\integration\preset_matrix_test.cpp(517): FAILED:
  CHECK( d >= pf )
with expansion:
  6.9940880853 >= 9.8160195366
with message:
  Hull Resonance vs Swarm Breath: d 6.99409, floor 9.81602

  BELOW FLOOR: Hull Resonance vs Feeding Loops: d 2.6682 < floor 9.8160
F:\projects\iterum\plugins\vorago\tests\integration\preset_matrix_test.cpp(517): FAILED:
  CHECK( d >= pf )
with expansion:
  2.6681681366 >= 9.8160195366
with message:
  Hull Resonance vs Feeding Loops: d 2.66817, floor 9.81602

  BELOW FLOOR: Hull Resonance vs Haunted Colony: d 8.0580 < floor 9.8160
F:\projects\iterum\plugins\vorago\tests\integration\preset_matrix_test.cpp(517): FAILED:
  CHECK( d >= pf )
with expansion:
  8.0580173375 >= 9.8160195366
with message:
  Hull Resonance vs Haunted Colony: d 8.05802, floor 9.81602

  BELOW FLOOR: Hull Resonance vs Growth Ring: d 8.5779 < floor 9.8160
F:\projects\iterum\plugins\vorago\tests\integration\preset_matrix_test.cpp(517): FAILED:
  CHECK( d >= pf )
with expansion:
  8.5778889956 >= 9.8160195366
with message:
  Hull Resonance vs Growth Ring: d 8.57789, floor 9.81602

  BELOW FLOOR: Hull Resonance vs Glass Well: d 6.3444 < floor 9.8160
F:\projects\iterum\plugins\vorago\tests\integration\preset_matrix_test.cpp(517): FAILED:
  CHECK( d >= pf )
with expansion:
  6.3444171192 >= 9.8160195366
with message:
  Hull Resonance vs Glass Well: d 6.34442, floor 9.81602

  BELOW FLOOR: Hull Resonance vs Iron Plate: d 6.1777 < floor 9.8160
F:\projects\iterum\plugins\vorago\tests\integration\preset_matrix_test.cpp(517): FAILED:
  CHECK( d >= pf )
with expansion:
  6.1776633459 >= 9.8160195366
with message:
  Hull Resonance vs Iron Plate: d 6.17766, floor 9.81602

  BELOW FLOOR: Hull Resonance vs Chamber Drone: d 8.0166 < floor 9.8160
F:\projects\iterum\plugins\vorago\tests\integration\preset_matrix_test.cpp(517): FAILED:
  CHECK( d >= pf )
with expansion:
  8.0166014156 >= 9.8160195366
with message:
  Hull Resonance vs Chamber Drone: d 8.0166, floor 9.81602

  BELOW FLOOR: Hull Resonance vs Column Hymn: d 6.6866 < floor 9.8160
F:\projects\iterum\plugins\vorago\tests\integration\preset_matrix_test.cpp(517): FAILED:
  CHECK( d >= pf )
with expansion:
  6.6866034355 >= 9.8160195366
with message:
  Hull Resonance vs Column Hymn: d 6.6866, floor 9.81602

  BELOW FLOOR: Hull Resonance vs Cavern Wall: d 7.7931 < floor 9.8160
F:\projects\iterum\plugins\vorago\tests\integration\preset_matrix_test.cpp(517): FAILED:
  CHECK( d >= pf )
with expansion:
  7.7930670618 >= 9.8160195366
with message:
  Hull Resonance vs Cavern Wall: d 7.79307, floor 9.81602

  BELOW FLOOR: Hull Resonance vs Glass Sphere: d 6.0564 < floor 9.8160
F:\projects\iterum\plugins\vorago\tests\integration\preset_matrix_test.cpp(517): FAILED:
  CHECK( d >= pf )
with expansion:
  6.0564244093 >= 9.8160195366
with message:
  Hull Resonance vs Glass Sphere: d 6.05642, floor 9.81602

  BELOW FLOOR: Hull Resonance vs Sudden Chasm: d 9.3180 < floor 9.8160
F:\projects\iterum\plugins\vorago\tests\integration\preset_matrix_test.cpp(517): FAILED:
  CHECK( d >= pf )
with expansion:
  9.3179903052 >= 9.8160195366
with message:
  Hull Resonance vs Sudden Chasm: d 9.31799, floor 9.81602

  BELOW FLOOR: Hull Resonance vs Dead Air: d 7.4438 < floor 9.8160
F:\projects\iterum\plugins\vorago\tests\integration\preset_matrix_test.cpp(517): FAILED:
  CHECK( d >= pf )
with expansion:
  7.4438370789 >= 9.8160195366
with message:
  Hull Resonance vs Dead Air: d 7.44384, floor 9.81602

  BELOW FLOOR: Hull Resonance vs Abyssal Wind: d 5.7160 < floor 9.8160
F:\projects\iterum\plugins\vorago\tests\integration\preset_matrix_test.cpp(517): FAILED:
  CHECK( d >= pf )
with expansion:
  5.7159828299 >= 9.8160195366
with message:
  Hull Resonance vs Abyssal Wind: d 5.71598, floor 9.81602

  BELOW FLOOR: Hull Resonance vs Spore Drift: d 9.5129 < floor 9.8160
F:\projects\iterum\plugins\vorago\tests\integration\preset_matrix_test.cpp(517): FAILED:
  CHECK( d >= pf )
with expansion:
  9.512922828 >= 9.8160195366
with message:
  Hull Resonance vs Spore Drift: d 9.51292, floor 9.81602

  BELOW FLOOR: Hull Resonance vs Steam Vent: d 2.9702 < floor 9.8160
F:\projects\iterum\plugins\vorago\tests\integration\preset_matrix_test.cpp(517): FAILED:
  CHECK( d >= pf )
with expansion:
  2.9702455802 >= 9.8160195366
with message:
  Hull Resonance vs Steam Vent: d 2.97025, floor 9.81602

  BELOW FLOOR: Lightless vs Erosion: d 5.5573 < floor 9.8160
F:\projects\iterum\plugins\vorago\tests\integration\preset_matrix_test.cpp(517): FAILED:
  CHECK( d >= pf )
with expansion:
  5.5572540761 >= 9.8160195366
with message:
  Lightless vs Erosion: d 5.55725, floor 9.81602

  BELOW FLOOR: Lightless vs Stone Gravity: d 8.1979 < floor 9.8160
F:\projects\iterum\plugins\vorago\tests\integration\preset_matrix_test.cpp(517): FAILED:
  CHECK( d >= pf )
with expansion:
  8.1979335672 >= 9.8160195366
with message:
  Lightless vs Stone Gravity: d 8.19793, floor 9.81602

  BELOW FLOOR: Lightless vs Pressure Front: d 8.0951 < floor 9.8160
F:\projects\iterum\plugins\vorago\tests\integration\preset_matrix_test.cpp(517): FAILED:
  CHECK( d >= pf )
with expansion:
  8.0950643936 >= 9.8160195366
with message:
  Lightless vs Pressure Front: d 8.09506, floor 9.81602

  BELOW FLOOR: Lightless vs Weighted Deep: d 9.4893 < floor 9.8160
F:\projects\iterum\plugins\vorago\tests\integration\preset_matrix_test.cpp(517): FAILED:
  CHECK( d >= pf )
with expansion:
  9.4892537032 >= 9.8160195366
with message:
  Lightless vs Weighted Deep: d 9.48925, floor 9.81602

  BELOW FLOOR: Lightless vs Fogbound: d 8.2177 < floor 9.8160
F:\projects\iterum\plugins\vorago\tests\integration\preset_matrix_test.cpp(517): FAILED:
  CHECK( d >= pf )
with expansion:
  8.2177472115 >= 9.8160195366
with message:
  Lightless vs Fogbound: d 8.21775, floor 9.81602

  BELOW FLOOR: Lightless vs Teeming: d 6.3752 < floor 9.8160
F:\projects\iterum\plugins\vorago\tests\integration\preset_matrix_test.cpp(517): FAILED:
  CHECK( d >= pf )
with expansion:
  6.3752182642 >= 9.8160195366
with message:
  Lightless vs Teeming: d 6.37522, floor 9.81602

  BELOW FLOOR: Lightless vs Endless Descent: d 8.9703 < floor 9.8160
F:\projects\iterum\plugins\vorago\tests\integration\preset_matrix_test.cpp(517): FAILED:
  CHECK( d >= pf )
with expansion:
  8.9702737861 >= 9.8160195366
with message:
  Lightless vs Endless Descent: d 8.97027, floor 9.81602

  BELOW FLOOR: Lightless vs Singing Colony: d 8.6008 < floor 9.8160
F:\projects\iterum\plugins\vorago\tests\integration\preset_matrix_test.cpp(517): FAILED:
  CHECK( d >= pf )
with expansion:
  8.6008155357 >= 9.8160195366
with message:
  Lightless vs Singing Colony: d 8.60082, floor 9.81602

  BELOW FLOOR: Lightless vs Feeding Loops: d 7.8376 < floor 9.8160
F:\projects\iterum\plugins\vorago\tests\integration\preset_matrix_test.cpp(517): FAILED:
  CHECK( d >= pf )
with expansion:
  7.8375906598 >= 9.8160195366
with message:
  Lightless vs Feeding Loops: d 7.83759, floor 9.81602

  BELOW FLOOR: Lightless vs Haunted Colony: d 6.8392 < floor 9.8160
F:\projects\iterum\plugins\vorago\tests\integration\preset_matrix_test.cpp(517): FAILED:
  CHECK( d >= pf )
with expansion:
  6.8392167479 >= 9.8160195366
with message:
  Lightless vs Haunted Colony: d 6.83922, floor 9.81602

  BELOW FLOOR: Lightless vs Growth Ring: d 3.9002 < floor 9.8160
F:\projects\iterum\plugins\vorago\tests\integration\preset_matrix_test.cpp(517): FAILED:
  CHECK( d >= pf )
with expansion:
  3.9001866557 >= 9.8160195366
with message:
  Lightless vs Growth Ring: d 3.90019, floor 9.81602

  BELOW FLOOR: Lightless vs Glass Well: d 7.2274 < floor 9.8160
F:\projects\iterum\plugins\vorago\tests\integration\preset_matrix_test.cpp(517): FAILED:
  CHECK( d >= pf )
with expansion:
  7.2274425013 >= 9.8160195366
with message:
  Lightless vs Glass Well: d 7.22744, floor 9.81602

  BELOW FLOOR: Lightless vs Cavern Wall: d 8.3740 < floor 9.8160
F:\projects\iterum\plugins\vorago\tests\integration\preset_matrix_test.cpp(517): FAILED:
  CHECK( d >= pf )
with expansion:
  8.3739683858 >= 9.8160195366
with message:
  Lightless vs Cavern Wall: d 8.37397, floor 9.81602

  BELOW FLOOR: Lightless vs Glass Sphere: d 8.3243 < floor 9.8160
F:\projects\iterum\plugins\vorago\tests\integration\preset_matrix_test.cpp(517): FAILED:
  CHECK( d >= pf )
with expansion:
  8.324264205 >= 9.8160195366
with message:
  Lightless vs Glass Sphere: d 8.32426, floor 9.81602

  BELOW FLOOR: Lightless vs Sudden Chasm: d 5.8326 < floor 9.8160
F:\projects\iterum\plugins\vorago\tests\integration\preset_matrix_test.cpp(517): FAILED:
  CHECK( d >= pf )
with expansion:
  5.8326132624 >= 9.8160195366
with message:
  Lightless vs Sudden Chasm: d 5.83261, floor 9.81602

  BELOW FLOOR: Lightless vs Abyssal Wind: d 3.5901 < floor 9.8160
F:\projects\iterum\plugins\vorago\tests\integration\preset_matrix_test.cpp(517): FAILED:
  CHECK( d >= pf )
with expansion:
  3.590116579 >= 9.8160195366
with message:
  Lightless vs Abyssal Wind: d 3.59012, floor 9.81602

  BELOW FLOOR: Lightless vs Spore Drift: d 7.8752 < floor 9.8160
F:\projects\iterum\plugins\vorago\tests\integration\preset_matrix_test.cpp(517): FAILED:
  CHECK( d >= pf )
with expansion:
  7.8751564963 >= 9.8160195366
with message:
  Lightless vs Spore Drift: d 7.87516, floor 9.81602

  BELOW FLOOR: Lightless vs Steam Vent: d 7.7474 < floor 9.8160
F:\projects\iterum\plugins\vorago\tests\integration\preset_matrix_test.cpp(517): FAILED:
  CHECK( d >= pf )
with expansion:
  7.7473570028 >= 9.8160195366
with message:
  Lightless vs Steam Vent: d 7.74736, floor 9.81602

  BELOW FLOOR: Erosion vs Crowded Dark: d 8.2288 < floor 9.8160
F:\projects\iterum\plugins\vorago\tests\integration\preset_matrix_test.cpp(517): FAILED:
  CHECK( d >= pf )
with expansion:
  8.228827402 >= 9.8160195366
with message:
  Erosion vs Crowded Dark: d 8.22883, floor 9.81602

  BELOW FLOOR: Erosion vs Drifting Strata: d 8.0252 < floor 9.8160
F:\projects\iterum\plugins\vorago\tests\integration\preset_matrix_test.cpp(517): FAILED:
  CHECK( d >= pf )
with expansion:
  8.0251792648 >= 9.8160195366
with message:
  Erosion vs Drifting Strata: d 8.02518, floor 9.81602

  BELOW FLOOR: Erosion vs Entropic Hum: d 7.6426 < floor 9.8160
F:\projects\iterum\plugins\vorago\tests\integration\preset_matrix_test.cpp(517): FAILED:
  CHECK( d >= pf )
with expansion:
  7.6426101825 >= 9.8160195366
with message:
  Erosion vs Entropic Hum: d 7.64261, floor 9.81602

  BELOW FLOOR: Erosion vs Pressure Front: d 6.9149 < floor 9.8160
F:\projects\iterum\plugins\vorago\tests\integration\preset_matrix_test.cpp(517): FAILED:
  CHECK( d >= pf )
with expansion:
  6.9148677845 >= 9.8160195366
with message:
  Erosion vs Pressure Front: d 6.91487, floor 9.81602

  BELOW FLOOR: Erosion vs Weighted Deep: d 8.4159 < floor 9.8160
F:\projects\iterum\plugins\vorago\tests\integration\preset_matrix_test.cpp(517): FAILED:
  CHECK( d >= pf )
with expansion:
  8.4158748671 >= 9.8160195366
with message:
  Erosion vs Weighted Deep: d 8.41587, floor 9.81602

  BELOW FLOOR: Erosion vs Fogbound: d 4.6319 < floor 9.8160
F:\projects\iterum\plugins\vorago\tests\integration\preset_matrix_test.cpp(517): FAILED:
  CHECK( d >= pf )
with expansion:
  4.6319002103 >= 9.8160195366
with message:
  Erosion vs Fogbound: d 4.6319, floor 9.81602

  BELOW FLOOR: Erosion vs Teeming: d 2.0026 < floor 9.8160
F:\projects\iterum\plugins\vorago\tests\integration\preset_matrix_test.cpp(517): FAILED:
  CHECK( d >= pf )
with expansion:
  2.0025641517 >= 9.8160195366
with message:
  Erosion vs Teeming: d 2.00256, floor 9.81602

  BELOW FLOOR: Erosion vs Endless Descent: d 7.9494 < floor 9.8160
F:\projects\iterum\plugins\vorago\tests\integration\preset_matrix_test.cpp(517): FAILED:
  CHECK( d >= pf )
with expansion:
  7.9494460779 >= 9.8160195366
with message:
  Erosion vs Endless Descent: d 7.94945, floor 9.81602

  BELOW FLOOR: Erosion vs Monolith: d 9.4083 < floor 9.8160
F:\projects\iterum\plugins\vorago\tests\integration\preset_matrix_test.cpp(517): FAILED:
  CHECK( d >= pf )
with expansion:
  9.408292611 >= 9.8160195366
with message:
  Erosion vs Monolith: d 9.40829, floor 9.81602

  BELOW FLOOR: Erosion vs Bloom Colony: d 7.7710 < floor 9.8160
F:\projects\iterum\plugins\vorago\tests\integration\preset_matrix_test.cpp(517): FAILED:
  CHECK( d >= pf )
with expansion:
  7.7709583387 >= 9.8160195366
with message:
  Erosion vs Bloom Colony: d 7.77096, floor 9.81602

  BELOW FLOOR: Erosion vs Swarm Breath: d 7.7215 < floor 9.8160
F:\projects\iterum\plugins\vorago\tests\integration\preset_matrix_test.cpp(517): FAILED:
  CHECK( d >= pf )
with expansion:
  7.7214978435 >= 9.8160195366
with message:
  Erosion vs Swarm Breath: d 7.7215, floor 9.81602

  BELOW FLOOR: Erosion vs Feeding Loops: d 8.2253 < floor 9.8160
F:\projects\iterum\plugins\vorago\tests\integration\preset_matrix_test.cpp(517): FAILED:
  CHECK( d >= pf )
with expansion:
  8.2252956604 >= 9.8160195366
with message:
  Erosion vs Feeding Loops: d 8.2253, floor 9.81602

  BELOW FLOOR: Erosion vs Haunted Colony: d 3.2276 < floor 9.8160
F:\projects\iterum\plugins\vorago\tests\integration\preset_matrix_test.cpp(517): FAILED:
  CHECK( d >= pf )
with expansion:
  3.2276481356 >= 9.8160195366
with message:
  Erosion vs Haunted Colony: d 3.22765, floor 9.81602

  BELOW FLOOR: Erosion vs Growth Ring: d 4.1867 < floor 9.8160
F:\projects\iterum\plugins\vorago\tests\integration\preset_matrix_test.cpp(517): FAILED:
  CHECK( d >= pf )
with expansion:
  4.1866659763 >= 9.8160195366
with message:
  Erosion vs Growth Ring: d 4.18667, floor 9.81602

  BELOW FLOOR: Erosion vs Glass Well: d 9.2464 < floor 9.8160
F:\projects\iterum\plugins\vorago\tests\integration\preset_matrix_test.cpp(517): FAILED:
  CHECK( d >= pf )
with expansion:
  9.2463780327 >= 9.8160195366
with message:
  Erosion vs Glass Well: d 9.24638, floor 9.81602

  BELOW FLOOR: Erosion vs Column Hymn: d 8.6054 < floor 9.8160
F:\projects\iterum\plugins\vorago\tests\integration\preset_matrix_test.cpp(517): FAILED:
  CHECK( d >= pf )
with expansion:
  8.6054499957 >= 9.8160195366
with message:
  Erosion vs Column Hymn: d 8.60545, floor 9.81602

  BELOW FLOOR: Erosion vs Glass Sphere: d 9.1123 < floor 9.8160
F:\projects\iterum\plugins\vorago\tests\integration\preset_matrix_test.cpp(517): FAILED:
  CHECK( d >= pf )
with expansion:
  9.1122812249 >= 9.8160195366
with message:
  Erosion vs Glass Sphere: d 9.11228, floor 9.81602

  BELOW FLOOR: Erosion vs Sudden Chasm: d 4.6712 < floor 9.8160
F:\projects\iterum\plugins\vorago\tests\integration\preset_matrix_test.cpp(517): FAILED:
  CHECK( d >= pf )
with expansion:
  4.6711915419 >= 9.8160195366
with message:
  Erosion vs Sudden Chasm: d 4.67119, floor 9.81602

  BELOW FLOOR: Erosion vs Dead Air: d 9.5964 < floor 9.8160
F:\projects\iterum\plugins\vorago\tests\integration\preset_matrix_test.cpp(517): FAILED:
  CHECK( d >= pf )
with expansion:
  9.5963630803 >= 9.8160195366
with message:
  Erosion vs Dead Air: d 9.59636, floor 9.81602

  BELOW FLOOR: Erosion vs Abyssal Wind: d 5.3624 < floor 9.8160
F:\projects\iterum\plugins\vorago\tests\integration\preset_matrix_test.cpp(517): FAILED:
  CHECK( d >= pf )
with expansion:
  5.3624269497 >= 9.8160195366
with message:
  Erosion vs Abyssal Wind: d 5.36243, floor 9.81602

  BELOW FLOOR: Erosion vs Spore Drift: d 3.8446 < floor 9.8160
F:\projects\iterum\plugins\vorago\tests\integration\preset_matrix_test.cpp(517): FAILED:
  CHECK( d >= pf )
with expansion:
  3.8446023227 >= 9.8160195366
with message:
  Erosion vs Spore Drift: d 3.8446, floor 9.81602

  BELOW FLOOR: Erosion vs Steam Vent: d 7.2871 < floor 9.8160
F:\projects\iterum\plugins\vorago\tests\integration\preset_matrix_test.cpp(517): FAILED:
  CHECK( d >= pf )
with expansion:
  7.2871081964 >= 9.8160195366
with message:
  Erosion vs Steam Vent: d 7.28711, floor 9.81602

  BELOW FLOOR: Crowded Dark vs Drifting Strata: d 4.4774 < floor 9.8160
F:\projects\iterum\plugins\vorago\tests\integration\preset_matrix_test.cpp(517): FAILED:
  CHECK( d >= pf )
with expansion:
  4.4774460861 >= 9.8160195366
with message:
  Crowded Dark vs Drifting Strata: d 4.47745, floor 9.81602

  BELOW FLOOR: Crowded Dark vs Entropic Hum: d 5.1031 < floor 9.8160
F:\projects\iterum\plugins\vorago\tests\integration\preset_matrix_test.cpp(517): FAILED:
  CHECK( d >= pf )
with expansion:
  5.103089279 >= 9.8160195366
with message:
  Crowded Dark vs Entropic Hum: d 5.10309, floor 9.81602

  BELOW FLOOR: Crowded Dark vs Pressure Front: d 6.3301 < floor 9.8160
F:\projects\iterum\plugins\vorago\tests\integration\preset_matrix_test.cpp(517): FAILED:
  CHECK( d >= pf )
with expansion:
  6.3300677898 >= 9.8160195366
with message:
  Crowded Dark vs Pressure Front: d 6.33007, floor 9.81602

  BELOW FLOOR: Crowded Dark vs Weighted Deep: d 8.0372 < floor 9.8160
F:\projects\iterum\plugins\vorago\tests\integration\preset_matrix_test.cpp(517): FAILED:
  CHECK( d >= pf )
with expansion:
  8.0372405186 >= 9.8160195366
with message:
  Crowded Dark vs Weighted Deep: d 8.03724, floor 9.81602

  BELOW FLOOR: Crowded Dark vs Fogbound: d 5.4279 < floor 9.8160
F:\projects\iterum\plugins\vorago\tests\integration\preset_matrix_test.cpp(517): FAILED:
  CHECK( d >= pf )
with expansion:
  5.42793778 >= 9.8160195366
with message:
  Crowded Dark vs Fogbound: d 5.42794, floor 9.81602

  BELOW FLOOR: Crowded Dark vs Teeming: d 8.4536 < floor 9.8160
F:\projects\iterum\plugins\vorago\tests\integration\preset_matrix_test.cpp(517): FAILED:
  CHECK( d >= pf )
with expansion:
  8.4536244289 >= 9.8160195366
with message:
  Crowded Dark vs Teeming: d 8.45362, floor 9.81602

  BELOW FLOOR: Crowded Dark vs Endless Descent: d 3.6407 < floor 9.8160
F:\projects\iterum\plugins\vorago\tests\integration\preset_matrix_test.cpp(517): FAILED:
  CHECK( d >= pf )
with expansion:
  3.6407133668 >= 9.8160195366
with message:
  Crowded Dark vs Endless Descent: d 3.64071, floor 9.81602

  BELOW FLOOR: Crowded Dark vs Monolith: d 8.0552 < floor 9.8160
F:\projects\iterum\plugins\vorago\tests\integration\preset_matrix_test.cpp(517): FAILED:
  CHECK( d >= pf )
with expansion:
  8.0552151461 >= 9.8160195366
with message:
  Crowded Dark vs Monolith: d 8.05522, floor 9.81602

  BELOW FLOOR: Crowded Dark vs Bloom Colony: d 7.3133 < floor 9.8160
F:\projects\iterum\plugins\vorago\tests\integration\preset_matrix_test.cpp(517): FAILED:
  CHECK( d >= pf )
with expansion:
  7.3132545368 >= 9.8160195366
with message:
  Crowded Dark vs Bloom Colony: d 7.31325, floor 9.81602

  BELOW FLOOR: Crowded Dark vs Swarm Breath: d 6.9979 < floor 9.8160
F:\projects\iterum\plugins\vorago\tests\integration\preset_matrix_test.cpp(517): FAILED:
  CHECK( d >= pf )
with expansion:
  6.9979397678 >= 9.8160195366
with message:
  Crowded Dark vs Swarm Breath: d 6.99794, floor 9.81602

  BELOW FLOOR: Crowded Dark vs Feeding Loops: d 5.4546 < floor 9.8160
F:\projects\iterum\plugins\vorago\tests\integration\preset_matrix_test.cpp(517): FAILED:
  CHECK( d >= pf )
with expansion:
  5.4545507638 >= 9.8160195366
with message:
  Crowded Dark vs Feeding Loops: d 5.45455, floor 9.81602

  BELOW FLOOR: Crowded Dark vs Haunted Colony: d 8.5569 < floor 9.8160
F:\projects\iterum\plugins\vorago\tests\integration\preset_matrix_test.cpp(517): FAILED:
  CHECK( d >= pf )
with expansion:
  8.5568668981 >= 9.8160195366
with message:
  Crowded Dark vs Haunted Colony: d 8.55687, floor 9.81602

  BELOW FLOOR: Crowded Dark vs Glass Well: d 9.4736 < floor 9.8160
F:\projects\iterum\plugins\vorago\tests\integration\preset_matrix_test.cpp(517): FAILED:
  CHECK( d >= pf )
with expansion:
  9.4735897635 >= 9.8160195366
with message:
  Crowded Dark vs Glass Well: d 9.47359, floor 9.81602

  BELOW FLOOR: Crowded Dark vs Iron Plate: d 5.9523 < floor 9.8160
F:\projects\iterum\plugins\vorago\tests\integration\preset_matrix_test.cpp(517): FAILED:
  CHECK( d >= pf )
with expansion:
  5.9522845259 >= 9.8160195366
with message:
  Crowded Dark vs Iron Plate: d 5.95228, floor 9.81602

  BELOW FLOOR: Crowded Dark vs Chamber Drone: d 7.7130 < floor 9.8160
F:\projects\iterum\plugins\vorago\tests\integration\preset_matrix_test.cpp(517): FAILED:
  CHECK( d >= pf )
with expansion:
  7.7130186107 >= 9.8160195366
with message:
  Crowded Dark vs Chamber Drone: d 7.71302, floor 9.81602

  BELOW FLOOR: Crowded Dark vs Column Hymn: d 7.6666 < floor 9.8160
F:\projects\iterum\plugins\vorago\tests\integration\preset_matrix_test.cpp(517): FAILED:
  CHECK( d >= pf )
with expansion:
  7.666584093 >= 9.8160195366
with message:
  Crowded Dark vs Column Hymn: d 7.66658, floor 9.81602

  BELOW FLOOR: Crowded Dark vs Glass Sphere: d 6.9507 < floor 9.8160
F:\projects\iterum\plugins\vorago\tests\integration\preset_matrix_test.cpp(517): FAILED:
  CHECK( d >= pf )
with expansion:
  6.9507054794 >= 9.8160195366
with message:
  Crowded Dark vs Glass Sphere: d 6.95071, floor 9.81602

  BELOW FLOOR: Crowded Dark vs Dead Air: d 5.4660 < floor 9.8160
F:\projects\iterum\plugins\vorago\tests\integration\preset_matrix_test.cpp(517): FAILED:
  CHECK( d >= pf )
with expansion:
  5.4660349647 >= 9.8160195366
with message:
  Crowded Dark vs Dead Air: d 5.46603, floor 9.81602

  BELOW FLOOR: Crowded Dark vs Abyssal Wind: d 7.3272 < floor 9.8160
F:\projects\iterum\plugins\vorago\tests\integration\preset_matrix_test.cpp(517): FAILED:
  CHECK( d >= pf )
with expansion:
  7.3271860556 >= 9.8160195366
with message:
  Crowded Dark vs Abyssal Wind: d 7.32719, floor 9.81602

  BELOW FLOOR: Crowded Dark vs Spore Drift: d 9.6852 < floor 9.8160
F:\projects\iterum\plugins\vorago\tests\integration\preset_matrix_test.cpp(517): FAILED:
  CHECK( d >= pf )
with expansion:
  9.6852491127 >= 9.8160195366
with message:
  Crowded Dark vs Spore Drift: d 9.68525, floor 9.81602

  BELOW FLOOR: Crowded Dark vs Steam Vent: d 5.5993 < floor 9.8160
F:\projects\iterum\plugins\vorago\tests\integration\preset_matrix_test.cpp(517): FAILED:
  CHECK( d >= pf )
with expansion:
  5.5993092048 >= 9.8160195366
with message:
  Crowded Dark vs Steam Vent: d 5.59931, floor 9.81602

  BELOW FLOOR: Drifting Strata vs Entropic Hum: d 1.5418 < floor 9.8160
F:\projects\iterum\plugins\vorago\tests\integration\preset_matrix_test.cpp(517): FAILED:
  CHECK( d >= pf )
with expansion:
  1.541812142 >= 9.8160195366
with message:
  Drifting Strata vs Entropic Hum: d 1.54181, floor 9.81602

  BELOW FLOOR: Drifting Strata vs Pressure Front: d 7.0133 < floor 9.8160
F:\projects\iterum\plugins\vorago\tests\integration\preset_matrix_test.cpp(517): FAILED:
  CHECK( d >= pf )
with expansion:
  7.0132881479 >= 9.8160195366
with message:
  Drifting Strata vs Pressure Front: d 7.01329, floor 9.81602

  BELOW FLOOR: Drifting Strata vs Weighted Deep: d 6.8509 < floor 9.8160
F:\projects\iterum\plugins\vorago\tests\integration\preset_matrix_test.cpp(517): FAILED:
  CHECK( d >= pf )
with expansion:
  6.8508587655 >= 9.8160195366
with message:
  Drifting Strata vs Weighted Deep: d 6.85086, floor 9.81602

  BELOW FLOOR: Drifting Strata vs Fogbound: d 4.1758 < floor 9.8160
F:\projects\iterum\plugins\vorago\tests\integration\preset_matrix_test.cpp(517): FAILED:
  CHECK( d >= pf )
with expansion:
  4.1757509259 >= 9.8160195366
with message:
  Drifting Strata vs Fogbound: d 4.17575, floor 9.81602

  BELOW FLOOR: Drifting Strata vs Teeming: d 7.4254 < floor 9.8160
F:\projects\iterum\plugins\vorago\tests\integration\preset_matrix_test.cpp(517): FAILED:
  CHECK( d >= pf )
with expansion:
  7.4254498536 >= 9.8160195366
with message:
  Drifting Strata vs Teeming: d 7.42545, floor 9.81602

  BELOW FLOOR: Drifting Strata vs Endless Descent: d 6.2692 < floor 9.8160
F:\projects\iterum\plugins\vorago\tests\integration\preset_matrix_test.cpp(517): FAILED:
  CHECK( d >= pf )
with expansion:
  6.2692123947 >= 9.8160195366
with message:
  Drifting Strata vs Endless Descent: d 6.26921, floor 9.81602

  BELOW FLOOR: Drifting Strata vs Monolith: d 4.7177 < floor 9.8160
F:\projects\iterum\plugins\vorago\tests\integration\preset_matrix_test.cpp(517): FAILED:
  CHECK( d >= pf )
with expansion:
  4.717663556 >= 9.8160195366
with message:
  Drifting Strata vs Monolith: d 4.71766, floor 9.81602

  BELOW FLOOR: Drifting Strata vs Bloom Colony: d 4.5241 < floor 9.8160
F:\projects\iterum\plugins\vorago\tests\integration\preset_matrix_test.cpp(517): FAILED:
  CHECK( d >= pf )
with expansion:
  4.5240995094 >= 9.8160195366
with message:
  Drifting Strata vs Bloom Colony: d 4.5241, floor 9.81602

  BELOW FLOOR: Drifting Strata vs Swarm Breath: d 3.8414 < floor 9.8160
F:\projects\iterum\plugins\vorago\tests\integration\preset_matrix_test.cpp(517): FAILED:
  CHECK( d >= pf )
with expansion:
  3.8414133288 >= 9.8160195366
with message:
  Drifting Strata vs Swarm Breath: d 3.84141, floor 9.81602

  BELOW FLOOR: Drifting Strata vs Feeding Loops: d 8.3866 < floor 9.8160
F:\projects\iterum\plugins\vorago\tests\integration\preset_matrix_test.cpp(517): FAILED:
  CHECK( d >= pf )
with expansion:
  8.3866099855 >= 9.8160195366
with message:
  Drifting Strata vs Feeding Loops: d 8.38661, floor 9.81602

  BELOW FLOOR: Drifting Strata vs Haunted Colony: d 7.1408 < floor 9.8160
F:\projects\iterum\plugins\vorago\tests\integration\preset_matrix_test.cpp(517): FAILED:
  CHECK( d >= pf )
with expansion:
  7.1407812669 >= 9.8160195366
with message:
  Drifting Strata vs Haunted Colony: d 7.14078, floor 9.81602

  BELOW FLOOR: Drifting Strata vs Iron Plate: d 9.1541 < floor 9.8160
F:\projects\iterum\plugins\vorago\tests\integration\preset_matrix_test.cpp(517): FAILED:
  CHECK( d >= pf )
with expansion:
  9.1540921121 >= 9.8160195366
with message:
  Drifting Strata vs Iron Plate: d 9.15409, floor 9.81602

  BELOW FLOOR: Drifting Strata vs Column Hymn: d 6.5821 < floor 9.8160
F:\projects\iterum\plugins\vorago\tests\integration\preset_matrix_test.cpp(517): FAILED:
  CHECK( d >= pf )
with expansion:
  6.5821427623 >= 9.8160195366
with message:
  Drifting Strata vs Column Hymn: d 6.58214, floor 9.81602

  BELOW FLOOR: Drifting Strata vs Glass Sphere: d 8.9675 < floor 9.8160
F:\projects\iterum\plugins\vorago\tests\integration\preset_matrix_test.cpp(517): FAILED:
  CHECK( d >= pf )
with expansion:
  8.9674542517 >= 9.8160195366
with message:
  Drifting Strata vs Glass Sphere: d 8.96745, floor 9.81602

  BELOW FLOOR: Drifting Strata vs Dead Air: d 6.5625 < floor 9.8160
F:\projects\iterum\plugins\vorago\tests\integration\preset_matrix_test.cpp(517): FAILED:
  CHECK( d >= pf )
with expansion:
  6.562472328 >= 9.8160195366
with message:
  Drifting Strata vs Dead Air: d 6.56247, floor 9.81602

  BELOW FLOOR: Drifting Strata vs Abyssal Wind: d 9.0442 < floor 9.8160
F:\projects\iterum\plugins\vorago\tests\integration\preset_matrix_test.cpp(517): FAILED:
  CHECK( d >= pf )
with expansion:
  9.044210879 >= 9.8160195366
with message:
  Drifting Strata vs Abyssal Wind: d 9.04421, floor 9.81602

  BELOW FLOOR: Drifting Strata vs Spore Drift: d 7.8462 < floor 9.8160
F:\projects\iterum\plugins\vorago\tests\integration\preset_matrix_test.cpp(517): FAILED:
  CHECK( d >= pf )
with expansion:
  7.8462471697 >= 9.8160195366
with message:
  Drifting Strata vs Spore Drift: d 7.84625, floor 9.81602

  BELOW FLOOR: Drifting Strata vs Steam Vent: d 6.5182 < floor 9.8160
F:\projects\iterum\plugins\vorago\tests\integration\preset_matrix_test.cpp(517): FAILED:
  CHECK( d >= pf )
with expansion:
  6.5181640274 >= 9.8160195366
with message:
  Drifting Strata vs Steam Vent: d 6.51816, floor 9.81602

  BELOW FLOOR: Stone Gravity vs Endless Descent: d 7.9956 < floor 9.8160
F:\projects\iterum\plugins\vorago\tests\integration\preset_matrix_test.cpp(517): FAILED:
  CHECK( d >= pf )
with expansion:
  7.9956466517 >= 9.8160195366
with message:
  Stone Gravity vs Endless Descent: d 7.99565, floor 9.81602

  BELOW FLOOR: Stone Gravity vs Singing Colony: d 2.5629 < floor 9.8160
F:\projects\iterum\plugins\vorago\tests\integration\preset_matrix_test.cpp(517): FAILED:
  CHECK( d >= pf )
with expansion:
  2.5628684357 >= 9.8160195366
with message:
  Stone Gravity vs Singing Colony: d 2.56287, floor 9.81602

  BELOW FLOOR: Stone Gravity vs Feeding Loops: d 9.7496 < floor 9.8160
F:\projects\iterum\plugins\vorago\tests\integration\preset_matrix_test.cpp(517): FAILED:
  CHECK( d >= pf )
with expansion:
  9.7496382768 >= 9.8160195366
with message:
  Stone Gravity vs Feeding Loops: d 9.74964, floor 9.81602

  BELOW FLOOR: Stone Gravity vs Glass Well: d 9.7075 < floor 9.8160
F:\projects\iterum\plugins\vorago\tests\integration\preset_matrix_test.cpp(517): FAILED:
  CHECK( d >= pf )
with expansion:
  9.7074739538 >= 9.8160195366
with message:
  Stone Gravity vs Glass Well: d 9.70747, floor 9.81602

  BELOW FLOOR: Stone Gravity vs Chamber Drone: d 9.0957 < floor 9.8160
F:\projects\iterum\plugins\vorago\tests\integration\preset_matrix_test.cpp(517): FAILED:
  CHECK( d >= pf )
with expansion:
  9.0957366725 >= 9.8160195366
with message:
  Stone Gravity vs Chamber Drone: d 9.09574, floor 9.81602

  BELOW FLOOR: Stone Gravity vs Dead Air: d 8.2421 < floor 9.8160
F:\projects\iterum\plugins\vorago\tests\integration\preset_matrix_test.cpp(517): FAILED:
  CHECK( d >= pf )
with expansion:
  8.2421489589 >= 9.8160195366
with message:
  Stone Gravity vs Dead Air: d 8.24215, floor 9.81602

  BELOW FLOOR: Stone Gravity vs Abyssal Wind: d 7.5210 < floor 9.8160
F:\projects\iterum\plugins\vorago\tests\integration\preset_matrix_test.cpp(517): FAILED:
  CHECK( d >= pf )
with expansion:
  7.5210191268 >= 9.8160195366
with message:
  Stone Gravity vs Abyssal Wind: d 7.52102, floor 9.81602

  BELOW FLOOR: Entropic Hum vs Pressure Front: d 6.7182 < floor 9.8160
F:\projects\iterum\plugins\vorago\tests\integration\preset_matrix_test.cpp(517): FAILED:
  CHECK( d >= pf )
with expansion:
  6.7182250595 >= 9.8160195366
with message:
  Entropic Hum vs Pressure Front: d 6.71823, floor 9.81602

  BELOW FLOOR: Entropic Hum vs Weighted Deep: d 7.2330 < floor 9.8160
F:\projects\iterum\plugins\vorago\tests\integration\preset_matrix_test.cpp(517): FAILED:
  CHECK( d >= pf )
with expansion:
  7.2329631821 >= 9.8160195366
with message:
  Entropic Hum vs Weighted Deep: d 7.23296, floor 9.81602

  BELOW FLOOR: Entropic Hum vs Fogbound: d 3.3990 < floor 9.8160
F:\projects\iterum\plugins\vorago\tests\integration\preset_matrix_test.cpp(517): FAILED:
  CHECK( d >= pf )
with expansion:
  3.3990068211 >= 9.8160195366
with message:
  Entropic Hum vs Fogbound: d 3.39901, floor 9.81602

  BELOW FLOOR: Entropic Hum vs Teeming: d 6.8630 < floor 9.8160
F:\projects\iterum\plugins\vorago\tests\integration\preset_matrix_test.cpp(517): FAILED:
  CHECK( d >= pf )
with expansion:
  6.8629860799 >= 9.8160195366
with message:
  Entropic Hum vs Teeming: d 6.86299, floor 9.81602

  BELOW FLOOR: Entropic Hum vs Endless Descent: d 6.0237 < floor 9.8160
F:\projects\iterum\plugins\vorago\tests\integration\preset_matrix_test.cpp(517): FAILED:
  CHECK( d >= pf )
with expansion:
  6.023687896 >= 9.8160195366
with message:
  Entropic Hum vs Endless Descent: d 6.02369, floor 9.81602

  BELOW FLOOR: Entropic Hum vs Monolith: d 4.8085 < floor 9.8160
F:\projects\iterum\plugins\vorago\tests\integration\preset_matrix_test.cpp(517): FAILED:
  CHECK( d >= pf )
with expansion:
  4.8084738981 >= 9.8160195366
with message:
  Entropic Hum vs Monolith: d 4.80847, floor 9.81602

  BELOW FLOOR: Entropic Hum vs Bloom Colony: d 4.9703 < floor 9.8160
F:\projects\iterum\plugins\vorago\tests\integration\preset_matrix_test.cpp(517): FAILED:
  CHECK( d >= pf )
with expansion:
  4.9702831479 >= 9.8160195366
with message:
  Entropic Hum vs Bloom Colony: d 4.97028, floor 9.81602

  BELOW FLOOR: Entropic Hum vs Swarm Breath: d 4.2521 < floor 9.8160
F:\projects\iterum\plugins\vorago\tests\integration\preset_matrix_test.cpp(517): FAILED:
  CHECK( d >= pf )
with expansion:
  4.2520960736 >= 9.8160195366
with message:
  Entropic Hum vs Swarm Breath: d 4.2521, floor 9.81602

  BELOW FLOOR: Entropic Hum vs Feeding Loops: d 8.6728 < floor 9.8160
F:\projects\iterum\plugins\vorago\tests\integration\preset_matrix_test.cpp(517): FAILED:
  CHECK( d >= pf )
with expansion:
  8.6727978744 >= 9.8160195366
with message:
  Entropic Hum vs Feeding Loops: d 8.6728, floor 9.81602

  BELOW FLOOR: Entropic Hum vs Haunted Colony: d 6.7247 < floor 9.8160
F:\projects\iterum\plugins\vorago\tests\integration\preset_matrix_test.cpp(517): FAILED:
  CHECK( d >= pf )
with expansion:
  6.724712853 >= 9.8160195366
with message:
  Entropic Hum vs Haunted Colony: d 6.72471, floor 9.81602

  BELOW FLOOR: Entropic Hum vs Iron Plate: d 9.2739 < floor 9.8160
F:\projects\iterum\plugins\vorago\tests\integration\preset_matrix_test.cpp(517): FAILED:
  CHECK( d >= pf )
with expansion:
  9.2738794303 >= 9.8160195366
with message:
  Entropic Hum vs Iron Plate: d 9.27388, floor 9.81602

  BELOW FLOOR: Entropic Hum vs Column Hymn: d 7.2435 < floor 9.8160
F:\projects\iterum\plugins\vorago\tests\integration\preset_matrix_test.cpp(517): FAILED:
  CHECK( d >= pf )
with expansion:
  7.2434791649 >= 9.8160195366
with message:
  Entropic Hum vs Column Hymn: d 7.24348, floor 9.81602

  BELOW FLOOR: Entropic Hum vs Glass Sphere: d 9.3485 < floor 9.8160
F:\projects\iterum\plugins\vorago\tests\integration\preset_matrix_test.cpp(517): FAILED:
  CHECK( d >= pf )
with expansion:
  9.3484887569 >= 9.8160195366
with message:
  Entropic Hum vs Glass Sphere: d 9.34849, floor 9.81602

  BELOW FLOOR: Entropic Hum vs Dead Air: d 6.0169 < floor 9.8160
F:\projects\iterum\plugins\vorago\tests\integration\preset_matrix_test.cpp(517): FAILED:
  CHECK( d >= pf )
with expansion:
  6.0169147221 >= 9.8160195366
with message:
  Entropic Hum vs Dead Air: d 6.01691, floor 9.81602

  BELOW FLOOR: Entropic Hum vs Abyssal Wind: d 8.8293 < floor 9.8160
F:\projects\iterum\plugins\vorago\tests\integration\preset_matrix_test.cpp(517): FAILED:
  CHECK( d >= pf )
with expansion:
  8.829265632 >= 9.8160195366
with message:
  Entropic Hum vs Abyssal Wind: d 8.82927, floor 9.81602

  BELOW FLOOR: Entropic Hum vs Spore Drift: d 7.4204 < floor 9.8160
F:\projects\iterum\plugins\vorago\tests\integration\preset_matrix_test.cpp(517): FAILED:
  CHECK( d >= pf )
with expansion:
  7.4204479909 >= 9.8160195366
with message:
  Entropic Hum vs Spore Drift: d 7.42045, floor 9.81602

  BELOW FLOOR: Entropic Hum vs Steam Vent: d 6.7667 < floor 9.8160
F:\projects\iterum\plugins\vorago\tests\integration\preset_matrix_test.cpp(517): FAILED:
  CHECK( d >= pf )
with expansion:
  6.7667193795 >= 9.8160195366
with message:
  Entropic Hum vs Steam Vent: d 6.76672, floor 9.81602

  BELOW FLOOR: Pressure Front vs Weighted Deep: d 6.6373 < floor 9.8160
F:\projects\iterum\plugins\vorago\tests\integration\preset_matrix_test.cpp(517): FAILED:
  CHECK( d >= pf )
with expansion:
  6.6373462493 >= 9.8160195366
with message:
  Pressure Front vs Weighted Deep: d 6.63735, floor 9.81602

  BELOW FLOOR: Pressure Front vs Fogbound: d 5.7254 < floor 9.8160
F:\projects\iterum\plugins\vorago\tests\integration\preset_matrix_test.cpp(517): FAILED:
  CHECK( d >= pf )
with expansion:
  5.7253776286 >= 9.8160195366
with message:
  Pressure Front vs Fogbound: d 5.72538, floor 9.81602

  BELOW FLOOR: Pressure Front vs Teeming: d 6.7732 < floor 9.8160
F:\projects\iterum\plugins\vorago\tests\integration\preset_matrix_test.cpp(517): FAILED:
  CHECK( d >= pf )
with expansion:
  6.773223688 >= 9.8160195366
with message:
  Pressure Front vs Teeming: d 6.77322, floor 9.81602

  BELOW FLOOR: Pressure Front vs Endless Descent: d 5.2080 < floor 9.8160
F:\projects\iterum\plugins\vorago\tests\integration\preset_matrix_test.cpp(517): FAILED:
  CHECK( d >= pf )
with expansion:
  5.2080044574 >= 9.8160195366
with message:
  Pressure Front vs Endless Descent: d 5.208, floor 9.81602

  BELOW FLOOR: Pressure Front vs Monolith: d 7.1331 < floor 9.8160
F:\projects\iterum\plugins\vorago\tests\integration\preset_matrix_test.cpp(517): FAILED:
  CHECK( d >= pf )
with expansion:
  7.133093924 >= 9.8160195366
with message:
  Pressure Front vs Monolith: d 7.13309, floor 9.81602

  BELOW FLOOR: Pressure Front vs Bloom Colony: d 6.8595 < floor 9.8160
F:\projects\iterum\plugins\vorago\tests\integration\preset_matrix_test.cpp(517): FAILED:
  CHECK( d >= pf )
with expansion:
  6.8595080883 >= 9.8160195366
with message:
  Pressure Front vs Bloom Colony: d 6.85951, floor 9.81602

  BELOW FLOOR: Pressure Front vs Swarm Breath: d 6.8439 < floor 9.8160
F:\projects\iterum\plugins\vorago\tests\integration\preset_matrix_test.cpp(517): FAILED:
  CHECK( d >= pf )
with expansion:
  6.8438593758 >= 9.8160195366
with message:
  Pressure Front vs Swarm Breath: d 6.84386, floor 9.81602

  BELOW FLOOR: Pressure Front vs Feeding Loops: d 4.4963 < floor 9.8160
F:\projects\iterum\plugins\vorago\tests\integration\preset_matrix_test.cpp(517): FAILED:
  CHECK( d >= pf )
with expansion:
  4.4962656545 >= 9.8160195366
with message:
  Pressure Front vs Feeding Loops: d 4.49627, floor 9.81602

  BELOW FLOOR: Pressure Front vs Haunted Colony: d 7.1289 < floor 9.8160
F:\projects\iterum\plugins\vorago\tests\integration\preset_matrix_test.cpp(517): FAILED:
  CHECK( d >= pf )
with expansion:
  7.1289096201 >= 9.8160195366
with message:
  Pressure Front vs Haunted Colony: d 7.12891, floor 9.81602

  BELOW FLOOR: Pressure Front vs Growth Ring: d 7.8696 < floor 9.8160
F:\projects\iterum\plugins\vorago\tests\integration\preset_matrix_test.cpp(517): FAILED:
  CHECK( d >= pf )
with expansion:
  7.8696132764 >= 9.8160195366
with message:
  Pressure Front vs Growth Ring: d 7.86961, floor 9.81602

  BELOW FLOOR: Pressure Front vs Glass Well: d 6.5202 < floor 9.8160
F:\projects\iterum\plugins\vorago\tests\integration\preset_matrix_test.cpp(517): FAILED:
  CHECK( d >= pf )
with expansion:
  6.520154965 >= 9.8160195366
with message:
  Pressure Front vs Glass Well: d 6.52015, floor 9.81602

  BELOW FLOOR: Pressure Front vs Iron Plate: d 6.5455 < floor 9.8160
F:\projects\iterum\plugins\vorago\tests\integration\preset_matrix_test.cpp(517): FAILED:
  CHECK( d >= pf )
with expansion:
  6.545499055 >= 9.8160195366
with message:
  Pressure Front vs Iron Plate: d 6.5455, floor 9.81602

  BELOW FLOOR: Pressure Front vs Chamber Drone: d 7.1893 < floor 9.8160
F:\projects\iterum\plugins\vorago\tests\integration\preset_matrix_test.cpp(517): FAILED:
  CHECK( d >= pf )
with expansion:
  7.1892972881 >= 9.8160195366
with message:
  Pressure Front vs Chamber Drone: d 7.1893, floor 9.81602

  BELOW FLOOR: Pressure Front vs Column Hymn: d 7.7730 < floor 9.8160
F:\projects\iterum\plugins\vorago\tests\integration\preset_matrix_test.cpp(517): FAILED:
  CHECK( d >= pf )
with expansion:
  7.7730283705 >= 9.8160195366
with message:
  Pressure Front vs Column Hymn: d 7.77303, floor 9.81602

  BELOW FLOOR: Pressure Front vs Cavern Wall: d 8.9072 < floor 9.8160
F:\projects\iterum\plugins\vorago\tests\integration\preset_matrix_test.cpp(517): FAILED:
  CHECK( d >= pf )
with expansion:
  8.9072255579 >= 9.8160195366
with message:
  Pressure Front vs Cavern Wall: d 8.90723, floor 9.81602

  BELOW FLOOR: Pressure Front vs Glass Sphere: d 7.1667 < floor 9.8160
F:\projects\iterum\plugins\vorago\tests\integration\preset_matrix_test.cpp(517): FAILED:
  CHECK( d >= pf )
with expansion:
  7.1667458968 >= 9.8160195366
with message:
  Pressure Front vs Glass Sphere: d 7.16675, floor 9.81602

  BELOW FLOOR: Pressure Front vs Sudden Chasm: d 8.4554 < floor 9.8160
F:\projects\iterum\plugins\vorago\tests\integration\preset_matrix_test.cpp(517): FAILED:
  CHECK( d >= pf )
with expansion:
  8.4553981205 >= 9.8160195366
with message:
  Pressure Front vs Sudden Chasm: d 8.4554, floor 9.81602

  BELOW FLOOR: Pressure Front vs Dead Air: d 6.2789 < floor 9.8160
F:\projects\iterum\plugins\vorago\tests\integration\preset_matrix_test.cpp(517): FAILED:
  CHECK( d >= pf )
with expansion:
  6.2788703394 >= 9.8160195366
with message:
  Pressure Front vs Dead Air: d 6.27887, floor 9.81602

  BELOW FLOOR: Pressure Front vs Abyssal Wind: d 5.2478 < floor 9.8160
F:\projects\iterum\plugins\vorago\tests\integration\preset_matrix_test.cpp(517): FAILED:
  CHECK( d >= pf )
with expansion:
  5.2477918195 >= 9.8160195366
with message:
  Pressure Front vs Abyssal Wind: d 5.24779, floor 9.81602

  BELOW FLOOR: Pressure Front vs Spore Drift: d 8.4845 < floor 9.8160
F:\projects\iterum\plugins\vorago\tests\integration\preset_matrix_test.cpp(517): FAILED:
  CHECK( d >= pf )
with expansion:
  8.484460321 >= 9.8160195366
with message:
  Pressure Front vs Spore Drift: d 8.48446, floor 9.81602

  BELOW FLOOR: Pressure Front vs Steam Vent: d 3.8913 < floor 9.8160
F:\projects\iterum\plugins\vorago\tests\integration\preset_matrix_test.cpp(517): FAILED:
  CHECK( d >= pf )
with expansion:
  3.8912618257 >= 9.8160195366
with message:
  Pressure Front vs Steam Vent: d 3.89126, floor 9.81602

  BELOW FLOOR: Weighted Deep vs Fogbound: d 7.2360 < floor 9.8160
F:\projects\iterum\plugins\vorago\tests\integration\preset_matrix_test.cpp(517): FAILED:
  CHECK( d >= pf )
with expansion:
  7.2359963967 >= 9.8160195366
with message:
  Weighted Deep vs Fogbound: d 7.236, floor 9.81602

  BELOW FLOOR: Weighted Deep vs Teeming: d 7.6618 < floor 9.8160
F:\projects\iterum\plugins\vorago\tests\integration\preset_matrix_test.cpp(517): FAILED:
  CHECK( d >= pf )
with expansion:
  7.6617959025 >= 9.8160195366
with message:
  Weighted Deep vs Teeming: d 7.6618, floor 9.81602

  BELOW FLOOR: Weighted Deep vs Endless Descent: d 9.0203 < floor 9.8160
F:\projects\iterum\plugins\vorago\tests\integration\preset_matrix_test.cpp(517): FAILED:
  CHECK( d >= pf )
with expansion:
  9.0202500339 >= 9.8160195366
with message:
  Weighted Deep vs Endless Descent: d 9.02025, floor 9.81602

  BELOW FLOOR: Weighted Deep vs Monolith: d 6.2088 < floor 9.8160
F:\projects\iterum\plugins\vorago\tests\integration\preset_matrix_test.cpp(517): FAILED:
  CHECK( d >= pf )
with expansion:
  6.2088457338 >= 9.8160195366
with message:
  Weighted Deep vs Monolith: d 6.20885, floor 9.81602

  BELOW FLOOR: Weighted Deep vs Bloom Colony: d 3.5648 < floor 9.8160
F:\projects\iterum\plugins\vorago\tests\integration\preset_matrix_test.cpp(517): FAILED:
  CHECK( d >= pf )
with expansion:
  3.5647648938 >= 9.8160195366
with message:
  Weighted Deep vs Bloom Colony: d 3.56476, floor 9.81602

  BELOW FLOOR: Weighted Deep vs Swarm Breath: d 4.3872 < floor 9.8160
F:\projects\iterum\plugins\vorago\tests\integration\preset_matrix_test.cpp(517): FAILED:
  CHECK( d >= pf )
with expansion:
  4.3871637761 >= 9.8160195366
with message:
  Weighted Deep vs Swarm Breath: d 4.38716, floor 9.81602

  BELOW FLOOR: Weighted Deep vs Feeding Loops: d 7.8557 < floor 9.8160
F:\projects\iterum\plugins\vorago\tests\integration\preset_matrix_test.cpp(517): FAILED:
  CHECK( d >= pf )
with expansion:
  7.8557076935 >= 9.8160195366
with message:
  Weighted Deep vs Feeding Loops: d 7.85571, floor 9.81602

  BELOW FLOOR: Weighted Deep vs Haunted Colony: d 6.5790 < floor 9.8160
F:\projects\iterum\plugins\vorago\tests\integration\preset_matrix_test.cpp(517): FAILED:
  CHECK( d >= pf )
with expansion:
  6.5790107175 >= 9.8160195366
with message:
  Weighted Deep vs Haunted Colony: d 6.57901, floor 9.81602

  BELOW FLOOR: Weighted Deep vs Growth Ring: d 7.9317 < floor 9.8160
F:\projects\iterum\plugins\vorago\tests\integration\preset_matrix_test.cpp(517): FAILED:
  CHECK( d >= pf )
with expansion:
  7.9316554227 >= 9.8160195366
with message:
  Weighted Deep vs Growth Ring: d 7.93166, floor 9.81602

  BELOW FLOOR: Weighted Deep vs Glass Well: d 7.8968 < floor 9.8160
F:\projects\iterum\plugins\vorago\tests\integration\preset_matrix_test.cpp(517): FAILED:
  CHECK( d >= pf )
with expansion:
  7.8968344375 >= 9.8160195366
with message:
  Weighted Deep vs Glass Well: d 7.89683, floor 9.81602

  BELOW FLOOR: Weighted Deep vs Column Hymn: d 2.7867 < floor 9.8160
F:\projects\iterum\plugins\vorago\tests\integration\preset_matrix_test.cpp(517): FAILED:
  CHECK( d >= pf )
with expansion:
  2.7866628712 >= 9.8160195366
with message:
  Weighted Deep vs Column Hymn: d 2.78666, floor 9.81602

  BELOW FLOOR: Weighted Deep vs Cavern Wall: d 7.2383 < floor 9.8160
F:\projects\iterum\plugins\vorago\tests\integration\preset_matrix_test.cpp(517): FAILED:
  CHECK( d >= pf )
with expansion:
  7.2383180474 >= 9.8160195366
with message:
  Weighted Deep vs Cavern Wall: d 7.23832, floor 9.81602

  BELOW FLOOR: Weighted Deep vs Glass Sphere: d 7.0202 < floor 9.8160
F:\projects\iterum\plugins\vorago\tests\integration\preset_matrix_test.cpp(517): FAILED:
  CHECK( d >= pf )
with expansion:
  7.0201684951 >= 9.8160195366
with message:
  Weighted Deep vs Glass Sphere: d 7.02017, floor 9.81602

  BELOW FLOOR: Weighted Deep vs Sudden Chasm: d 7.6027 < floor 9.8160
F:\projects\iterum\plugins\vorago\tests\integration\preset_matrix_test.cpp(517): FAILED:
  CHECK( d >= pf )
with expansion:
  7.6026762978 >= 9.8160195366
with message:
  Weighted Deep vs Sudden Chasm: d 7.60268, floor 9.81602

  BELOW FLOOR: Weighted Deep vs Dead Air: d 9.3835 < floor 9.8160
F:\projects\iterum\plugins\vorago\tests\integration\preset_matrix_test.cpp(517): FAILED:
  CHECK( d >= pf )
with expansion:
  9.3835113459 >= 9.8160195366
with message:
  Weighted Deep vs Dead Air: d 9.38351, floor 9.81602

  BELOW FLOOR: Weighted Deep vs Abyssal Wind: d 7.5976 < floor 9.8160
F:\projects\iterum\plugins\vorago\tests\integration\preset_matrix_test.cpp(517): FAILED:
  CHECK( d >= pf )
with expansion:
  7.5976087862 >= 9.8160195366
with message:
  Weighted Deep vs Abyssal Wind: d 7.59761, floor 9.81602

  BELOW FLOOR: Weighted Deep vs Spore Drift: d 7.4956 < floor 9.8160
F:\projects\iterum\plugins\vorago\tests\integration\preset_matrix_test.cpp(517): FAILED:
  CHECK( d >= pf )
with expansion:
  7.4955686575 >= 9.8160195366
with message:
  Weighted Deep vs Spore Drift: d 7.49557, floor 9.81602

  BELOW FLOOR: Weighted Deep vs Steam Vent: d 4.3771 < floor 9.8160
F:\projects\iterum\plugins\vorago\tests\integration\preset_matrix_test.cpp(517): FAILED:
  CHECK( d >= pf )
with expansion:
  4.3771429581 >= 9.8160195366
with message:
  Weighted Deep vs Steam Vent: d 4.37714, floor 9.81602

  BELOW FLOOR: Fogbound vs Teeming: d 3.9719 < floor 9.8160
F:\projects\iterum\plugins\vorago\tests\integration\preset_matrix_test.cpp(517): FAILED:
  CHECK( d >= pf )
with expansion:
  3.9718994405 >= 9.8160195366
with message:
  Fogbound vs Teeming: d 3.9719, floor 9.81602

  BELOW FLOOR: Fogbound vs Endless Descent: d 5.3485 < floor 9.8160
F:\projects\iterum\plugins\vorago\tests\integration\preset_matrix_test.cpp(517): FAILED:
  CHECK( d >= pf )
with expansion:
  5.3484922699 >= 9.8160195366
with message:
  Fogbound vs Endless Descent: d 5.34849, floor 9.81602

  BELOW FLOOR: Fogbound vs Monolith: d 6.7424 < floor 9.8160
F:\projects\iterum\plugins\vorago\tests\integration\preset_matrix_test.cpp(517): FAILED:
  CHECK( d >= pf )
with expansion:
  6.7424355243 >= 9.8160195366
with message:
  Fogbound vs Monolith: d 6.74244, floor 9.81602

  BELOW FLOOR: Fogbound vs Bloom Colony: d 5.8475 < floor 9.8160
F:\projects\iterum\plugins\vorago\tests\integration\preset_matrix_test.cpp(517): FAILED:
  CHECK( d >= pf )
with expansion:
  5.8474612498 >= 9.8160195366
with message:
  Fogbound vs Bloom Colony: d 5.84746, floor 9.81602

  BELOW FLOOR: Fogbound vs Swarm Breath: d 5.4692 < floor 9.8160
F:\projects\iterum\plugins\vorago\tests\integration\preset_matrix_test.cpp(517): FAILED:
  CHECK( d >= pf )
with expansion:
  5.4692194029 >= 9.8160195366
with message:
  Fogbound vs Swarm Breath: d 5.46922, floor 9.81602

  BELOW FLOOR: Fogbound vs Feeding Loops: d 7.6655 < floor 9.8160
F:\projects\iterum\plugins\vorago\tests\integration\preset_matrix_test.cpp(517): FAILED:
  CHECK( d >= pf )
with expansion:
  7.6655233875 >= 9.8160195366
with message:
  Fogbound vs Feeding Loops: d 7.66552, floor 9.81602

  BELOW FLOOR: Fogbound vs Haunted Colony: d 4.3615 < floor 9.8160
F:\projects\iterum\plugins\vorago\tests\integration\preset_matrix_test.cpp(517): FAILED:
  CHECK( d >= pf )
with expansion:
  4.3615138425 >= 9.8160195366
with message:
  Fogbound vs Haunted Colony: d 4.36151, floor 9.81602

  BELOW FLOOR: Fogbound vs Growth Ring: d 7.3085 < floor 9.8160
F:\projects\iterum\plugins\vorago\tests\integration\preset_matrix_test.cpp(517): FAILED:
  CHECK( d >= pf )
with expansion:
  7.3084579685 >= 9.8160195366
with message:
  Fogbound vs Growth Ring: d 7.30846, floor 9.81602

  BELOW FLOOR: Fogbound vs Iron Plate: d 9.0417 < floor 9.8160
F:\projects\iterum\plugins\vorago\tests\integration\preset_matrix_test.cpp(517): FAILED:
  CHECK( d >= pf )
with expansion:
  9.0416913831 >= 9.8160195366
with message:
  Fogbound vs Iron Plate: d 9.04169, floor 9.81602

  BELOW FLOOR: Fogbound vs Column Hymn: d 7.5055 < floor 9.8160
F:\projects\iterum\plugins\vorago\tests\integration\preset_matrix_test.cpp(517): FAILED:
  CHECK( d >= pf )
with expansion:
  7.5055126825 >= 9.8160195366
with message:
  Fogbound vs Column Hymn: d 7.50551, floor 9.81602

  BELOW FLOOR: Fogbound vs Glass Sphere: d 8.7186 < floor 9.8160
F:\projects\iterum\plugins\vorago\tests\integration\preset_matrix_test.cpp(517): FAILED:
  CHECK( d >= pf )
with expansion:
  8.7185681637 >= 9.8160195366
with message:
  Fogbound vs Glass Sphere: d 8.71857, floor 9.81602

  BELOW FLOOR: Fogbound vs Sudden Chasm: d 7.4550 < floor 9.8160
F:\projects\iterum\plugins\vorago\tests\integration\preset_matrix_test.cpp(517): FAILED:
  CHECK( d >= pf )
with expansion:
  7.4550011007 >= 9.8160195366
with message:
  Fogbound vs Sudden Chasm: d 7.455, floor 9.81602

  BELOW FLOOR: Fogbound vs Dead Air: d 6.1991 < floor 9.8160
F:\projects\iterum\plugins\vorago\tests\integration\preset_matrix_test.cpp(517): FAILED:
  CHECK( d >= pf )
with expansion:
  6.199101525 >= 9.8160195366
with message:
  Fogbound vs Dead Air: d 6.1991, floor 9.81602

  BELOW FLOOR: Fogbound vs Abyssal Wind: d 6.4133 < floor 9.8160
F:\projects\iterum\plugins\vorago\tests\integration\preset_matrix_test.cpp(517): FAILED:
  CHECK( d >= pf )
with expansion:
  6.413335244 >= 9.8160195366
with message:
  Fogbound vs Abyssal Wind: d 6.41334, floor 9.81602

  BELOW FLOOR: Fogbound vs Spore Drift: d 5.3356 < floor 9.8160
F:\projects\iterum\plugins\vorago\tests\integration\preset_matrix_test.cpp(517): FAILED:
  CHECK( d >= pf )
with expansion:
  5.3355505471 >= 9.8160195366
with message:
  Fogbound vs Spore Drift: d 5.33555, floor 9.81602

  BELOW FLOOR: Fogbound vs Steam Vent: d 6.1374 < floor 9.8160
F:\projects\iterum\plugins\vorago\tests\integration\preset_matrix_test.cpp(517): FAILED:
  CHECK( d >= pf )
with expansion:
  6.1374259212 >= 9.8160195366
with message:
  Fogbound vs Steam Vent: d 6.13743, floor 9.81602

  BELOW FLOOR: Teeming vs Endless Descent: d 8.2104 < floor 9.8160
F:\projects\iterum\plugins\vorago\tests\integration\preset_matrix_test.cpp(517): FAILED:
  CHECK( d >= pf )
with expansion:
  8.2103859413 >= 9.8160195366
with message:
  Teeming vs Endless Descent: d 8.21039, floor 9.81602

  BELOW FLOOR: Teeming vs Monolith: d 8.3897 < floor 9.8160
F:\projects\iterum\plugins\vorago\tests\integration\preset_matrix_test.cpp(517): FAILED:
  CHECK( d >= pf )
with expansion:
  8.3896537544 >= 9.8160195366
with message:
  Teeming vs Monolith: d 8.38965, floor 9.81602

  BELOW FLOOR: Teeming vs Bloom Colony: d 6.8454 < floor 9.8160
F:\projects\iterum\plugins\vorago\tests\integration\preset_matrix_test.cpp(517): FAILED:
  CHECK( d >= pf )
with expansion:
  6.845442 >= 9.8160195366
with message:
  Teeming vs Bloom Colony: d 6.84544, floor 9.81602

  BELOW FLOOR: Teeming vs Swarm Breath: d 6.8310 < floor 9.8160
F:\projects\iterum\plugins\vorago\tests\integration\preset_matrix_test.cpp(517): FAILED:
  CHECK( d >= pf )
with expansion:
  6.8310164927 >= 9.8160195366
with message:
  Teeming vs Swarm Breath: d 6.83102, floor 9.81602

  BELOW FLOOR: Teeming vs Feeding Loops: d 8.8342 < floor 9.8160
F:\projects\iterum\plugins\vorago\tests\integration\preset_matrix_test.cpp(517): FAILED:
  CHECK( d >= pf )
with expansion:
  8.834239812 >= 9.8160195366
with message:
  Teeming vs Feeding Loops: d 8.83424, floor 9.81602

  BELOW FLOOR: Teeming vs Haunted Colony: d 1.7800 < floor 9.8160
F:\projects\iterum\plugins\vorago\tests\integration\preset_matrix_test.cpp(517): FAILED:
  CHECK( d >= pf )
with expansion:
  1.7800401818 >= 9.8160195366
with message:
  Teeming vs Haunted Colony: d 1.78004, floor 9.81602

  BELOW FLOOR: Teeming vs Growth Ring: d 4.2126 < floor 9.8160
F:\projects\iterum\plugins\vorago\tests\integration\preset_matrix_test.cpp(517): FAILED:
  CHECK( d >= pf )
with expansion:
  4.2126479882 >= 9.8160195366
with message:
  Teeming vs Growth Ring: d 4.21265, floor 9.81602

  BELOW FLOOR: Teeming vs Glass Well: d 9.7102 < floor 9.8160
F:\projects\iterum\plugins\vorago\tests\integration\preset_matrix_test.cpp(517): FAILED:
  CHECK( d >= pf )
with expansion:
  9.7101914933 >= 9.8160195366
with message:
  Teeming vs Glass Well: d 9.71019, floor 9.81602

  BELOW FLOOR: Teeming vs Column Hymn: d 8.0251 < floor 9.8160
F:\projects\iterum\plugins\vorago\tests\integration\preset_matrix_test.cpp(517): FAILED:
  CHECK( d >= pf )
with expansion:
  8.0250754839 >= 9.8160195366
with message:
  Teeming vs Column Hymn: d 8.02508, floor 9.81602

  BELOW FLOOR: Teeming vs Glass Sphere: d 9.4353 < floor 9.8160
F:\projects\iterum\plugins\vorago\tests\integration\preset_matrix_test.cpp(517): FAILED:
  CHECK( d >= pf )
with expansion:
  9.4352846469 >= 9.8160195366
with message:
  Teeming vs Glass Sphere: d 9.43528, floor 9.81602

  BELOW FLOOR: Teeming vs Sudden Chasm: d 4.1155 < floor 9.8160
F:\projects\iterum\plugins\vorago\tests\integration\preset_matrix_test.cpp(517): FAILED:
  CHECK( d >= pf )
with expansion:
  4.1154842671 >= 9.8160195366
with message:
  Teeming vs Sudden Chasm: d 4.11548, floor 9.81602

  BELOW FLOOR: Teeming vs Dead Air: d 9.4159 < floor 9.8160
F:\projects\iterum\plugins\vorago\tests\integration\preset_matrix_test.cpp(517): FAILED:
  CHECK( d >= pf )
with expansion:
  9.415930815 >= 9.8160195366
with message:
  Teeming vs Dead Air: d 9.41593, floor 9.81602

  BELOW FLOOR: Teeming vs Abyssal Wind: d 6.0279 < floor 9.8160
F:\projects\iterum\plugins\vorago\tests\integration\preset_matrix_test.cpp(517): FAILED:
  CHECK( d >= pf )
with expansion:
  6.0278899677 >= 9.8160195366
with message:
  Teeming vs Abyssal Wind: d 6.02789, floor 9.81602

  BELOW FLOOR: Teeming vs Spore Drift: d 2.6300 < floor 9.8160
F:\projects\iterum\plugins\vorago\tests\integration\preset_matrix_test.cpp(517): FAILED:
  CHECK( d >= pf )
with expansion:
  2.6299960258 >= 9.8160195366
with message:
  Teeming vs Spore Drift: d 2.63, floor 9.81602

  BELOW FLOOR: Teeming vs Steam Vent: d 7.3072 < floor 9.8160
F:\projects\iterum\plugins\vorago\tests\integration\preset_matrix_test.cpp(517): FAILED:
  CHECK( d >= pf )
with expansion:
  7.3071633864 >= 9.8160195366
with message:
  Teeming vs Steam Vent: d 7.30716, floor 9.81602

  BELOW FLOOR: Endless Descent vs Monolith: d 9.1892 < floor 9.8160
F:\projects\iterum\plugins\vorago\tests\integration\preset_matrix_test.cpp(517): FAILED:
  CHECK( d >= pf )
with expansion:
  9.189220594 >= 9.8160195366
with message:
  Endless Descent vs Monolith: d 9.18922, floor 9.81602

  BELOW FLOOR: Endless Descent vs Bloom Colony: d 8.7402 < floor 9.8160
F:\projects\iterum\plugins\vorago\tests\integration\preset_matrix_test.cpp(517): FAILED:
  CHECK( d >= pf )
with expansion:
  8.7401884632 >= 9.8160195366
with message:
  Endless Descent vs Bloom Colony: d 8.74019, floor 9.81602

  BELOW FLOOR: Endless Descent vs Singing Colony: d 9.7396 < floor 9.8160
F:\projects\iterum\plugins\vorago\tests\integration\preset_matrix_test.cpp(517): FAILED:
  CHECK( d >= pf )
with expansion:
  9.7395896341 >= 9.8160195366
with message:
  Endless Descent vs Singing Colony: d 9.73959, floor 9.81602

  BELOW FLOOR: Endless Descent vs Swarm Breath: d 8.4608 < floor 9.8160
F:\projects\iterum\plugins\vorago\tests\integration\preset_matrix_test.cpp(517): FAILED:
  CHECK( d >= pf )
with expansion:
  8.460848736 >= 9.8160195366
with message:
  Endless Descent vs Swarm Breath: d 8.46085, floor 9.81602

  BELOW FLOOR: Endless Descent vs Feeding Loops: d 4.9287 < floor 9.8160
F:\projects\iterum\plugins\vorago\tests\integration\preset_matrix_test.cpp(517): FAILED:
  CHECK( d >= pf )
with expansion:
  4.928709586 >= 9.8160195366
with message:
  Endless Descent vs Feeding Loops: d 4.92871, floor 9.81602

  BELOW FLOOR: Endless Descent vs Haunted Colony: d 8.6926 < floor 9.8160
F:\projects\iterum\plugins\vorago\tests\integration\preset_matrix_test.cpp(517): FAILED:
  CHECK( d >= pf )
with expansion:
  8.6926162709 >= 9.8160195366
with message:
  Endless Descent vs Haunted Colony: d 8.69262, floor 9.81602

  BELOW FLOOR: Endless Descent vs Glass Well: d 8.2696 < floor 9.8160
F:\projects\iterum\plugins\vorago\tests\integration\preset_matrix_test.cpp(517): FAILED:
  CHECK( d >= pf )
with expansion:
  8.2696032815 >= 9.8160195366
with message:
  Endless Descent vs Glass Well: d 8.2696, floor 9.81602

  BELOW FLOOR: Endless Descent vs Iron Plate: d 4.8280 < floor 9.8160
F:\projects\iterum\plugins\vorago\tests\integration\preset_matrix_test.cpp(517): FAILED:
  CHECK( d >= pf )
with expansion:
  4.8279876187 >= 9.8160195366
with message:
  Endless Descent vs Iron Plate: d 4.82799, floor 9.81602

  BELOW FLOOR: Endless Descent vs Chamber Drone: d 5.6221 < floor 9.8160
F:\projects\iterum\plugins\vorago\tests\integration\preset_matrix_test.cpp(517): FAILED:
  CHECK( d >= pf )
with expansion:
  5.622145488 >= 9.8160195366
with message:
  Endless Descent vs Chamber Drone: d 5.62215, floor 9.81602

  BELOW FLOOR: Endless Descent vs Column Hymn: d 9.2398 < floor 9.8160
F:\projects\iterum\plugins\vorago\tests\integration\preset_matrix_test.cpp(517): FAILED:
  CHECK( d >= pf )
with expansion:
  9.2397759946 >= 9.8160195366
with message:
  Endless Descent vs Column Hymn: d 9.23978, floor 9.81602

  BELOW FLOOR: Endless Descent vs Glass Sphere: d 7.2923 < floor 9.8160
F:\projects\iterum\plugins\vorago\tests\integration\preset_matrix_test.cpp(517): FAILED:
  CHECK( d >= pf )
with expansion:
  7.2923414821 >= 9.8160195366
with message:
  Endless Descent vs Glass Sphere: d 7.29234, floor 9.81602

  BELOW FLOOR: Endless Descent vs Dead Air: d 3.1609 < floor 9.8160
F:\projects\iterum\plugins\vorago\tests\integration\preset_matrix_test.cpp(517): FAILED:
  CHECK( d >= pf )
with expansion:
  3.1608717445 >= 9.8160195366
with message:
  Endless Descent vs Dead Air: d 3.16087, floor 9.81602

  BELOW FLOOR: Endless Descent vs Abyssal Wind: d 6.0188 < floor 9.8160
F:\projects\iterum\plugins\vorago\tests\integration\preset_matrix_test.cpp(517): FAILED:
  CHECK( d >= pf )
with expansion:
  6.0187853549 >= 9.8160195366
with message:
  Endless Descent vs Abyssal Wind: d 6.01879, floor 9.81602

  BELOW FLOOR: Endless Descent vs Steam Vent: d 5.6116 < floor 9.8160
F:\projects\iterum\plugins\vorago\tests\integration\preset_matrix_test.cpp(517): FAILED:
  CHECK( d >= pf )
with expansion:
  5.611560763 >= 9.8160195366
with message:
  Endless Descent vs Steam Vent: d 5.61156, floor 9.81602

  BELOW FLOOR: Monolith vs Bloom Colony: d 3.5105 < floor 9.8160
F:\projects\iterum\plugins\vorago\tests\integration\preset_matrix_test.cpp(517): FAILED:
  CHECK( d >= pf )
with expansion:
  3.5105249425 >= 9.8160195366
with message:
  Monolith vs Bloom Colony: d 3.51052, floor 9.81602

  BELOW FLOOR: Monolith vs Swarm Breath: d 2.9573 < floor 9.8160
F:\projects\iterum\plugins\vorago\tests\integration\preset_matrix_test.cpp(517): FAILED:
  CHECK( d >= pf )
with expansion:
  2.9572766641 >= 9.8160195366
with message:
  Monolith vs Swarm Breath: d 2.95728, floor 9.81602

  BELOW FLOOR: Monolith vs Haunted Colony: d 7.8216 < floor 9.8160
F:\projects\iterum\plugins\vorago\tests\integration\preset_matrix_test.cpp(517): FAILED:
  CHECK( d >= pf )
with expansion:
  7.8215639764 >= 9.8160195366
with message:
  Monolith vs Haunted Colony: d 7.82156, floor 9.81602

  BELOW FLOOR: Monolith vs Column Hymn: d 6.6191 < floor 9.8160
F:\projects\iterum\plugins\vorago\tests\integration\preset_matrix_test.cpp(517): FAILED:
  CHECK( d >= pf )
with expansion:
  6.61906591 >= 9.8160195366
with message:
  Monolith vs Column Hymn: d 6.61907, floor 9.81602

  BELOW FLOOR: Monolith vs Dead Air: d 9.1470 < floor 9.8160
F:\projects\iterum\plugins\vorago\tests\integration\preset_matrix_test.cpp(517): FAILED:
  CHECK( d >= pf )
with expansion:
  9.1470148139 >= 9.8160195366
with message:
  Monolith vs Dead Air: d 9.14701, floor 9.81602

  BELOW FLOOR: Monolith vs Spore Drift: d 8.2669 < floor 9.8160
F:\projects\iterum\plugins\vorago\tests\integration\preset_matrix_test.cpp(517): FAILED:
  CHECK( d >= pf )
with expansion:
  8.2669069854 >= 9.8160195366
with message:
  Monolith vs Spore Drift: d 8.26691, floor 9.81602

  BELOW FLOOR: Monolith vs Steam Vent: d 7.3734 < floor 9.8160
F:\projects\iterum\plugins\vorago\tests\integration\preset_matrix_test.cpp(517): FAILED:
  CHECK( d >= pf )
with expansion:
  7.3733897431 >= 9.8160195366
with message:
  Monolith vs Steam Vent: d 7.37339, floor 9.81602

  BELOW FLOOR: Bloom Colony vs Swarm Breath: d 1.1660 < floor 9.8160
F:\projects\iterum\plugins\vorago\tests\integration\preset_matrix_test.cpp(517): FAILED:
  CHECK( d >= pf )
with expansion:
  1.1659527112 >= 9.8160195366
with message:
  Bloom Colony vs Swarm Breath: d 1.16595, floor 9.81602

  BELOW FLOOR: Bloom Colony vs Feeding Loops: d 8.7304 < floor 9.8160
F:\projects\iterum\plugins\vorago\tests\integration\preset_matrix_test.cpp(517): FAILED:
  CHECK( d >= pf )
with expansion:
  8.7304481158 >= 9.8160195366
with message:
  Bloom Colony vs Feeding Loops: d 8.73045, floor 9.81602

  BELOW FLOOR: Bloom Colony vs Haunted Colony: d 5.8318 < floor 9.8160
F:\projects\iterum\plugins\vorago\tests\integration\preset_matrix_test.cpp(517): FAILED:
  CHECK( d >= pf )
with expansion:
  5.8317715095 >= 9.8160195366
with message:
  Bloom Colony vs Haunted Colony: d 5.83177, floor 9.81602

  BELOW FLOOR: Bloom Colony vs Growth Ring: d 8.6995 < floor 9.8160
F:\projects\iterum\plugins\vorago\tests\integration\preset_matrix_test.cpp(517): FAILED:
  CHECK( d >= pf )
with expansion:
  8.6995064851 >= 9.8160195366
with message:
  Bloom Colony vs Growth Ring: d 8.69951, floor 9.81602

  BELOW FLOOR: Bloom Colony vs Column Hymn: d 3.6098 < floor 9.8160
F:\projects\iterum\plugins\vorago\tests\integration\preset_matrix_test.cpp(517): FAILED:
  CHECK( d >= pf )
with expansion:
  3.6098309681 >= 9.8160195366
with message:
  Bloom Colony vs Column Hymn: d 3.60983, floor 9.81602

  BELOW FLOOR: Bloom Colony vs Glass Sphere: d 8.3410 < floor 9.8160
F:\projects\iterum\plugins\vorago\tests\integration\preset_matrix_test.cpp(517): FAILED:
  CHECK( d >= pf )
with expansion:
  8.3410172507 >= 9.8160195366
with message:
  Bloom Colony vs Glass Sphere: d 8.34102, floor 9.81602

  BELOW FLOOR: Bloom Colony vs Sudden Chasm: d 8.0017 < floor 9.8160
F:\projects\iterum\plugins\vorago\tests\integration\preset_matrix_test.cpp(517): FAILED:
  CHECK( d >= pf )
with expansion:
  8.0016686788 >= 9.8160195366
with message:
  Bloom Colony vs Sudden Chasm: d 8.00167, floor 9.81602

  BELOW FLOOR: Bloom Colony vs Dead Air: d 9.1434 < floor 9.8160
F:\projects\iterum\plugins\vorago\tests\integration\preset_matrix_test.cpp(517): FAILED:
  CHECK( d >= pf )
with expansion:
  9.1433926777 >= 9.8160195366
with message:
  Bloom Colony vs Dead Air: d 9.14339, floor 9.81602

  BELOW FLOOR: Bloom Colony vs Abyssal Wind: d 8.7454 < floor 9.8160
F:\projects\iterum\plugins\vorago\tests\integration\preset_matrix_test.cpp(517): FAILED:
  CHECK( d >= pf )
with expansion:
  8.74539323 >= 9.8160195366
with message:
  Bloom Colony vs Abyssal Wind: d 8.74539, floor 9.81602

  BELOW FLOOR: Bloom Colony vs Spore Drift: d 6.4114 < floor 9.8160
F:\projects\iterum\plugins\vorago\tests\integration\preset_matrix_test.cpp(517): FAILED:
  CHECK( d >= pf )
with expansion:
  6.4113746192 >= 9.8160195366
with message:
  Bloom Colony vs Spore Drift: d 6.41137, floor 9.81602

  BELOW FLOOR: Bloom Colony vs Steam Vent: d 5.6679 < floor 9.8160
F:\projects\iterum\plugins\vorago\tests\integration\preset_matrix_test.cpp(517): FAILED:
  CHECK( d >= pf )
with expansion:
  5.6678743676 >= 9.8160195366
with message:
  Bloom Colony vs Steam Vent: d 5.66787, floor 9.81602

  BELOW FLOOR: Singing Colony vs Abyssal Wind: d 8.3594 < floor 9.8160
F:\projects\iterum\plugins\vorago\tests\integration\preset_matrix_test.cpp(517): FAILED:
  CHECK( d >= pf )
with expansion:
  8.3593934561 >= 9.8160195366
with message:
  Singing Colony vs Abyssal Wind: d 8.35939, floor 9.81602

  BELOW FLOOR: Swarm Breath vs Feeding Loops: d 8.8128 < floor 9.8160
F:\projects\iterum\plugins\vorago\tests\integration\preset_matrix_test.cpp(517): FAILED:
  CHECK( d >= pf )
with expansion:
  8.8127613948 >= 9.8160195366
with message:
  Swarm Breath vs Feeding Loops: d 8.81276, floor 9.81602

  BELOW FLOOR: Swarm Breath vs Haunted Colony: d 5.9655 < floor 9.8160
F:\projects\iterum\plugins\vorago\tests\integration\preset_matrix_test.cpp(517): FAILED:
  CHECK( d >= pf )
with expansion:
  5.9655369107 >= 9.8160195366
with message:
  Swarm Breath vs Haunted Colony: d 5.96554, floor 9.81602

  BELOW FLOOR: Swarm Breath vs Growth Ring: d 9.1123 < floor 9.8160
F:\projects\iterum\plugins\vorago\tests\integration\preset_matrix_test.cpp(517): FAILED:
  CHECK( d >= pf )
with expansion:
  9.1122704057 >= 9.8160195366
with message:
  Swarm Breath vs Growth Ring: d 9.11227, floor 9.81602

  BELOW FLOOR: Swarm Breath vs Column Hymn: d 4.4946 < floor 9.8160
F:\projects\iterum\plugins\vorago\tests\integration\preset_matrix_test.cpp(517): FAILED:
  CHECK( d >= pf )
with expansion:
  4.4946455428 >= 9.8160195366
with message:
  Swarm Breath vs Column Hymn: d 4.49465, floor 9.81602

  BELOW FLOOR: Swarm Breath vs Glass Sphere: d 8.6754 < floor 9.8160
F:\projects\iterum\plugins\vorago\tests\integration\preset_matrix_test.cpp(517): FAILED:
  CHECK( d >= pf )
with expansion:
  8.6754155139 >= 9.8160195366
with message:
  Swarm Breath vs Glass Sphere: d 8.67542, floor 9.81602

  BELOW FLOOR: Swarm Breath vs Sudden Chasm: d 8.4500 < floor 9.8160
F:\projects\iterum\plugins\vorago\tests\integration\preset_matrix_test.cpp(517): FAILED:
  CHECK( d >= pf )
with expansion:
  8.4500064075 >= 9.8160195366
with message:
  Swarm Breath vs Sudden Chasm: d 8.45001, floor 9.81602

  BELOW FLOOR: Swarm Breath vs Dead Air: d 8.8308 < floor 9.8160
F:\projects\iterum\plugins\vorago\tests\integration\preset_matrix_test.cpp(517): FAILED:
  CHECK( d >= pf )
with expansion:
  8.8308024567 >= 9.8160195366
with message:
  Swarm Breath vs Dead Air: d 8.8308, floor 9.81602

  BELOW FLOOR: Swarm Breath vs Abyssal Wind: d 8.9449 < floor 9.8160
F:\projects\iterum\plugins\vorago\tests\integration\preset_matrix_test.cpp(517): FAILED:
  CHECK( d >= pf )
with expansion:
  8.9448952282 >= 9.8160195366
with message:
  Swarm Breath vs Abyssal Wind: d 8.9449, floor 9.81602

  BELOW FLOOR: Swarm Breath vs Spore Drift: d 6.4571 < floor 9.8160
F:\projects\iterum\plugins\vorago\tests\integration\preset_matrix_test.cpp(517): FAILED:
  CHECK( d >= pf )
with expansion:
  6.4570670627 >= 9.8160195366
with message:
  Swarm Breath vs Spore Drift: d 6.45707, floor 9.81602

  BELOW FLOOR: Swarm Breath vs Steam Vent: d 5.8927 < floor 9.8160
F:\projects\iterum\plugins\vorago\tests\integration\preset_matrix_test.cpp(517): FAILED:
  CHECK( d >= pf )
with expansion:
  5.8927001465 >= 9.8160195366
with message:
  Swarm Breath vs Steam Vent: d 5.8927, floor 9.81602

  BELOW FLOOR: Feeding Loops vs Haunted Colony: d 9.0308 < floor 9.8160
F:\projects\iterum\plugins\vorago\tests\integration\preset_matrix_test.cpp(517): FAILED:
  CHECK( d >= pf )
with expansion:
  9.0307683947 >= 9.8160195366
with message:
  Feeding Loops vs Haunted Colony: d 9.03077, floor 9.81602

  BELOW FLOOR: Feeding Loops vs Growth Ring: d 8.8796 < floor 9.8160
F:\projects\iterum\plugins\vorago\tests\integration\preset_matrix_test.cpp(517): FAILED:
  CHECK( d >= pf )
with expansion:
  8.8795577633 >= 9.8160195366
with message:
  Feeding Loops vs Growth Ring: d 8.87956, floor 9.81602

  BELOW FLOOR: Feeding Loops vs Glass Well: d 5.3198 < floor 9.8160
F:\projects\iterum\plugins\vorago\tests\integration\preset_matrix_test.cpp(517): FAILED:
  CHECK( d >= pf )
with expansion:
  5.3197856891 >= 9.8160195366
with message:
  Feeding Loops vs Glass Well: d 5.31979, floor 9.81602

  BELOW FLOOR: Feeding Loops vs Iron Plate: d 5.3185 < floor 9.8160
F:\projects\iterum\plugins\vorago\tests\integration\preset_matrix_test.cpp(517): FAILED:
  CHECK( d >= pf )
with expansion:
  5.318464679 >= 9.8160195366
with message:
  Feeding Loops vs Iron Plate: d 5.31846, floor 9.81602

  BELOW FLOOR: Feeding Loops vs Chamber Drone: d 6.4447 < floor 9.8160
F:\projects\iterum\plugins\vorago\tests\integration\preset_matrix_test.cpp(517): FAILED:
  CHECK( d >= pf )
with expansion:
  6.4447498264 >= 9.8160195366
with message:
  Feeding Loops vs Chamber Drone: d 6.44475, floor 9.81602

  BELOW FLOOR: Feeding Loops vs Column Hymn: d 8.2763 < floor 9.8160
F:\projects\iterum\plugins\vorago\tests\integration\preset_matrix_test.cpp(517): FAILED:
  CHECK( d >= pf )
with expansion:
  8.2762531437 >= 9.8160195366
with message:
  Feeding Loops vs Column Hymn: d 8.27625, floor 9.81602

  BELOW FLOOR: Feeding Loops vs Cavern Wall: d 7.4602 < floor 9.8160
F:\projects\iterum\plugins\vorago\tests\integration\preset_matrix_test.cpp(517): FAILED:
  CHECK( d >= pf )
with expansion:
  7.4602335373 >= 9.8160195366
with message:
  Feeding Loops vs Cavern Wall: d 7.46023, floor 9.81602

  BELOW FLOOR: Feeding Loops vs Glass Sphere: d 5.3307 < floor 9.8160
F:\projects\iterum\plugins\vorago\tests\integration\preset_matrix_test.cpp(517): FAILED:
  CHECK( d >= pf )
with expansion:
  5.3306849804 >= 9.8160195366
with message:
  Feeding Loops vs Glass Sphere: d 5.33068, floor 9.81602

  BELOW FLOOR: Feeding Loops vs Dead Air: d 7.1849 < floor 9.8160
F:\projects\iterum\plugins\vorago\tests\integration\preset_matrix_test.cpp(517): FAILED:
  CHECK( d >= pf )
with expansion:
  7.1848744227 >= 9.8160195366
with message:
  Feeding Loops vs Dead Air: d 7.18487, floor 9.81602

  BELOW FLOOR: Feeding Loops vs Abyssal Wind: d 4.8204 < floor 9.8160
F:\projects\iterum\plugins\vorago\tests\integration\preset_matrix_test.cpp(517): FAILED:
  CHECK( d >= pf )
with expansion:
  4.8204215235 >= 9.8160195366
with message:
  Feeding Loops vs Abyssal Wind: d 4.82042, floor 9.81602

  BELOW FLOOR: Feeding Loops vs Steam Vent: d 3.8932 < floor 9.8160
F:\projects\iterum\plugins\vorago\tests\integration\preset_matrix_test.cpp(517): FAILED:
  CHECK( d >= pf )
with expansion:
  3.8932376249 >= 9.8160195366
with message:
  Feeding Loops vs Steam Vent: d 3.89324, floor 9.81602

  BELOW FLOOR: Haunted Colony vs Growth Ring: d 4.1861 < floor 9.8160
F:\projects\iterum\plugins\vorago\tests\integration\preset_matrix_test.cpp(517): FAILED:
  CHECK( d >= pf )
with expansion:
  4.1861440878 >= 9.8160195366
with message:
  Haunted Colony vs Growth Ring: d 4.18614, floor 9.81602

  BELOW FLOOR: Haunted Colony vs Glass Well: d 9.5220 < floor 9.8160
F:\projects\iterum\plugins\vorago\tests\integration\preset_matrix_test.cpp(517): FAILED:
  CHECK( d >= pf )
with expansion:
  9.5219706338 >= 9.8160195366
with message:
  Haunted Colony vs Glass Well: d 9.52197, floor 9.81602

  BELOW FLOOR: Haunted Colony vs Column Hymn: d 6.7984 < floor 9.8160
F:\projects\iterum\plugins\vorago\tests\integration\preset_matrix_test.cpp(517): FAILED:
  CHECK( d >= pf )
with expansion:
  6.7983989832 >= 9.8160195366
with message:
  Haunted Colony vs Column Hymn: d 6.7984, floor 9.81602

  BELOW FLOOR: Haunted Colony vs Glass Sphere: d 8.9379 < floor 9.8160
F:\projects\iterum\plugins\vorago\tests\integration\preset_matrix_test.cpp(517): FAILED:
  CHECK( d >= pf )
with expansion:
  8.9378640323 >= 9.8160195366
with message:
  Haunted Colony vs Glass Sphere: d 8.93786, floor 9.81602

  BELOW FLOOR: Haunted Colony vs Sudden Chasm: d 3.5911 < floor 9.8160
F:\projects\iterum\plugins\vorago\tests\integration\preset_matrix_test.cpp(517): FAILED:
  CHECK( d >= pf )
with expansion:
  3.5910906615 >= 9.8160195366
with message:
  Haunted Colony vs Sudden Chasm: d 3.59109, floor 9.81602

  BELOW FLOOR: Haunted Colony vs Dead Air: d 9.7942 < floor 9.8160
F:\projects\iterum\plugins\vorago\tests\integration\preset_matrix_test.cpp(517): FAILED:
  CHECK( d >= pf )
with expansion:
  9.794191285 >= 9.8160195366
with message:
  Haunted Colony vs Dead Air: d 9.79419, floor 9.81602

  BELOW FLOOR: Haunted Colony vs Abyssal Wind: d 6.3640 < floor 9.8160
F:\projects\iterum\plugins\vorago\tests\integration\preset_matrix_test.cpp(517): FAILED:
  CHECK( d >= pf )
with expansion:
  6.3640291793 >= 9.8160195366
with message:
  Haunted Colony vs Abyssal Wind: d 6.36403, floor 9.81602

  BELOW FLOOR: Haunted Colony vs Spore Drift: d 1.7595 < floor 9.8160
F:\projects\iterum\plugins\vorago\tests\integration\preset_matrix_test.cpp(517): FAILED:
  CHECK( d >= pf )
with expansion:
  1.7595163739 >= 9.8160195366
with message:
  Haunted Colony vs Spore Drift: d 1.75952, floor 9.81602

  BELOW FLOOR: Haunted Colony vs Steam Vent: d 6.9971 < floor 9.8160
F:\projects\iterum\plugins\vorago\tests\integration\preset_matrix_test.cpp(517): FAILED:
  CHECK( d >= pf )
with expansion:
  6.9970746861 >= 9.8160195366
with message:
  Haunted Colony vs Steam Vent: d 6.99707, floor 9.81602

  BELOW FLOOR: Growth Ring vs Glass Well: d 8.3065 < floor 9.8160
F:\projects\iterum\plugins\vorago\tests\integration\preset_matrix_test.cpp(517): FAILED:
  CHECK( d >= pf )
with expansion:
  8.3064926825 >= 9.8160195366
with message:
  Growth Ring vs Glass Well: d 8.30649, floor 9.81602

  BELOW FLOOR: Growth Ring vs Column Hymn: d 8.2710 < floor 9.8160
F:\projects\iterum\plugins\vorago\tests\integration\preset_matrix_test.cpp(517): FAILED:
  CHECK( d >= pf )
with expansion:
  8.2709799868 >= 9.8160195366
with message:
  Growth Ring vs Column Hymn: d 8.27098, floor 9.81602

  BELOW FLOOR: Growth Ring vs Cavern Wall: d 8.5709 < floor 9.8160
F:\projects\iterum\plugins\vorago\tests\integration\preset_matrix_test.cpp(517): FAILED:
  CHECK( d >= pf )
with expansion:
  8.5708963395 >= 9.8160195366
with message:
  Growth Ring vs Cavern Wall: d 8.5709, floor 9.81602

  BELOW FLOOR: Growth Ring vs Glass Sphere: d 8.5781 < floor 9.8160
F:\projects\iterum\plugins\vorago\tests\integration\preset_matrix_test.cpp(517): FAILED:
  CHECK( d >= pf )
with expansion:
  8.5781253708 >= 9.8160195366
with message:
  Growth Ring vs Glass Sphere: d 8.57813, floor 9.81602

  BELOW FLOOR: Growth Ring vs Sudden Chasm: d 1.9784 < floor 9.8160
F:\projects\iterum\plugins\vorago\tests\integration\preset_matrix_test.cpp(517): FAILED:
  CHECK( d >= pf )
with expansion:
  1.9784211308 >= 9.8160195366
with message:
  Growth Ring vs Sudden Chasm: d 1.97842, floor 9.81602

  BELOW FLOOR: Growth Ring vs Abyssal Wind: d 5.0999 < floor 9.8160
F:\projects\iterum\plugins\vorago\tests\integration\preset_matrix_test.cpp(517): FAILED:
  CHECK( d >= pf )
with expansion:
  5.099926601 >= 9.8160195366
with message:
  Growth Ring vs Abyssal Wind: d 5.09993, floor 9.81602

  BELOW FLOOR: Growth Ring vs Spore Drift: d 4.9562 < floor 9.8160
F:\projects\iterum\plugins\vorago\tests\integration\preset_matrix_test.cpp(517): FAILED:
  CHECK( d >= pf )
with expansion:
  4.9562345123 >= 9.8160195366
with message:
  Growth Ring vs Spore Drift: d 4.95623, floor 9.81602

  BELOW FLOOR: Growth Ring vs Steam Vent: d 7.7278 < floor 9.8160
F:\projects\iterum\plugins\vorago\tests\integration\preset_matrix_test.cpp(517): FAILED:
  CHECK( d >= pf )
with expansion:
  7.7278276371 >= 9.8160195366
with message:
  Growth Ring vs Steam Vent: d 7.72783, floor 9.81602

  BELOW FLOOR: Glass Well vs Iron Plate: d 9.5303 < floor 9.8160
F:\projects\iterum\plugins\vorago\tests\integration\preset_matrix_test.cpp(517): FAILED:
  CHECK( d >= pf )
with expansion:
  9.5302579882 >= 9.8160195366
with message:
  Glass Well vs Iron Plate: d 9.53026, floor 9.81602

  BELOW FLOOR: Glass Well vs Column Hymn: d 8.5968 < floor 9.8160
F:\projects\iterum\plugins\vorago\tests\integration\preset_matrix_test.cpp(517): FAILED:
  CHECK( d >= pf )
with expansion:
  8.5968226478 >= 9.8160195366
with message:
  Glass Well vs Column Hymn: d 8.59682, floor 9.81602

  BELOW FLOOR: Glass Well vs Cavern Wall: d 4.8324 < floor 9.8160
F:\projects\iterum\plugins\vorago\tests\integration\preset_matrix_test.cpp(517): FAILED:
  CHECK( d >= pf )
with expansion:
  4.8324458331 >= 9.8160195366
with message:
  Glass Well vs Cavern Wall: d 4.83245, floor 9.81602

  BELOW FLOOR: Glass Well vs Glass Sphere: d 5.2928 < floor 9.8160
F:\projects\iterum\plugins\vorago\tests\integration\preset_matrix_test.cpp(517): FAILED:
  CHECK( d >= pf )
with expansion:
  5.2927869243 >= 9.8160195366
with message:
  Glass Well vs Glass Sphere: d 5.29279, floor 9.81602

  BELOW FLOOR: Glass Well vs Sudden Chasm: d 9.3552 < floor 9.8160
F:\projects\iterum\plugins\vorago\tests\integration\preset_matrix_test.cpp(517): FAILED:
  CHECK( d >= pf )
with expansion:
  9.3551877503 >= 9.8160195366
with message:
  Glass Well vs Sudden Chasm: d 9.35519, floor 9.81602

  BELOW FLOOR: Glass Well vs Dead Air: d 9.5387 < floor 9.8160
F:\projects\iterum\plugins\vorago\tests\integration\preset_matrix_test.cpp(517): FAILED:
  CHECK( d >= pf )
with expansion:
  9.538669634 >= 9.8160195366
with message:
  Glass Well vs Dead Air: d 9.53867, floor 9.81602

  BELOW FLOOR: Glass Well vs Abyssal Wind: d 4.8785 < floor 9.8160
F:\projects\iterum\plugins\vorago\tests\integration\preset_matrix_test.cpp(517): FAILED:
  CHECK( d >= pf )
with expansion:
  4.8785496379 >= 9.8160195366
with message:
  Glass Well vs Abyssal Wind: d 4.87855, floor 9.81602

  BELOW FLOOR: Glass Well vs Steam Vent: d 5.0487 < floor 9.8160
F:\projects\iterum\plugins\vorago\tests\integration\preset_matrix_test.cpp(517): FAILED:
  CHECK( d >= pf )
with expansion:
  5.048718283 >= 9.8160195366
with message:
  Glass Well vs Steam Vent: d 5.04872, floor 9.81602

  BELOW FLOOR: Iron Plate vs Chamber Drone: d 3.7700 < floor 9.8160
F:\projects\iterum\plugins\vorago\tests\integration\preset_matrix_test.cpp(517): FAILED:
  CHECK( d >= pf )
with expansion:
  3.7700225681 >= 9.8160195366
with message:
  Iron Plate vs Chamber Drone: d 3.77002, floor 9.81602

  BELOW FLOOR: Iron Plate vs Glass Sphere: d 8.7965 < floor 9.8160
F:\projects\iterum\plugins\vorago\tests\integration\preset_matrix_test.cpp(517): FAILED:
  CHECK( d >= pf )
with expansion:
  8.7964983084 >= 9.8160195366
with message:
  Iron Plate vs Glass Sphere: d 8.7965, floor 9.81602

  BELOW FLOOR: Iron Plate vs Dead Air: d 5.9763 < floor 9.8160
F:\projects\iterum\plugins\vorago\tests\integration\preset_matrix_test.cpp(517): FAILED:
  CHECK( d >= pf )
with expansion:
  5.9763465208 >= 9.8160195366
with message:
  Iron Plate vs Dead Air: d 5.97635, floor 9.81602

  BELOW FLOOR: Iron Plate vs Abyssal Wind: d 8.3682 < floor 9.8160
F:\projects\iterum\plugins\vorago\tests\integration\preset_matrix_test.cpp(517): FAILED:
  CHECK( d >= pf )
with expansion:
  8.368157789 >= 9.8160195366
with message:
  Iron Plate vs Abyssal Wind: d 8.36816, floor 9.81602

  BELOW FLOOR: Iron Plate vs Steam Vent: d 7.4710 < floor 9.8160
F:\projects\iterum\plugins\vorago\tests\integration\preset_matrix_test.cpp(517): FAILED:
  CHECK( d >= pf )
with expansion:
  7.4710240402 >= 9.8160195366
with message:
  Iron Plate vs Steam Vent: d 7.47102, floor 9.81602

  BELOW FLOOR: Chamber Drone vs Glass Sphere: d 9.7240 < floor 9.8160
F:\projects\iterum\plugins\vorago\tests\integration\preset_matrix_test.cpp(517): FAILED:
  CHECK( d >= pf )
with expansion:
  9.7240497082 >= 9.8160195366
with message:
  Chamber Drone vs Glass Sphere: d 9.72405, floor 9.81602

  BELOW FLOOR: Chamber Drone vs Dead Air: d 6.8300 < floor 9.8160
F:\projects\iterum\plugins\vorago\tests\integration\preset_matrix_test.cpp(517): FAILED:
  CHECK( d >= pf )
with expansion:
  6.8299708164 >= 9.8160195366
with message:
  Chamber Drone vs Dead Air: d 6.82997, floor 9.81602

  BELOW FLOOR: Chamber Drone vs Abyssal Wind: d 8.6876 < floor 9.8160
F:\projects\iterum\plugins\vorago\tests\integration\preset_matrix_test.cpp(517): FAILED:
  CHECK( d >= pf )
with expansion:
  8.6876408775 >= 9.8160195366
with message:
  Chamber Drone vs Abyssal Wind: d 8.68764, floor 9.81602

  BELOW FLOOR: Chamber Drone vs Steam Vent: d 8.8493 < floor 9.8160
F:\projects\iterum\plugins\vorago\tests\integration\preset_matrix_test.cpp(517): FAILED:
  CHECK( d >= pf )
with expansion:
  8.8493402901 >= 9.8160195366
with message:
  Chamber Drone vs Steam Vent: d 8.84934, floor 9.81602

  BELOW FLOOR: Column Hymn vs Cavern Wall: d 7.2338 < floor 9.8160
F:\projects\iterum\plugins\vorago\tests\integration\preset_matrix_test.cpp(517): FAILED:
  CHECK( d >= pf )
with expansion:
  7.2337854935 >= 9.8160195366
with message:
  Column Hymn vs Cavern Wall: d 7.23379, floor 9.81602

  BELOW FLOOR: Column Hymn vs Glass Sphere: d 6.2508 < floor 9.8160
F:\projects\iterum\plugins\vorago\tests\integration\preset_matrix_test.cpp(517): FAILED:
  CHECK( d >= pf )
with expansion:
  6.2508178044 >= 9.8160195366
with message:
  Column Hymn vs Glass Sphere: d 6.25082, floor 9.81602

  BELOW FLOOR: Column Hymn vs Sudden Chasm: d 7.8182 < floor 9.8160
F:\projects\iterum\plugins\vorago\tests\integration\preset_matrix_test.cpp(517): FAILED:
  CHECK( d >= pf )
with expansion:
  7.8181924987 >= 9.8160195366
with message:
  Column Hymn vs Sudden Chasm: d 7.81819, floor 9.81602

  BELOW FLOOR: Column Hymn vs Abyssal Wind: d 8.1342 < floor 9.8160
F:\projects\iterum\plugins\vorago\tests\integration\preset_matrix_test.cpp(517): FAILED:
  CHECK( d >= pf )
with expansion:
  8.1342184377 >= 9.8160195366
with message:
  Column Hymn vs Abyssal Wind: d 8.13422, floor 9.81602

  BELOW FLOOR: Column Hymn vs Spore Drift: d 7.5511 < floor 9.8160
F:\projects\iterum\plugins\vorago\tests\integration\preset_matrix_test.cpp(517): FAILED:
  CHECK( d >= pf )
with expansion:
  7.5510901299 >= 9.8160195366
with message:
  Column Hymn vs Spore Drift: d 7.55109, floor 9.81602

  BELOW FLOOR: Column Hymn vs Steam Vent: d 5.3615 < floor 9.8160
F:\projects\iterum\plugins\vorago\tests\integration\preset_matrix_test.cpp(517): FAILED:
  CHECK( d >= pf )
with expansion:
  5.3615447682 >= 9.8160195366
with message:
  Column Hymn vs Steam Vent: d 5.36154, floor 9.81602

  BELOW FLOOR: Cavern Wall vs Glass Sphere: d 4.3173 < floor 9.8160
F:\projects\iterum\plugins\vorago\tests\integration\preset_matrix_test.cpp(517): FAILED:
  CHECK( d >= pf )
with expansion:
  4.3173165979 >= 9.8160195366
with message:
  Cavern Wall vs Glass Sphere: d 4.31732, floor 9.81602

  BELOW FLOOR: Cavern Wall vs Sudden Chasm: d 9.2020 < floor 9.8160
F:\projects\iterum\plugins\vorago\tests\integration\preset_matrix_test.cpp(517): FAILED:
  CHECK( d >= pf )
with expansion:
  9.2020378036 >= 9.8160195366
with message:
  Cavern Wall vs Sudden Chasm: d 9.20204, floor 9.81602

  BELOW FLOOR: Cavern Wall vs Abyssal Wind: d 6.8526 < floor 9.8160
F:\projects\iterum\plugins\vorago\tests\integration\preset_matrix_test.cpp(517): FAILED:
  CHECK( d >= pf )
with expansion:
  6.8525821324 >= 9.8160195366
with message:
  Cavern Wall vs Abyssal Wind: d 6.85258, floor 9.81602

  BELOW FLOOR: Cavern Wall vs Steam Vent: d 6.5824 < floor 9.8160
F:\projects\iterum\plugins\vorago\tests\integration\preset_matrix_test.cpp(517): FAILED:
  CHECK( d >= pf )
with expansion:
  6.5823639945 >= 9.8160195366
with message:
  Cavern Wall vs Steam Vent: d 6.58236, floor 9.81602

  BELOW FLOOR: Glass Sphere vs Sudden Chasm: d 9.2243 < floor 9.8160
F:\projects\iterum\plugins\vorago\tests\integration\preset_matrix_test.cpp(517): FAILED:
  CHECK( d >= pf )
with expansion:
  9.2242897502 >= 9.8160195366
with message:
  Glass Sphere vs Sudden Chasm: d 9.22429, floor 9.81602

  BELOW FLOOR: Glass Sphere vs Dead Air: d 8.9340 < floor 9.8160
F:\projects\iterum\plugins\vorago\tests\integration\preset_matrix_test.cpp(517): FAILED:
  CHECK( d >= pf )
with expansion:
  8.9339929367 >= 9.8160195366
with message:
  Glass Sphere vs Dead Air: d 8.93399, floor 9.81602

  BELOW FLOOR: Glass Sphere vs Abyssal Wind: d 5.6735 < floor 9.8160
F:\projects\iterum\plugins\vorago\tests\integration\preset_matrix_test.cpp(517): FAILED:
  CHECK( d >= pf )
with expansion:
  5.6734946318 >= 9.8160195366
with message:
  Glass Sphere vs Abyssal Wind: d 5.67349, floor 9.81602

  BELOW FLOOR: Glass Sphere vs Steam Vent: d 5.0854 < floor 9.8160
F:\projects\iterum\plugins\vorago\tests\integration\preset_matrix_test.cpp(517): FAILED:
  CHECK( d >= pf )
with expansion:
  5.0854404918 >= 9.8160195366
with message:
  Glass Sphere vs Steam Vent: d 5.08544, floor 9.81602

  BELOW FLOOR: Sudden Chasm vs Abyssal Wind: d 6.5702 < floor 9.8160
F:\projects\iterum\plugins\vorago\tests\integration\preset_matrix_test.cpp(517): FAILED:
  CHECK( d >= pf )
with expansion:
  6.5701773491 >= 9.8160195366
with message:
  Sudden Chasm vs Abyssal Wind: d 6.57018, floor 9.81602

  BELOW FLOOR: Sudden Chasm vs Spore Drift: d 3.9059 < floor 9.8160
F:\projects\iterum\plugins\vorago\tests\integration\preset_matrix_test.cpp(517): FAILED:
  CHECK( d >= pf )
with expansion:
  3.9059078942 >= 9.8160195366
with message:
  Sudden Chasm vs Spore Drift: d 3.90591, floor 9.81602

  BELOW FLOOR: Sudden Chasm vs Steam Vent: d 8.3095 < floor 9.8160
F:\projects\iterum\plugins\vorago\tests\integration\preset_matrix_test.cpp(517): FAILED:
  CHECK( d >= pf )
with expansion:
  8.3094598001 >= 9.8160195366
with message:
  Sudden Chasm vs Steam Vent: d 8.30946, floor 9.81602

  BELOW FLOOR: Dead Air vs Abyssal Wind: d 7.8204 < floor 9.8160
F:\projects\iterum\plugins\vorago\tests\integration\preset_matrix_test.cpp(517): FAILED:
  CHECK( d >= pf )
with expansion:
  7.8204201485 >= 9.8160195366
with message:
  Dead Air vs Abyssal Wind: d 7.82042, floor 9.81602

  BELOW FLOOR: Dead Air vs Steam Vent: d 6.6932 < floor 9.8160
F:\projects\iterum\plugins\vorago\tests\integration\preset_matrix_test.cpp(517): FAILED:
  CHECK( d >= pf )
with expansion:
  6.6932403895 >= 9.8160195366
with message:
  Dead Air vs Steam Vent: d 6.69324, floor 9.81602

  BELOW FLOOR: Abyssal Wind vs Spore Drift: d 7.6777 < floor 9.8160
F:\projects\iterum\plugins\vorago\tests\integration\preset_matrix_test.cpp(517): FAILED:
  CHECK( d >= pf )
with expansion:
  7.6777371963 >= 9.8160195366
with message:
  Abyssal Wind vs Spore Drift: d 7.67774, floor 9.81602

  BELOW FLOOR: Abyssal Wind vs Steam Vent: d 4.7773 < floor 9.8160
F:\projects\iterum\plugins\vorago\tests\integration\preset_matrix_test.cpp(517): FAILED:
  CHECK( d >= pf )
with expansion:
  4.7773328407 >= 9.8160195366
with message:
  Abyssal Wind vs Steam Vent: d 4.77733, floor 9.81602

  BELOW FLOOR: Spore Drift vs Steam Vent: d 8.3156 < floor 9.8160
F:\projects\iterum\plugins\vorago\tests\integration\preset_matrix_test.cpp(517): FAILED:
  CHECK( d >= pf )
with expansion:
  8.3155889532 >= 9.8160195366
with message:
  Spore Drift vs Steam Vent: d 8.31559, floor 9.81602


Pairs 861: min d 0.9499 (Wind Through Basalt vs Swarm Breath, floor 9.8160)  median d 8.6728  max d 29.6196
t_max 4.9080  K 4  effective floor max(F, 2 t_max) = 9.8160 (s(P) recorded, not gated - ruling 2026-09-30)  pairs below floor: 527
863.991 s: Vorago_PresetSweep_SoundSpaceDistinct
===============================================================================
test cases:    3 |    1 passed |   2 failed
assertions: 3005 | 2455 passed | 550 failed

exit=255 END 2026-10-08 19:35:40
