Mon Sep 21 23:03:07 WEDT 2026
pin-perf-cores: performance-core mask 0xFFFF
Filters: [performance] ~[long],[perf] ~[long],[.perf] [.perf] ~[long],[benchmark] ~[long],[!benchmark] ~[long]
Randomness seeded to: 3053575585

~~~~~~~~~~~~~~~~~~~~~~~~~~~~~~~~~~~~~~~~~~~~~~~~~~~~~~~~~~~~~~~~~~~~~~~~~~~~~~~
dsp_systems_tests.exe is a Catch2 v3.4.0 host application.
Run with -? for options

-------------------------------------------------------------------------------
SynthVoice CPU usage under 1%
-------------------------------------------------------------------------------
F:\projects\iterum\dsp\tests\unit\systems\synth_voice_test.cpp(1590)
...............................................................................

benchmark name                       samples       iterations    estimated
                                     mean          low mean      high mean
                                     std dev       low std dev   high std dev
-------------------------------------------------------------------------------
SynthVoice 1 second at 44.1kHz                 100             1    156.666 ms 
                                        1.41626 ms    1.40213 ms    1.43697 ms 
                                        86.2334 us    59.6203 us    124.624 us 
                                                                               

-------------------------------------------------------------------------------
HarmonizerEngine SC-008 CPU benchmark all modes
  Simple mode < 1% CPU
-------------------------------------------------------------------------------
F:\projects\iterum\dsp\tests\unit\systems\harmonizer_engine_test.cpp(3228)
...............................................................................

benchmark name                       samples       iterations    estimated
                                     mean          low mean      high mean
                                     std dev       low std dev   high std dev
-------------------------------------------------------------------------------
HarmonizerEngine Simple 4 voices               100             1     2.0622 ms 
                                         18.336 us     18.232 us     18.516 us 
                                        684.032 ns    419.784 ns    1.08417 us 
                                                                               

-------------------------------------------------------------------------------
HarmonizerEngine SC-008 CPU benchmark all modes
  PitchSync mode benchmark
-------------------------------------------------------------------------------
F:\projects\iterum\dsp\tests\unit\systems\harmonizer_engine_test.cpp(3245)
...............................................................................

benchmark name                       samples       iterations    estimated
                                     mean          low mean      high mean
                                     std dev       low std dev   high std dev
-------------------------------------------------------------------------------
HarmonizerEngine PitchSync 4 voices            100             1     3.3508 ms 
                                         24.636 us     24.293 us     25.264 us 
                                        2.28698 us    1.49178 us     3.7485 us 
                                                                               

F:\projects\iterum\dsp\tests\unit\systems\harmonizer_engine_test.cpp(3266): warning:
  PitchSync CPU 0.501655% exceeds 3% budget -- per-voice pitch detection
  overhead. See research.md for analysis.

-------------------------------------------------------------------------------
HarmonizerEngine SC-008 CPU benchmark all modes
  Granular mode < 5% CPU
-------------------------------------------------------------------------------
F:\projects\iterum\dsp\tests\unit\systems\harmonizer_engine_test.cpp(3269)
...............................................................................

benchmark name                       samples       iterations    estimated
                                     mean          low mean      high mean
                                     std dev       low std dev   high std dev
-------------------------------------------------------------------------------
HarmonizerEngine Granular 4 voices             100             1     2.4277 ms 
                                          21.36 us     21.249 us     21.554 us 
                                        727.684 ns    484.334 ns    1.18688 us 
                                                                               

-------------------------------------------------------------------------------
HarmonizerEngine SC-008 CPU benchmark all modes
  PhaseVocoder mode benchmark
-------------------------------------------------------------------------------
F:\projects\iterum\dsp\tests\unit\systems\harmonizer_engine_test.cpp(3286)
...............................................................................

benchmark name                       samples       iterations    estimated
                                     mean          low mean      high mean
                                     std dev       low std dev   high std dev
-------------------------------------------------------------------------------
HarmonizerEngine PhaseVocoder 4                                                
voices                                         100             1    39.4571 ms 
                                        370.637 us    255.611 us    504.862 us 
                                        629.739 us    547.693 us    694.097 us 
                                                                               

F:\projects\iterum\dsp\tests\unit\systems\harmonizer_engine_test.cpp(3307): warning:
  PhaseVocoder CPU 6.43433% exceeds 15% budget -- FR-020 shared-analysis
  deferred. See research.md for analysis.

-------------------------------------------------------------------------------
HarmonizerEngine SC-008 orchestration overhead benchmark
  Chromatic mode (pure orchestration, no PitchTracker)
-------------------------------------------------------------------------------
F:\projects\iterum\dsp\tests\unit\systems\harmonizer_engine_test.cpp(3335)
...............................................................................

benchmark name                       samples       iterations    estimated
                                     mean          low mean      high mean
                                     std dev       low std dev   high std dev
-------------------------------------------------------------------------------
HarmonizerEngine orchestration                                                 
overhead (Chromatic, all muted)                100            37     1.7316 ms 
                                        369.595 ns    365.568 ns    376.135 ns 
                                        25.5656 ns    18.4146 ns    38.7958 ns 
                                                                               

-------------------------------------------------------------------------------
HarmonizerEngine SC-008 orchestration overhead benchmark
  Scalic mode (orchestration + PitchTracker)
-------------------------------------------------------------------------------
F:\projects\iterum\dsp\tests\unit\systems\harmonizer_engine_test.cpp(3370)
...............................................................................

benchmark name                       samples       iterations    estimated
                                     mean          low mean      high mean
                                     std dev       low std dev   high std dev
-------------------------------------------------------------------------------
HarmonizerEngine orchestration                                                 
overhead (Scalic, all muted)                   100             3     2.2116 ms 
                                        6.28733 us    6.20767 us      6.436 us 
                                        535.311 ns    338.365 ns    840.364 ns 
                                                                               

F:\projects\iterum\dsp\tests\unit\systems\harmonizer_engine_test.cpp(3411): warning:
  Scalic orchestration overhead: 0.12975%. PitchTracker contributes significant
  overhead.

-------------------------------------------------------------------------------
T032: HarmonizerEngine PhaseVocoder 4-voice shared-analysis benchmark (SC-001)
-------------------------------------------------------------------------------
F:\projects\iterum\dsp\tests\unit\systems\harmonizer_engine_test.cpp(3993)
...............................................................................

benchmark name                       samples       iterations    estimated
                                     mean          low mean      high mean
                                     std dev       low std dev   high std dev
-------------------------------------------------------------------------------
HarmonizerEngine PhaseVocoder 4                                                
voices (shared analysis)                       100             1    39.2216 ms 
                                        391.463 us    270.091 us    532.304 us 
                                         663.22 us    576.383 us    727.947 us 
                                                                               

F:\projects\iterum\dsp\tests\unit\systems\harmonizer_engine_test.cpp(4066): warning:
  PhaseVocoder 4 voices: CPU: 6.15958%, process(): 397.218 us avg

-------------------------------------------------------------------------------
T058: HarmonizerEngine PitchSync 4-voice re-benchmark (SC-008)
-------------------------------------------------------------------------------
F:\projects\iterum\dsp\tests\unit\systems\harmonizer_engine_test.cpp(4540)
...............................................................................

benchmark name                       samples       iterations    estimated
                                     mean          low mean      high mean
                                     std dev       low std dev   high std dev
-------------------------------------------------------------------------------
HarmonizerEngine PitchSync 4 voices                                            
(post-refactor)                                100             1     3.3369 ms 
                                         28.379 us     27.999 us      28.92 us 
                                        2.27826 us    1.75756 us     3.4951 us 
                                                                               

F:\projects\iterum\dsp\tests\unit\systems\harmonizer_engine_test.cpp(4610): warning:
  PitchSync 4 voices: CPU: 0.533505%, process(): 28.47 us avg

F:\projects\iterum\dsp\tests\unit\systems\harmonizer_engine_test.cpp(4616): warning:
  PitchSync spec-064 baseline: ~26.4% CPU, 1460-1588 us/block

F:\projects\iterum\dsp\tests\unit\systems\harmonizer_engine_test.cpp(4617): warning:
  PitchSync post-refactor measurement is informational only (SC-008).

-------------------------------------------------------------------------------
SympatheticResonance SIMD performance benchmark
-------------------------------------------------------------------------------
F:\projects\iterum\dsp\tests\unit\systems\sympathetic_resonance_test.cpp(2453)
...............................................................................

F:\projects\iterum\dsp\tests\unit\systems\sympathetic_resonance_test.cpp(2526): warning:
  Scalar throughput: 57.3748 Msamples/sec (7.6863 ms for 441000 samples, 64
  resonators)

F:\projects\iterum\dsp\tests\unit\systems\sympathetic_resonance_test.cpp(2559): warning:
  SIMD throughput:   58.5207 Msamples/sec (7.5358 ms for 441000 samples, 64
  resonators)

F:\projects\iterum\dsp\tests\unit\systems\sympathetic_resonance_test.cpp(2564): warning:
  SIMD/Scalar ratio: 1.01997x

-------------------------------------------------------------------------------
HarmonicCloud_CpuBudget
-------------------------------------------------------------------------------
F:\projects\iterum\dsp\tests\unit\systems\harmonic_cloud_perf_test.cpp(302)
...............................................................................

F:\projects\iterum\dsp\tests\unit\systems\harmonic_cloud_perf_test.cpp(342): warning:
  SC-007 (static) HarmonicCloud: 64 partials, Mutation 1.0, drift depth max,
  both lane banks live, 8 chunks/block, no setter calls.
    measured        : 23487.8 ns/block (512 samples @ 48 kHz)
    block budget    : 1.06667e+07 ns
    % of budget     : 0.220198 %  (roadmap headline: <= 0.5 %)
    reference figure: 53333.3 ns/block
    checked-in base : 24000 ns/block  (gate: x1.5 = 36000 ns/block)

-------------------------------------------------------------------------------
HarmonicCloud_CpuBudgetUnderAutomation
-------------------------------------------------------------------------------
F:\projects\iterum\dsp\tests\unit\systems\harmonic_cloud_perf_test.cpp(355)
...............................................................................

F:\projects\iterum\dsp\tests\unit\systems\harmonic_cloud_perf_test.cpp(394): warning:
  SC-007 (automated, GATING) HarmonicCloud: the static configuration plus the
  Phase-7 call pattern - five macros + setFundamentalHz stepped once per block.
    measured        : 23808.2 ns/block (512 samples @ 48 kHz)
    block budget    : 1.06667e+07 ns
    % of budget     : 0.223202 %  (roadmap headline: <= 0.5 %)
    reference figure: 53333.3 ns/block
    checked-in base : 26000 ns/block  (gate: x1.5 = 39000 ns/block)

F:\projects\iterum\dsp\tests\unit\systems\harmonic_cloud_perf_test.cpp(446): warning:
  SC-007 (quiescent, plan S4.1 early-out) HarmonicCloud:
    sounding        : 23808.2 ns/block
    quiescent       : 12915.8 ns/block
    ratio           : 0.542494  (expected: materially below 1 - the early-out
  advances both lane banks and fills silence, nothing else)

-------------------------------------------------------------------------------
SpectralMorph_CpuBudget
-------------------------------------------------------------------------------
F:\projects\iterum\dsp\tests\unit\systems\spectral_morph_perf_test.cpp(522)
...............................................................................

F:\projects\iterum\dsp\tests\unit\systems\spectral_morph_perf_test.cpp(572): warning:
  SC-010 clause 1 (GATING) SpectralMorphEngine alone: 4 states, bloom 1.0,
  entropy 1.0, Spline travel at kDefaultInterval, 8 chunks/block.
    measured        : 11613.8 ns/block (512 samples @ 48 kHz)
    block budget    : 1.06667e+07 ns
    % of budget     : 0.108879 %  (SC-010 clause 1: <= 0.15 %)
    reference figure: 16000 ns/block
    checked-in base : 9300 ns/block  (gate: x1.5 = 13950 ns/block)

F:\projects\iterum\dsp\tests\unit\systems\spectral_morph_perf_test.cpp(584): warning:
  SC-010 clause 1 OVER BUDGET: 11613.8 ns/block exceeds the largest admissible
  baseline (10666.7 ns/block). Spend plan S8's levers IN ORDER - 4
  (centsToPitchRatioFast), then 5 (entropy OU control interval 32 -> 64) - and
  re-measure. If both are spent and it still misses, STOP AND REPORT it as a
  finding against SC-010. Do NOT raise kMorphBaselineNs and do NOT raise
  kMorphReferenceNsPerBlock.

F:\projects\iterum\dsp\tests\unit\systems\spectral_morph_perf_test.cpp(619): warning:
  SC-010 clause 2 target-table dirty coverage (both per-slot masks must move):
    ratio-dirty slots/chunk : min 63, mean 63.0156 of 64
    amp-dirty slots/chunk   : min 45, mean 49.4375 of 64

F:\projects\iterum\dsp\tests\unit\systems\spectral_morph_perf_test.cpp(747): warning:
  SC-010 clauses 2 and 3 - HarmonicCloud in the FR-086 slice cadence (8 x 64
  samples per 512-sample block), Phase 2 SC-007's static cloud configuration,
  differing only in whether and how a spectral target is supplied.
    no target       : 22783.8 ns/block
    unchanged target: 22146.8 ns/block  (ratio 0.972042, bound 1.1)
    changing target : 29319.4 ns/block  (0.274869 % of budget; Phase 2
  envelope: <= 0.5 %)
    reference figure: 53333.3 ns/block
    checked-in base : 29200 ns/block  (gate: x1.5 = 43800 ns/block)
    injection cost  : 6535.6 ns/block  -- REPORTED ONLY, NEVER A GATE: the
  difference of two sampled
                      minima is a biased, possibly negative statistic that a
                      multiplicative regression factor cannot bound (spec.md:
  1864-1868).

-------------------------------------------------------------------------------
ContinuousBody_CpuBudget
-------------------------------------------------------------------------------
F:\projects\iterum\dsp\tests\unit\systems\continuous_body_perf_test.cpp(790)
...............................................................................

F:\projects\iterum\dsp\tests\unit\systems\continuous_body_perf_test.cpp(811): warning:
  SC-005 (steady state - one material, cloud active, no crossfade, static
  params) ContinuousBody, ns per 512-sample block @ 48 kHz
    block budget    : 1.06667e+07 ns
    reference       : 53333.3 ns/block  (0.5 % of one core)
    checked-in base : 35500 ns/block  (gate: x1.5 = 53250 ns/block)
    Glass : 31136.6 ns/block  (0.291906 % of one core)
    Strings : 37404.8 ns/block  (0.35067 % of one core)
    MetalPlate : 34548.8 ns/block  (0.323895 % of one core)
    Chamber : 34513.2 ns/block  (0.323561 % of one core)
    Ice : 30371.2 ns/block  (0.28473 % of one core)
    StoneChamber : 34632.8 ns/block  (0.324683 % of one core)
    SteelTank : 30148 ns/block  (0.282638 % of one core)
    WoodenHull : 30487.4 ns/block  (0.285819 % of one core)
    CathedralColumn : 31306.4 ns/block  (0.293498 % of one core)
    CavernWall : 32036.6 ns/block  (0.300343 % of one core)
    GlassSphere : 34186 ns/block  (0.320494 % of one core)
    worst material  : Strings at 37404.8 ns/block (this is what the baseline
  must be pinned to)

F:\projects\iterum\dsp\tests\unit\systems\continuous_body_perf_test.cpp(826): warning:
  SC-005 (operating point - every setter stepped per 64-sample chunk, note
  gliding) ContinuousBody, ns per 512-sample block @ 48 kHz
    block budget    : 1.06667e+07 ns
    reference       : 53333.3 ns/block  (0.5 % of one core)
    checked-in base : 35500 ns/block  (gate: x1.5 = 53250 ns/block)
    Glass : 42329 ns/block  (0.396834 % of one core)
    Strings : 50887.8 ns/block  (0.477073 % of one core)
    MetalPlate : 41857.2 ns/block  (0.392411 % of one core)
    Chamber : 47525.8 ns/block  (0.445554 % of one core)
    Ice : 43104.2 ns/block  (0.404102 % of one core)
    StoneChamber : 37874 ns/block  (0.355069 % of one core)
    SteelTank : 37891.8 ns/block  (0.355236 % of one core)
    WoodenHull : 47275.8 ns/block  (0.443211 % of one core)
    CathedralColumn : 34411.2 ns/block  (0.322605 % of one core)
    CavernWall : 38483.6 ns/block  (0.360784 % of one core)
    GlassSphere : 34145.2 ns/block  (0.320111 % of one core)
    worst material  : Strings at 50887.8 ns/block (this is what the baseline
  must be pinned to)

F:\projects\iterum\dsp\tests\unit\systems\continuous_body_perf_test.cpp(847): warning:
  SC-005 (crossfade window - material change, two engines advanced)
  ContinuousBody, ns per 512-sample block @ 48 kHz
    block budget    : 1.06667e+07 ns
    reference       : 106667 ns/block  (1 % of one core (the roadmap figure; no
  transient exemption))
    checked-in base : 54000 ns/block  (gate: x1.5 = 81000 ns/block)
    Glass : 48483.4 ns/block  (0.454532 % of one core)
    Strings : 50496.6 ns/block  (0.473406 % of one core)
    MetalPlate : 46390.6 ns/block  (0.434912 % of one core)
    Chamber : 56302.6 ns/block  (0.527837 % of one core)
    Ice : 36613.2 ns/block  (0.343249 % of one core)
    StoneChamber : 38665.4 ns/block  (0.362488 % of one core)
    SteelTank : 50890.4 ns/block  (0.477098 % of one core)
    WoodenHull : 45313.6 ns/block  (0.424815 % of one core)
    CathedralColumn : 41921.4 ns/block  (0.393013 % of one core)
    CavernWall : 45990.6 ns/block  (0.431162 % of one core)
    GlassSphere : 47784.8 ns/block  (0.447983 % of one core)
    worst material  : Chamber at 56302.6 ns/block (this is what the baseline
  must be pinned to)

F:\projects\iterum\dsp\tests\unit\systems\continuous_body_perf_test.cpp(862): warning:
  SC-005 (cloud only - setResonatorBypass(true), cloudMix 1.0) ContinuousBody,
  ns per 512-sample block @ 48 kHz
    block budget    : 1.06667e+07 ns
    reference       : 53333.3 ns/block  (0.5 % of one core)
    checked-in base : 26500 ns/block  (gate: x1.5 = 39750 ns/block)
    Glass : 31014 ns/block  (0.290756 % of one core)
    Strings : 26911 ns/block  (0.252291 % of one core)
    MetalPlate : 24294.4 ns/block  (0.22776 % of one core)
    Chamber : 25054.2 ns/block  (0.234883 % of one core)
    Ice : 24586 ns/block  (0.230494 % of one core)
    StoneChamber : 31149.6 ns/block  (0.292028 % of one core)
    SteelTank : 30477.4 ns/block  (0.285726 % of one core)
    WoodenHull : 31022.2 ns/block  (0.290833 % of one core)
    CathedralColumn : 31077.2 ns/block  (0.291349 % of one core)
    CavernWall : 29574.2 ns/block  (0.277258 % of one core)
    GlassSphere : 24650.8 ns/block  (0.231101 % of one core)
    worst material  : StoneChamber at 31149.6 ns/block (this is what the
  baseline must be pinned to)

F:\projects\iterum\dsp\tests\unit\systems\continuous_body_perf_test.cpp(906): warning:
  SC-005 per-material spread, engine-attributable (steady state minus that
  material's own cloud-only figure):
    Glass : 122.6 ns/block  (31136.6 - 31014)
    Strings : 10493.8 ns/block  (37404.8 - 26911)
    MetalPlate : 10254.4 ns/block  (34548.8 - 24294.4)
    Chamber : 9459 ns/block  (34513.2 - 25054.2)
    Ice : 5785.2 ns/block  (30371.2 - 24586)
    StoneChamber : 3483.2 ns/block  (34632.8 - 31149.6)
    SteelTank : -329.4 ns/block  (30148 - 30477.4)
    WoodenHull : -534.8 ns/block  (30487.4 - 31022.2)
    CathedralColumn : 229.2 ns/block  (31306.4 - 31077.2)
    CavernWall : 2462.4 ns/block  (32036.6 - 29574.2)
    GlassSphere : 9535.2 ns/block  (34186 - 24650.8)
    cheapest -534.8, most expensive 10493.8, ratio -0.0509634 (required: <= 0.
  7)

F:\projects\iterum\dsp\tests\unit\systems\continuous_body_perf_test.cpp(1027): warning:
  SC-005 / risk R-6 (30 s tail, cloud only, material StoneChamber, cloudDecay
  30 s, silent input):
    early tail      : 25175 ns/block
    after 30 s      : 25474 ns/block
    ratio late/early: 1.01188  (a denormal stall is a 10-100x event; expected
  ~1)
    checked-in base : 26500 ns/block  (gate: x1.5 = 39750 ns/block)

-------------------------------------------------------------------------------
AtmosphereEngine_GrainSampleCost
-------------------------------------------------------------------------------
F:\projects\iterum\dsp\tests\unit\systems\atmosphere_engine_perf_test.cpp(1251)
...............................................................................

F:\projects\iterum\dsp\tests\unit\systems\atmosphere_engine_perf_test.cpp(1266): warning:
  FR-022 grain-sample cost (worst case - 30 s ring, decorrelation 1.0,
  positionSpread 1.0), AtmosphereEngine, grain layer only:
    captureSeconds  : 30 s  -> ring 2097152 samples (16 MiB stereo float)
    measured        : 218043 ns/block (512 samples @ 48 kHz)
    mean population : 64 grains (winning trial, per block); at trial boundaries
  63 .. 64
    pool-full skips : 3551  (FR-023's path; must be > 0)
    PER GRAIN-SAMPLE: 6.65415 ns
    ceiling         : 4.88281 ns  (160000 ns / (64 x 512))
    fraction of it  : 1.36277  (>= 1 means the saturated pool cannot fit the 1.
  5 % budget at kMaxGrains = 64; it does not, which is why the saturated
  configuration (c) is OUT-OF-REGION per the 2026-07-28 decision rather than a
  reason to shrink the pool)
    % of one core   : 2.04416 %

F:\projects\iterum\dsp\tests\unit\systems\atmosphere_engine_perf_test.cpp(1267): warning:
  FR-022 grain-sample cost (default - 8 s ring, same everything else),
  AtmosphereEngine, grain layer only:
    captureSeconds  : 8 s  -> ring 524288 samples (4 MiB stereo float)
    measured        : 214187 ns/block (512 samples @ 48 kHz)
    mean population : 64 grains (winning trial, per block); at trial boundaries
  63 .. 64
    pool-full skips : 3040  (FR-023's path; must be > 0)
    PER GRAIN-SAMPLE: 6.53648 ns
    ceiling         : 4.88281 ns  (160000 ns / (64 x 512))
    fraction of it  : 1.33867  (>= 1 means the saturated pool cannot fit the 1.
  5 % budget at kMaxGrains = 64; it does not, which is why the saturated
  configuration (c) is OUT-OF-REGION per the 2026-07-28 decision rather than a
  reason to shrink the pool)
    % of one core   : 2.00801 %

F:\projects\iterum\dsp\tests\unit\systems\atmosphere_engine_perf_test.cpp(1279): warning:
  FR-022 / O-3 verdict input - the number tasks.md T019 step 5 turns on:
    30 s ring : 6.65415 ns per grain-sample
     8 s ring : 6.53648 ns per grain-sample
    ratio     : 1.018  (a ratio well above 1 is the memory system talking, not
  the ALU)
    ceiling   : 4.88281 ns per grain-sample
    Paste both figures into this file's MEASUREMENT RECORD block verbatim.

-------------------------------------------------------------------------------
AtmosphereEngine_CpuBudget
-------------------------------------------------------------------------------
F:\projects\iterum\dsp\tests\unit\systems\atmosphere_engine_perf_test.cpp(1322)
...............................................................................

F:\projects\iterum\dsp\tests\unit\systems\atmosphere_engine_perf_test.cpp(1333): warning:
  SC-004 (a - defaults, blur off, freeze off; 4 grains/s x 4 s = 16 concurrent)
  AtmosphereEngine:
    measured        : 60822.4 ns/block (512 samples @ 48 kHz)
    block budget    : 1.06667e+07 ns
    % of one core   : 0.57021 %  (amended ceiling 2026-07-28: <= 1.5 % per
  voice)
    reference       : 160000 ns/block  (1.5 % of one core)
    checked-in base : 91000 ns/block  (gate: x1.5 = 136500 ns/block)
    population      : mean 15.248 grains in the winning trial; at trial
  boundaries 15 .. 17
    pool-full skips : 0  (FR-023's path)
    applied blur    : 0, layer latency 0 samples, freeze captured: no

F:\projects\iterum\dsp\tests\unit\systems\atmosphere_engine_perf_test.cpp(1335): warning:
  SC-004 (b - defaults, blur on at blurFftSize 1024, blur knob 1.0)
  AtmosphereEngine:
    measured        : 79822.8 ns/block (512 samples @ 48 kHz)
    block budget    : 1.06667e+07 ns
    % of one core   : 0.748339 %  (amended ceiling 2026-07-28: <= 1.5 % per
  voice)
    reference       : 160000 ns/block  (1.5 % of one core)
    checked-in base : 106666 ns/block  (gate: x1.5 = 159999 ns/block)
    population      : mean 15.3 grains in the winning trial; at trial
  boundaries 15 .. 17
    pool-full skips : 0  (FR-023's path)
    applied blur    : 1, layer latency 1024 samples, freeze captured: no

F:\projects\iterum\dsp\tests\unit\systems\atmosphere_engine_perf_test.cpp(1337): warning:
  SC-004 (c - pool saturated at 64, blur on, blurFftSize 256 (8 frames/block))
  AtmosphereEngine:
    measured        : 239679 ns/block (512 samples @ 48 kHz)
    block budget    : 1.06667e+07 ns
    % of one core   : 2.24699 %  (amended ceiling 2026-07-28: <= 1.5 % per
  voice)
    reference       : 160000 ns/block  (1.5 % of one core)
    checked-in base : 361000 ns/block  (gate: x1.5 = 541500 ns/block)
    population      : mean 63.944 grains in the winning trial; at trial
  boundaries 63 .. 64
    pool-full skips : 3040  (FR-023's path)
    applied blur    : 1, layer latency 256 samples, freeze captured: no

F:\projects\iterum\dsp\tests\unit\systems\atmosphere_engine_perf_test.cpp(1339): warning:
  SC-004 (d - freezeMix 1.0 WITH the grain layer still running)
  AtmosphereEngine:
    measured        : 101630 ns/block (512 samples @ 48 kHz)
    block budget    : 1.06667e+07 ns
    % of one core   : 0.952783 %  (amended ceiling 2026-07-28: <= 1.5 % per
  voice)
    reference       : 160000 ns/block  (1.5 % of one core)
    checked-in base : 106666 ns/block  (gate: x1.5 = 159999 ns/block)
    population      : mean 15.248 grains in the winning trial; at trial
  boundaries 15 .. 17
    pool-full skips : 0  (FR-023's path)
    applied blur    : 1, layer latency 1024 samples, freeze captured: yes

F:\projects\iterum\dsp\tests\unit\systems\atmosphere_engine_perf_test.cpp(1341): warning:
  SC-004 (e - configuration (b) + alternating setGrainEnvelope once per block)
  AtmosphereEngine:
    measured        : 80550 ns/block (512 samples @ 48 kHz)
    block budget    : 1.06667e+07 ns
    % of one core   : 0.755156 %  (amended ceiling 2026-07-28: <= 1.5 % per
  voice)
    reference       : 160000 ns/block  (1.5 % of one core)
    checked-in base : 106666 ns/block  (gate: x1.5 = 159999 ns/block)
    population      : mean 15.3 grains in the winning trial; at trial
  boundaries 15 .. 17
    pool-full skips : 0  (FR-023's path)
    applied blur    : 1, layer latency 1024 samples, freeze captured: no

F:\projects\iterum\dsp\tests\unit\systems\atmosphere_engine_perf_test.cpp(1381): warning:
  SC-004 - THE FIVE FIGURES, ns per 512-sample block @ 48 kHz.
  RA-4: the roadmap's per-phase budgets sum to 45 % against its own 25 % Phase
  7
  ceiling, so Phase 7 needs five REAL numbers from this phase, not a ceiling
  nobody approached. Copy all five into the phase's compliance document and
  into
  this file's BASELINE PROVENANCE table VERBATIM.
    (a) defaults, blur off, freeze off  : 60822.4 ns/block  (0.57021 % of one
  core; baseline 91000, gate 136500)
    (b) defaults, blur on               : 79822.8 ns/block  (0.748339 % of one
  core; baseline 106666, gate 159999)
    (c) saturated 64, blur fft 256      : 239679 ns/block  (2.24699 % of one
  core; baseline 361000, gate 541500)
    (d) freezeMix 1.0 + grain layer     : 101630 ns/block  (0.952783 % of one
  core; baseline 106666, gate 159999)
    (e) (b) + envelope churn per block  : 80550 ns/block  (0.755156 % of one
  core; baseline 106666, gate 159999)
    reference                      : 160000 ns/block (1.5 % of one core,
  amended 2026-07-28)
    largest admissible baseline    : 106667 ns/block
    derived: blur stage (b) - (a)  : 19000.4 ns/block
    derived: freeze leg (d) - (b)  : 21807.4 ns/block
    derived: envelope regen (e)-(b): 727.2 ns/block  (one 4096-entry
  regeneration per block)

-------------------------------------------------------------------------------
SeraphisEngine_FullPolyCpuBudget
-------------------------------------------------------------------------------
F:\projects\iterum\dsp\tests\unit\systems\seraphis_perf_test.cpp(1192)
...............................................................................

F:\projects\iterum\dsp\tests\unit\systems\seraphis_perf_test.cpp(1209): warning:
  SC-001 body-material survey (standalone ContinuousBody, the phase-4 perf
  configuration):
    Glass : 31335.5 ns/block
    Strings : 38820.5 ns/block
    MetalPlate : 41762.5 ns/block
    Chamber : 44098 ns/block
    Ice : 33851 ns/block
    worst material  : Chamber  (the one SC-001 and SC-002 pin)

F:\projects\iterum\dsp\tests\unit\systems\seraphis_perf_test.cpp(1318): warning:
  SC-001 full-poly composed chain (polyphony 8, all sounding, atmosphere
  FROZEN,
          worst measured body material, 64 partials + drift, AetherReverb
  config (c)):
    block budget    : 1.06667e+07 ns  (512 samples @ 48 kHz)
    reference (25 %): 2.66667e+06 ns/block  (roadmap line 311, KEPT by RQ-1)
    measured        : 2.23998e+06 ns/block  (20.9998 % of one core)
    RA-1 prediction : 20.36 % of one core (before the voice sum, the spatial
  stage,
                      the output stage and the macro matrix)
    checked-in base : 2.24764e+06 ns/block  (MEASURED 2026-07-31; gate: x1.15 =
  2.58479e+06 ns/block)
    admissible base : 2.31884e+06 ns/block  (25 % / 1.15 = 21.74 %)
    headroom vs ref : 83.9991 % of the reference

-------------------------------------------------------------------------------
SeraphisVoice_CompositionOverhead
-------------------------------------------------------------------------------
F:\projects\iterum\dsp\tests\unit\systems\seraphis_perf_test.cpp(1330)
...............................................................................

F:\projects\iterum\dsp\tests\unit\systems\seraphis_perf_test.cpp(1396): warning:
  SC-002 per-voice composition overhead (512-sample blocks @ 48 kHz, best-of-16
  x 200,
          64 partials + drift, FR-019 defaults, worst body material (Strings),
  atmosphere UNFROZEN,
          Standard envelope gated on, spatial depth 0.5):
    HarmonicCloud       : 22130 ns/block
    SpectralMorphEngine : 11527 ns/block
    ContinuousBody      : 46867.5 ns/block
    AtmosphereEngine    : 75450 ns/block
    MultiStageEnvelope  : 1373 ns/block
    GrowthEnvelope      : 15.5 ns/block  (in the denominator by FR-002's eight;
  the
                          Standard-mode voice never advances it, so this term
  biases
                          the ratio DOWNWARD - see the ratio excluding it
  below)
    OrbitModulator      : 542.5 ns/block
    MidSideProcessor    : 1690 ns/block
    --- sum of eight    : 159596 ns/block
    SeraphisVoice       : 182170 ns/block
    ratio (SC-002)      : 1.14145   (bound <= 1.1)
    ratio excl. growth  : 1.14156   (reported for compliance.md, NOT the gate)

F:\projects\iterum\dsp\tests\unit\systems\seraphis_perf_test.cpp(1402): FAILED:
  REQUIRE( ratio <= kCompositionOverheadBound )
with expansion:
  1.1414513567 <= 1.1
with message:
  SC-002: the 10 % allowance covers the carry-FIFO copies, the per-sample
  envelope multiply, the spatial stage's two multiplies and the morph->cloud
  handoff, and nothing else

-------------------------------------------------------------------------------
SeraphisEngine_PerfObservables
-------------------------------------------------------------------------------
F:\projects\iterum\dsp\tests\unit\systems\seraphis_perf_test.cpp(1427)
...............................................................................

F:\projects\iterum\dsp\tests\unit\systems\seraphis_perf_test.cpp(1445): warning:
  T005 sizes on THIS toolchain (plan §6.3's stack rule is derived from them):
    sizeof(SeraphisVoice)  : 47040 B  (bound 50048 B)
    sizeof(SeraphisEngine) : 765120 B  (bound 866304 B)
    voices_ share          : 98.3689 % of the engine object
    => every SeraphisEngine in every TU is heap-allocated; MSVC's default main-
  thread stack is 1 MiB

F:\projects\iterum\dsp\tests\unit\systems\seraphis_perf_test.cpp(1577): warning:
  plan §9 R14 - freeze fan-out burst (engine only, polyphony 8, best-of-5 arm/
  capture cycles):
    worst single chunk : 346200 ns  (25.965 % of the 64-sample deadline 1.
  33333e+06 ns)
    mean of the maxima : 357680 ns
    quiet chunk (ref)  : 167422 ns
    chunks to fan out  : 16  (kFreezeRetriesPerChunk = 1, so >= kMaxVoices
  chunks by design)
    chunks to release  : 9  (the one-hop unfreeze fade, untimed)
    priced worst case  : 2 x FFT(freezeFftSize) - one per channel - in ONE
  chunk;
                         an un-staggered fan-out would be 16 x 2 = 32 in one
  chunk

-------------------------------------------------------------------------------
NoiseOrganism_StageCostProbe
-------------------------------------------------------------------------------
F:\projects\iterum\dsp\tests\unit\systems\noise_organism_perf_test.cpp(601)
...............................................................................

F:\projects\iterum\dsp\tests\unit\systems\noise_organism_perf_test.cpp(700): warning:
  
============================================================================
  =====
    NoiseOrganism T002 STAGE-COST PROBE - measured before the component exists
    (specs/vorago-phase2-noise-organism, plan S11, FR-095 / OQ-CPU-POLICY)
    48 kHz, 512-sample blocks, best-of-25 x 500 blocks after 400 warm-up
  =============================================================================
  ====
  1. NoiseGenerator (Brown only)                      5382.6 ns/block      0.
  0505 % of one core
  2. ResonatorBank (3 @ 70/140/260 Hz, 1.5 s)         7412.0 ns/block      0.
  0695 % of one core
  3. TimeVaryingCombBank, 2 combs, PER-SAMPLE        17151.0 ns/block      0.
  1608 % of one core
  4. TimeVaryingCombBank, 2 combs, HOISTED            5152.0 ns/block      0.
  0483 % of one core
  5. StochasticFilter (Walk, 0.03 Hz, 1 oct)         10815.4 ns/block      0.
  1014 % of one core
  6. dust loop, full 24-slot pool                    28618.4 ns/block      0.
  2683 % of one core
  -----------------------------------------------------------------------------
  ----
     shared 512-float refill (inside 2 and 5)            8.8 ns/block      0.
  0001 % of one core
     dust pool live slots at end of measurement : 20 / 24   (saturated pool =
  24)
     snapSmoothers() saving on the comb stage   : 3.33x
  -----------------------------------------------------------------------------
  ----
  per slot (hoisted combs)                           28762.0 ns/block      0.
  2696 % of one core
  SC-004 (c) = 4 x slot + dust  [HOISTED]           143666.4 ns/block      1.
  3469 % of one core
  SC-004 (c) = 4 x slot + dust  [PER-SAMPLE]        191662.4 ns/block      1.
  7968 % of one core
  FR-095 BUDGET (1.75 % of one core)                186666.0 ns/block      1.
  7500 % of one core
  =============================================================================
  ====
    WITHIN BUDGET: 42999.6 ns of headroom (76.96 % of the FR-095 ceiling).
    The reference configuration is feasible; proceed to T003. Note this
    projection EXCLUDES control-rate work (plan S11 estimates < 2,000
    ns/block) and the organism's own mix tail.
  =============================================================================
  ====

-------------------------------------------------------------------------------
NoiseOrganism_CpuBudget
-------------------------------------------------------------------------------
F:\projects\iterum\dsp\tests\unit\systems\noise_organism_perf_test.cpp(1803)
...............................................................................

F:\projects\iterum\dsp\tests\unit\systems\noise_organism_perf_test.cpp(1901): warning:
  
============================================================================
  =====
    NoiseOrganism SC-004 CPU BUDGET   (48 kHz, 512-sample blocks)
    specs/vorago-phase2-noise-organism, FR-095 / SC-004, tasks.md T020
    best-of-25 x 500 blocks after 400 warm-up, 200 settle blocks before each
  =============================================================================
  ====
  (a) 2 slots, Direct, 2 res + 2 combs               85209.2 ns/block      0.
  7988 % of one core
          baseline    62532.0   gate (x1.5)    93798.0   within baseline
  (b) 4 slots, Direct, 3 res + 2 combs              132809.2 ns/block      1.
  2451 % of one core
          baseline   124444.0   gate (x1.5)   186666.0   within baseline
  (c) ref: 4 slots, 4 models, 3 res + 2 combs       145429.4 ns/block      1.
  3634 % of one core
          baseline   124444.0   gate (x1.5)   186666.0   within baseline
  (d) max caps: 4 slots dust, 4 res + 4 combs       299509.0 ns/block      2.
  8079 % of one core
          baseline   282950.0   gate (x1.5)   424425.0   within baseline
  [out-of-region: own baseline only]
  (e) all dormant: (c) with every slot dormant       55630.8 ns/block      0.
  5215 % of one core
          baseline    56138.0   gate (x1.5)    84207.0   within baseline
  [out-of-region: own baseline only]
  -----------------------------------------------------------------------------
  ----
  FR-095 BUDGET (1.75 % of one core)                186666.0 ns/block      1.
  7500 % of one core
    FR-071 dormancy saving, (c) - (e)                  89798.6 ns/block   61.75
  % of (c)
  -----------------------------------------------------------------------------
  ----
    copy-pasteable baselines, MEASURED on this machine and this build:
        constexpr double kCpuBaselineNsA    =    85209.2;
        constexpr double kCpuBaselineNsB    =   132809.2;
        constexpr double kCpuBaselineNsC    =   145429.4;
        constexpr double kCpuBaselineNsD    =   299509.0;
        constexpr double kCpuBaselineNsE    =    55630.8;
    Transcribing a measured figure OVER a projection is always correct.
    RAISING one so a REQUIRE passes is forbidden (FR-095 / OQ-CPU-POLICY).
    A transcribed (a)/(b)/(c) baseline must still satisfy BOTH compile-time
    clauses; one that cannot is the stop-and-surface case, not a licence to
    weaken the clause.
  =============================================================================
  ====
    SC-004 (c) IS WITHIN BUDGET: 41236.6 ns of headroom (77.91 % of the FR-095
  ceiling).
  =============================================================================
  ====

-------------------------------------------------------------------------------
ResonanceDriftNetwork_StageCostProbe
-------------------------------------------------------------------------------
F:\projects\iterum\dsp\tests\unit\systems\resonance_drift_network_perf_test.cpp(706)
...............................................................................

F:\projects\iterum\dsp\tests\unit\systems\resonance_drift_network_perf_test.cpp(902): warning:
  
============================================================================
  =====
    ResonanceDriftNetwork T002 STAGE-COST PROBE - measured before the component
    exists (specs/vorago-phase3-resonance-drift, plan S10.2/S10.5, FR-060)
    48 kHz, 512-sample blocks, best-of-25 x 500 blocks after 400 warm-up
    RUN IN ISOLATION. A figure taken beside a build or another suite is not
    evidence.
  =============================================================================
  ====
    (a) ENGINE - both shapes, side by side
        (a1) 12 x single-resonator ResonatorBank             67568.0 ns/block
  0.6335 % of one core
        (a2) 1 x 12-resonator bank, raw                      15114.8 ns/block
  0.1417 % of one core
        (a2) 1 x 12-resonator bank, net of refill            15105.8 ns/block
  0.1416 % of one core
        (a2) is a LOWER BOUND on the Tier-1 engine: processIndividual would
  also
        write 12 floats per sample, which processBlock does not.
  -----------------------------------------------------------------------------
  ----
    (b) LANES - 48 BrownianDrift, processBlock(64), depth 1.0
        (b) 48 lanes, dec  1 (rate 1.0 Hz)                   12457.0 ns/block
  0.1168 % of one core
        (b) 48 lanes, dec  2 (rate 0.03 Hz, DEFAULT)          7387.0 ns/block
  0.0693 % of one core
        (b) 48 lanes, dec 17 (rate 0.002 Hz)                   951.4 ns/block
  0.0089 % of one core
        (b) 36 non-pan lanes, dec 2                           5487.6 ns/block
  0.0514 % of one core
        (b) 12 PAN lanes ISOLATED, dec  1                     3758.4 ns/block
  0.0352 % of one core
        (b) 12 PAN lanes ISOLATED, dec  2                     1667.6 ns/block
  0.0156 % of one core
        (b) 12 PAN lanes ISOLATED, dec 17                      245.8 ns/block
  0.0023 % of one core
  -----------------------------------------------------------------------------
  ----
    (c) CONTROL WRITES - 12 peaks, once per 64-sample chunk
        (c) no change detection                               3473.2 ns/block
  0.0326 % of one core
        (c) change detection, static (FR-034 off)              278.4 ns/block
  0.0026 % of one core
        (c) FR-015 OR-pair, freq+Q always together            2431.0 ns/block
  0.0228 % of one core
  -----------------------------------------------------------------------------
  ----
    (d) FR-044 per-sample tail (no banks)                    19218.8 ns/block
  0.1802 % of one core
  -----------------------------------------------------------------------------
  ----
    (e) FR-042 sleep edge: reset + re-apply + enable            65.4 ns/EDGE
        Amortised against a 20-90 s schedule (slow_event_scheduler.h:164-165)
  this
        is ~0 ns/block; it is reported, never added to the projection.
  -----------------------------------------------------------------------------
  ----
    shared 512-float refill (inside (a2) only)                   9.0 ns/block
  0.0001 % of one core
  =============================================================================
  ====
    GATE 1 - FR-013 Tier-1 trigger (spec.md:292-296). Stage (a1) ONLY.
  =============================================================================
  ====
    stage (a1) measured                                      67568.0 ns/block
  0.6335 % of one core
    FR-013 Tier-1 trigger (60 % of SC-004)                   48000.0 ns/block
  0.4500 % of one core
    *** VERDICT: (a1) EXCEEDS 48 000 ns -> FR-013 TIER 1 IS TAKEN.
    *** Groups C and D RUN, before the component is written:
    ***   T003 - failing tests for ResonatorBank::processIndividual
    ***          (+ resetResonatorState, OQ-1 option (i)),
    ***   T004 - the purely additive implementation, every existing method
    ***          byte-for-byte unchanged, behind the SC-013 consumer-suite
    ***          regression gate (membrum_tests, innexus_tests,
    ***          dsp_processors_tests, dsp_systems_tests, seraphis_tests
    ***          before AND after; any moved result is a regression to
    ***          surface, NEVER a golden to update).
    *** The projection below is re-computed on the (a2) net figure.
  =============================================================================
  ====
    GATE 2 - SC-004 budget, on the TOTAL (plan S10.4/S10.5)
  =============================================================================
  ====
    engine (a2 net, Tier 1 selected by gate 1)               15105.8 ns/block
  0.1416 % of one core
    + lanes (b), 48 @ decimation 2                            7387.0 ns/block
  0.0693 % of one core
    + control writes (c), FR-015 OR-pair                      2431.0 ns/block
  0.0228 % of one core
    + per-sample tail (d)                                    19218.8 ns/block
  0.1802 % of one core
    = SC-004 PROJECTION                                      44142.6 ns/block
  0.4138 % of one core
    SC-004 BUDGET (0.75 % of one core, per voice)            80000.0 ns/block
  0.7500 % of one core
    WITHIN BUDGET: 35857.4 ns of headroom (55.18 % of the SC-004 ceiling).
    Proceed. Note this projection EXCLUDES the sleep edge (amortised ~0) and
    any per-block harness overhead the component itself does not have.
  =============================================================================
  ====
    RECORD the full table above, BOTH gate verdicts and the chosen tier in the
    scratchpad log and, later, in compliance.md (T024).
  =============================================================================
  ====

-------------------------------------------------------------------------------
ResonanceDriftNetwork_CpuBudget
-------------------------------------------------------------------------------
F:\projects\iterum\dsp\tests\unit\systems\resonance_drift_network_perf_test.cpp(3189)
...............................................................................

F:\projects\iterum\dsp\tests\unit\systems\resonance_drift_network_perf_test.cpp(3314): warning:
  
============================================================================
  =====
    ResonanceDriftNetwork SC-004 CPU BUDGET   (48 kHz, 512-sample blocks)
    specs/vorago-phase3-resonance-drift, SC-004 / FR-060, tasks.md T020
    best-of-25 x 500 blocks after 400 warm-up, 200 settle blocks before each
    engine tier: FR-013 Tier 1 (one ResonatorBank, processIndividual)
  =============================================================================
  ====
  (a) reference: 12 peaks, Hybrid g=0.5, wander on           60800.0 ns/block
  0.5700 % of one core
          baseline    45771.0   gate (x1.5)    68656.5   within baseline
  (b) wander off: (a) + setWanderEnabled(false)              48665.6 ns/block
  0.4562 % of one core
          baseline    43562.4   gate (x1.5)    65343.6   within baseline
  (c) all dormant: (a) + every peak dormant                  21544.4 ns/block
  0.2020 % of one core
          baseline    20501.2   gate (x1.5)    30751.8   within baseline
  -----------------------------------------------------------------------------
  ----
  SC-004 BUDGET (0.75 % of one core)                         80000.0 ns/block
  0.7500 % of one core
    FR-015 change-detection saving, (a) - (b)          12134.4 ns/block   19.96
  % of (a)   [SC-004 (b) needs >= 10 %]
    FR-042 dormancy saving,        (a) - (c)          39255.6 ns/block   64.57
  % of (a)   [SC-004 (c) needs >= 40 %]
  -----------------------------------------------------------------------------
  ----
    audio preconditions, measured over 40 fully-scanned blocks per arm (both
  channels):
        (a) engine-active peaks 12 / 12   RMS -13.55 dBFS   finite yes
        (b) engine-active peaks 12 / 12   RMS -13.98 dBFS   finite yes
        (c) engine-active peaks 0 / 12   exactly 0.0f on both channels
  throughout: yes
  -----------------------------------------------------------------------------
  ----
    copy-pasteable baselines, MEASURED on this machine and this build:
        constexpr double kBaselineReferenceNs     =    60800.0;
        constexpr double kBaselineWanderOffNs     =    48665.6;
        constexpr double kBaselineAllDormantNs    =    21544.4;
    Transcribing a measured figure OVER a projection is always correct; take it
    from the LOWEST of several isolated runs, never from one sample. RAISING
  one
    so a REQUIRE passes is forbidden. A transcribed baseline must still satisfy
    BOTH compile-time clauses (x1.5 <= 80000.0 and >= 1600.0); one that cannot
  is the
    stop-and-surface case, not a licence to weaken a clause.
  =============================================================================
  ====
    SC-004 (a) IS WITHIN BUDGET: 19200.0 ns of headroom (76.00 % of the
  ceiling).
  =============================================================================
  ====

-------------------------------------------------------------------------------
FeedbackEcology_StageCostProbe
-------------------------------------------------------------------------------
F:\projects\iterum\dsp\tests\unit\systems\feedback_ecology_perf_test.cpp(865)
...............................................................................

F:\projects\iterum\dsp\tests\unit\systems\feedback_ecology_perf_test.cpp(1075): warning:
  
============================================================================
  =====
    FeedbackEcology T004 STAGE-COST PROBE - measured BEFORE the component
  exists
    (specs/vorago-phase5-feedback-ecology, plan S14.1, FR-080)
    48 kHz, 512-sample blocks, best-of-25 x 500 blocks after 400 warm-up
    RUN IN ISOLATION. A figure taken beside a build or another suite is not
    evidence. Record this whole table in the build transcript and in plan S14.1
    as the measured row set (tasks.md T005).
  =============================================================================
  ====
    THE LOOP CHAIN - six instances of each, in loop position
        (a) SVF::process x 6, smoothing on            [D-1]     41873.8 ns/
  block      0.3926 % of one core
        (b) MultimodeFilter::processSample x 6        [D-1]     76200.0 ns/
  block      0.7144 % of one core
        (c) CrossfadingDelayLine::process x 6, 520 ms          32934.0 ns/block
  0.3088 % of one core
        (d) Biquad::process x 6, direct RBJ          [OQ-1]      4529.8 ns/
  block      0.0425 % of one core
        (g) 6 x single-slot ResonatorBank            [OQ-1]     36180.2 ns/
  block      0.3392 % of one core
        (e) DCBlocker::process x 6                              4440.0 ns/block
  0.0416 % of one core
        (f) std::tanh x 6                      [OQ-2 lvr 1]     10143.8 ns/
  block      0.0951 % of one core
        (f) FastMath::fastTanh x 6             [OQ-2 lvr 1]      5370.4 ns/
  block      0.0503 % of one core
  -----------------------------------------------------------------------------
  ----
    THE GOVERNOR AND THE LANES
        (h) EnvelopeFollower RMS, 1 sample/sample               2269.8 ns/block
  0.0213 % of one core
        (i) 12 lanes, dec  1 (rate 1.0 Hz)                      2983.2 ns/block
  0.0280 % of one core
        (i) 12 lanes, dec  2 (rate 0.03 Hz, DEFAULT)            1380.4 ns/block
  0.0129 % of one core
        (i) 12 lanes, dec 17 (rate 0.002 Hz)                     186.8 ns/block
  0.0018 % of one core
  -----------------------------------------------------------------------------
  ----
    THE FIXED PER-SAMPLE OVERHEAD
        (j) 15 LinearRamp, SETTLED (early-out)                  3773.2 ns/block
  0.0354 % of one core
        (j) 15 LinearRamp, MOVING  (projected)                 15039.0 ns/block
  0.1410 % of one core
        (j) 16 LinearRamp, MOVING  (enumeration)               16374.6 ns/block
  0.1535 % of one core
        tasks.md T004 and plan S14.1 both SAY fifteen and both ENUMERATE
  sixteen
        (mix + wet trim + 6 input gains + 6 gates + governor + normGain). Both
  are
        measured; the projection uses the stated fifteen. T006 settles the
  count
        when it writes the header's member list.
  -----------------------------------------------------------------------------
  ----
    (0) harness floor: 512-iteration loop + sink, no DSP          23.4 ns/block
  0.0002 % of one core
        REPORTED, NOT SUBTRACTED. The eight-term projection carries this floor
        eight times over, so the projection OVER-estimates - the correct
  direction
        for a budget probe.
  =============================================================================
  ====
    D-1 - the loop filter: SVF (a) vs MultimodeFilter (b)
  =============================================================================
  ====
    VERDICT: (a) SVF is cheaper by 34326.2 ns/block (1.82x). FR-011 STANDS AS
  WRITTEN, now with the evidence,
    and the roadmap line-272 write-back (T002) is confirmed by measurement.
  =============================================================================
  ====
    OQ-1 realisation - the resonator: direct Biquad (d) vs ResonatorBank (g)
  =============================================================================
  ====
    VERDICT: (d) the direct Biquad is cheaper by 31650.4 ns/block (7.99x), as
  D-3 predicts. FR-013's plain-Biquad realisation STANDS, and it is
    the only one of the two that reaches kMaxResonatorQ = 100 without routing
    through BiquadCoefficients::calculate's kMaxQ = 30 clamp.
  =============================================================================
  ====
    OQ-2 LEVER 1 and the FR-080 PROJECTION (tasks.md T004)
  =============================================================================
  ====
    (a) SVF x 6                                                41873.8 ns/block
  0.3926 % of one core
    + (c) CrossfadingDelayLine x 6                             32934.0 ns/block
  0.3088 % of one core
    + (d) Biquad x 6                                            4529.8 ns/block
  0.0425 % of one core
    + (e) DCBlocker x 6                                         4440.0 ns/block
  0.0416 % of one core
    + (f) std::tanh x 6                                        10143.8 ns/block
  0.0951 % of one core
    + (h) EnvelopeFollower                                      2269.8 ns/block
  0.0213 % of one core
    + (i) 12 lanes @ decimation 2                               1380.4 ns/block
  0.0129 % of one core
    + (j) 15 LinearRamp, moving                                15039.0 ns/block
  0.1410 % of one core
    = FR-080 PROJECTION, std::tanh                            112610.6 ns/block
  1.0557 % of one core
    = FR-080 PROJECTION, lever 1 (fastTanh)                   107837.2 ns/block
  1.0110 % of one core
    GATED BASELINE (160 000 / 1.5)                            106666.7 ns/block
  1.0000 % of one core
    ABSOLUTE CEILING (1.5 %/voice)                            160000.0 ns/block
  1.5000 % of one core
    per-sample: 219.94 ns measured vs 208.33 ns budgeted (plan S14.3's 139 ns)
    lever 1 saving: 4773.4 ns/block
    *** OVER the gated baseline by 1170.5 ns EVEN WITH LEVER 1 APPLIED (1.01x
  the line).
    *** >>> STOP AND SURFACE THE TABLE ABOVE TO THE USER. <<<
    *** Levers 2 and 3 are already banked (stepped retunes are FR-076's
  default;
    *** the settled-coupling-smoother carve-out is FR-034's and is not measured
    *** here). Levers 4 (drop the resonator to a second SVF in Bandpass, losing
    *** the RT60 surface, getLoopResonanceRt60, SC-023 entirely and part of
    *** SC-001) and 5 (default numLoops 6 -> 5) are USER DECISIONS taken from
    *** this table. Do not take either on your own.
    *** NO AGENT MAY lower kMaxLoops, raise the budget, relax a threshold, or
    *** shrink a workload to make this fit. Reduce cost, never move the line
    *** (resonance_drift_network_perf_test.cpp:59-65, inherited verbatim).
  =============================================================================
  ====
    RECORD the full table, all three verdicts and the chosen levers in the
  build
    transcript, in plan S14.1, and later in compliance.md.
  =============================================================================
  ====

-------------------------------------------------------------------------------
FeedbackEcology_CpuBudget
-------------------------------------------------------------------------------
F:\projects\iterum\dsp\tests\unit\systems\feedback_ecology_perf_test.cpp(1818)
...............................................................................

F:\projects\iterum\dsp\tests\unit\systems\feedback_ecology_perf_test.cpp(2050): warning:
  
============================================================================
  =====
    FeedbackEcology SC-004 CPU BUDGET   (48 kHz, 512-sample blocks)
    specs/vorago-phase5-feedback-ecology, SC-004 / FR-080, tasks.md T020
    best-of-25 x 500 blocks after 400 warm-up, 200 settle blocks before each
    reference patch: 6 loops, default tables, wander on, mix 1, wetGain 0 dB,
    drive white noise at -12.0 dBFS RMS on both channels, seed 0x5EED
  =============================================================================
  ====
  (a) reference: 6 loops awake, wander on, mix 1              110942.6 ns/block
  1.0401 % of one core
          baseline    94106.4   gate (x1.5)   141159.6   within baseline
  (b) wander off: (a) + setWanderEnabled(false)                93340.2 ns/block
  0.8751 % of one core
          baseline    77370.6   gate (x1.5)   116055.9   within baseline
  (c) all dormant: (a) + every loop dormant                     9033.8 ns/block
  0.0847 % of one core
          baseline     9873.0   gate (x1.5)    14809.5   within baseline
  (d) numLoops = 1: the per-loop marginal cost                 22527.6 ns/block
  0.2112 % of one core
          reported only - SC-004 (d) sets the per-loop marginal cost
  -----------------------------------------------------------------------------
  ----
    SC-004 GATED LINE (160 000 / 1.5)                         106666.7 ns/block
  1.0000 % of one core
    SC-004 ABSOLUTE CEILING (1.5 %/voice)                     160000.0 ns/block
  1.5000 % of one core
    (b) wander-off delta,       (b) - (a)         -17602.4 ns/block   -15.87 %
  of (a)   [SC-004 (b) band: <= +2.00 %]
    (c) dormancy saving,        (a) - (c)         101908.8 ns/block   91.86 %
  of (a)   [SC-004 (c) needs >= 40.00 %]
    (d) marginal cost per loop, ((a)-(d))/5        17683.0 ns/block
  [reported]
  -----------------------------------------------------------------------------
  ----
    audio preconditions, measured over 40 fully-scanned blocks per arm (both
  channels):
        (a) engine-active loops 6 / 6   RMS -56.06 dBFS   finite yes   clamps 0
  non-finite resets 0
        (b) engine-active loops 6 / 6   RMS -55.96 dBFS   finite yes
        (c) engine-active loops 0 / 6   exactly 0.0f on both channels
  throughout: yes
        (d) engine-active loops 1 / 6   RMS -56.09 dBFS   finite yes
        the measured reference level is expected near -56.7 dBFS: this patch is
        quiet BY DESIGN (six Q ~ 100 resonators, 3.3-18.8 Hz of noise bandwidth
        out of 24 kHz), so the precondition below is an ANTI-SILENCE floor at -
  80.0 dBFS,
        not a level assertion.
  =============================================================================
  ====
    SC-004 (f) - THE TRANSITION BLOCKS, gated at each rate against (1) the
  steady
    block in the same state x 1.1 (the O(buffer) detector) and (2) the same
  ABSOLUTE
    per-block ceiling as 48 kHz (NOT against kBaseline). Best of 25 trials,
    each re-established from 2.0 s of settled render. This is FR-019's O(1)
  detector.
  =============================================================================
  ====
    48 kHz  (f1) simultaneous 5-loop sleep edge, setNumLoops(6->1)
        transition block                                       82200.0 ns/block
  0.7706 % of one core   within ceiling
        steady block, same rate and state                     101800.0 ns/block
  0.9544 % of one core
        transition OVERHEAD (transition - steady)       -19600.0 ns
        ceiling 160000.0 ns   trials found 25 / 25   edge at block +4   active
  6 -> 1   non-finite resets in the block [0, 0]   finite yes
    48 kHz  (f2) rung-5 trap fire, FR-048 probe on loop 2
        transition block                                      119500.0 ns/block
  1.1203 % of one core   within ceiling
        steady block, same rate and state                     124200.0 ns/block
  1.1644 % of one core
        transition OVERHEAD (transition - steady)        -4700.0 ns
        ceiling 160000.0 ns   trials found 25 / 25   edge at block +0   active
  6 -> 6   non-finite resets in the block [1, 1]   finite yes
    192 kHz  (f1) simultaneous 5-loop sleep edge, setNumLoops(6->1)
        transition block                                       70200.0 ns/block
  2.6325 % of one core   within ceiling
        steady block, same rate and state                      86000.0 ns/block
  3.2250 % of one core
        transition OVERHEAD (transition - steady)       -15800.0 ns
        ceiling 160000.0 ns   trials found 25 / 25   edge at block +18   active
  6 -> 1   non-finite resets in the block [0, 0]   finite yes
    192 kHz  (f2) rung-5 trap fire, FR-048 probe on loop 2
        transition block                                       84100.0 ns/block
  3.1538 % of one core   within ceiling
        steady block, same rate and state                      85100.0 ns/block
  3.1913 % of one core
        transition OVERHEAD (transition - steady)        -1000.0 ns
        ceiling 160000.0 ns   trials found 25 / 25   edge at block +0   active
  6 -> 6   non-finite resets in the block [1, 1]   finite yes
  =============================================================================
  ====
    copy-pasteable baselines, MEASURED on this machine and this build:
        constexpr double kBaselineReferenceNs     =   110942.6;
        constexpr double kBaselineWanderOffNs     =    93340.2;
        constexpr double kBaselineAllDormantNs    =     9033.8;
    Transcribing a measured figure OVER a projection is always correct; take it
    from the LOWEST of several isolated runs, never from one sample. RAISING
  one
    so a REQUIRE passes is forbidden. A transcribed baseline must still satisfy
    BOTH compile-time clauses (x1.5 <= 160000.0 and >= 3200.0); one that
    cannot is the stop-and-surface case, not a licence to weaken a clause.
  =============================================================================
  ====
    *** SC-004 (a) IS OVER THE GATED LINE BY 4275.9 ns (1.04x). NO ADMISSIBLE
  BASELINE CAN BE
    *** TRANSCRIBED FROM THIS RUN: 110942.6 x 1.5 = 166413.9 exceeds the
  160000.0 ns ceiling.
    *** TAKE THE PRE-AUTHORISED LADDER IN ORDER (plan S14.3, tasks.md T020):
    ***   1. OQ-2 LEVER 1 - std::tanh -> FastMath::fastTanh (core/fast_math.h:
  65)
    ***      at feedback_ecology.h:1995, WITH its own error-bound test added to
    ***      this TU: |fastTanh(x) - std::tanh(x)| < 5e-4 over x in [-6, 6] on
  a
    ***      10 001-point grid, and |fastTanh(x)| <= 1 everywhere. FR-042's
    ***      bound is preserved EXACTLY, so rung 2 is unchanged.
    ***   2. Stepped resonator retunes - ALREADY the default (FR-076), banked.
    ***   3. The settled-coupling-smoother carve-out - already in
    ***      updateControl(). Compare the stage table above to see whether the
    ***      remaining cost is the tanh term, the delay term or the ramp bank.
    *** THEN STOP AND SURFACE. Levers 4 (resonator -> a second SVF in Bandpass,
    *** losing the RT60 surface, kMaxResonatorQ = 100 and SC-023 entirely) and
  5
    *** (default numLoops 6 -> 5) are USER DECISIONS taken from this table.
    *** NO AGENT MAY lower kMaxLoops, raise a budget, relax a threshold, or
  shrink
    *** a workload to make this fit. Reduce cost, never move the line
    *** (resonance_drift_network_perf_test.cpp:59-65, inherited verbatim).
    RUN IT ALONE: node tools/run-cpu-tests.js dsp_systems_tests. A verdict that
    flips between runs is measuring the machine, not the code.
    RECORD the whole table in the build transcript and in plan S14.2.
  =============================================================================
  ====

F:\projects\iterum\dsp\tests\unit\systems\feedback_ecology_perf_test.cpp(2102): FAILED:
  REQUIRE( nsRef * kRegressionFactor <= kAbsoluteCeilingNs )
with expansion:
  166413.9 <= 160000.0
with messages:
  refCheck.activeLoops := 6
  refRmsDb := -56.0592250099
  refCheck.allFinite := true
  refCheck.nonFiniteResets := 0
  wanderCheck.activeLoops := 6
  wanderRmsDb := -55.9593831414
  wanderCheck.allFinite := true
  dormantCheck.activeLoops := 0
  dormantCheck.allExactZero := true
  dormantCheck.allFinite := true
  oneLoopCheck.activeLoops := 1
  oneLoopRmsDb := -56.0924164641
  oneLoopCheck.allFinite := true
  nsRef := 110942.6
  cpu::kBaselineReferenceNs := 94106.4
  kGatedBaselineNs := 106666.6666666667
  kAbsoluteCeilingNs := 160000.0

-------------------------------------------------------------------------------
SubharmonicEngine_StageCostProbe
-------------------------------------------------------------------------------
F:\projects\iterum\dsp\tests\unit\systems\subharmonic_engine_perf_test.cpp(1152)
...............................................................................

F:\projects\iterum\dsp\tests\unit\systems\subharmonic_engine_perf_test.cpp(1279): warning:
  
============================================================================
  =====
    SubharmonicEngine T004 STAGE-COST PROBE - measured before the component
    exists (specs/vorago-phase6-subharmonic, plan S12.2/S12.4, FR-071 arms a-h)
    48 kHz, 512-sample blocks, best-of-25 x 500 blocks after 400 warm-up
    RUN IN ISOLATION. A figure taken beside a build or another suite is not
    evidence.
  =============================================================================
  ====
    THE GENERATORS
        (a) two PhaseAccumulators, advance() x2/sample          1142.6 ns/block
  0.0107 % of one core
        (b) ONE SubOscillator, Sine (has 1 advance in it)       4831.2 ns/block
  0.0453 % of one core
        (c) ONE SubOscillator, Square (minBLEP, no sin)         2548.6 ns/block
  0.0239 % of one core
        (d) THREE tones + 3 LinearRamp + held breath           17600.8 ns/block
  0.1650 % of one core
        (c) - (b) is the honest price of D-6's waveform choice; (d) against
        3 x (b) is where a superlinear surprise would show.
  -----------------------------------------------------------------------------
  ----
    THE CHAIN, IN FR-040 ORDER
        (e) EnvelopeFollower RMS + S7.6 isFinite guard          2818.8 ns/block
  0.0264 % of one core
        (f) TwoPoleLP/sample + glide exp2+compare/64            2251.8 ns/block
  0.0211 % of one core
        (g) SaturationProcessor::processSample, Tape            2426.0 ns/block
  0.0227 % of one core
        (h) DCBlocker2::process at 18 Hz                        1771.6 ns/block
  0.0166 % of one core
  -----------------------------------------------------------------------------
  ----
    THE TAIL
        (r) 8 parked LinearRamp::process()/sample               1850.0 ns/block
  0.0173 % of one core
        Supplementary, not an FR-071 letter: T005's formula names this term and
        no lettered arm contains it.
  =============================================================================
  ====
    T005 PREDICTION: (a) + 3 x (b) + (e) + (f) + (g) + (h) + (r)
  =============================================================================
  ====
    predicted engine total at defaults                         26754.4 ns/block
  0.2508 % of one core
    SC-013 BUDGET (0.5 % of one core, per voice)               53333.0 ns/block
  0.5000 % of one core
    UNDER the ceiling by 26578.6 ns (50.16 % of the SC-013 line).
    T005 records the eight figures, this total and this margin, then Group D
    proceeds unchanged. NO LEVER IS TAKEN on a prediction that fits.
  -----------------------------------------------------------------------------
  ----
    HONESTY NOTES that must travel with T005's transcription:
     * OVER-counts: arm (b) contains one PhaseAccumulator::advance, so 3 x (b)
       charges three master advances on top of arm (a)'s two.
     * UNDER-counts: no BreathingModulator::processBlock(64), no three-virtual
       getCurrentValue refresh, no per-sample summing/multiplying tail, no
       dormancy branch, no FR-026 sleep-edge memset. Only the whole-engine arms
       (i)-(n) in T020 can settle SC-013.
     * Arm (r) is a FLOOR: every ramp is parked, LinearRamp::process() early-
  outs
       at smoother.h:371-373, and the compiler may hoist the load out of the
       inner loop. It is measured parked anyway because parked is the shape the
       component holds at steady state (plan S12.4).
     * The FR-041 default drive is +3.0 dB in / -3.0 dB out, and the follower
       reference is -18.0 dBFS; the body driving
       arms (e)-(h) is a 55.0 Hz sine at -12.0 dBFS.
  =============================================================================
  ====
    RECORD the full table above and the verdict in the scratchpad log and, at
    T005, in the phase's compliance notes.
  =============================================================================
  ====

-------------------------------------------------------------------------------
SubharmonicEngine_CpuBudget
-------------------------------------------------------------------------------
F:\projects\iterum\dsp\tests\unit\systems\subharmonic_engine_perf_test.cpp(1290)
...............................................................................

F:\projects\iterum\dsp\tests\unit\systems\subharmonic_engine_perf_test.cpp(1417): warning:
  
============================================================================
  =====
    SubharmonicEngine T020 CPU BUDGET - the whole-engine arms (i)-(n)
    specs/vorago-phase6-subharmonic: SC-013 (a)-(d), FR-076 / SC-018, plan S12.
  3
    48 kHz, 512-sample blocks, best-of-25 x 500 blocks after 400 warm-up
    RUN IN ISOLATION - nothing else executing, and not back-to-back. A figure
    taken beside a build, a lint or another suite is not evidence.
  =============================================================================
  ====
    THE GATED ARMS
        (i) whole engine, defaults, live body                  27843.4 ns/block
  0.2610 % of one core
        (j) whole engine, all three tones Square               14832.4 ns/block
  0.1391 % of one core
        (k) whole engine dormant (FR-025 skip)                  5938.2 ns/block
  0.0557 % of one core
        SC-013 BUDGET (0.5 % of one core, /voice)              53333.0 ns/block
  0.5000 % of one core
  -----------------------------------------------------------------------------
  ----
    SC-013 (c): the dormancy saving
        (i) - (k) = 21905.2 ns/block, i.e. 78.67 % cheaper
        required: at least 15.0 % - NOT NEGOTIABLE, and never lowered to fit a
  figure.
  -----------------------------------------------------------------------------
  ----
    THE REPORTED ARMS
        (n) f = 40 Hz, Div4 floored, 2 tones awake             22773.2 ns/block
  0.2135 % of one core
        (l) ONE instance at defaults                           21403.4 ns/block
  0.2007 % of one core
        (m) EIGHT instances at defaults                       179254.0 ns/block
  1.6805 % of one core
        (i) vs (l) - the same workload measured twice - differ by 23.13 %.
        That spread IS this run's noise floor: read every margin below against
        it before treating a difference as a property of the code.
  =============================================================================
  ====
    FR-076 / SC-018 - THE PLACEMENT TABLE (plan S12.3). T021 transcribes this
    and PRESENTS IT TO THE USER; the roadmap Open Question 4 ruling is theirs.
    Placement                       inst      cost/block    % core   % per
  voice
  -----------------------------------------------------------------------------
  ----
    global (post-voice-sum)            1       21403.4 ns     0.201 %     0.201
  %/voice
    per-voice, 4 voices                4       85613.6 ns     0.803 %     0.201
  %/voice
    per-voice, 6 voices                6      128420.4 ns     1.204 %     0.201
  %/voice
    per-voice, 8 voices (measured)     8      179254.0 ns     1.681 %     0.210
  %/voice
    per-voice, 8, 6 dormant            8       78436.0 ns     0.735 %     0.092
  %/voice
  -----------------------------------------------------------------------------
  ----
    Set the per-voice column against the roadmap's 4-5 % per-voice envelope
    (roadmap line 92) NET of what phases 2, 3 and 5 have already spent -
    1.75 % + 0.75 % + 1.5 % = 4.0 % - so the per-voice placement has about
    0.5-1.0 % of headroom left, and a 0.5 % component fits only at the top of
    that range. The global row is measured against the GLOBAL budget, not the
    per-voice line.
  =============================================================================
  ====
    CHECKED-IN BASELINES - copy these over the constants in this file's
    baseline block, taking the LOWEST of several isolated runs. Transcribing a
    MEASUREMENT over a PROJECTION is always correct; RAISING one so a gate
    passes is forbidden.
  -----------------------------------------------------------------------------
  ----
      constexpr double kBaselineDefaultsNs          = 27843.4;
      constexpr double kBaselineAllSquareNs         = 14832.4;
      constexpr double kBaselineDormantNs           = 5938.2;
      constexpr double kBaselineOneInstanceNs       = 21403.4;
      constexpr double kBaselineEightInstancesNs    = 179254.0;
  -----------------------------------------------------------------------------
  ----
    The currently checked-in values (PROJECTIONS until transcribed):
      constexpr double kBaselineDefaultsNs          = 19591.6;
      constexpr double kBaselineAllSquareNs         = 13312.6;
      constexpr double kBaselineDormantNs           = 6999.4;
      constexpr double kBaselineOneInstanceNs       = 19925.6;
      constexpr double kBaselineEightInstancesNs    = 163104.2;
    Regression readout (reported, NOT gated - see kRegressionFactor): measured
    against baseline x 1.5 gives (i) within, (j) within, (k) within, (l)
  within, (m) within.
  =============================================================================
  ====
    IF A GATE BELOW FAILS: REDUCE COST, NEVER MOVE THE LINE.
     * (a)/(b) over kBudgetNs -> plan S12.4's levers, IN ORDER. Lever 1
  replaces
       the SaturationProcessor stage with a direct Sigmoid::tanh and is A
       DEPARTURE FROM FR-041 that must be raised as a spec question, never
  taken
       silently. If (j) alone misses, the WAVEFORM OPTION is what is
       reconsidered - roadmap line 321's budget is unqualified.
     * (c) below 15 % -> stop and surface, and reconsider what FR-025 skips.
       DO NOT LOWER kDormancyMinSaving.
     * A verdict that flips between runs is measuring the machine. Confirm
       nothing else was running, let the machine idle, re-run this suite alone,
       and only then treat it as a defect.
  =============================================================================
  ====

-------------------------------------------------------------------------------
BloomEngine_CpuBudget
-------------------------------------------------------------------------------
F:\projects\iterum\dsp\tests\unit\systems\bloom_engine_perf_test.cpp(682)
...............................................................................

F:\projects\iterum\dsp\tests\unit\systems\bloom_engine_perf_test.cpp(789): warning:
  
============================================================================
  =====
    BloomEngine SC-011 CPU BUDGET (FR-072) - tasks.md T020
    48 kHz, 512-sample blocks, best-of-25 x 500 blocks after 400 warm-up
    Worst case: numChildSlots = 16 ALL LIVE, parentCount = 48, K = 8,
    childrenPerEvent = 4, spawn rate = 0.05 Hz (maximum).
    RUN IN ISOLATION. A figure taken beside a build or another suite is not
    evidence.
  =============================================================================
  ====
    WORST CASE  (8 x 64-sample processChunk calls)             387.8 ns/block
  0.0036 % of one core
    FR-072 BUDGET (0.1 % of one core)                        10667.0 ns/block
  0.1000 % of one core
    baseline x 1.5                                            3750.0 ns/block
  0.0352 % of one core
      worst case as a fraction of the budget: 3.64 %
  -----------------------------------------------------------------------------
  ----
    PLAN S12.2 LEVER 1 (1 x 512-sample call)                   214.8 ns/block
  0.0020 % of one core
        Output-identical by FR-006 / SC-008 (b). Saving against the worst case:
  44.6 %.
        This is the FIRST lever if a future change misses the ceiling, and it
  is
        CALLER-SIDE: Phase 10's voice chooses it, and it costs this component
        nothing. The second is a narrower capacity - parentCount. The DIRTY-
  FLAG
        SKIP IS UNAVAILABLE (plan S12.2, normative) and must not be
  implemented.
  =============================================================================
  ====
    BASELINE TRANSCRIPTION (copy-paste over the PROVISIONAL projection)
  =============================================================================
  ====
      constexpr double kBaselineWorstCaseNs = 387.8;
      A transcribed baseline must satisfy BOTH compile-time clauses: <= 7111.0
  (ceiling)
      and >= 100.0 (anti-no-op floor). One that cannot is the
      STOP-AND-SURFACE case, never a licence to weaken a clause.
      Take it from the LOWEST of several ISOLATED runs - this repo has measured
  a
      6.4 % run-to-run spread and ~14 % session drift on unchanged code.
    WITHIN BUDGET: 10279.2 ns of headroom (3.64 % of the ceiling).
    *** NO AGENT MAY lower kMaxChildren, raise kBudgetNs, raise a baseline to
    *** make a REQUIRE pass, relax a threshold, shrink a workload, or widen a
    *** tolerance. Reduce cost, never move the line
    *** (resonance_drift_network_perf_test.cpp:57-64, inherited verbatim).
  =============================================================================
  ====

-------------------------------------------------------------------------------
BloomEngine_StageCostProbe
-------------------------------------------------------------------------------
F:\projects\iterum\dsp\tests\unit\systems\bloom_engine_perf_test.cpp(813)
...............................................................................

F:\projects\iterum\dsp\tests\unit\systems\bloom_engine_perf_test.cpp(989): warning:
  
============================================================================
  =====
    BloomEngine FR-073 STAGE-COST PROBE - RE-POINTED AT THE REAL ENGINE (T020)
    (specs/vorago-phase7-harmonic-bloom, plan S12.2/S12.3)
    48 kHz, 512-sample blocks, best-of-25 x 500 blocks after 400 warm-up
    Every arm drives the REAL BloomEngine through processChunk(). The private
    stages cannot be called directly (advanceChildren/applyOutput/runEvent are
    private and the header is read-only in T020), so each arm is a
  CONFIGURATION
    minus the configuration one rung below it. Compare against T003's STAND-IN
    table in the compliance notes - same basis, same trial shape.
    RUN IN ISOLATION. A figure taken beside a build or another suite is not
    evidence.
  =============================================================================
  ====
    RAW CONFIGURATION FIGURES (what the clock actually saw)
  -----------------------------------------------------------------------------
  ----
    disengaged, numChildSlots = 0                               96.4 ns/block
  0.0009 % of one core
    engaged, table EMPTY, clock off                            152.8 ns/block
  0.0014 % of one core
    engaged, 16 children LIVE, clock off                       363.2 ns/block
  0.0034 % of one core
    engaged, 16 LIVE, one event per call                      3760.2 ns/block
  0.0353 % of one core
  =============================================================================
  ====
    THE FOUR ARMS
  =============================================================================
  ====
    (a) child bookkeeping + live-child writes                  210.4 ns/block
  0.0020 % of one core
        = (16 live) - (table empty). advanceChildren() over 16 children in
        Phase::FadeIn - one double division plus one smoothstep each, 16 x 8
  per
        block - PLUS applyOutput()'s live-child loop (2 stores + flushDenormal
  per
        child per call). Those two cannot be separated through the public
  surface.
  -----------------------------------------------------------------------------
  ----
    (b) owned-slot write phase                                  56.4 ns/block
  0.0005 % of one core
        = (engaged, empty) - (disengaged). *** PLAN S12.2 PREDICTS THIS ARM
        DOMINATES. *** 32 stores per call x 8 calls = 256 stores/block.
        FINDING, recorded rather than silently resolved: plan S12.3 prices this
  at
        (capacity - parentCount) + 2*numChildSlots = (64-48) + 2*16 = 48 stores
  per
        call. IN THE SC-011 WORST CASE THAT DOUBLE-COUNTS: parentCount (48) IS
        reserveBase(), so the FR-051 gap loop [pc, base) is EMPTY and the
  region
        [48, 64) is written exactly once, by the owned-region loop - 2 floats
  per
        slot, 32 stores per call. Plan S3.4's 1 152-store/block ceiling needs a
        SHORTER parentCount, which is plan S12.2's lever 2 in reverse.
  -----------------------------------------------------------------------------
  ----
    (c) one full spawn event, RAW                              424.6 ns/EVENT
    (c) amortised / 1875 blocks  (plan S12.2)                    0.2 ns/block
  0.0000 % of one core
    (c) amortised / 15000 blocks (tasks.md T003)                 0.0 ns/block
  0.0000 % of one core
        = ((one event per call) - (16 live, no events)) / 8 calls per block.
        THE EVENT SHAPE THE SC-011 CONFIGURATION ACTUALLY RUNS: the strongest-K
        scan over 48 parents, the 48-entry occupied set (one std::log2 each)
        plus one per live child, then 4 slot-exhausted refusals - with all 16
        owned slots live, peekSlot() fails BEFORE any draw (FR-025), so the
        candidate-draw path is NOT in this figure. It cannot be: a steady state
        with free slots is a steady state whose child count is not 16.
        Max rate 0.05 Hz => p = rate * 64 / 48000 => a mean interval of
        15000 CONTROL STEPS = 1875 blocks. plan S12.2 says 15 000 control
        steps; tasks.md T003's arm table says 15 000 BLOCKS (8x more generous).
        BOTH are printed; the CONSERVATIVE one enters the sum.
  -----------------------------------------------------------------------------
  ----
    (d) disengaged clock                                        96.4 ns/block
  0.0009 % of one core
        The floor a caller pays for having the component in the chain at all:
        the unconditional clock draw and depth-ramp step of plan S3.3 (1)-(2),
  the
        all-Idle advanceChildren() walk, and applyOutput()'s !engaged_ early
        return. NOTE vs T003's stand-in (d): the real depth ramp is SETTLED
  here
        (prepare() snaps it, SC-014 (a)), so LinearRamp::process() takes its
        early-out; T003 deliberately held a stand-in ramp in flight.
  =============================================================================
  ====
    ORDERING CHECK - plan S12.2 predicts (b) >> (a) >> (d) >> amortised (c)
  =============================================================================
  ====
      (b) > (a)                : NO
      (a) > (d)                : yes
      (d) > amortised (c)      : yes
      *** THE PREDICTED ORDERING DOES NOT HOLD. This is INFORMATION, not a
      *** failure: it says the cost is somewhere plan S12.2 did not expect,
      *** and the caller-side levers named there may not be the right ones.
      *** RECORD IT and re-read plan S12.3 before choosing a lever.
  =============================================================================
  ====
    CROSS-CHECK against the FR-072 ceiling
  =============================================================================
  ====
    = FR-073 SUM (a)+(b)+amortised(c)+(d)                      363.4 ns/block
  0.0034 % of one core
    engaged, 16 live (the same thing, measured)                363.2 ns/block
  0.0034 % of one core
    FR-072 BUDGET (0.1 % of one core)                        10667.0 ns/block
  0.1000 % of one core
      The sum telescopes back to the raw 16-live figure by construction; a
  large
      divergence between those two lines means measurement noise is the same
  size
      as an arm, and the table should be re-taken on an idle machine.
      sum as a fraction of the budget: 3.41 %
    *** NO AGENT MAY lower kMaxChildren, raise kBudgetNs, relax a threshold,
    *** shrink a workload, or widen a tolerance to make a figure fit. Reduce
    *** cost, never move the line (resonance_drift_network_perf_test.cpp:57-64,
    *** inherited verbatim).
  =============================================================================
  ====
    RECORD the four arm figures and the sum in compliance.md, beside T003's
    stand-in table. The two are directly comparable: same basis, same trial
  shape.
  =============================================================================
  ====

-------------------------------------------------------------------------------
EcosystemEngine_CpuBudget
-------------------------------------------------------------------------------
F:\projects\iterum\dsp\tests\unit\systems\ecosystem_engine_perf_test.cpp(482)
...............................................................................

F:\projects\iterum\dsp\tests\unit\systems\ecosystem_engine_perf_test.cpp(559): warning:
  
============================================================================
  =====
    EcosystemEngine SC-011 CPU BUDGET   (48 kHz, 512-sample blocks)
    specs/vorago-phase8-ecosystem, SC-011 / FR-085, tasks.md T015
    best-of-25 x 500 blocks after 400 warm-up blocks
    worst-case rule configuration: agents 48, cells 96, kernelSigma 0.35,
  syncRate 0.50, leakExponent 2.50
    (every other knob at its Appendix-A default)
  =============================================================================
  ====
    (a) worst case, stepIntervalChunks = 8 (floor)      28237.8 ns/block     0.
  265 % core
          pairs 1128   live cells 96 / 96   steps/8 blocks 8 (expected 8)
  finite yes   any output > 0 yes
    (b) worst case, stepIntervalChunks = 64            4818.6 ns/block     0.
  045 % core
          pairs 1128   live cells 27 / 96   steps/8 blocks 1 (expected 1)
  finite yes   any output > 0 yes
  -----------------------------------------------------------------------------
  ----
    FR-085 CEILING (0.5 % of one core)                53333.0 ns/block     0.
  500 % core
    (a) / (b) step-rate scaling                           5.86x         [1
  step/block vs 1 per 8 blocks; <= 8x expected]
    measured 2026-09-16 before any ruling (plan S12.2):  (a) 55 275   (at 1)
  404 614 ns
    measured after E-1/E-2/E-3, floor 4 (2nd ruling):   (a) 27 224   (at 4)  60
  176 ns
  =============================================================================
  ====
    SC-011 (a) IS WITHIN BUDGET: 25095.2 ns of headroom (52.95 % of the
  ceiling).
    SC-011 (b) IS WITHIN BUDGET: 48514.4 ns of headroom (9.03 % of the ceiling)
  .

-------------------------------------------------------------------------------
EcosystemEngine_StageCostProbe
-------------------------------------------------------------------------------
F:\projects\iterum\dsp\tests\unit\systems\ecosystem_engine_perf_test.cpp(609)
...............................................................................

F:\projects\iterum\dsp\tests\unit\systems\ecosystem_engine_perf_test.cpp(718): warning:
  
============================================================================
  =====
    EcosystemEngine STAGE COST PROBE   (48 kHz, 512-sample blocks)   NOT A GATE
    specs/vorago-phase8-ecosystem, SC-011's non-gating table / FR-072, tasks.md
  T015
    best-of-25 x 500 blocks after 400 warm-up blocks
  =============================================================================
  ====
    THE LADDER (each rung changes exactly one axis from the one above it)
    F0  1 agent, 1 cell, sigma 0.01 (floor)              38.4 ns/block     0.
  000 % core
          pairs 0   live cells 1 / 1   steps/8 blocks 8 (expected 8)   finite
  yes   any output > 0 yes
    F   48 agents, 1 cell, sigma 0.01                  3315.4 ns/block     0.
  031 % core
          pairs 8   live cells 1 / 1   steps/8 blocks 8 (expected 8)   finite
  yes   any output > 0 yes
    T1  F + sigma 0.35 (pair kernel survives)         12975.2 ns/block     0.
  122 % core
          pairs 1128   live cells 1 / 1   steps/8 blocks 8 (expected 8)
  finite yes   any output > 0 yes
    T2  T1 + 96 cells (grazing loop)                  28479.4 ns/block     0.
  267 % core
          pairs 1128   live cells 96 / 96   steps/8 blocks 8 (expected 8)
  finite yes   any output > 0 yes
    T3  T2 + syncRate 0.5 (Kuramoto sin)              34642.4 ns/block     0.
  325 % core
          pairs 1128   live cells 96 / 96   steps/8 blocks 8 (expected 8)
  finite yes   any output > 0 yes
    W8  T3 + leakExponent 2.5  == SC-011 (a)          28133.2 ns/block     0.
  264 % core
          pairs 1128   live cells 96 / 96   steps/8 blocks 8 (expected 8)
  finite yes   any output > 0 yes
    W64 W8 at stepIntervalChunks = 64                  4753.2 ns/block     0.
  045 % core
          pairs 1128   live cells 27 / 96   steps/8 blocks 1 (expected 1)
  finite yes   any output > 0 yes
    D   Appendix-A defaults                            6199.8 ns/block     0.
  058 % core
          pairs 32   live cells 64 / 64   steps/8 blocks 8 (expected 8)
  finite yes   any output > 0 yes
    Z   W8 with EVERY agent dormant                   29147.2 ns/block     0.
  273 % core
          pairs 1128   live cells 96 / 96   steps/8 blocks 8 (expected 8)
  finite yes   any output > 0 no
  -----------------------------------------------------------------------------
  ----
    STAGE ATTRIBUTION, BY DIFFERENCING THE LADDER
    pair kernel work, 1 128 pairs (T1 - F)             9659.8 ns/block    74.45
  % of its rung
          + 48 cell visits at C = 1 (each seeding an E-1 run: 2 exps)
    grazing loop, 95 of 96 cells (T2 - T1)            15504.2 ns/block    54.44
  % of its rung
          extrapolated to all 96 cells: 15667.4 ns/block
          (4 608 visits: ~192 exps by lever E-1's recurrence, was 4 608)
    Kuramoto term, 1 128 pairs (T3 - T2)               6163.0 ns/block    17.79
  % of its rung
          (96 sin/cos by lever E-2's table, was 1 128 sin)
    nonlinear leak, 48 pow (W8 - T3)                  -6509.2 ns/block   -23.14
  % of its rung
    traversal + per-agent tail (F itself)              3315.4 ns/block
          stages 4 and 8-13 for 48 agents, PLUS 1 128 pairs and 48 cell visits
          rejected by the exp-free pre-test. NOT splittable through the public
          API: moveRate 0 still pays the sqrt, freqDrift 0 still draws (A-8),
          and publish() is unconditional. F0 (38.4 ns/block) is the same tail
  for ONE agent.
  -----------------------------------------------------------------------------
  ----
    STEP-RATE SCALING (FR-082's range [8, 64], at the worst case)
    W8 / W64 5.92x   [1 step/block vs 1 per 8 blocks; ~8x expected]
    defaults D as a fraction of W8: 22.04 %
  -----------------------------------------------------------------------------
  ----
    FR-072's PREDICTION: all-dormant is NOT cheaper (dormancy gates the OUTPUT,
    not the simulation - ecosystem_engine.h:737-752).
    Z - W8 = 1014.0 ns/block (3.60 % of W8).  A saving materially larger than
  run-to-run noise would mean the
    prediction is WRONG and FR-072's rationale needs re-reading - a finding to
    surface, not a number to absorb.
  -----------------------------------------------------------------------------
  ----
    FR-085 CEILING (0.5 % of one core)                53333.0 ns/block     0.
  500 % core
    This case asserts NOTHING about any of the figures above beyond finiteness
    and positivity. The gate is EcosystemEngine_CpuBudget; the response to a
    miss is plan S12.3's ladder, taken IN ORDER (L1-L3 and E-1/E-2 are in),
    with L4/L5 and any further L6 narrowing going to the USER.
    NO AGENT MAY relax a threshold or shrink a workload from this table.
  =============================================================================
  ====

-------------------------------------------------------------------------------
VoragoEngine_CpuSurvey
-------------------------------------------------------------------------------
F:\projects\iterum\dsp\tests\unit\systems\vorago_perf_test.cpp(743)
...............................................................................

F:\projects\iterum\dsp\tests\unit\systems\vorago_perf_test.cpp(804): warning:
  SC-001a - VoragoEngine polyphony survey, ns per 512-sample block @ 48 kHz
    block budget         : 1.06667e+07 ns
    reference (30 %)     : 3.2e+06 ns/block   (roadmap line 470, GLOBAL)
    regression-gated line: 2.13333e+06 ns/block   (reference / 1.5)
    kMaxVoices (compiled): 6   - a COMPILE-TIME constant, so its cost is
  evaluated arithmetically below
    V (voice, standalone): 514097 ns/block
    L (advanceLifeOnly)  : 10301.8 ns/block   (B-6's spare-slot term)
    Cavern (arithmetic)  : 124497 ns/block   (measured, phase9 compliance.md:
  123; checked-in baseline 129150)

F:\projects\iterum\dsp\tests\unit\systems\vorago_perf_test.cpp(826): warning:
  SC-001a  polyphony 1  (kMaxVoices = 6)
      engine measured    : 819020 ns/block  (7.67831 % of one core)
      + Cavern           : 943517 ns/block  (8.84547 % of one core)
      vs reference       : 29.4849 % of 3.2e+06
      vs gated line      : 44.2274 % of 2.13333e+06
      split  N*V         : 514097
      split  spare*L     : 51509  (5 spare slots)
      G derived          : 253413  (measured - N*V - spare*L; a LOWER bound,
  see the case banner)

F:\projects\iterum\dsp\tests\unit\systems\vorago_perf_test.cpp(826): warning:
  SC-001a  polyphony 2  (kMaxVoices = 6)
      engine measured    : 1.43672e+06 ns/block  (13.4692 % of one core)
      + Cavern           : 1.56122e+06 ns/block  (14.6364 % of one core)
      vs reference       : 48.788 % of 3.2e+06
      vs gated line      : 73.182 % of 2.13333e+06
      split  N*V         : 1.02819e+06
      split  spare*L     : 41207.2  (4 spare slots)
      G derived          : 367318  (measured - N*V - spare*L; a LOWER bound,
  see the case banner)

F:\projects\iterum\dsp\tests\unit\systems\vorago_perf_test.cpp(826): warning:
  SC-001a  polyphony 4  (kMaxVoices = 6)
      engine measured    : 2.56617e+06 ns/block  (24.0579 % of one core)
      + Cavern           : 2.69067e+06 ns/block  (25.225 % of one core)
      vs reference       : 84.0834 % of 3.2e+06
      vs gated line      : 126.125 % of 2.13333e+06
      split  N*V         : 2.05639e+06
      split  spare*L     : 20603.6  (2 spare slots)
      G derived          : 489179  (measured - N*V - spare*L; a LOWER bound,
  see the case banner)

F:\projects\iterum\dsp\tests\unit\systems\vorago_perf_test.cpp(826): warning:
  SC-001a  polyphony 6  (kMaxVoices = 6)
      engine measured    : 3.75007e+06 ns/block  (35.1569 % of one core)
      + Cavern           : 3.87457e+06 ns/block  (36.3241 % of one core)
      vs reference       : 121.08 % of 3.2e+06
      vs gated line      : 181.62 % of 2.13333e+06
      split  N*V         : 3.08458e+06
      split  spare*L     : 0  (0 spare slots)
      G derived          : 665487  (measured - N*V - spare*L; a LOWER bound,
  see the case banner)

F:\projects\iterum\dsp\tests\unit\systems\vorago_perf_test.cpp(868): warning:
  SC-001a / FR-081 ladder  -  kMaxVoices = 4   (solve: N*V + (kMaxVoices - N)*L
  + G + Cavern <= budget)
      using V = 514097, L = 10301.8, G = 489179 (median of the five estimates),
  Cavern = 124497
        N = 1  bare 1.15868e+06 ns (36.2087 % of ref, 54.3131 % of gated)   x1.
  15 1.23579e+06 ns (38.6185 % of ref, 57.9278 % of gated)
        N = 2  bare 1.66247e+06 ns (51.9523 % of ref, 77.9285 % of gated)   x1.
  15 1.8167e+06 ns (56.772 % of ref, 85.158 % of gated)
        N = 4  bare 2.67007e+06 ns (83.4395 % of ref, 125.159 % of gated)   x1.
  15 2.97852e+06 ns (93.0789 % of ref, 139.618 % of gated)
        N_ref  bare = 4 / x1.15 = 4
        N_gate bare = 2 / x1.15 = 2
        (0 means not even one voice fits that budget at this ceiling)

F:\projects\iterum\dsp\tests\unit\systems\vorago_perf_test.cpp(868): warning:
  SC-001a / FR-081 ladder  -  kMaxVoices = 6   (solve: N*V + (kMaxVoices - N)*L
  + G + Cavern <= budget)
      using V = 514097, L = 10301.8, G = 489179 (median of the five estimates),
  Cavern = 124497
        N = 1  bare 1.17928e+06 ns (36.8526 % of ref, 55.2789 % of gated)   x1.
  15 1.2564e+06 ns (39.2624 % of ref, 58.8936 % of gated)
        N = 2  bare 1.68308e+06 ns (52.5962 % of ref, 78.8943 % of gated)   x1.
  15 1.83731e+06 ns (57.4158 % of ref, 86.1238 % of gated)
        N = 4  bare 2.69067e+06 ns (84.0834 % of ref, 126.125 % of gated)   x1.
  15 2.99913e+06 ns (93.7227 % of ref, 140.584 % of gated)
        N = 6  bare 3.69826e+06 ns (115.571 % of ref, 173.356 % of gated)   x1.
  15 4.16095e+06 ns (130.03 % of ref, 195.044 % of gated)
        N_ref  bare = 5 / x1.15 = 4
        N_gate bare = 2 / x1.15 = 2
        (0 means not even one voice fits that budget at this ceiling)

F:\projects\iterum\dsp\tests\unit\systems\vorago_perf_test.cpp(868): warning:
  SC-001a / FR-081 ladder  -  kMaxVoices = 8   (solve: N*V + (kMaxVoices - N)*L
  + G + Cavern <= budget)
      using V = 514097, L = 10301.8, G = 489179 (median of the five estimates),
  Cavern = 124497
        N = 1  bare 1.19989e+06 ns (37.4964 % of ref, 56.2446 % of gated)   x1.
  15 1.277e+06 ns (39.9063 % of ref, 59.8594 % of gated)
        N = 2  bare 1.70368e+06 ns (53.24 % of ref, 79.8601 % of gated)   x1.15
  1.85791e+06 ns (58.0597 % of ref, 87.0896 % of gated)
        N = 4  bare 2.71127e+06 ns (84.7273 % of ref, 127.091 % of gated)   x1.
  15 3.01973e+06 ns (94.3666 % of ref, 141.55 % of gated)
        N = 6  bare 3.71886e+06 ns (116.214 % of ref, 174.322 % of gated)   x1.
  15 4.18155e+06 ns (130.673 % of ref, 196.01 % of gated)
        N_ref  bare = 4 / x1.15 = 4
        N_gate bare = 2 / x1.15 = 2
        (0 means not even one voice fits that budget at this ceiling)

-------------------------------------------------------------------------------
VoragoVoice_StageCostProbe
-------------------------------------------------------------------------------
F:\projects\iterum\dsp\tests\unit\systems\vorago_perf_test.cpp(902)
...............................................................................

F:\projects\iterum\dsp\tests\unit\systems\vorago_perf_test.cpp(1246): warning:
  SC-002 - Vorago per-stage breakdown, ns per 512-sample block @ 48 kHz
    measured whole (VoragoVoice): 519271 ns/block
    VOICE COLUMN (rows marked [sum] are the terms SC-003 adds up)
      [sum] cloud : 80648 ns  (15.531 % of the measured whole)
      [sum] noise + decorrelation : 152046 ns  (29.2808 % of the measured
  whole)
      [sum] resonance : 65354.5 ns  (12.5858 % of the measured whole)
      [sum] ecology : 112520 ns  (21.6689 % of the measured whole)
      [sum] bloom (step 2) : 228 ns  (0.0439077 % of the measured whole)
      [----] ecosystem (inside L, NOT summed) : 6190 ns  (1.19206 % of the
  measured whole)
      [sum] body A (StoneChamber) : 35506.5 ns  (6.83776 % of the measured
  whole)
      [sum] body B (SteelTank) : 35440.5 ns  (6.82505 % of the measured whole)
      [sum] envelope + blend : 2277.5 ns  (0.438596 % of the measured whole)
      [sum] L = advanceLifeOnly (step 1 in full) : 10629 ns  (2.04691 % of the
  measured whole)
      sum of [sum] rows : 494651 ns  (95.2587 % of the measured whole)
    ENGINE COLUMN (G's stages; each is paid ONCE, not N times)
      voice sum (V, per sounding slot) : 541150 ns
      atmosphere (A-6: ENGINE column, ACTIVE ghost) : 31623 ns
      subharmonic : 24540.5 ns
      smear : 21904 ns
      output stage (2x saturator + limiter) : 133058 ns
      engine column sum : 752274 ns
    NOTE: the atmosphere row is the ACTIVE ghost (setLevel = kGhostBurstPeak),
  the worst case. VoragoEngine_CpuSurvey's measured totals see it mostly idle,
  because a ghost is an event on a 20-90 s scheduler.
    NOTE: there is NO closure bound here (spec SC-002). Composition is gated
  once, by SC-003, at 1.15.

-------------------------------------------------------------------------------
VoragoVoice_CompositionOverhead
-------------------------------------------------------------------------------
F:\projects\iterum\dsp\tests\unit\systems\vorago_perf_test.cpp(1289)
...............................................................................

F:\projects\iterum\dsp\tests\unit\systems\vorago_perf_test.cpp(1474): warning:
  SC-003 - VoragoVoice composition overhead, ns per 512-sample block @ 48 kHz
      cloud                 : 66847.2
      noise + decorrelation : 148250
      resonance             : 63855
      ecology               : 113106
      bloom (step 2)        : 272
      body A                : 34940.4
      body B                : 32348.6
      envelope + blend      : 2460
      L (step 1 in full)    : 11634.6
      ------------------------------------------
      sum of standalone     : 473713
      measured VoragoVoice  : 530524
      ratio whole / sum     : 1.11993   (bound 1.15)
      bound in ns           : 544770   - if this is exceeded, fix the
  COMPOSITION, never the 1.15 (FR-082)

-------------------------------------------------------------------------------
VoragoVoice_ClearingPathCost
-------------------------------------------------------------------------------
F:\projects\iterum\dsp\tests\unit\systems\vorago_perf_test.cpp(1510)
...............................................................................

F:\projects\iterum\dsp\tests\unit\systems\vorago_perf_test.cpp(1588): warning:
  B-7 clearing-path cost @ 48000 Hz, ns per call
      reset()            : 37948   (CONTROL THREAD ONLY - reaches
  FeedbackEcology::reset()'s O(buffer) wipe)
      resetForRecovery() : 25209   (RT-safe; x1.50534 cheaper than reset())
      resetForSteal()    : 25821   (RT-safe; x1.46966 cheaper)
      silence()          : 26172   (RT-safe; x1.44995 cheaper)
      silence() + resetForSteal() = ONE STEAL : 50651 ns
      one 64-sample control chunk             : 1.33333e+06 ns  (3.79882 % of
  it)  <- kResetsPerControlChunk (= 1) is sized against this

F:\projects\iterum\dsp\tests\unit\systems\vorago_perf_test.cpp(1589): warning:
  B-7 clearing-path cost @ 192000 Hz, ns per call
      reset()            : 160728   (CONTROL THREAD ONLY - reaches
  FeedbackEcology::reset()'s O(buffer) wipe)
      resetForRecovery() : 90182   (RT-safe; x1.78226 cheaper than reset())
      resetForSteal()    : 97539   (RT-safe; x1.64783 cheaper)
      silence()          : 87552   (RT-safe; x1.8358 cheaper)
      silence() + resetForSteal() = ONE STEAL : 178224 ns
      one 64-sample control chunk             : 333333 ns  (53.4672 % of it)
  <- kResetsPerControlChunk (= 1) is sized against this

===============================================================================
test cases:     52 |     50 passed | 2 failed
assertions: 433026 | 433024 passed | 2 failed

exit=2
Mon Sep 21 23:07:25 WEDT 2026
