START 2026-09-30 08:05:28 shard 2/4 (sweep 2: rulings S-1..S-3, Stone Gravity / Slow Bloom re-authored)
Filters: [vorago-sweep] ~[vorago-aggregate]
Randomness seeded to: 275132013
shard 2/4: 10 of 42 indices (N = 42)

=== Vorago_PresetSweep_LongRender (FR-033, SC-012; K = 4) ===
[sweep] index 2: computing / loading record...

Smeared Horizon (index 2): A 155.00 s  Rel 45.00 s  RT60 16.50 s  H 340.00 s  Tail [406.50, 416.50]  Total 416.50 s  freeze tail Off
  take 0 seed  4: finite yes  peak 0.8413  arm1 hi -13.57 dB [yes]  arm2 lo -21.23 dB [yes]  arm3 late-sus +0.89 dB [yes]  arm4 tail -155.81 dB [yes]
  take 1 seed  5: finite yes  peak 0.9661  arm1 hi -9.61 dB [yes]  arm2 lo -20.93 dB [yes]  arm3 late-sus +6.33 dB [yes]  arm4 tail -152.84 dB [yes]
  take 2 seed  6: finite yes  peak 0.7657  arm1 hi -14.59 dB [yes]  arm2 lo -22.54 dB [yes]  arm3 late-sus -0.33 dB [yes]  arm4 tail -145.71 dB [yes]
  take 3 seed  7: finite yes  peak 0.9269  arm1 hi -12.10 dB [yes]  arm2 lo -21.15 dB [yes]  arm3 late-sus +0.21 dB [yes]  arm4 tail -148.14 dB [yes]
[sweep] index 6: computing / loading record...

Colony Pulse (index 6): A 155.00 s  Rel 45.00 s  RT60 9.00 s  H 340.00 s  Tail [399.00, 409.00]  Total 409.00 s  freeze tail Off
  take 0 seed  8: finite yes  peak 0.3238  arm1 hi -20.75 dB [yes]  arm2 lo -27.24 dB [yes]  arm3 late-sus +0.03 dB [yes]  arm4 tail -167.54 dB [yes]
  take 1 seed  9: finite yes  peak 0.2945  arm1 hi -21.28 dB [yes]  arm2 lo -28.09 dB [yes]  arm3 late-sus -2.07 dB [yes]  arm4 tail -168.46 dB [yes]
  take 2 seed 10: finite yes  peak 0.3604  arm1 hi -21.61 dB [yes]  arm2 lo -26.94 dB [yes]  arm3 late-sus +1.08 dB [yes]  arm4 tail -146.51 dB [yes]
  take 3 seed 11: finite yes  peak 0.2826  arm1 hi -22.02 dB [yes]  arm2 lo -27.71 dB [yes]  arm3 late-sus +0.91 dB [yes]  arm4 tail -165.50 dB [yes]
[sweep] index 10: computing / loading record...

Lightless (index 10): A 155.00 s  Rel 45.00 s  RT60 10.00 s  H 340.00 s  Tail [400.00, 410.00]  Total 410.00 s  freeze tail Off
  take 0 seed 13: finite yes  peak 0.1604  arm1 hi -25.36 dB [yes]  arm2 lo -31.43 dB [yes]  arm3 late-sus -2.00 dB [yes]  arm4 tail -174.85 dB [yes]
  take 1 seed 14: finite yes  peak 0.2136  arm1 hi -25.63 dB [yes]  arm2 lo -28.16 dB [yes]  arm3 late-sus +0.78 dB [yes]  arm4 tail -177.77 dB [yes]
  take 2 seed 15: finite yes  peak 0.1564  arm1 hi -25.77 dB [yes]  arm2 lo -33.88 dB [yes]  arm3 late-sus +1.16 dB [yes]  arm4 tail -178.96 dB [yes]
  take 3 seed  0: finite yes  peak 0.1858  arm1 hi -24.97 dB [yes]  arm2 lo -29.30 dB [yes]  arm3 late-sus +1.28 dB [yes]  arm4 tail -177.36 dB [yes]
[sweep] index 14: computing / loading record...

Stone Gravity (index 14): A 155.00 s  Rel 45.00 s  RT60 30.00 s  H 340.00 s  Tail [420.00, 430.00]  Total 430.00 s  freeze tail Off
  take 0 seed  1: finite yes  peak 0.9661  arm1 hi -6.12 dB [yes]  arm2 lo -25.93 dB [yes]  arm3 late-sus +14.32 dB [NO]  arm4 tail -222.26 dB [yes]

~~~~~~~~~~~~~~~~~~~~~~~~~~~~~~~~~~~~~~~~~~~~~~~~~~~~~~~~~~~~~~~~~~~~~~~~~~~~~~~
vorago_tests.exe is a Catch2 v3.4.0 host application.
Run with -? for options

-------------------------------------------------------------------------------
Vorago_PresetSweep_LongRender
-------------------------------------------------------------------------------
F:\projects\iterum\plugins\vorago\tests\integration\preset_sweep_test.cpp(1008)
...............................................................................

F:\projects\iterum\plugins\vorago\tests\integration\preset_sweep_test.cpp(1033): FAILED:
  CHECK( t.armPass[2] )
with expansion:
  false
with message:
  Stone Gravity take 0 (seed 1): peak 0.966051, hi -6.12141, lo -25.925, late-
  sus 14.3197, tail -222.26

  take 1 seed  2: finite yes  peak 0.9661  arm1 hi -6.09 dB [yes]  arm2 lo -23.26 dB [yes]  arm3 late-sus +3.11 dB [yes]  arm4 tail -226.29 dB [yes]
  take 2 seed  3: finite yes  peak 0.9661  arm1 hi -9.14 dB [yes]  arm2 lo -21.92 dB [yes]  arm3 late-sus +6.09 dB [yes]  arm4 tail -226.48 dB [yes]
  take 3 seed  4: finite yes  peak 0.9661  arm1 hi -5.94 dB [NO]  arm2 lo -14.20 dB [yes]  arm3 late-sus -0.44 dB [yes]  arm4 tail -226.31 dB [yes]
F:\projects\iterum\plugins\vorago\tests\integration\preset_sweep_test.cpp(1031): FAILED:
  CHECK( t.armPass[0] )
with expansion:
  false
with message:
  Stone Gravity take 3 (seed 4): peak 0.966051, hi -5.93669, lo -14.1976, late-
  sus -0.440597, tail -226.314

[sweep] index 18: computing / loading record...

Fogbound (index 18): A 155.00 s  Rel 45.00 s  RT60 20.00 s  H 340.00 s  Tail [410.00, 420.00]  Total 420.00 s  freeze tail Off
  take 0 seed  9: finite yes  peak 0.1729  arm1 hi -25.71 dB [yes]  arm2 lo -32.74 dB [yes]  arm3 late-sus -1.08 dB [yes]  arm4 tail -194.69 dB [yes]
  take 1 seed 10: finite yes  peak 0.1782  arm1 hi -25.13 dB [yes]  arm2 lo -31.14 dB [yes]  arm3 late-sus -0.24 dB [yes]  arm4 tail -172.31 dB [yes]
  take 2 seed 11: finite yes  peak 0.1517  arm1 hi -25.42 dB [yes]  arm2 lo -32.16 dB [yes]  arm3 late-sus +0.91 dB [yes]  arm4 tail -175.20 dB [yes]
  take 3 seed 12: finite yes  peak 0.1881  arm1 hi -24.53 dB [yes]  arm2 lo -32.58 dB [yes]  arm3 late-sus -1.73 dB [yes]  arm4 tail -180.39 dB [yes]
[sweep] index 22: computing / loading record...

Bloom Colony (index 22): A 155.00 s  Rel 45.00 s  RT60 15.00 s  H 340.00 s  Tail [405.00, 415.00]  Total 415.00 s  freeze tail Off
  take 0 seed  0: finite yes  peak 0.3025  arm1 hi -20.29 dB [yes]  arm2 lo -21.44 dB [yes]  arm3 late-sus +0.28 dB [yes]  arm4 tail -227.37 dB [yes]
  take 1 seed  1: finite yes  peak 0.2979  arm1 hi -20.14 dB [yes]  arm2 lo -22.19 dB [yes]  arm3 late-sus +0.15 dB [yes]  arm4 tail -218.21 dB [yes]
  take 2 seed  2: finite yes  peak 0.3214  arm1 hi -20.00 dB [yes]  arm2 lo -22.02 dB [yes]  arm3 late-sus +0.66 dB [yes]  arm4 tail -232.60 dB [yes]
  take 3 seed  3: finite yes  peak 0.3080  arm1 hi -20.28 dB [yes]  arm2 lo -21.15 dB [yes]  arm3 late-sus +0.13 dB [yes]  arm4 tail -229.85 dB [yes]
[sweep] index 26: computing / loading record...

Haunted Colony (index 26): A 155.00 s  Rel 45.00 s  RT60 7.00 s  H 340.00 s  Tail [397.00, 407.00]  Total 407.00 s  freeze tail Off
  take 0 seed 12: finite yes  peak 0.1955  arm1 hi -25.02 dB [yes]  arm2 lo -26.35 dB [yes]  arm3 late-sus +0.17 dB [yes]  arm4 tail -183.87 dB [yes]
  take 1 seed 13: finite yes  peak 0.1866  arm1 hi -24.56 dB [yes]  arm2 lo -26.64 dB [yes]  arm3 late-sus -0.82 dB [yes]  arm4 tail -186.25 dB [yes]
  take 2 seed 14: finite yes  peak 0.2140  arm1 hi -24.68 dB [yes]  arm2 lo -25.76 dB [yes]  arm3 late-sus +0.51 dB [yes]  arm4 tail -188.12 dB [yes]
  take 3 seed 15: finite yes  peak 0.2037  arm1 hi -24.82 dB [yes]  arm2 lo -28.38 dB [yes]  arm3 late-sus +0.70 dB [yes]  arm4 tail -181.08 dB [yes]
[sweep] index 30: computing / loading record...

Iron Plate (index 30): A 155.00 s  Rel 45.00 s  RT60 5.00 s  H 340.00 s  Tail [395.00, 405.00]  Total 405.00 s  freeze tail Off
  take 0 seed 10: finite yes  peak 0.1302  arm1 hi -26.52 dB [yes]  arm2 lo -27.43 dB [yes]  arm3 late-sus -0.13 dB [yes]  arm4 tail -198.65 dB [yes]
  take 1 seed 11: finite yes  peak 0.1323  arm1 hi -26.63 dB [yes]  arm2 lo -27.42 dB [yes]  arm3 late-sus +0.04 dB [yes]  arm4 tail -192.89 dB [yes]
  take 2 seed 12: finite yes  peak 0.1289  arm1 hi -26.68 dB [yes]  arm2 lo -28.14 dB [yes]  arm3 late-sus +0.16 dB [yes]  arm4 tail -200.28 dB [yes]
  take 3 seed 13: finite yes  peak 0.1332  arm1 hi -26.35 dB [yes]  arm2 lo -27.05 dB [yes]  arm3 late-sus +0.09 dB [yes]  arm4 tail -205.38 dB [yes]
[sweep] index 34: computing / loading record...

Column Hymn (index 34): A 155.00 s  Rel 45.00 s  RT60 35.00 s  H 340.00 s  Tail [425.00, 435.00]  Total 435.00 s  freeze tail Off
  take 0 seed  0: finite yes  peak 0.3721  arm1 hi -17.77 dB [yes]  arm2 lo -18.70 dB [yes]  arm3 late-sus +0.22 dB [yes]  arm4 tail -240.00 dB [yes]
  take 1 seed  1: finite yes  peak 0.3914  arm1 hi -17.80 dB [yes]  arm2 lo -18.64 dB [yes]  arm3 late-sus +0.04 dB [yes]  arm4 tail -240.00 dB [yes]
  take 2 seed  2: finite yes  peak 0.3820  arm1 hi -17.71 dB [yes]  arm2 lo -19.01 dB [yes]  arm3 late-sus +0.12 dB [yes]  arm4 tail -240.00 dB [yes]
  take 3 seed  3: finite yes  peak 0.3807  arm1 hi -17.66 dB [yes]  arm2 lo -18.39 dB [yes]  arm3 late-sus -0.01 dB [yes]  arm4 tail -240.00 dB [yes]
[sweep] index 38: computing / loading record...

Dead Air (index 38): A 155.00 s  Rel 45.00 s  RT60 20.00 s  H 340.00 s  Tail [410.00, 420.00]  Total 420.00 s  freeze tail Off
  take 0 seed  4: finite yes  peak 0.2557  arm1 hi -21.06 dB [yes]  arm2 lo -21.68 dB [yes]  arm3 late-sus +0.01 dB [yes]  arm4 tail -229.65 dB [yes]
  take 1 seed  5: finite yes  peak 0.2615  arm1 hi -20.89 dB [yes]  arm2 lo -21.84 dB [yes]  arm3 late-sus -0.04 dB [yes]  arm4 tail -227.56 dB [yes]
  take 2 seed  6: finite yes  peak 0.2660  arm1 hi -20.93 dB [yes]  arm2 lo -21.51 dB [yes]  arm3 late-sus +0.14 dB [yes]  arm4 tail -233.06 dB [yes]
  take 3 seed  7: finite yes  peak 0.2508  arm1 hi -20.90 dB [yes]  arm2 lo -21.60 dB [yes]  arm3 late-sus +0.12 dB [yes]  arm4 tail -238.21 dB [yes]
14567.874 s: Vorago_PresetSweep_LongRender
shard 2/4: 10 of 42 indices (N = 42)

=== Vorago_PresetSweep_FreezeGesture (FR-033, SC-024) ===
Cathedral Void (index 7): not in this shard, skipped
0.000 s: Vorago_PresetSweep_FreezeGesture
shard 2/4: 10 of 42 indices (N = 42)

=== Vorago_PresetSweep_SustainAtAllRates (FR-033a, SC-022) ===
[sweep] index 2: computing / loading record...
Smeared Horizon (index 2): [0, 220.00 s]  44.1 kHz finite yes peak 0.9661 hi -9.54 dB  |  96 kHz finite yes peak 0.6985 hi -14.97 dB
[sweep] index 6: computing / loading record...
Colony Pulse (index 6): [0, 220.00 s]  44.1 kHz finite yes peak 0.3146 hi -20.89 dB  |  96 kHz finite yes peak 0.3012 hi -21.77 dB
[sweep] index 10: computing / loading record...
Lightless (index 10): [0, 220.00 s]  44.1 kHz finite yes peak 0.1768 hi -25.41 dB  |  96 kHz finite yes peak 0.1691 hi -25.77 dB
[sweep] index 14: computing / loading record...
Stone Gravity (index 14): [0, 220.00 s]  44.1 kHz finite yes peak 0.9661 hi -5.97 dB  |  96 kHz finite yes peak 0.9661 hi -6.63 dB
-------------------------------------------------------------------------------
Vorago_PresetSweep_SustainAtAllRates
-------------------------------------------------------------------------------
F:\projects\iterum\plugins\vorago\tests\integration\preset_sweep_test.cpp(1087)
...............................................................................

F:\projects\iterum\plugins\vorago\tests\integration\preset_sweep_test.cpp(1104): FAILED:
  CHECK( r.worstHi441 <= VoragoTest::kRunawayDb )
with expansion:
  -5.9658286433 <= -6.0
with message:
  Stone Gravity: 44.1 kHz peak 0.966051 hi -5.96583; 96 kHz peak 0.966051 hi -
  6.62643

[sweep] index 18: computing / loading record...
Fogbound (index 18): [0, 220.00 s]  44.1 kHz finite yes peak 0.1733 hi -25.84 dB  |  96 kHz finite yes peak 0.1573 hi -26.23 dB
[sweep] index 22: computing / loading record...
Bloom Colony (index 22): [0, 220.00 s]  44.1 kHz finite yes peak 0.2937 hi -19.79 dB  |  96 kHz finite yes peak 0.2983 hi -21.29 dB
[sweep] index 26: computing / loading record...
Haunted Colony (index 26): [0, 220.00 s]  44.1 kHz finite yes peak 0.1864 hi -24.58 dB  |  96 kHz finite yes peak 0.1710 hi -25.60 dB
[sweep] index 30: computing / loading record...
Iron Plate (index 30): [0, 220.00 s]  44.1 kHz finite yes peak 0.1319 hi -26.47 dB  |  96 kHz finite yes peak 0.1287 hi -26.76 dB
[sweep] index 34: computing / loading record...
Column Hymn (index 34): [0, 220.00 s]  44.1 kHz finite yes peak 0.3781 hi -17.35 dB  |  96 kHz finite yes peak 0.3350 hi -18.88 dB
[sweep] index 38: computing / loading record...
Dead Air (index 38): [0, 220.00 s]  44.1 kHz finite yes peak 0.2649 hi -20.76 dB  |  96 kHz finite yes peak 0.2287 hi -21.77 dB
0.009 s: Vorago_PresetSweep_SustainAtAllRates
shard 2/4: 11 of 43 indices (N = 42, index N = default surface)

=== Vorago_PresetSweep_AblationVerifiesClaims (FR-012, FR-037, SC-011) ===
[sweep] index 2: computing / loading record...

Smeared Horizon (index 2): primary S3 spectral smear, 2 secondaries, s(P) 1.7994
  cell                         claim state conj rend           d      2s(P)     attrib  sec pri  skip
  S1 noise organism                  yes   yes  yes       0.3115     3.5987    -1.0000  NO  NO   
  S2 resonance drift                 yes   yes  yes       1.8910     3.5987    -1.0000  yes NO   
  S3 spectral smear            PRI   yes   yes  yes       3.9759     3.5987    -1.0000  yes NO   
  S4 feedback ecology                yes   yes  yes       0.2358     3.5987    -1.0000  NO  NO   
  S5 subharmonic                     yes   yes  yes       0.4697     3.5987    -1.0000  NO  NO   
  S6 harmonic bloom                  yes   yes  yes       0.8788     3.5987    -1.0000  NO  NO   
  S7 ecosystem                       yes   yes  yes       2.2420     3.5987    -1.0000  yes NO   
  S8 cavern space                    yes   yes  yes       2.5481     3.5987    -1.0000  yes NO   
  S9 ghost / atmosphere              yes   yes  yes       0.0157     3.5987    -1.0000  NO  NO   
  S10 acoustic body                  yes   yes  yes       0.8339     3.5987    -1.0000  NO  NO   
  M1 Darkness                        NO    yes  NO        0.0000     3.5987    -1.0000  NO  NO   M displacement
  M2 Age                             NO    yes  NO        0.0000     3.5987    -1.0000  NO  NO   M displacement
  M3 Density                         NO    yes  NO        0.0000     3.5987    -1.0000  NO  NO   M displacement
  M4 Movement                        NO    yes  NO        0.0000     3.5987    -1.0000  NO  NO   M displacement
  M5 Gravity                         NO    yes  NO        0.0000     3.5987    -1.0000  NO  NO   M displacement
  M6 Entropy                         NO    yes  NO        0.0000     3.5987    -1.0000  NO  NO   M displacement
  M7 Pressure                        NO    yes  NO        0.0000     3.5987    -1.0000  NO  NO   M displacement
  M8 Weight                          NO    yes  NO        0.0000     3.5987    -1.0000  NO  NO   M displacement
  M9 Fog                             NO    yes  NO        0.0000     3.5987    -1.0000  NO  NO   M displacement
  M10 Life                           NO    yes  NO        0.0000     3.5987    -1.0000  NO  NO   M displacement
  M11 Depth                          NO    yes  NO        0.0000     3.5987    -1.0000  NO  NO   M displacement
  M12 Mass                           NO    yes  NO        0.0000     3.5987    -1.0000  NO  NO   M displacement
  E1 partial -> bloom                yes   yes  yes       1.1887     3.0060     3.3082  NO  NO   
  E2 resonator -> resonance peaks       yes   yes  yes       3.9971     7.4090     3.3082  NO  NO   
  E3 noise -> noise wake             yes   yes  yes       3.1276     3.3232     3.3082  NO  NO   
  E4 feedback -> loop wake           yes   yes  yes       3.1353     2.2051     3.3082  NO  NO   
  E5 ghost -> ghost bursts           yes   yes  yes       3.3005     2.3448     3.3082  NO  NO   
  E6.hi ecosystem sync rate high       NO    yes  NO        0.0000     3.5987    -1.0000  NO  NO   side predicate
  E7.hi ecosystem self-affinity high       NO    yes  NO        0.0000     3.5987    -1.0000  NO  NO   side predicate
  D1.1 material Glass                NO    NO   NO        0.0000     0.0000    -1.0000  NO  NO   state-only kind
  D1.2 material Strings              NO    NO   NO        0.0000     0.0000    -1.0000  NO  NO   state-only kind
  D1.3 material MetalPlate           NO    NO   NO        0.0000     0.0000    -1.0000  NO  NO   state-only kind
  D1.4 material Chamber              NO    NO   NO        0.0000     0.0000    -1.0000  NO  NO   state-only kind
  D1.5 material Ice                  NO    NO   NO        0.0000     0.0000    -1.0000  NO  NO   state-only kind
  D1.6 material StoneChamber         yes   NO   NO        0.0000     0.0000    -1.0000  NO  NO   state-only kind
  D1.7 material SteelTank            yes   NO   NO        0.0000     0.0000    -1.0000  NO  NO   state-only kind
  D1.8 material WoodenHull           NO    NO   NO        0.0000     0.0000    -1.0000  NO  NO   state-only kind
  D1.9 material CathedralColumn       NO    NO   NO        0.0000     0.0000    -1.0000  NO  NO   state-only kind
  D1.10 material CavernWall          NO    NO   NO        0.0000     0.0000    -1.0000  NO  NO   state-only kind
  D1.11 material GlassSphere         NO    NO   NO        0.0000     0.0000    -1.0000  NO  NO   state-only kind
  D2 body blend both heard           yes   NO   NO        0.0000     0.0000    -1.0000  NO  NO   state-only kind
  D3.1 noise model Direct            yes   NO   NO        0.0000     0.0000    -1.0000  NO  NO   state-only kind
  D3.2 noise model FilteredWind       yes   NO   NO        0.0000     0.0000    -1.0000  NO  NO   state-only kind
  D3.3 noise model GranularDust       yes   NO   NO        0.0000     0.0000    -1.0000  NO  NO   state-only kind
  D3.4 noise model MetallicHiss       yes   NO   NO        0.0000     0.0000    -1.0000  NO  NO   state-only kind
  D4.1 noise type White              NO    NO   NO        0.0000     0.0000    -1.0000  NO  NO   state-only kind
  D4.2 noise type Pink               NO    NO   NO        0.0000     0.0000    -1.0000  NO  NO   state-only kind
  D4.3 noise type TapeHiss           NO    NO   NO        0.0000     0.0000    -1.0000  NO  NO   state-only kind
  D4.4 noise type VinylCrackle       NO    NO   NO        0.0000     0.0000    -1.0000  NO  NO   state-only kind
  D4.5 noise type Asperity           NO    NO   NO        0.0000     0.0000    -1.0000  NO  NO   state-only kind
  D4.6 noise type Brown              yes   NO   NO        0.0000     0.0000    -1.0000  NO  NO   state-only kind
  D4.7 noise type Blue               NO    NO   NO        0.0000     0.0000    -1.0000  NO  NO   state-only kind
  D4.8 noise type Violet             NO    NO   NO        0.0000     0.0000    -1.0000  NO  NO   state-only kind
  D4.9 noise type Grey               NO    NO   NO        0.0000     0.0000    -1.0000  NO  NO   state-only kind
  D4.10 noise type Velvet            NO    NO   NO        0.0000     0.0000    -1.0000  NO  NO   state-only kind
  D4.11 noise type VinylRumble       NO    NO   NO        0.0000     0.0000    -1.0000  NO  NO   state-only kind
  D4.12 noise type RadioStatic       NO    NO   NO        0.0000     0.0000    -1.0000  NO  NO   state-only kind
  D5.1 anchor Free                   NO    yes  NO        0.0000     0.0000    -1.0000  NO  NO   state-only kind
  D5.2 anchor Keyed                  NO    yes  NO        0.0000     0.0000    -1.0000  NO  NO   state-only kind
  D5.3 anchor Hybrid                 yes   yes  NO        0.0000     0.0000    -1.0000  yes NO   state-only kind
  D6.1 loop filter Lowpass           yes   NO   NO        0.0000     0.0000    -1.0000  NO  NO   state-only kind
  D6.2 loop filter Bandpass          NO    NO   NO        0.0000     0.0000    -1.0000  NO  NO   state-only kind
  D6.3 loop filter Highpass          NO    NO   NO        0.0000     0.0000    -1.0000  NO  NO   state-only kind
  D7.1 loudest sub f/2               yes   NO   NO        0.0000     0.0000    -1.0000  NO  NO   state-only kind
  D7.2 loudest sub f/4               NO    NO   NO        0.0000     0.0000    -1.0000  NO  NO   state-only kind
  D7.3 loudest sub fifth below       NO    NO   NO        0.0000     0.0000    -1.0000  NO  NO   state-only kind
  D8.1 envelope Standard       sec   yes   yes  NO        0.0000     0.0000    -1.0000  yes NO   state-only kind
  D8.2 envelope Growth               NO    yes  NO        0.0000     0.0000    -1.0000  NO  NO   state-only kind
  D9.1 attack span <= 10 s           NO    yes  NO        0.0000     0.0000    -1.0000  NO  NO   state-only kind
  D9.2 attack span >= 90 s           yes   yes  NO        0.0000     0.0000    -1.0000  yes NO   state-only kind
  D10.1 freeze holds a field         NO    NO   NO        0.0000     0.0000    -1.0000  NO  NO   state-only kind
  D10.2 freeze off             sec   yes   yes  NO        0.0000     0.0000    -1.0000  yes NO   state-only kind
  D11 ghost reverse >= 0.5           NO    NO   NO        0.0000     0.0000    -1.0000  NO  NO   state-only kind
  D12.1 ghost event triggers on       NO    NO   NO        0.0000     0.0000    -1.0000  NO  NO   state-only kind
  D12.2 ghost event triggers off       yes   yes  NO        0.0000     0.0000    -1.0000  yes NO   state-only kind
  D13.1 event rate scale <= 0.3       NO    yes  NO        0.0000     3.5987    -1.0000  NO  NO   state false
  D13.2 event rate scale >= 3.0       NO    yes  NO        0.0000     3.5987    -1.0000  NO  NO   state false
  D14.1 breathing depth >= 0.7       NO    yes  NO        0.0000     3.5987    -1.0000  NO  NO   state false
  D14.2 tidal depth >= 0.7           NO    yes  NO        0.0000     3.5987    -1.0000  NO  NO   state false
-------------------------------------------------------------------------------
Vorago_PresetSweep_AblationVerifiesClaims
-------------------------------------------------------------------------------
F:\projects\iterum\plugins\vorago\tests\integration\preset_sweep_test.cpp(1111)
...............................................................................

F:\projects\iterum\plugins\vorago\tests\integration\preset_sweep_test.cpp(1164): FAILED:
  CHECK( VoragoTest::verifiedAt(o, primary, ClaimRole::Primary) )
with expansion:
  false
with message:
  Smeared Horizon primary S3 spectral smear: d 3.9759, 2s(P) 3.59873, attrib -
  1, skip []

[sweep] index 6: computing / loading record...

Colony Pulse (index 6): primary S7 ecosystem, 1 secondaries, s(P) 2.4494
  cell                         claim state conj rend           d      2s(P)     attrib  sec pri  skip
  S1 noise organism                  yes   yes  yes       2.0481     4.8989    -1.0000  yes NO   
  S2 resonance drift                 yes   yes  yes       1.9510     4.8989    -1.0000  yes NO   
  S3 spectral smear                  yes   yes  yes       5.0071     4.8989    -1.0000  yes yes  
  S4 feedback ecology                yes   yes  yes       0.0113     4.8989    -1.0000  NO  NO   
  S5 subharmonic                     yes   yes  yes       2.3850     4.8989    -1.0000  yes NO   
  S6 harmonic bloom                  yes   yes  yes       0.1294     4.8989    -1.0000  NO  NO   
  S7 ecosystem                 PRI   yes   yes  yes       2.7778     4.8989    -1.0000  yes NO   
  S8 cavern space                    yes   yes  yes       1.8074     4.8989    -1.0000  yes NO   
  S9 ghost / atmosphere              yes   yes  yes       0.2101     4.8989    -1.0000  NO  NO   
  S10 acoustic body                  yes   yes  yes       9.6867     4.8989    -1.0000  yes yes  
  M1 Darkness                        NO    yes  NO        0.0000     4.8989    -1.0000  NO  NO   M displacement
  M2 Age                             NO    yes  NO        0.0000     4.8989    -1.0000  NO  NO   M displacement
  M3 Density                         NO    yes  NO        0.0000     4.8989    -1.0000  NO  NO   M displacement
  M4 Movement                        NO    yes  NO        0.0000     4.8989    -1.0000  NO  NO   M displacement
  M5 Gravity                         NO    yes  NO        0.0000     4.8989    -1.0000  NO  NO   M displacement
  M6 Entropy                         NO    yes  NO        0.0000     4.8989    -1.0000  NO  NO   M displacement
  M7 Pressure                        NO    yes  NO        0.0000     4.8989    -1.0000  NO  NO   M displacement
  M8 Weight                          NO    yes  NO        0.0000     4.8989    -1.0000  NO  NO   M displacement
  M9 Fog                             NO    yes  NO        0.0000     4.8989    -1.0000  NO  NO   M displacement
  M10 Life                           NO    yes  NO        0.0000     4.8989    -1.0000  NO  NO   M displacement
  M11 Depth                          NO    yes  NO        0.0000     4.8989    -1.0000  NO  NO   M displacement
  M12 Mass                           NO    yes  NO        0.0000     4.8989    -1.0000  NO  NO   M displacement
  E1 partial -> bloom                yes   yes  yes       0.3050     7.0936     0.4424  NO  NO   
  E2 resonator -> resonance peaks       yes   yes  yes       1.1354    11.9332     0.4424  NO  NO   
  E3 noise -> noise wake             yes   yes  yes       1.5205     4.2117     0.4424  NO  NO   
  E4 feedback -> loop wake           yes   yes  yes       0.4452     7.0162     0.4424  NO  NO   
  E5 ghost -> ghost bursts           yes   yes  yes       0.5386    10.7906     0.4424  NO  NO   
  E6.hi ecosystem sync rate high       NO    yes  NO        0.0000     4.8989    -1.0000  NO  NO   side predicate
  E7.hi ecosystem self-affinity high       NO    yes  NO        0.0000     4.8989    -1.0000  NO  NO   side predicate
  D1.1 material Glass                NO    yes  NO        0.0000     0.0000    -1.0000  NO  NO   state-only kind
  D1.2 material Strings              NO    yes  NO        0.0000     0.0000    -1.0000  NO  NO   state-only kind
  D1.3 material MetalPlate           NO    yes  NO        0.0000     0.0000    -1.0000  NO  NO   state-only kind
  D1.4 material Chamber              NO    yes  NO        0.0000     0.0000    -1.0000  NO  NO   state-only kind
  D1.5 material Ice                  NO    yes  NO        0.0000     0.0000    -1.0000  NO  NO   state-only kind
  D1.6 material StoneChamber         yes   yes  NO        0.0000     0.0000    -1.0000  yes NO   state-only kind
  D1.7 material SteelTank            yes   yes  NO        0.0000     0.0000    -1.0000  yes NO   state-only kind
  D1.8 material WoodenHull           NO    yes  NO        0.0000     0.0000    -1.0000  NO  NO   state-only kind
  D1.9 material CathedralColumn       NO    yes  NO        0.0000     0.0000    -1.0000  NO  NO   state-only kind
  D1.10 material CavernWall          NO    yes  NO        0.0000     0.0000    -1.0000  NO  NO   state-only kind
  D1.11 material GlassSphere         NO    yes  NO        0.0000     0.0000    -1.0000  NO  NO   state-only kind
  D2 body blend both heard           yes   yes  NO        0.0000     0.0000    -1.0000  yes NO   state-only kind
  D3.1 noise model Direct            yes   yes  NO        0.0000     0.0000    -1.0000  yes NO   state-only kind
  D3.2 noise model FilteredWind       yes   yes  NO        0.0000     0.0000    -1.0000  yes NO   state-only kind
  D3.3 noise model GranularDust       yes   yes  NO        0.0000     0.0000    -1.0000  yes NO   state-only kind
  D3.4 noise model MetallicHiss       yes   yes  NO        0.0000     0.0000    -1.0000  yes NO   state-only kind
  D4.1 noise type White              NO    yes  NO        0.0000     0.0000    -1.0000  NO  NO   state-only kind
  D4.2 noise type Pink               NO    yes  NO        0.0000     0.0000    -1.0000  NO  NO   state-only kind
  D4.3 noise type TapeHiss           NO    yes  NO        0.0000     0.0000    -1.0000  NO  NO   state-only kind
  D4.4 noise type VinylCrackle       NO    yes  NO        0.0000     0.0000    -1.0000  NO  NO   state-only kind
  D4.5 noise type Asperity           NO    yes  NO        0.0000     0.0000    -1.0000  NO  NO   state-only kind
  D4.6 noise type Brown              yes   yes  NO        0.0000     0.0000    -1.0000  yes NO   state-only kind
  D4.7 noise type Blue               NO    yes  NO        0.0000     0.0000    -1.0000  NO  NO   state-only kind
  D4.8 noise type Violet             NO    yes  NO        0.0000     0.0000    -1.0000  NO  NO   state-only kind
  D4.9 noise type Grey               NO    yes  NO        0.0000     0.0000    -1.0000  NO  NO   state-only kind
  D4.10 noise type Velvet            NO    yes  NO        0.0000     0.0000    -1.0000  NO  NO   state-only kind
  D4.11 noise type VinylRumble       NO    yes  NO        0.0000     0.0000    -1.0000  NO  NO   state-only kind
  D4.12 noise type RadioStatic       NO    yes  NO        0.0000     0.0000    -1.0000  NO  NO   state-only kind
  D5.1 anchor Free                   NO    yes  NO        0.0000     0.0000    -1.0000  NO  NO   state-only kind
  D5.2 anchor Keyed                  NO    yes  NO        0.0000     0.0000    -1.0000  NO  NO   state-only kind
  D5.3 anchor Hybrid                 yes   yes  NO        0.0000     0.0000    -1.0000  yes NO   state-only kind
  D6.1 loop filter Lowpass           yes   NO   NO        0.0000     0.0000    -1.0000  NO  NO   state-only kind
  D6.2 loop filter Bandpass          NO    NO   NO        0.0000     0.0000    -1.0000  NO  NO   state-only kind
  D6.3 loop filter Highpass          NO    NO   NO        0.0000     0.0000    -1.0000  NO  NO   state-only kind
  D7.1 loudest sub f/2               yes   yes  NO        0.0000     0.0000    -1.0000  yes NO   state-only kind
  D7.2 loudest sub f/4               NO    yes  NO        0.0000     0.0000    -1.0000  NO  NO   state-only kind
  D7.3 loudest sub fifth below       NO    yes  NO        0.0000     0.0000    -1.0000  NO  NO   state-only kind
  D8.1 envelope Standard             yes   yes  NO        0.0000     0.0000    -1.0000  yes NO   state-only kind
  D8.2 envelope Growth               NO    yes  NO        0.0000     0.0000    -1.0000  NO  NO   state-only kind
  D9.1 attack span <= 10 s           NO    yes  NO        0.0000     0.0000    -1.0000  NO  NO   state-only kind
  D9.2 attack span >= 90 s           yes   yes  NO        0.0000     0.0000    -1.0000  yes NO   state-only kind
  D10.1 freeze holds a field         NO    NO   NO        0.0000     0.0000    -1.0000  NO  NO   state-only kind
  D10.2 freeze off                   yes   yes  NO        0.0000     0.0000    -1.0000  yes NO   state-only kind
  D11 ghost reverse >= 0.5           NO    NO   NO        0.0000     0.0000    -1.0000  NO  NO   state-only kind
  D12.1 ghost event triggers on       NO    NO   NO        0.0000     0.0000    -1.0000  NO  NO   state-only kind
  D12.2 ghost event triggers off       yes   yes  NO        0.0000     0.0000    -1.0000  yes NO   state-only kind
  D13.1 event rate scale <= 0.3       NO    yes  NO        0.0000     4.8989    -1.0000  NO  NO   state false
  D13.2 event rate scale >= 3.0 sec   yes   yes  yes       0.2924     4.8989    -1.0000  NO  NO   
  D14.1 breathing depth >= 0.7       NO    yes  NO        0.0000     4.8989    -1.0000  NO  NO   state false
  D14.2 tidal depth >= 0.7           NO    yes  NO        0.0000     4.8989    -1.0000  NO  NO   state false
F:\projects\iterum\plugins\vorago\tests\integration\preset_sweep_test.cpp(1164): FAILED:
  CHECK( VoragoTest::verifiedAt(o, primary, ClaimRole::Primary) )
with expansion:
  false
with message:
  Colony Pulse primary S7 ecosystem: d 2.7778, 2s(P) 4.89886, attrib -1, skip
  []

F:\projects\iterum\plugins\vorago\tests\integration\preset_sweep_test.cpp(1171): FAILED:
  CHECK( VoragoTest::verifiedAt(o, c, ClaimRole::Secondary) )
with expansion:
  false
with message:
  Colony Pulse secondary D13.2 event rate scale >= 3.0: d 0.292449, 2s(P) 4.
  89886, attrib -1, skip []

[sweep] index 10: computing / loading record...

Lightless (index 10): primary M1 Darkness, 1 secondaries, s(P) 1.2398
  cell                         claim state conj rend           d      2s(P)     attrib  sec pri  skip
  S1 noise organism                  yes   yes  yes       0.5425     2.4796    -1.0000  NO  NO   
  S2 resonance drift                 yes   yes  yes       5.3525     2.4796    -1.0000  yes yes  
  S3 spectral smear                  yes   yes  yes       2.3216     2.4796    -1.0000  yes NO   
  S4 feedback ecology                yes   yes  yes       0.0006     2.4796    -1.0000  NO  NO   
  S5 subharmonic                     yes   yes  yes       2.4384     2.4796    -1.0000  yes NO   
  S6 harmonic bloom                  yes   yes  yes       0.3768     2.4796    -1.0000  NO  NO   
  S7 ecosystem                       yes   yes  yes       5.2024     2.4796    -1.0000  yes yes  
  S8 cavern space                    yes   yes  yes       6.8059     2.4796    -1.0000  yes yes  
  S9 ghost / atmosphere              yes   yes  yes       0.0895     2.4796    -1.0000  NO  NO   
  S10 acoustic body                  yes   yes  yes      15.7008     2.4796    -1.0000  yes yes  
  M1 Darkness                  PRI   yes   yes  yes       4.1397     2.4796    -1.0000  yes yes  
  M2 Age                             NO    yes  NO        0.0000     2.4796    -1.0000  NO  NO   M displacement
  M3 Density                         NO    yes  NO        0.0000     2.4796    -1.0000  NO  NO   M displacement
  M4 Movement                        NO    yes  NO        0.0000     2.4796    -1.0000  NO  NO   M displacement
  M5 Gravity                         NO    yes  NO        0.0000     2.4796    -1.0000  NO  NO   M displacement
  M6 Entropy                         NO    yes  NO        0.0000     2.4796    -1.0000  NO  NO   M displacement
  M7 Pressure                        NO    yes  NO        0.0000     2.4796    -1.0000  NO  NO   M displacement
  M8 Weight                          NO    yes  NO        0.0000     2.4796    -1.0000  NO  NO   M displacement
  M9 Fog                             NO    yes  NO        0.0000     2.4796    -1.0000  NO  NO   M displacement
  M10 Life                           NO    yes  NO        0.0000     2.4796    -1.0000  NO  NO   M displacement
  M11 Depth                          NO    yes  NO        0.0000     2.4796    -1.0000  NO  NO   M displacement
  M12 Mass                           NO    yes  NO        0.0000     2.4796    -1.0000  NO  NO   M displacement
  E1 partial -> bloom                yes   yes  yes       0.5330     1.6595     0.5247  NO  NO   
  E2 resonator -> resonance peaks       yes   yes  yes       5.2656     5.8987     0.5247  yes yes  
  E3 noise -> noise wake             yes   yes  yes       0.5658     1.5432     0.5247  NO  NO   
  E4 feedback -> loop wake           yes   yes  yes       0.5248     1.4568     0.5247  NO  NO   
  E5 ghost -> ghost bursts           yes   yes  yes       0.5084     1.4320     0.5247  NO  NO   
  E6.hi ecosystem sync rate high       NO    yes  NO        0.0000     2.4796    -1.0000  NO  NO   side predicate
  E7.hi ecosystem self-affinity high       NO    yes  NO        0.0000     2.4796    -1.0000  NO  NO   side predicate
  D1.1 material Glass                NO    yes  NO        0.0000     0.0000    -1.0000  NO  NO   state-only kind
  D1.2 material Strings              NO    yes  NO        0.0000     0.0000    -1.0000  NO  NO   state-only kind
  D1.3 material MetalPlate           NO    yes  NO        0.0000     0.0000    -1.0000  NO  NO   state-only kind
  D1.4 material Chamber              NO    yes  NO        0.0000     0.0000    -1.0000  NO  NO   state-only kind
  D1.5 material Ice                  NO    yes  NO        0.0000     0.0000    -1.0000  NO  NO   state-only kind
  D1.6 material StoneChamber         yes   yes  NO        0.0000     0.0000    -1.0000  yes NO   state-only kind
  D1.7 material SteelTank            yes   yes  NO        0.0000     0.0000    -1.0000  yes NO   state-only kind
  D1.8 material WoodenHull           NO    yes  NO        0.0000     0.0000    -1.0000  NO  NO   state-only kind
  D1.9 material CathedralColumn       NO    yes  NO        0.0000     0.0000    -1.0000  NO  NO   state-only kind
  D1.10 material CavernWall          NO    yes  NO        0.0000     0.0000    -1.0000  NO  NO   state-only kind
  D1.11 material GlassSphere         NO    yes  NO        0.0000     0.0000    -1.0000  NO  NO   state-only kind
  D2 body blend both heard           yes   yes  NO        0.0000     0.0000    -1.0000  yes NO   state-only kind
  D3.1 noise model Direct            yes   NO   NO        0.0000     0.0000    -1.0000  NO  NO   state-only kind
  D3.2 noise model FilteredWind       yes   NO   NO        0.0000     0.0000    -1.0000  NO  NO   state-only kind
  D3.3 noise model GranularDust       yes   NO   NO        0.0000     0.0000    -1.0000  NO  NO   state-only kind
  D3.4 noise model MetallicHiss       yes   NO   NO        0.0000     0.0000    -1.0000  NO  NO   state-only kind
  D4.1 noise type White              NO    NO   NO        0.0000     0.0000    -1.0000  NO  NO   state-only kind
  D4.2 noise type Pink               NO    NO   NO        0.0000     0.0000    -1.0000  NO  NO   state-only kind
  D4.3 noise type TapeHiss           NO    NO   NO        0.0000     0.0000    -1.0000  NO  NO   state-only kind
  D4.4 noise type VinylCrackle       NO    NO   NO        0.0000     0.0000    -1.0000  NO  NO   state-only kind
  D4.5 noise type Asperity           NO    NO   NO        0.0000     0.0000    -1.0000  NO  NO   state-only kind
  D4.6 noise type Brown              yes   NO   NO        0.0000     0.0000    -1.0000  NO  NO   state-only kind
  D4.7 noise type Blue               NO    NO   NO        0.0000     0.0000    -1.0000  NO  NO   state-only kind
  D4.8 noise type Violet             NO    NO   NO        0.0000     0.0000    -1.0000  NO  NO   state-only kind
  D4.9 noise type Grey               NO    NO   NO        0.0000     0.0000    -1.0000  NO  NO   state-only kind
  D4.10 noise type Velvet            NO    NO   NO        0.0000     0.0000    -1.0000  NO  NO   state-only kind
  D4.11 noise type VinylRumble       NO    NO   NO        0.0000     0.0000    -1.0000  NO  NO   state-only kind
  D4.12 noise type RadioStatic       NO    NO   NO        0.0000     0.0000    -1.0000  NO  NO   state-only kind
  D5.1 anchor Free                   NO    yes  NO        0.0000     0.0000    -1.0000  NO  NO   state-only kind
  D5.2 anchor Keyed                  NO    yes  NO        0.0000     0.0000    -1.0000  NO  NO   state-only kind
  D5.3 anchor Hybrid                 yes   yes  NO        0.0000     0.0000    -1.0000  yes NO   state-only kind
  D6.1 loop filter Lowpass           yes   NO   NO        0.0000     0.0000    -1.0000  NO  NO   state-only kind
  D6.2 loop filter Bandpass          NO    NO   NO        0.0000     0.0000    -1.0000  NO  NO   state-only kind
  D6.3 loop filter Highpass          NO    NO   NO        0.0000     0.0000    -1.0000  NO  NO   state-only kind
  D7.1 loudest sub f/2               yes   yes  NO        0.0000     0.0000    -1.0000  yes NO   state-only kind
  D7.2 loudest sub f/4               NO    yes  NO        0.0000     0.0000    -1.0000  NO  NO   state-only kind
  D7.3 loudest sub fifth below       NO    yes  NO        0.0000     0.0000    -1.0000  NO  NO   state-only kind
  D8.1 envelope Standard             yes   yes  NO        0.0000     0.0000    -1.0000  yes NO   state-only kind
  D8.2 envelope Growth               NO    yes  NO        0.0000     0.0000    -1.0000  NO  NO   state-only kind
  D9.1 attack span <= 10 s           NO    yes  NO        0.0000     0.0000    -1.0000  NO  NO   state-only kind
  D9.2 attack span >= 90 s           yes   yes  NO        0.0000     0.0000    -1.0000  yes NO   state-only kind
  D10.1 freeze holds a field         NO    NO   NO        0.0000     0.0000    -1.0000  NO  NO   state-only kind
  D10.2 freeze off                   yes   yes  NO        0.0000     0.0000    -1.0000  yes NO   state-only kind
  D11 ghost reverse >= 0.5           NO    NO   NO        0.0000     0.0000    -1.0000  NO  NO   state-only kind
  D12.1 ghost event triggers on       NO    NO   NO        0.0000     0.0000    -1.0000  NO  NO   state-only kind
  D12.2 ghost event triggers off sec   yes   yes  NO        0.0000     0.0000    -1.0000  yes NO   state-only kind
  D13.1 event rate scale <= 0.3       NO    yes  NO        0.0000     2.4796    -1.0000  NO  NO   state false
  D13.2 event rate scale >= 3.0       NO    yes  NO        0.0000     2.4796    -1.0000  NO  NO   state false
  D14.1 breathing depth >= 0.7       NO    yes  NO        0.0000     2.4796    -1.0000  NO  NO   state false
  D14.2 tidal depth >= 0.7           NO    yes  NO        0.0000     2.4796    -1.0000  NO  NO   state false
[sweep] index 14: computing / loading record...

Stone Gravity (index 14): primary M5 Gravity, 1 secondaries, s(P) 3.4796
  cell                         claim state conj rend           d      2s(P)     attrib  sec pri  skip
  S1 noise organism                  yes   yes  yes       2.5930     6.9592    -1.0000  yes NO   
  S2 resonance drift                 yes   yes  yes       2.9288     6.9592    -1.0000  yes NO   
  S3 spectral smear                  yes   yes  yes       0.1532     6.9592    -1.0000  NO  NO   
  S4 feedback ecology                yes   yes  yes       0.2329     6.9592    -1.0000  NO  NO   
  S5 subharmonic                     yes   yes  yes       0.3673     6.9592    -1.0000  NO  NO   
  S6 harmonic bloom                  yes   yes  yes       0.0000     6.9592    -1.0000  NO  NO   
  S7 ecosystem                       yes   yes  yes       3.3367     6.9592    -1.0000  yes NO   
  S8 cavern space                    yes   yes  yes       8.9932     6.9592    -1.0000  yes yes  
  S9 ghost / atmosphere              yes   yes  yes       0.0131     6.9592    -1.0000  NO  NO   
  S10 acoustic body                  yes   yes  yes       0.6512     6.9592    -1.0000  NO  NO   
  M1 Darkness                        NO    yes  NO        0.0000     6.9592    -1.0000  NO  NO   M displacement
  M2 Age                             NO    yes  NO        0.0000     6.9592    -1.0000  NO  NO   M displacement
  M3 Density                         NO    yes  NO        0.0000     6.9592    -1.0000  NO  NO   M displacement
  M4 Movement                        NO    yes  NO        0.0000     6.9592    -1.0000  NO  NO   M displacement
  M5 Gravity                   PRI   yes   yes  yes       3.4638     6.9592    -1.0000  yes NO   
  M6 Entropy                         NO    yes  NO        0.0000     6.9592    -1.0000  NO  NO   M displacement
  M7 Pressure                        NO    yes  NO        0.0000     6.9592    -1.0000  NO  NO   M displacement
  M8 Weight                          NO    yes  NO        0.0000     6.9592    -1.0000  NO  NO   M displacement
  M9 Fog                             NO    yes  NO        0.0000     6.9592    -1.0000  NO  NO   M displacement
  M10 Life                           NO    yes  NO        0.0000     6.9592    -1.0000  NO  NO   M displacement
  M11 Depth                          NO    yes  NO        0.0000     6.9592    -1.0000  NO  NO   M displacement
  M12 Mass                           NO    yes  NO        0.0000     6.9592    -1.0000  NO  NO   M displacement
  E1 partial -> bloom                yes   yes  yes       0.7488     4.9809     0.7488  NO  NO   
  E2 resonator -> resonance peaks       yes   yes  yes       3.0911     9.0034     0.7488  yes NO   
  E3 noise -> noise wake             yes   yes  yes       2.3617     4.1682     0.7488  yes NO   
  E4 feedback -> loop wake           yes   yes  yes       0.6190     5.1206     0.7488  NO  NO   
  E5 ghost -> ghost bursts           yes   yes  yes       0.7887     5.0336     0.7488  NO  NO   
  E6.hi ecosystem sync rate high       NO    yes  NO        0.0000     6.9592    -1.0000  NO  NO   side predicate
  E7.hi ecosystem self-affinity high       NO    yes  NO        0.0000     6.9592    -1.0000  NO  NO   side predicate
  D1.1 material Glass                NO    NO   NO        0.0000     0.0000    -1.0000  NO  NO   state-only kind
  D1.2 material Strings              NO    NO   NO        0.0000     0.0000    -1.0000  NO  NO   state-only kind
  D1.3 material MetalPlate           NO    NO   NO        0.0000     0.0000    -1.0000  NO  NO   state-only kind
  D1.4 material Chamber              NO    NO   NO        0.0000     0.0000    -1.0000  NO  NO   state-only kind
  D1.5 material Ice                  NO    NO   NO        0.0000     0.0000    -1.0000  NO  NO   state-only kind
  D1.6 material StoneChamber         yes   NO   NO        0.0000     0.0000    -1.0000  NO  NO   state-only kind
  D1.7 material SteelTank            yes   NO   NO        0.0000     0.0000    -1.0000  NO  NO   state-only kind
  D1.8 material WoodenHull           NO    NO   NO        0.0000     0.0000    -1.0000  NO  NO   state-only kind
  D1.9 material CathedralColumn       NO    NO   NO        0.0000     0.0000    -1.0000  NO  NO   state-only kind
  D1.10 material CavernWall          NO    NO   NO        0.0000     0.0000    -1.0000  NO  NO   state-only kind
  D1.11 material GlassSphere         NO    NO   NO        0.0000     0.0000    -1.0000  NO  NO   state-only kind
  D2 body blend both heard           yes   NO   NO        0.0000     0.0000    -1.0000  NO  NO   state-only kind
  D3.1 noise model Direct            yes   yes  NO        0.0000     0.0000    -1.0000  yes NO   state-only kind
  D3.2 noise model FilteredWind       yes   yes  NO        0.0000     0.0000    -1.0000  yes NO   state-only kind
  D3.3 noise model GranularDust       yes   yes  NO        0.0000     0.0000    -1.0000  yes NO   state-only kind
  D3.4 noise model MetallicHiss       yes   yes  NO        0.0000     0.0000    -1.0000  yes NO   state-only kind
  D4.1 noise type White              NO    yes  NO        0.0000     0.0000    -1.0000  NO  NO   state-only kind
  D4.2 noise type Pink               NO    yes  NO        0.0000     0.0000    -1.0000  NO  NO   state-only kind
  D4.3 noise type TapeHiss           NO    yes  NO        0.0000     0.0000    -1.0000  NO  NO   state-only kind
  D4.4 noise type VinylCrackle       NO    yes  NO        0.0000     0.0000    -1.0000  NO  NO   state-only kind
  D4.5 noise type Asperity           NO    yes  NO        0.0000     0.0000    -1.0000  NO  NO   state-only kind
  D4.6 noise type Brown              yes   yes  NO        0.0000     0.0000    -1.0000  yes NO   state-only kind
  D4.7 noise type Blue               NO    yes  NO        0.0000     0.0000    -1.0000  NO  NO   state-only kind
  D4.8 noise type Violet             NO    yes  NO        0.0000     0.0000    -1.0000  NO  NO   state-only kind
  D4.9 noise type Grey               NO    yes  NO        0.0000     0.0000    -1.0000  NO  NO   state-only kind
  D4.10 noise type Velvet            NO    yes  NO        0.0000     0.0000    -1.0000  NO  NO   state-only kind
  D4.11 noise type VinylRumble       NO    yes  NO        0.0000     0.0000    -1.0000  NO  NO   state-only kind
  D4.12 noise type RadioStatic       NO    yes  NO        0.0000     0.0000    -1.0000  NO  NO   state-only kind
  D5.1 anchor Free                   NO    yes  NO        0.0000     0.0000    -1.0000  NO  NO   state-only kind
  D5.2 anchor Keyed                  NO    yes  NO        0.0000     0.0000    -1.0000  NO  NO   state-only kind
  D5.3 anchor Hybrid           sec   yes   yes  NO        0.0000     0.0000    -1.0000  yes NO   state-only kind
  D6.1 loop filter Lowpass           yes   NO   NO        0.0000     0.0000    -1.0000  NO  NO   state-only kind
  D6.2 loop filter Bandpass          NO    NO   NO        0.0000     0.0000    -1.0000  NO  NO   state-only kind
  D6.3 loop filter Highpass          NO    NO   NO        0.0000     0.0000    -1.0000  NO  NO   state-only kind
  D7.1 loudest sub f/2               yes   NO   NO        0.0000     0.0000    -1.0000  NO  NO   state-only kind
  D7.2 loudest sub f/4               NO    NO   NO        0.0000     0.0000    -1.0000  NO  NO   state-only kind
  D7.3 loudest sub fifth below       NO    NO   NO        0.0000     0.0000    -1.0000  NO  NO   state-only kind
  D8.1 envelope Standard             yes   yes  NO        0.0000     0.0000    -1.0000  yes NO   state-only kind
  D8.2 envelope Growth               NO    yes  NO        0.0000     0.0000    -1.0000  NO  NO   state-only kind
  D9.1 attack span <= 10 s           NO    yes  NO        0.0000     0.0000    -1.0000  NO  NO   state-only kind
  D9.2 attack span >= 90 s           yes   yes  NO        0.0000     0.0000    -1.0000  yes NO   state-only kind
  D10.1 freeze holds a field         NO    NO   NO        0.0000     0.0000    -1.0000  NO  NO   state-only kind
  D10.2 freeze off                   yes   yes  NO        0.0000     0.0000    -1.0000  yes NO   state-only kind
  D11 ghost reverse >= 0.5           NO    NO   NO        0.0000     0.0000    -1.0000  NO  NO   state-only kind
  D12.1 ghost event triggers on       NO    NO   NO        0.0000     0.0000    -1.0000  NO  NO   state-only kind
  D12.2 ghost event triggers off       yes   yes  NO        0.0000     0.0000    -1.0000  yes NO   state-only kind
  D13.1 event rate scale <= 0.3       NO    yes  NO        0.0000     6.9592    -1.0000  NO  NO   state false
  D13.2 event rate scale >= 3.0       NO    yes  NO        0.0000     6.9592    -1.0000  NO  NO   state false
  D14.1 breathing depth >= 0.7       NO    yes  NO        0.0000     6.9592    -1.0000  NO  NO   state false
  D14.2 tidal depth >= 0.7           NO    yes  NO        0.0000     6.9592    -1.0000  NO  NO   state false
F:\projects\iterum\plugins\vorago\tests\integration\preset_sweep_test.cpp(1164): FAILED:
  CHECK( VoragoTest::verifiedAt(o, primary, ClaimRole::Primary) )
with expansion:
  false
with message:
  Stone Gravity primary M5 Gravity: d 3.46379, 2s(P) 6.95924, attrib -1, skip
  []

[sweep] index 18: computing / loading record...

Fogbound (index 18): primary M9 Fog, 4 secondaries, s(P) 1.4585
  cell                         claim state conj rend           d      2s(P)     attrib  sec pri  skip
  S1 noise organism            sec   yes   yes  yes       2.0997     2.9170    -1.0000  yes NO   
  S2 resonance drift                 yes   yes  yes       1.5674     2.9170    -1.0000  yes NO   
  S3 spectral smear                  yes   yes  yes       1.5293     2.9170    -1.0000  yes NO   
  S4 feedback ecology                yes   yes  yes       0.0023     2.9170    -1.0000  NO  NO   
  S5 subharmonic                     yes   yes  yes       0.2780     2.9170    -1.0000  NO  NO   
  S6 harmonic bloom                  yes   yes  yes       0.0004     2.9170    -1.0000  NO  NO   
  S7 ecosystem                       yes   yes  yes       1.9385     2.9170    -1.0000  yes NO   
  S8 cavern space                    yes   yes  yes       3.9265     2.9170    -1.0000  yes NO   
  S9 ghost / atmosphere              yes   yes  yes       0.0617     2.9170    -1.0000  NO  NO   
  S10 acoustic body                  yes   yes  yes       8.3394     2.9170    -1.0000  yes yes  
  M1 Darkness                        NO    yes  NO        0.0000     2.9170    -1.0000  NO  NO   M displacement
  M2 Age                             NO    yes  NO        0.0000     2.9170    -1.0000  NO  NO   M displacement
  M3 Density                         NO    yes  NO        0.0000     2.9170    -1.0000  NO  NO   M displacement
  M4 Movement                        NO    yes  NO        0.0000     2.9170    -1.0000  NO  NO   M displacement
  M5 Gravity                         NO    yes  NO        0.0000     2.9170    -1.0000  NO  NO   M displacement
  M6 Entropy                         NO    yes  NO        0.0000     2.9170    -1.0000  NO  NO   M displacement
  M7 Pressure                        NO    yes  NO        0.0000     2.9170    -1.0000  NO  NO   M displacement
  M8 Weight                          NO    yes  NO        0.0000     2.9170    -1.0000  NO  NO   M displacement
  M9 Fog                       PRI   yes   yes  yes       1.4103     2.9170    -1.0000  NO  NO   
  M10 Life                           NO    yes  NO        0.0000     2.9170    -1.0000  NO  NO   M displacement
  M11 Depth                          NO    yes  NO        0.0000     2.9170    -1.0000  NO  NO   M displacement
  M12 Mass                           NO    yes  NO        0.0000     2.9170    -1.0000  NO  NO   M displacement
  E1 partial -> bloom                yes   yes  yes       0.1985     2.0130     0.1979  NO  NO   
  E2 resonator -> resonance peaks       yes   yes  yes       0.6222    10.2687     0.1979  NO  NO   
  E3 noise -> noise wake             yes   yes  yes       1.8940     5.3028     0.1979  yes NO   
  E4 feedback -> loop wake           yes   yes  yes       0.1986     2.0127     0.1979  NO  NO   
  E5 ghost -> ghost bursts           yes   yes  yes       0.3092     1.9256     0.1979  NO  NO   
  E6.hi ecosystem sync rate high       NO    yes  NO        0.0000     2.9170    -1.0000  NO  NO   side predicate
  E7.hi ecosystem self-affinity high       NO    yes  NO        0.0000     2.9170    -1.0000  NO  NO   side predicate
  D1.1 material Glass                NO    yes  NO        0.0000     0.0000    -1.0000  NO  NO   state-only kind
  D1.2 material Strings              NO    yes  NO        0.0000     0.0000    -1.0000  NO  NO   state-only kind
  D1.3 material MetalPlate           NO    yes  NO        0.0000     0.0000    -1.0000  NO  NO   state-only kind
  D1.4 material Chamber              NO    yes  NO        0.0000     0.0000    -1.0000  NO  NO   state-only kind
  D1.5 material Ice                  NO    yes  NO        0.0000     0.0000    -1.0000  NO  NO   state-only kind
  D1.6 material StoneChamber         yes   yes  NO        0.0000     0.0000    -1.0000  yes NO   state-only kind
  D1.7 material SteelTank            yes   yes  NO        0.0000     0.0000    -1.0000  yes NO   state-only kind
  D1.8 material WoodenHull           NO    yes  NO        0.0000     0.0000    -1.0000  NO  NO   state-only kind
  D1.9 material CathedralColumn       NO    yes  NO        0.0000     0.0000    -1.0000  NO  NO   state-only kind
  D1.10 material CavernWall          NO    yes  NO        0.0000     0.0000    -1.0000  NO  NO   state-only kind
  D1.11 material GlassSphere         NO    yes  NO        0.0000     0.0000    -1.0000  NO  NO   state-only kind
  D2 body blend both heard           yes   yes  NO        0.0000     0.0000    -1.0000  yes NO   state-only kind
  D3.1 noise model Direct            yes   yes  NO        0.0000     0.0000    -1.0000  yes NO   state-only kind
  D3.2 noise model FilteredWind       NO    yes  NO        0.0000     0.0000    -1.0000  NO  NO   state-only kind
  D3.3 noise model GranularDust       NO    yes  NO        0.0000     0.0000    -1.0000  NO  NO   state-only kind
  D3.4 noise model MetallicHiss       yes   yes  NO        0.0000     0.0000    -1.0000  yes NO   state-only kind
  D4.1 noise type White              NO    yes  NO        0.0000     0.0000    -1.0000  NO  NO   state-only kind
  D4.2 noise type Pink               NO    yes  NO        0.0000     0.0000    -1.0000  NO  NO   state-only kind
  D4.3 noise type TapeHiss           NO    yes  NO        0.0000     0.0000    -1.0000  NO  NO   state-only kind
  D4.4 noise type VinylCrackle       NO    yes  NO        0.0000     0.0000    -1.0000  NO  NO   state-only kind
  D4.5 noise type Asperity           NO    yes  NO        0.0000     0.0000    -1.0000  NO  NO   state-only kind
  D4.6 noise type Brown              NO    yes  NO        0.0000     0.0000    -1.0000  NO  NO   state-only kind
  D4.7 noise type Blue               NO    yes  NO        0.0000     0.0000    -1.0000  NO  NO   state-only kind
  D4.8 noise type Violet             NO    yes  NO        0.0000     0.0000    -1.0000  NO  NO   state-only kind
  D4.9 noise type Grey               NO    yes  NO        0.0000     0.0000    -1.0000  NO  NO   state-only kind
  D4.10 noise type Velvet      sec   yes   yes  NO        0.0000     0.0000    -1.0000  yes NO   state-only kind
  D4.11 noise type VinylRumble sec   yes   yes  NO        0.0000     0.0000    -1.0000  yes NO   state-only kind
  D4.12 noise type RadioStatic sec   yes   yes  NO        0.0000     0.0000    -1.0000  yes NO   state-only kind
  D5.1 anchor Free                   NO    yes  NO        0.0000     0.0000    -1.0000  NO  NO   state-only kind
  D5.2 anchor Keyed                  NO    yes  NO        0.0000     0.0000    -1.0000  NO  NO   state-only kind
  D5.3 anchor Hybrid                 yes   yes  NO        0.0000     0.0000    -1.0000  yes NO   state-only kind
  D6.1 loop filter Lowpass           yes   NO   NO        0.0000     0.0000    -1.0000  NO  NO   state-only kind
  D6.2 loop filter Bandpass          NO    NO   NO        0.0000     0.0000    -1.0000  NO  NO   state-only kind
  D6.3 loop filter Highpass          NO    NO   NO        0.0000     0.0000    -1.0000  NO  NO   state-only kind
  D7.1 loudest sub f/2               yes   NO   NO        0.0000     0.0000    -1.0000  NO  NO   state-only kind
  D7.2 loudest sub f/4               NO    NO   NO        0.0000     0.0000    -1.0000  NO  NO   state-only kind
  D7.3 loudest sub fifth below       NO    NO   NO        0.0000     0.0000    -1.0000  NO  NO   state-only kind
  D8.1 envelope Standard             yes   yes  NO        0.0000     0.0000    -1.0000  yes NO   state-only kind
  D8.2 envelope Growth               NO    yes  NO        0.0000     0.0000    -1.0000  NO  NO   state-only kind
  D9.1 attack span <= 10 s           NO    yes  NO        0.0000     0.0000    -1.0000  NO  NO   state-only kind
  D9.2 attack span >= 90 s           yes   yes  NO        0.0000     0.0000    -1.0000  yes NO   state-only kind
  D10.1 freeze holds a field         NO    NO   NO        0.0000     0.0000    -1.0000  NO  NO   state-only kind
  D10.2 freeze off                   yes   yes  NO        0.0000     0.0000    -1.0000  yes NO   state-only kind
  D11 ghost reverse >= 0.5           NO    NO   NO        0.0000     0.0000    -1.0000  NO  NO   state-only kind
  D12.1 ghost event triggers on       NO    NO   NO        0.0000     0.0000    -1.0000  NO  NO   state-only kind
  D12.2 ghost event triggers off       yes   yes  NO        0.0000     0.0000    -1.0000  yes NO   state-only kind
  D13.1 event rate scale <= 0.3       NO    yes  NO        0.0000     2.9170    -1.0000  NO  NO   state false
  D13.2 event rate scale >= 3.0       NO    yes  NO        0.0000     2.9170    -1.0000  NO  NO   state false
  D14.1 breathing depth >= 0.7       NO    yes  NO        0.0000     2.9170    -1.0000  NO  NO   state false
  D14.2 tidal depth >= 0.7           NO    yes  NO        0.0000     2.9170    -1.0000  NO  NO   state false
F:\projects\iterum\plugins\vorago\tests\integration\preset_sweep_test.cpp(1163): FAILED:
  CHECK( VoragoTest::verifiedAt(o, primary, ClaimRole::Secondary) )
with expansion:
  false
with message:
  Fogbound primary M9 Fog: d 1.41026, 2s(P) 2.917, attrib -1, skip []

F:\projects\iterum\plugins\vorago\tests\integration\preset_sweep_test.cpp(1164): FAILED:
  CHECK( VoragoTest::verifiedAt(o, primary, ClaimRole::Primary) )
with expansion:
  false
with message:
  Fogbound primary M9 Fog: d 1.41026, 2s(P) 2.917, attrib -1, skip []

[sweep] index 22: computing / loading record...

Bloom Colony (index 22): primary E1 partial -> bloom, 0 secondaries, s(P) 2.7462
  cell                         claim state conj rend           d      2s(P)     attrib  sec pri  skip
  S1 noise organism                  yes   yes  yes       0.0289     5.4925    -1.0000  NO  NO   
  S2 resonance drift                 yes   yes  yes       1.0700     5.4925    -1.0000  NO  NO   
  S3 spectral smear                  yes   yes  yes      10.3610     5.4925    -1.0000  yes yes  
  S4 feedback ecology                yes   yes  yes       0.0007     5.4925    -1.0000  NO  NO   
  S5 subharmonic                     yes   yes  yes       3.7706     5.4925    -1.0000  yes NO   
  S6 harmonic bloom                  yes   yes  yes       0.0000     5.4925    -1.0000  NO  NO   
  S7 ecosystem                       yes   yes  yes       0.8435     5.4925    -1.0000  NO  NO   
  S8 cavern space                    yes   yes  yes       2.1526     5.4925    -1.0000  yes NO   
  S9 ghost / atmosphere              yes   yes  yes       0.1093     5.4925    -1.0000  NO  NO   
  S10 acoustic body                  yes   yes  yes       9.0011     5.4925    -1.0000  yes yes  
  M1 Darkness                        NO    yes  NO        0.0000     5.4925    -1.0000  NO  NO   M displacement
  M2 Age                             NO    yes  NO        0.0000     5.4925    -1.0000  NO  NO   M displacement
  M3 Density                         NO    yes  NO        0.0000     5.4925    -1.0000  NO  NO   M displacement
  M4 Movement                        NO    yes  NO        0.0000     5.4925    -1.0000  NO  NO   M displacement
  M5 Gravity                         NO    yes  NO        0.0000     5.4925    -1.0000  NO  NO   M displacement
  M6 Entropy                         NO    yes  NO        0.0000     5.4925    -1.0000  NO  NO   M displacement
  M7 Pressure                        NO    yes  NO        0.0000     5.4925    -1.0000  NO  NO   M displacement
  M8 Weight                          NO    yes  NO        0.0000     5.4925    -1.0000  NO  NO   M displacement
  M9 Fog                             NO    yes  NO        0.0000     5.4925    -1.0000  NO  NO   M displacement
  M10 Life                           NO    yes  NO        0.0000     5.4925    -1.0000  NO  NO   M displacement
  M11 Depth                          NO    yes  NO        0.0000     5.4925    -1.0000  NO  NO   M displacement
  M12 Mass                           NO    yes  NO        0.0000     5.4925    -1.0000  NO  NO   M displacement
  E1 partial -> bloom          PRI   yes   yes  yes       0.0571     2.7703     0.0571  NO  NO   
  E2 resonator -> resonance peaks       yes   yes  yes       0.9722     2.1501     0.0571  NO  NO   
  E3 noise -> noise wake             yes   yes  yes       0.0552     2.6390     0.0571  NO  NO   
  E4 feedback -> loop wake           yes   yes  yes       0.0569     2.7732     0.0571  NO  NO   
  E5 ghost -> ghost bursts           yes   yes  yes       0.0622     2.4549     0.0571  NO  NO   
  E6.hi ecosystem sync rate high       NO    yes  NO        0.0000     5.4925    -1.0000  NO  NO   side predicate
  E7.hi ecosystem self-affinity high       NO    yes  NO        0.0000     5.4925    -1.0000  NO  NO   side predicate
  D1.1 material Glass                NO    yes  NO        0.0000     0.0000    -1.0000  NO  NO   state-only kind
  D1.2 material Strings              NO    yes  NO        0.0000     0.0000    -1.0000  NO  NO   state-only kind
  D1.3 material MetalPlate           NO    yes  NO        0.0000     0.0000    -1.0000  NO  NO   state-only kind
  D1.4 material Chamber              NO    yes  NO        0.0000     0.0000    -1.0000  NO  NO   state-only kind
  D1.5 material Ice                  NO    yes  NO        0.0000     0.0000    -1.0000  NO  NO   state-only kind
  D1.6 material StoneChamber         yes   yes  NO        0.0000     0.0000    -1.0000  yes NO   state-only kind
  D1.7 material SteelTank            yes   yes  NO        0.0000     0.0000    -1.0000  yes NO   state-only kind
  D1.8 material WoodenHull           NO    yes  NO        0.0000     0.0000    -1.0000  NO  NO   state-only kind
  D1.9 material CathedralColumn       NO    yes  NO        0.0000     0.0000    -1.0000  NO  NO   state-only kind
  D1.10 material CavernWall          NO    yes  NO        0.0000     0.0000    -1.0000  NO  NO   state-only kind
  D1.11 material GlassSphere         NO    yes  NO        0.0000     0.0000    -1.0000  NO  NO   state-only kind
  D2 body blend both heard           yes   yes  NO        0.0000     0.0000    -1.0000  yes NO   state-only kind
  D3.1 noise model Direct            yes   NO   NO        0.0000     0.0000    -1.0000  NO  NO   state-only kind
  D3.2 noise model FilteredWind       yes   NO   NO        0.0000     0.0000    -1.0000  NO  NO   state-only kind
  D3.3 noise model GranularDust       yes   NO   NO        0.0000     0.0000    -1.0000  NO  NO   state-only kind
  D3.4 noise model MetallicHiss       yes   NO   NO        0.0000     0.0000    -1.0000  NO  NO   state-only kind
  D4.1 noise type White              NO    NO   NO        0.0000     0.0000    -1.0000  NO  NO   state-only kind
  D4.2 noise type Pink               NO    NO   NO        0.0000     0.0000    -1.0000  NO  NO   state-only kind
  D4.3 noise type TapeHiss           NO    NO   NO        0.0000     0.0000    -1.0000  NO  NO   state-only kind
  D4.4 noise type VinylCrackle       NO    NO   NO        0.0000     0.0000    -1.0000  NO  NO   state-only kind
  D4.5 noise type Asperity           NO    NO   NO        0.0000     0.0000    -1.0000  NO  NO   state-only kind
  D4.6 noise type Brown              yes   NO   NO        0.0000     0.0000    -1.0000  NO  NO   state-only kind
  D4.7 noise type Blue               NO    NO   NO        0.0000     0.0000    -1.0000  NO  NO   state-only kind
  D4.8 noise type Violet             NO    NO   NO        0.0000     0.0000    -1.0000  NO  NO   state-only kind
  D4.9 noise type Grey               NO    NO   NO        0.0000     0.0000    -1.0000  NO  NO   state-only kind
  D4.10 noise type Velvet            NO    NO   NO        0.0000     0.0000    -1.0000  NO  NO   state-only kind
  D4.11 noise type VinylRumble       NO    NO   NO        0.0000     0.0000    -1.0000  NO  NO   state-only kind
  D4.12 noise type RadioStatic       NO    NO   NO        0.0000     0.0000    -1.0000  NO  NO   state-only kind
  D5.1 anchor Free                   NO    NO   NO        0.0000     0.0000    -1.0000  NO  NO   state-only kind
  D5.2 anchor Keyed                  NO    NO   NO        0.0000     0.0000    -1.0000  NO  NO   state-only kind
  D5.3 anchor Hybrid                 yes   NO   NO        0.0000     0.0000    -1.0000  NO  NO   state-only kind
  D6.1 loop filter Lowpass           yes   NO   NO        0.0000     0.0000    -1.0000  NO  NO   state-only kind
  D6.2 loop filter Bandpass          NO    NO   NO        0.0000     0.0000    -1.0000  NO  NO   state-only kind
  D6.3 loop filter Highpass          NO    NO   NO        0.0000     0.0000    -1.0000  NO  NO   state-only kind
  D7.1 loudest sub f/2               yes   yes  NO        0.0000     0.0000    -1.0000  yes NO   state-only kind
  D7.2 loudest sub f/4               NO    yes  NO        0.0000     0.0000    -1.0000  NO  NO   state-only kind
  D7.3 loudest sub fifth below       NO    yes  NO        0.0000     0.0000    -1.0000  NO  NO   state-only kind
  D8.1 envelope Standard             yes   yes  NO        0.0000     0.0000    -1.0000  yes NO   state-only kind
  D8.2 envelope Growth               NO    yes  NO        0.0000     0.0000    -1.0000  NO  NO   state-only kind
  D9.1 attack span <= 10 s           NO    yes  NO        0.0000     0.0000    -1.0000  NO  NO   state-only kind
  D9.2 attack span >= 90 s           yes   yes  NO        0.0000     0.0000    -1.0000  yes NO   state-only kind
  D10.1 freeze holds a field         NO    NO   NO        0.0000     0.0000    -1.0000  NO  NO   state-only kind
  D10.2 freeze off                   yes   yes  NO        0.0000     0.0000    -1.0000  yes NO   state-only kind
  D11 ghost reverse >= 0.5           NO    NO   NO        0.0000     0.0000    -1.0000  NO  NO   state-only kind
  D12.1 ghost event triggers on       NO    NO   NO        0.0000     0.0000    -1.0000  NO  NO   state-only kind
  D12.2 ghost event triggers off       yes   yes  NO        0.0000     0.0000    -1.0000  yes NO   state-only kind
  D13.1 event rate scale <= 0.3       NO    NO   NO        0.0000     5.4925    -1.0000  NO  NO   state false
  D13.2 event rate scale >= 3.0       NO    NO   NO        0.0000     5.4925    -1.0000  NO  NO   state false
  D14.1 breathing depth >= 0.7       NO    yes  NO        0.0000     5.4925    -1.0000  NO  NO   state false
  D14.2 tidal depth >= 0.7           NO    yes  NO        0.0000     5.4925    -1.0000  NO  NO   state false
F:\projects\iterum\plugins\vorago\tests\integration\preset_sweep_test.cpp(1163): FAILED:
  CHECK( VoragoTest::verifiedAt(o, primary, ClaimRole::Secondary) )
with expansion:
  false
with message:
  Bloom Colony primary E1 partial -> bloom: d 0.0571161, 2s(P) 2.77029, attrib
  0.0571161, skip []

F:\projects\iterum\plugins\vorago\tests\integration\preset_sweep_test.cpp(1164): FAILED:
  CHECK( VoragoTest::verifiedAt(o, primary, ClaimRole::Primary) )
with expansion:
  false
with message:
  Bloom Colony primary E1 partial -> bloom: d 0.0571161, 2s(P) 2.77029, attrib
  0.0571161, skip []

[sweep] index 26: computing / loading record...

Haunted Colony (index 26): primary E5 ghost -> ghost bursts, 0 secondaries, s(P) 3.3919
  cell                         claim state conj rend           d      2s(P)     attrib  sec pri  skip
  S1 noise organism                  yes   yes  yes       0.0163     6.7837    -1.0000  NO  NO   
  S2 resonance drift                 yes   yes  yes       0.9488     6.7837    -1.0000  NO  NO   
  S3 spectral smear                  yes   yes  yes       0.5118     6.7837    -1.0000  NO  NO   
  S4 feedback ecology                yes   yes  yes       0.0012     6.7837    -1.0000  NO  NO   
  S5 subharmonic                     yes   yes  yes       0.7359     6.7837    -1.0000  NO  NO   
  S6 harmonic bloom                  yes   yes  yes       0.0424     6.7837    -1.0000  NO  NO   
  S7 ecosystem                       yes   yes  yes       0.7904     6.7837    -1.0000  NO  NO   
  S8 cavern space                    yes   yes  yes       7.3880     6.7837    -1.0000  yes yes  
  S9 ghost / atmosphere              yes   yes  yes       0.3712     6.7837    -1.0000  NO  NO   
  S10 acoustic body                  yes   yes  yes       9.8598     6.7837    -1.0000  yes yes  
  M1 Darkness                        NO    yes  NO        0.0000     6.7837    -1.0000  NO  NO   M displacement
  M2 Age                             NO    yes  NO        0.0000     6.7837    -1.0000  NO  NO   M displacement
  M3 Density                         NO    yes  NO        0.0000     6.7837    -1.0000  NO  NO   M displacement
  M4 Movement                        NO    yes  NO        0.0000     6.7837    -1.0000  NO  NO   M displacement
  M5 Gravity                         NO    yes  NO        0.0000     6.7837    -1.0000  NO  NO   M displacement
  M6 Entropy                         NO    yes  NO        0.0000     6.7837    -1.0000  NO  NO   M displacement
  M7 Pressure                        NO    yes  NO        0.0000     6.7837    -1.0000  NO  NO   M displacement
  M8 Weight                          NO    yes  NO        0.0000     6.7837    -1.0000  NO  NO   M displacement
  M9 Fog                             NO    yes  NO        0.0000     6.7837    -1.0000  NO  NO   M displacement
  M10 Life                           NO    yes  NO        0.0000     6.7837    -1.0000  NO  NO   M displacement
  M11 Depth                          NO    yes  NO        0.0000     6.7837    -1.0000  NO  NO   M displacement
  M12 Mass                           NO    yes  NO        0.0000     6.7837    -1.0000  NO  NO   M displacement
  E1 partial -> bloom                yes   yes  yes       0.3438     5.9988     0.3296  NO  NO   
  E2 resonator -> resonance peaks       yes   yes  yes       0.6365    10.2042     0.3296  NO  NO   
  E3 noise -> noise wake             yes   yes  yes       0.3358     6.0341     0.3296  NO  NO   
  E4 feedback -> loop wake           yes   yes  yes       0.3295     5.9586     0.3296  NO  NO   
  E5 ghost -> ghost bursts     PRI   yes   yes  yes       0.4159     4.9074     0.3296  NO  NO   
  E6.hi ecosystem sync rate high       NO    yes  NO        0.0000     6.7837    -1.0000  NO  NO   side predicate
  E7.hi ecosystem self-affinity high       NO    yes  NO        0.0000     6.7837    -1.0000  NO  NO   side predicate
  D1.1 material Glass                NO    yes  NO        0.0000     0.0000    -1.0000  NO  NO   state-only kind
  D1.2 material Strings              NO    yes  NO        0.0000     0.0000    -1.0000  NO  NO   state-only kind
  D1.3 material MetalPlate           NO    yes  NO        0.0000     0.0000    -1.0000  NO  NO   state-only kind
  D1.4 material Chamber              NO    yes  NO        0.0000     0.0000    -1.0000  NO  NO   state-only kind
  D1.5 material Ice                  NO    yes  NO        0.0000     0.0000    -1.0000  NO  NO   state-only kind
  D1.6 material StoneChamber         yes   yes  NO        0.0000     0.0000    -1.0000  yes NO   state-only kind
  D1.7 material SteelTank            yes   yes  NO        0.0000     0.0000    -1.0000  yes NO   state-only kind
  D1.8 material WoodenHull           NO    yes  NO        0.0000     0.0000    -1.0000  NO  NO   state-only kind
  D1.9 material CathedralColumn       NO    yes  NO        0.0000     0.0000    -1.0000  NO  NO   state-only kind
  D1.10 material CavernWall          NO    yes  NO        0.0000     0.0000    -1.0000  NO  NO   state-only kind
  D1.11 material GlassSphere         NO    yes  NO        0.0000     0.0000    -1.0000  NO  NO   state-only kind
  D2 body blend both heard           yes   yes  NO        0.0000     0.0000    -1.0000  yes NO   state-only kind
  D3.1 noise model Direct            yes   NO   NO        0.0000     0.0000    -1.0000  NO  NO   state-only kind
  D3.2 noise model FilteredWind       yes   NO   NO        0.0000     0.0000    -1.0000  NO  NO   state-only kind
  D3.3 noise model GranularDust       yes   NO   NO        0.0000     0.0000    -1.0000  NO  NO   state-only kind
  D3.4 noise model MetallicHiss       yes   NO   NO        0.0000     0.0000    -1.0000  NO  NO   state-only kind
  D4.1 noise type White              NO    NO   NO        0.0000     0.0000    -1.0000  NO  NO   state-only kind
  D4.2 noise type Pink               NO    NO   NO        0.0000     0.0000    -1.0000  NO  NO   state-only kind
  D4.3 noise type TapeHiss           NO    NO   NO        0.0000     0.0000    -1.0000  NO  NO   state-only kind
  D4.4 noise type VinylCrackle       NO    NO   NO        0.0000     0.0000    -1.0000  NO  NO   state-only kind
  D4.5 noise type Asperity           NO    NO   NO        0.0000     0.0000    -1.0000  NO  NO   state-only kind
  D4.6 noise type Brown              yes   NO   NO        0.0000     0.0000    -1.0000  NO  NO   state-only kind
  D4.7 noise type Blue               NO    NO   NO        0.0000     0.0000    -1.0000  NO  NO   state-only kind
  D4.8 noise type Violet             NO    NO   NO        0.0000     0.0000    -1.0000  NO  NO   state-only kind
  D4.9 noise type Grey               NO    NO   NO        0.0000     0.0000    -1.0000  NO  NO   state-only kind
  D4.10 noise type Velvet            NO    NO   NO        0.0000     0.0000    -1.0000  NO  NO   state-only kind
  D4.11 noise type VinylRumble       NO    NO   NO        0.0000     0.0000    -1.0000  NO  NO   state-only kind
  D4.12 noise type RadioStatic       NO    NO   NO        0.0000     0.0000    -1.0000  NO  NO   state-only kind
  D5.1 anchor Free                   NO    NO   NO        0.0000     0.0000    -1.0000  NO  NO   state-only kind
  D5.2 anchor Keyed                  NO    NO   NO        0.0000     0.0000    -1.0000  NO  NO   state-only kind
  D5.3 anchor Hybrid                 yes   NO   NO        0.0000     0.0000    -1.0000  NO  NO   state-only kind
  D6.1 loop filter Lowpass           yes   NO   NO        0.0000     0.0000    -1.0000  NO  NO   state-only kind
  D6.2 loop filter Bandpass          NO    NO   NO        0.0000     0.0000    -1.0000  NO  NO   state-only kind
  D6.3 loop filter Highpass          NO    NO   NO        0.0000     0.0000    -1.0000  NO  NO   state-only kind
  D7.1 loudest sub f/2               yes   NO   NO        0.0000     0.0000    -1.0000  NO  NO   state-only kind
  D7.2 loudest sub f/4               NO    NO   NO        0.0000     0.0000    -1.0000  NO  NO   state-only kind
  D7.3 loudest sub fifth below       NO    NO   NO        0.0000     0.0000    -1.0000  NO  NO   state-only kind
  D8.1 envelope Standard             yes   yes  NO        0.0000     0.0000    -1.0000  yes NO   state-only kind
  D8.2 envelope Growth               NO    yes  NO        0.0000     0.0000    -1.0000  NO  NO   state-only kind
  D9.1 attack span <= 10 s           NO    yes  NO        0.0000     0.0000    -1.0000  NO  NO   state-only kind
  D9.2 attack span >= 90 s           yes   yes  NO        0.0000     0.0000    -1.0000  yes NO   state-only kind
  D10.1 freeze holds a field         NO    NO   NO        0.0000     0.0000    -1.0000  NO  NO   state-only kind
  D10.2 freeze off                   yes   yes  NO        0.0000     0.0000    -1.0000  yes NO   state-only kind
  D11 ghost reverse >= 0.5           NO    NO   NO        0.0000     0.0000    -1.0000  NO  NO   state-only kind
  D12.1 ghost event triggers on       NO    NO   NO        0.0000     0.0000    -1.0000  NO  NO   state-only kind
  D12.2 ghost event triggers off       yes   yes  NO        0.0000     0.0000    -1.0000  yes NO   state-only kind
  D13.1 event rate scale <= 0.3       NO    NO   NO        0.0000     6.7837    -1.0000  NO  NO   state false
  D13.2 event rate scale >= 3.0       NO    NO   NO        0.0000     6.7837    -1.0000  NO  NO   state false
  D14.1 breathing depth >= 0.7       NO    yes  NO        0.0000     6.7837    -1.0000  NO  NO   state false
  D14.2 tidal depth >= 0.7           NO    yes  NO        0.0000     6.7837    -1.0000  NO  NO   state false
F:\projects\iterum\plugins\vorago\tests\integration\preset_sweep_test.cpp(1163): FAILED:
  CHECK( VoragoTest::verifiedAt(o, primary, ClaimRole::Secondary) )
with expansion:
  false
with message:
  Haunted Colony primary E5 ghost -> ghost bursts: d 0.415908, 2s(P) 4.90737,
  attrib 0.329627, skip []

F:\projects\iterum\plugins\vorago\tests\integration\preset_sweep_test.cpp(1164): FAILED:
  CHECK( VoragoTest::verifiedAt(o, primary, ClaimRole::Primary) )
with expansion:
  false
with message:
  Haunted Colony primary E5 ghost -> ghost bursts: d 0.415908, 2s(P) 4.90737,
  attrib 0.329627, skip []

[sweep] index 30: computing / loading record...

Iron Plate (index 30): primary D1.3 material MetalPlate, 0 secondaries, s(P) 2.5437
  cell                         claim state conj rend           d      2s(P)     attrib  sec pri  skip
  S1 noise organism                  yes   yes  yes       0.0523     5.0875    -1.0000  NO  NO   
  S2 resonance drift                 yes   yes  yes       0.0936     5.0875    -1.0000  NO  NO   
  S3 spectral smear                  yes   yes  yes       1.7977     5.0875    -1.0000  yes NO   
  S4 feedback ecology                yes   yes  yes       0.0037     5.0875    -1.0000  NO  NO   
  S5 subharmonic                     yes   yes  yes       1.7820     5.0875    -1.0000  yes NO   
  S6 harmonic bloom                  yes   yes  yes       0.0000     5.0875    -1.0000  NO  NO   
  S7 ecosystem                       yes   yes  NO        0.0000     5.0875    -1.0000  NO  NO   override equals stored
  S8 cavern space                    yes   yes  yes       0.1231     5.0875    -1.0000  NO  NO   
  S9 ghost / atmosphere              yes   yes  NO        0.0000     5.0875    -1.0000  NO  NO   override equals stored
  S10 acoustic body                  yes   yes  yes      10.0960     5.0875    -1.0000  yes yes  
  M1 Darkness                        NO    yes  NO        0.0000     5.0875    -1.0000  NO  NO   M displacement
  M2 Age                             NO    yes  NO        0.0000     5.0875    -1.0000  NO  NO   M displacement
  M3 Density                         NO    yes  NO        0.0000     5.0875    -1.0000  NO  NO   M displacement
  M4 Movement                        NO    yes  NO        0.0000     5.0875    -1.0000  NO  NO   M displacement
  M5 Gravity                         NO    yes  NO        0.0000     5.0875    -1.0000  NO  NO   M displacement
  M6 Entropy                         NO    yes  NO        0.0000     5.0875    -1.0000  NO  NO   M displacement
  M7 Pressure                        NO    yes  NO        0.0000     5.0875    -1.0000  NO  NO   M displacement
  M8 Weight                          NO    yes  NO        0.0000     5.0875    -1.0000  NO  NO   M displacement
  M9 Fog                             NO    yes  NO        0.0000     5.0875    -1.0000  NO  NO   M displacement
  M10 Life                           NO    yes  NO        0.0000     5.0875    -1.0000  NO  NO   M displacement
  M11 Depth                          NO    yes  NO        0.0000     5.0875    -1.0000  NO  NO   M displacement
  M12 Mass                           NO    yes  NO        0.0000     5.0875    -1.0000  NO  NO   M displacement
  E1 partial -> bloom                yes   yes  NO        0.0000     5.0875    -1.0000  NO  NO   ecosystem depth 0
  E2 resonator -> resonance peaks       yes   yes  NO        0.0000     5.0875    -1.0000  NO  NO   ecosystem depth 0
  E3 noise -> noise wake             yes   yes  NO        0.0000     5.0875    -1.0000  NO  NO   ecosystem depth 0
  E4 feedback -> loop wake           yes   yes  NO        0.0000     5.0875    -1.0000  NO  NO   ecosystem depth 0
  E5 ghost -> ghost bursts           yes   yes  NO        0.0000     5.0875    -1.0000  NO  NO   ecosystem depth 0
  E6.hi ecosystem sync rate high       NO    yes  NO        0.0000     5.0875    -1.0000  NO  NO   side predicate
  E7.hi ecosystem self-affinity high       NO    yes  NO        0.0000     5.0875    -1.0000  NO  NO   side predicate
  D1.1 material Glass                NO    yes  NO        0.0000     0.0000    -1.0000  NO  NO   state-only kind
  D1.2 material Strings              NO    yes  NO        0.0000     0.0000    -1.0000  NO  NO   state-only kind
  D1.3 material MetalPlate     PRI   yes   yes  yes       8.6107     5.0875    -1.0000  yes yes  
  D1.4 material Chamber              NO    yes  NO        0.0000     0.0000    -1.0000  NO  NO   state-only kind
  D1.5 material Ice                  NO    yes  NO        0.0000     0.0000    -1.0000  NO  NO   state-only kind
  D1.6 material StoneChamber         NO    yes  NO        0.0000     0.0000    -1.0000  NO  NO   state-only kind
  D1.7 material SteelTank            NO    yes  NO        0.0000     0.0000    -1.0000  NO  NO   state-only kind
  D1.8 material WoodenHull           NO    yes  NO        0.0000     0.0000    -1.0000  NO  NO   state-only kind
  D1.9 material CathedralColumn       NO    yes  NO        0.0000     0.0000    -1.0000  NO  NO   state-only kind
  D1.10 material CavernWall          NO    yes  NO        0.0000     0.0000    -1.0000  NO  NO   state-only kind
  D1.11 material GlassSphere         NO    yes  NO        0.0000     0.0000    -1.0000  NO  NO   state-only kind
  D2 body blend both heard           NO    yes  NO        0.0000     0.0000    -1.0000  NO  NO   state-only kind
  D3.1 noise model Direct            yes   NO   NO        0.0000     0.0000    -1.0000  NO  NO   state-only kind
  D3.2 noise model FilteredWind       yes   NO   NO        0.0000     0.0000    -1.0000  NO  NO   state-only kind
  D3.3 noise model GranularDust       yes   NO   NO        0.0000     0.0000    -1.0000  NO  NO   state-only kind
  D3.4 noise model MetallicHiss       yes   NO   NO        0.0000     0.0000    -1.0000  NO  NO   state-only kind
  D4.1 noise type White              NO    NO   NO        0.0000     0.0000    -1.0000  NO  NO   state-only kind
  D4.2 noise type Pink               NO    NO   NO        0.0000     0.0000    -1.0000  NO  NO   state-only kind
  D4.3 noise type TapeHiss           NO    NO   NO        0.0000     0.0000    -1.0000  NO  NO   state-only kind
  D4.4 noise type VinylCrackle       NO    NO   NO        0.0000     0.0000    -1.0000  NO  NO   state-only kind
  D4.5 noise type Asperity           NO    NO   NO        0.0000     0.0000    -1.0000  NO  NO   state-only kind
  D4.6 noise type Brown              yes   NO   NO        0.0000     0.0000    -1.0000  NO  NO   state-only kind
  D4.7 noise type Blue               NO    NO   NO        0.0000     0.0000    -1.0000  NO  NO   state-only kind
  D4.8 noise type Violet             NO    NO   NO        0.0000     0.0000    -1.0000  NO  NO   state-only kind
  D4.9 noise type Grey               NO    NO   NO        0.0000     0.0000    -1.0000  NO  NO   state-only kind
  D4.10 noise type Velvet            NO    NO   NO        0.0000     0.0000    -1.0000  NO  NO   state-only kind
  D4.11 noise type VinylRumble       NO    NO   NO        0.0000     0.0000    -1.0000  NO  NO   state-only kind
  D4.12 noise type RadioStatic       NO    NO   NO        0.0000     0.0000    -1.0000  NO  NO   state-only kind
  D5.1 anchor Free                   NO    NO   NO        0.0000     0.0000    -1.0000  NO  NO   state-only kind
  D5.2 anchor Keyed                  NO    NO   NO        0.0000     0.0000    -1.0000  NO  NO   state-only kind
  D5.3 anchor Hybrid                 yes   NO   NO        0.0000     0.0000    -1.0000  NO  NO   state-only kind
  D6.1 loop filter Lowpass           yes   NO   NO        0.0000     0.0000    -1.0000  NO  NO   state-only kind
  D6.2 loop filter Bandpass          NO    NO   NO        0.0000     0.0000    -1.0000  NO  NO   state-only kind
  D6.3 loop filter Highpass          NO    NO   NO        0.0000     0.0000    -1.0000  NO  NO   state-only kind
  D7.1 loudest sub f/2               yes   yes  NO        0.0000     0.0000    -1.0000  yes NO   state-only kind
  D7.2 loudest sub f/4               NO    yes  NO        0.0000     0.0000    -1.0000  NO  NO   state-only kind
  D7.3 loudest sub fifth below       NO    yes  NO        0.0000     0.0000    -1.0000  NO  NO   state-only kind
  D8.1 envelope Standard             yes   yes  NO        0.0000     0.0000    -1.0000  yes NO   state-only kind
  D8.2 envelope Growth               NO    yes  NO        0.0000     0.0000    -1.0000  NO  NO   state-only kind
  D9.1 attack span <= 10 s           NO    yes  NO        0.0000     0.0000    -1.0000  NO  NO   state-only kind
  D9.2 attack span >= 90 s           yes   yes  NO        0.0000     0.0000    -1.0000  yes NO   state-only kind
  D10.1 freeze holds a field         NO    NO   NO        0.0000     0.0000    -1.0000  NO  NO   state-only kind
  D10.2 freeze off                   yes   yes  NO        0.0000     0.0000    -1.0000  yes NO   state-only kind
  D11 ghost reverse >= 0.5           NO    NO   NO        0.0000     0.0000    -1.0000  NO  NO   state-only kind
  D12.1 ghost event triggers on       NO    NO   NO        0.0000     0.0000    -1.0000  NO  NO   state-only kind
  D12.2 ghost event triggers off       yes   yes  NO        0.0000     0.0000    -1.0000  yes NO   state-only kind
  D13.1 event rate scale <= 0.3       NO    NO   NO        0.0000     5.0875    -1.0000  NO  NO   state false
  D13.2 event rate scale >= 3.0       NO    NO   NO        0.0000     5.0875    -1.0000  NO  NO   state false
  D14.1 breathing depth >= 0.7       NO    yes  NO        0.0000     5.0875    -1.0000  NO  NO   state false
  D14.2 tidal depth >= 0.7           NO    yes  NO        0.0000     5.0875    -1.0000  NO  NO   state false
[sweep] index 34: computing / loading record...

Column Hymn (index 34): primary D1.9 material CathedralColumn, 0 secondaries, s(P) 3.1402
  cell                         claim state conj rend           d      2s(P)     attrib  sec pri  skip
  S1 noise organism                  yes   yes  yes       0.0060     6.2804    -1.0000  NO  NO   
  S2 resonance drift                 yes   yes  yes       1.6037     6.2804    -1.0000  yes NO   
  S3 spectral smear                  yes   yes  yes      13.6575     6.2804    -1.0000  yes yes  
  S4 feedback ecology                yes   yes  yes       0.0013     6.2804    -1.0000  NO  NO   
  S5 subharmonic                     yes   yes  yes       2.6240     6.2804    -1.0000  yes NO   
  S6 harmonic bloom                  yes   yes  yes       0.9665     6.2804    -1.0000  NO  NO   
  S7 ecosystem                       yes   yes  NO        0.0000     6.2804    -1.0000  NO  NO   override equals stored
  S8 cavern space                    yes   yes  yes       1.0581     6.2804    -1.0000  NO  NO   
  S9 ghost / atmosphere              yes   yes  yes       0.0030     6.2804    -1.0000  NO  NO   
  S10 acoustic body                  yes   yes  yes      28.0856     6.2804    -1.0000  yes yes  
  M1 Darkness                        NO    yes  NO        0.0000     6.2804    -1.0000  NO  NO   M displacement
  M2 Age                             NO    yes  NO        0.0000     6.2804    -1.0000  NO  NO   M displacement
  M3 Density                         NO    yes  NO        0.0000     6.2804    -1.0000  NO  NO   M displacement
  M4 Movement                        NO    yes  NO        0.0000     6.2804    -1.0000  NO  NO   M displacement
  M5 Gravity                         NO    yes  NO        0.0000     6.2804    -1.0000  NO  NO   M displacement
  M6 Entropy                         NO    yes  NO        0.0000     6.2804    -1.0000  NO  NO   M displacement
  M7 Pressure                        NO    yes  NO        0.0000     6.2804    -1.0000  NO  NO   M displacement
  M8 Weight                          NO    yes  NO        0.0000     6.2804    -1.0000  NO  NO   M displacement
  M9 Fog                             NO    yes  NO        0.0000     6.2804    -1.0000  NO  NO   M displacement
  M10 Life                           NO    yes  NO        0.0000     6.2804    -1.0000  NO  NO   M displacement
  M11 Depth                          NO    yes  NO        0.0000     6.2804    -1.0000  NO  NO   M displacement
  M12 Mass                           NO    yes  NO        0.0000     6.2804    -1.0000  NO  NO   M displacement
  E1 partial -> bloom                yes   yes  NO        0.0000     6.2804    -1.0000  NO  NO   ecosystem depth 0
  E2 resonator -> resonance peaks       yes   yes  NO        0.0000     6.2804    -1.0000  NO  NO   ecosystem depth 0
  E3 noise -> noise wake             yes   yes  NO        0.0000     6.2804    -1.0000  NO  NO   ecosystem depth 0
  E4 feedback -> loop wake           yes   yes  NO        0.0000     6.2804    -1.0000  NO  NO   ecosystem depth 0
  E5 ghost -> ghost bursts           yes   yes  NO        0.0000     6.2804    -1.0000  NO  NO   ecosystem depth 0
  E6.hi ecosystem sync rate high       NO    yes  NO        0.0000     6.2804    -1.0000  NO  NO   side predicate
  E7.hi ecosystem self-affinity high       NO    yes  NO        0.0000     6.2804    -1.0000  NO  NO   side predicate
  D1.1 material Glass                NO    yes  NO        0.0000     0.0000    -1.0000  NO  NO   state-only kind
  D1.2 material Strings              NO    yes  NO        0.0000     0.0000    -1.0000  NO  NO   state-only kind
  D1.3 material MetalPlate           NO    yes  NO        0.0000     0.0000    -1.0000  NO  NO   state-only kind
  D1.4 material Chamber              NO    yes  NO        0.0000     0.0000    -1.0000  NO  NO   state-only kind
  D1.5 material Ice                  NO    yes  NO        0.0000     0.0000    -1.0000  NO  NO   state-only kind
  D1.6 material StoneChamber         NO    yes  NO        0.0000     0.0000    -1.0000  NO  NO   state-only kind
  D1.7 material SteelTank            NO    yes  NO        0.0000     0.0000    -1.0000  NO  NO   state-only kind
  D1.8 material WoodenHull           NO    yes  NO        0.0000     0.0000    -1.0000  NO  NO   state-only kind
  D1.9 material CathedralColumn PRI   yes   yes  yes       8.4617     6.2804    -1.0000  yes yes  
  D1.10 material CavernWall          NO    yes  NO        0.0000     0.0000    -1.0000  NO  NO   state-only kind
  D1.11 material GlassSphere         NO    yes  NO        0.0000     0.0000    -1.0000  NO  NO   state-only kind
  D2 body blend both heard           NO    yes  NO        0.0000     0.0000    -1.0000  NO  NO   state-only kind
  D3.1 noise model Direct            yes   NO   NO        0.0000     0.0000    -1.0000  NO  NO   state-only kind
  D3.2 noise model FilteredWind       yes   NO   NO        0.0000     0.0000    -1.0000  NO  NO   state-only kind
  D3.3 noise model GranularDust       yes   NO   NO        0.0000     0.0000    -1.0000  NO  NO   state-only kind
  D3.4 noise model MetallicHiss       yes   NO   NO        0.0000     0.0000    -1.0000  NO  NO   state-only kind
  D4.1 noise type White              NO    NO   NO        0.0000     0.0000    -1.0000  NO  NO   state-only kind
  D4.2 noise type Pink               NO    NO   NO        0.0000     0.0000    -1.0000  NO  NO   state-only kind
  D4.3 noise type TapeHiss           NO    NO   NO        0.0000     0.0000    -1.0000  NO  NO   state-only kind
  D4.4 noise type VinylCrackle       NO    NO   NO        0.0000     0.0000    -1.0000  NO  NO   state-only kind
  D4.5 noise type Asperity           NO    NO   NO        0.0000     0.0000    -1.0000  NO  NO   state-only kind
  D4.6 noise type Brown              yes   NO   NO        0.0000     0.0000    -1.0000  NO  NO   state-only kind
  D4.7 noise type Blue               NO    NO   NO        0.0000     0.0000    -1.0000  NO  NO   state-only kind
  D4.8 noise type Violet             NO    NO   NO        0.0000     0.0000    -1.0000  NO  NO   state-only kind
  D4.9 noise type Grey               NO    NO   NO        0.0000     0.0000    -1.0000  NO  NO   state-only kind
  D4.10 noise type Velvet            NO    NO   NO        0.0000     0.0000    -1.0000  NO  NO   state-only kind
  D4.11 noise type VinylRumble       NO    NO   NO        0.0000     0.0000    -1.0000  NO  NO   state-only kind
  D4.12 noise type RadioStatic       NO    NO   NO        0.0000     0.0000    -1.0000  NO  NO   state-only kind
  D5.1 anchor Free                   NO    yes  NO        0.0000     0.0000    -1.0000  NO  NO   state-only kind
  D5.2 anchor Keyed                  NO    yes  NO        0.0000     0.0000    -1.0000  NO  NO   state-only kind
  D5.3 anchor Hybrid                 yes   yes  NO        0.0000     0.0000    -1.0000  yes NO   state-only kind
  D6.1 loop filter Lowpass           yes   NO   NO        0.0000     0.0000    -1.0000  NO  NO   state-only kind
  D6.2 loop filter Bandpass          NO    NO   NO        0.0000     0.0000    -1.0000  NO  NO   state-only kind
  D6.3 loop filter Highpass          NO    NO   NO        0.0000     0.0000    -1.0000  NO  NO   state-only kind
  D7.1 loudest sub f/2               yes   yes  NO        0.0000     0.0000    -1.0000  yes NO   state-only kind
  D7.2 loudest sub f/4               NO    yes  NO        0.0000     0.0000    -1.0000  NO  NO   state-only kind
  D7.3 loudest sub fifth below       NO    yes  NO        0.0000     0.0000    -1.0000  NO  NO   state-only kind
  D8.1 envelope Standard             yes   yes  NO        0.0000     0.0000    -1.0000  yes NO   state-only kind
  D8.2 envelope Growth               NO    yes  NO        0.0000     0.0000    -1.0000  NO  NO   state-only kind
  D9.1 attack span <= 10 s           NO    yes  NO        0.0000     0.0000    -1.0000  NO  NO   state-only kind
  D9.2 attack span >= 90 s           yes   yes  NO        0.0000     0.0000    -1.0000  yes NO   state-only kind
  D10.1 freeze holds a field         NO    NO   NO        0.0000     0.0000    -1.0000  NO  NO   state-only kind
  D10.2 freeze off                   yes   yes  NO        0.0000     0.0000    -1.0000  yes NO   state-only kind
  D11 ghost reverse >= 0.5           NO    NO   NO        0.0000     0.0000    -1.0000  NO  NO   state-only kind
  D12.1 ghost event triggers on       NO    NO   NO        0.0000     0.0000    -1.0000  NO  NO   state-only kind
  D12.2 ghost event triggers off       yes   yes  NO        0.0000     0.0000    -1.0000  yes NO   state-only kind
  D13.1 event rate scale <= 0.3       NO    NO   NO        0.0000     6.2804    -1.0000  NO  NO   state false
  D13.2 event rate scale >= 3.0       NO    NO   NO        0.0000     6.2804    -1.0000  NO  NO   state false
  D14.1 breathing depth >= 0.7       NO    yes  NO        0.0000     6.2804    -1.0000  NO  NO   state false
  D14.2 tidal depth >= 0.7           NO    yes  NO        0.0000     6.2804    -1.0000  NO  NO   state false
[sweep] index 38: computing / loading record...

Dead Air (index 38): primary D3.1 noise model Direct, 4 secondaries, s(P) 1.1055
  cell                         claim state conj rend           d      2s(P)     attrib  sec pri  skip
  S1 noise organism                  yes   yes  yes       0.1168     2.2109    -1.0000  NO  NO   
  S2 resonance drift                 yes   yes  yes       0.1914     2.2109    -1.0000  NO  NO   
  S3 spectral smear                  yes   yes  yes       4.9714     2.2109    -1.0000  yes yes  
  S4 feedback ecology                yes   yes  yes       0.0008     2.2109    -1.0000  NO  NO   
  S5 subharmonic                     yes   yes  yes       1.4431     2.2109    -1.0000  NO  NO   
  S6 harmonic bloom                  yes   yes  yes       0.0000     2.2109    -1.0000  NO  NO   
  S7 ecosystem                       yes   yes  NO        0.0000     2.2109    -1.0000  NO  NO   override equals stored
  S8 cavern space                    yes   yes  yes       4.7185     2.2109    -1.0000  yes yes  
  S9 ghost / atmosphere              yes   yes  yes       0.0000     2.2109    -1.0000  NO  NO   
  S10 acoustic body                  yes   yes  yes       6.6915     2.2109    -1.0000  yes yes  
  M1 Darkness                        NO    yes  NO        0.0000     2.2109    -1.0000  NO  NO   M displacement
  M2 Age                             NO    yes  NO        0.0000     2.2109    -1.0000  NO  NO   M displacement
  M3 Density                         NO    yes  NO        0.0000     2.2109    -1.0000  NO  NO   M displacement
  M4 Movement                        NO    yes  NO        0.0000     2.2109    -1.0000  NO  NO   M displacement
  M5 Gravity                         NO    yes  NO        0.0000     2.2109    -1.0000  NO  NO   M displacement
  M6 Entropy                         NO    yes  NO        0.0000     2.2109    -1.0000  NO  NO   M displacement
  M7 Pressure                        NO    yes  NO        0.0000     2.2109    -1.0000  NO  NO   M displacement
  M8 Weight                          NO    yes  NO        0.0000     2.2109    -1.0000  NO  NO   M displacement
  M9 Fog                             NO    yes  NO        0.0000     2.2109    -1.0000  NO  NO   M displacement
  M10 Life                           NO    yes  NO        0.0000     2.2109    -1.0000  NO  NO   M displacement
  M11 Depth                          NO    yes  NO        0.0000     2.2109    -1.0000  NO  NO   M displacement
  M12 Mass                           NO    yes  NO        0.0000     2.2109    -1.0000  NO  NO   M displacement
  E1 partial -> bloom                yes   yes  NO        0.0000     2.2109    -1.0000  NO  NO   ecosystem depth 0
  E2 resonator -> resonance peaks       yes   yes  NO        0.0000     2.2109    -1.0000  NO  NO   ecosystem depth 0
  E3 noise -> noise wake             yes   yes  NO        0.0000     2.2109    -1.0000  NO  NO   ecosystem depth 0
  E4 feedback -> loop wake           yes   yes  NO        0.0000     2.2109    -1.0000  NO  NO   ecosystem depth 0
  E5 ghost -> ghost bursts           yes   yes  NO        0.0000     2.2109    -1.0000  NO  NO   ecosystem depth 0
  E6.hi ecosystem sync rate high       NO    yes  NO        0.0000     2.2109    -1.0000  NO  NO   side predicate
  E7.hi ecosystem self-affinity high       NO    yes  NO        0.0000     2.2109    -1.0000  NO  NO   side predicate
  D1.1 material Glass                NO    yes  NO        0.0000     0.0000    -1.0000  NO  NO   state-only kind
  D1.2 material Strings              NO    yes  NO        0.0000     0.0000    -1.0000  NO  NO   state-only kind
  D1.3 material MetalPlate           NO    yes  NO        0.0000     0.0000    -1.0000  NO  NO   state-only kind
  D1.4 material Chamber              NO    yes  NO        0.0000     0.0000    -1.0000  NO  NO   state-only kind
  D1.5 material Ice                  NO    yes  NO        0.0000     0.0000    -1.0000  NO  NO   state-only kind
  D1.6 material StoneChamber         yes   yes  NO        0.0000     0.0000    -1.0000  yes NO   state-only kind
  D1.7 material SteelTank            yes   yes  NO        0.0000     0.0000    -1.0000  yes NO   state-only kind
  D1.8 material WoodenHull           NO    yes  NO        0.0000     0.0000    -1.0000  NO  NO   state-only kind
  D1.9 material CathedralColumn       NO    yes  NO        0.0000     0.0000    -1.0000  NO  NO   state-only kind
  D1.10 material CavernWall          NO    yes  NO        0.0000     0.0000    -1.0000  NO  NO   state-only kind
  D1.11 material GlassSphere         NO    yes  NO        0.0000     0.0000    -1.0000  NO  NO   state-only kind
  D2 body blend both heard           yes   yes  NO        0.0000     0.0000    -1.0000  yes NO   state-only kind
  D3.1 noise model Direct      PRI   yes   NO   NO        0.0000     0.0000    -1.0000  NO  NO   state-only kind
  D3.2 noise model FilteredWind       NO    NO   NO        0.0000     0.0000    -1.0000  NO  NO   state-only kind
  D3.3 noise model GranularDust       NO    NO   NO        0.0000     0.0000    -1.0000  NO  NO   state-only kind
  D3.4 noise model MetallicHiss       NO    NO   NO        0.0000     0.0000    -1.0000  NO  NO   state-only kind
  D4.1 noise type White        sec   yes   NO   NO        0.0000     0.0000    -1.0000  NO  NO   state-only kind
  D4.2 noise type Pink               NO    NO   NO        0.0000     0.0000    -1.0000  NO  NO   state-only kind
  D4.3 noise type TapeHiss           NO    NO   NO        0.0000     0.0000    -1.0000  NO  NO   state-only kind
  D4.4 noise type VinylCrackle sec   yes   NO   NO        0.0000     0.0000    -1.0000  NO  NO   state-only kind
  D4.5 noise type Asperity           NO    NO   NO        0.0000     0.0000    -1.0000  NO  NO   state-only kind
  D4.6 noise type Brown              NO    NO   NO        0.0000     0.0000    -1.0000  NO  NO   state-only kind
  D4.7 noise type Blue         sec   yes   NO   NO        0.0000     0.0000    -1.0000  NO  NO   state-only kind
  D4.8 noise type Violet             NO    NO   NO        0.0000     0.0000    -1.0000  NO  NO   state-only kind
  D4.9 noise type Grey               NO    NO   NO        0.0000     0.0000    -1.0000  NO  NO   state-only kind
  D4.10 noise type Velvet      sec   yes   NO   NO        0.0000     0.0000    -1.0000  NO  NO   state-only kind
  D4.11 noise type VinylRumble       NO    NO   NO        0.0000     0.0000    -1.0000  NO  NO   state-only kind
  D4.12 noise type RadioStatic       NO    NO   NO        0.0000     0.0000    -1.0000  NO  NO   state-only kind
  D5.1 anchor Free                   NO    NO   NO        0.0000     0.0000    -1.0000  NO  NO   state-only kind
  D5.2 anchor Keyed                  NO    NO   NO        0.0000     0.0000    -1.0000  NO  NO   state-only kind
  D5.3 anchor Hybrid                 yes   NO   NO        0.0000     0.0000    -1.0000  NO  NO   state-only kind
  D6.1 loop filter Lowpass           yes   NO   NO        0.0000     0.0000    -1.0000  NO  NO   state-only kind
  D6.2 loop filter Bandpass          NO    NO   NO        0.0000     0.0000    -1.0000  NO  NO   state-only kind
  D6.3 loop filter Highpass          NO    NO   NO        0.0000     0.0000    -1.0000  NO  NO   state-only kind
  D7.1 loudest sub f/2               yes   NO   NO        0.0000     0.0000    -1.0000  NO  NO   state-only kind
  D7.2 loudest sub f/4               NO    NO   NO        0.0000     0.0000    -1.0000  NO  NO   state-only kind
  D7.3 loudest sub fifth below       NO    NO   NO        0.0000     0.0000    -1.0000  NO  NO   state-only kind
  D8.1 envelope Standard             yes   yes  NO        0.0000     0.0000    -1.0000  yes NO   state-only kind
  D8.2 envelope Growth               NO    yes  NO        0.0000     0.0000    -1.0000  NO  NO   state-only kind
  D9.1 attack span <= 10 s           NO    yes  NO        0.0000     0.0000    -1.0000  NO  NO   state-only kind
  D9.2 attack span >= 90 s           yes   yes  NO        0.0000     0.0000    -1.0000  yes NO   state-only kind
  D10.1 freeze holds a field         NO    NO   NO        0.0000     0.0000    -1.0000  NO  NO   state-only kind
  D10.2 freeze off                   yes   yes  NO        0.0000     0.0000    -1.0000  yes NO   state-only kind
  D11 ghost reverse >= 0.5           NO    NO   NO        0.0000     0.0000    -1.0000  NO  NO   state-only kind
  D12.1 ghost event triggers on       NO    NO   NO        0.0000     0.0000    -1.0000  NO  NO   state-only kind
  D12.2 ghost event triggers off       yes   yes  NO        0.0000     0.0000    -1.0000  yes NO   state-only kind
  D13.1 event rate scale <= 0.3       NO    NO   NO        0.0000     2.2109    -1.0000  NO  NO   state false
  D13.2 event rate scale >= 3.0       NO    NO   NO        0.0000     2.2109    -1.0000  NO  NO   state false
  D14.1 breathing depth >= 0.7       NO    yes  NO        0.0000     2.2109    -1.0000  NO  NO   state false
  D14.2 tidal depth >= 0.7           NO    yes  NO        0.0000     2.2109    -1.0000  NO  NO   state false
F:\projects\iterum\plugins\vorago\tests\integration\preset_sweep_test.cpp(1163): FAILED:
  CHECK( VoragoTest::verifiedAt(o, primary, ClaimRole::Secondary) )
with expansion:
  false
with message:
  Dead Air primary D3.1 noise model Direct: d 0, 2s(P) 0, attrib -1, skip
  [state-only kind]

F:\projects\iterum\plugins\vorago\tests\integration\preset_sweep_test.cpp(1164): FAILED:
  CHECK( VoragoTest::verifiedAt(o, primary, ClaimRole::Primary) )
with expansion:
  false
with message:
  Dead Air primary D3.1 noise model Direct: d 0, 2s(P) 0, attrib -1, skip
  [state-only kind]

F:\projects\iterum\plugins\vorago\tests\integration\preset_sweep_test.cpp(1171): FAILED:
  CHECK( VoragoTest::verifiedAt(o, c, ClaimRole::Secondary) )
with expansion:
  false
with message:
  Dead Air secondary D4.1 noise type White: d 0, 2s(P) 0, attrib -1, skip
  [state-only kind]

F:\projects\iterum\plugins\vorago\tests\integration\preset_sweep_test.cpp(1171): FAILED:
  CHECK( VoragoTest::verifiedAt(o, c, ClaimRole::Secondary) )
with expansion:
  false
with message:
  Dead Air secondary D4.4 noise type VinylCrackle: d 0, 2s(P) 0, attrib -1,
  skip [state-only kind]

F:\projects\iterum\plugins\vorago\tests\integration\preset_sweep_test.cpp(1171): FAILED:
  CHECK( VoragoTest::verifiedAt(o, c, ClaimRole::Secondary) )
with expansion:
  false
with message:
  Dead Air secondary D4.7 noise type Blue: d 0, 2s(P) 0, attrib -1, skip
  [state-only kind]

F:\projects\iterum\plugins\vorago\tests\integration\preset_sweep_test.cpp(1171): FAILED:
  CHECK( VoragoTest::verifiedAt(o, c, ClaimRole::Secondary) )
with expansion:
  false
with message:
  Dead Air secondary D4.10 noise type Velvet: d 0, 2s(P) 0, attrib -1, skip
  [state-only kind]

[sweep] index 42: computing / loading record...

<default surface> (index 42): primary <none>, 0 secondaries, s(P) 1.9094
  cell                         claim state conj rend           d      2s(P)     attrib  sec pri  skip
  S1 noise organism                  yes   yes  yes       0.4573     3.8187    -1.0000  NO  NO   
  S2 resonance drift                 yes   yes  yes       6.3513     3.8187    -1.0000  yes yes  
  S3 spectral smear                  yes   yes  yes       1.3235     3.8187    -1.0000  NO  NO   
  S4 feedback ecology                yes   yes  yes       0.0008     3.8187    -1.0000  NO  NO   
  S5 subharmonic                     yes   yes  yes       1.0693     3.8187    -1.0000  NO  NO   
  S6 harmonic bloom                  yes   yes  yes       0.2586     3.8187    -1.0000  NO  NO   
  S7 ecosystem                       yes   yes  yes       5.3536     3.8187    -1.0000  yes yes  
  S8 cavern space                    yes   yes  yes       8.8348     3.8187    -1.0000  yes yes  
  S9 ghost / atmosphere              yes   yes  yes       0.2224     3.8187    -1.0000  NO  NO   
  S10 acoustic body                  yes   yes  yes       9.0517     3.8187    -1.0000  yes yes  
  M1 Darkness                        NO    yes  NO        0.0000     3.8187    -1.0000  NO  NO   M displacement
  M2 Age                             NO    yes  NO        0.0000     3.8187    -1.0000  NO  NO   M displacement
  M3 Density                         NO    yes  NO        0.0000     3.8187    -1.0000  NO  NO   M displacement
  M4 Movement                        NO    yes  NO        0.0000     3.8187    -1.0000  NO  NO   M displacement
  M5 Gravity                         NO    yes  NO        0.0000     3.8187    -1.0000  NO  NO   M displacement
  M6 Entropy                         NO    yes  NO        0.0000     3.8187    -1.0000  NO  NO   M displacement
  M7 Pressure                        NO    yes  NO        0.0000     3.8187    -1.0000  NO  NO   M displacement
  M8 Weight                          NO    yes  NO        0.0000     3.8187    -1.0000  NO  NO   M displacement
  M9 Fog                             NO    yes  NO        0.0000     3.8187    -1.0000  NO  NO   M displacement
  M10 Life                           NO    yes  NO        0.0000     3.8187    -1.0000  NO  NO   M displacement
  M11 Depth                          NO    yes  NO        0.0000     3.8187    -1.0000  NO  NO   M displacement
  M12 Mass                           NO    yes  NO        0.0000     3.8187    -1.0000  NO  NO   M displacement
  E1 partial -> bloom                yes   yes  yes       0.1584     5.6309     0.0824  NO  NO   
  E2 resonator -> resonance peaks       yes   yes  yes       5.2748     6.9698     0.0824  yes yes  
  E3 noise -> noise wake             yes   yes  yes       0.2025     7.4225     0.0824  NO  NO   
  E4 feedback -> loop wake           yes   yes  yes       0.0823     5.4132     0.0824  NO  NO   
  E5 ghost -> ghost bursts           yes   yes  yes       0.2119     6.2466     0.0824  NO  NO   
  E6.hi ecosystem sync rate high       NO    yes  NO        0.0000     3.8187    -1.0000  NO  NO   side predicate
  E7.hi ecosystem self-affinity high       NO    yes  NO        0.0000     3.8187    -1.0000  NO  NO   side predicate
  D1.1 material Glass                NO    yes  NO        0.0000     0.0000    -1.0000  NO  NO   state-only kind
  D1.2 material Strings              NO    yes  NO        0.0000     0.0000    -1.0000  NO  NO   state-only kind
  D1.3 material MetalPlate           NO    yes  NO        0.0000     0.0000    -1.0000  NO  NO   state-only kind
  D1.4 material Chamber              NO    yes  NO        0.0000     0.0000    -1.0000  NO  NO   state-only kind
  D1.5 material Ice                  NO    yes  NO        0.0000     0.0000    -1.0000  NO  NO   state-only kind
  D1.6 material StoneChamber         yes   yes  NO        0.0000     0.0000    -1.0000  yes NO   state-only kind
  D1.7 material SteelTank            yes   yes  NO        0.0000     0.0000    -1.0000  yes NO   state-only kind
  D1.8 material WoodenHull           NO    yes  NO        0.0000     0.0000    -1.0000  NO  NO   state-only kind
  D1.9 material CathedralColumn       NO    yes  NO        0.0000     0.0000    -1.0000  NO  NO   state-only kind
  D1.10 material CavernWall          NO    yes  NO        0.0000     0.0000    -1.0000  NO  NO   state-only kind
  D1.11 material GlassSphere         NO    yes  NO        0.0000     0.0000    -1.0000  NO  NO   state-only kind
  D2 body blend both heard           yes   yes  NO        0.0000     0.0000    -1.0000  yes NO   state-only kind
  D3.1 noise model Direct            yes   NO   NO        0.0000     0.0000    -1.0000  NO  NO   state-only kind
  D3.2 noise model FilteredWind       yes   NO   NO        0.0000     0.0000    -1.0000  NO  NO   state-only kind
  D3.3 noise model GranularDust       yes   NO   NO        0.0000     0.0000    -1.0000  NO  NO   state-only kind
  D3.4 noise model MetallicHiss       yes   NO   NO        0.0000     0.0000    -1.0000  NO  NO   state-only kind
  D4.1 noise type White              NO    NO   NO        0.0000     0.0000    -1.0000  NO  NO   state-only kind
  D4.2 noise type Pink               NO    NO   NO        0.0000     0.0000    -1.0000  NO  NO   state-only kind
  D4.3 noise type TapeHiss           NO    NO   NO        0.0000     0.0000    -1.0000  NO  NO   state-only kind
  D4.4 noise type VinylCrackle       NO    NO   NO        0.0000     0.0000    -1.0000  NO  NO   state-only kind
  D4.5 noise type Asperity           NO    NO   NO        0.0000     0.0000    -1.0000  NO  NO   state-only kind
  D4.6 noise type Brown              yes   NO   NO        0.0000     0.0000    -1.0000  NO  NO   state-only kind
  D4.7 noise type Blue               NO    NO   NO        0.0000     0.0000    -1.0000  NO  NO   state-only kind
  D4.8 noise type Violet             NO    NO   NO        0.0000     0.0000    -1.0000  NO  NO   state-only kind
  D4.9 noise type Grey               NO    NO   NO        0.0000     0.0000    -1.0000  NO  NO   state-only kind
  D4.10 noise type Velvet            NO    NO   NO        0.0000     0.0000    -1.0000  NO  NO   state-only kind
  D4.11 noise type VinylRumble       NO    NO   NO        0.0000     0.0000    -1.0000  NO  NO   state-only kind
  D4.12 noise type RadioStatic       NO    NO   NO        0.0000     0.0000    -1.0000  NO  NO   state-only kind
  D5.1 anchor Free                   NO    yes  NO        0.0000     0.0000    -1.0000  NO  NO   state-only kind
  D5.2 anchor Keyed                  NO    yes  NO        0.0000     0.0000    -1.0000  NO  NO   state-only kind
  D5.3 anchor Hybrid                 yes   yes  NO        0.0000     0.0000    -1.0000  yes NO   state-only kind
  D6.1 loop filter Lowpass           yes   NO   NO        0.0000     0.0000    -1.0000  NO  NO   state-only kind
  D6.2 loop filter Bandpass          NO    NO   NO        0.0000     0.0000    -1.0000  NO  NO   state-only kind
  D6.3 loop filter Highpass          NO    NO   NO        0.0000     0.0000    -1.0000  NO  NO   state-only kind
  D7.1 loudest sub f/2               yes   NO   NO        0.0000     0.0000    -1.0000  NO  NO   state-only kind
  D7.2 loudest sub f/4               NO    NO   NO        0.0000     0.0000    -1.0000  NO  NO   state-only kind
  D7.3 loudest sub fifth below       NO    NO   NO        0.0000     0.0000    -1.0000  NO  NO   state-only kind
  D8.1 envelope Standard             yes   yes  NO        0.0000     0.0000    -1.0000  yes NO   state-only kind
  D8.2 envelope Growth               NO    yes  NO        0.0000     0.0000    -1.0000  NO  NO   state-only kind
  D9.1 attack span <= 10 s           NO    yes  NO        0.0000     0.0000    -1.0000  NO  NO   state-only kind
  D9.2 attack span >= 90 s           yes   yes  NO        0.0000     0.0000    -1.0000  yes NO   state-only kind
  D10.1 freeze holds a field         NO    NO   NO        0.0000     0.0000    -1.0000  NO  NO   state-only kind
  D10.2 freeze off                   yes   yes  NO        0.0000     0.0000    -1.0000  yes NO   state-only kind
  D11 ghost reverse >= 0.5           NO    NO   NO        0.0000     0.0000    -1.0000  NO  NO   state-only kind
  D12.1 ghost event triggers on       NO    NO   NO        0.0000     0.0000    -1.0000  NO  NO   state-only kind
  D12.2 ghost event triggers off       yes   yes  NO        0.0000     0.0000    -1.0000  yes NO   state-only kind
  D13.1 event rate scale <= 0.3       NO    yes  NO        0.0000     3.8187    -1.0000  NO  NO   state false
  D13.2 event rate scale >= 3.0       NO    yes  NO        0.0000     3.8187    -1.0000  NO  NO   state false
  D14.1 breathing depth >= 0.7       NO    yes  NO        0.0000     3.8187    -1.0000  NO  NO   state false
  D14.2 tidal depth >= 0.7           NO    yes  NO        0.0000     3.8187    -1.0000  NO  NO   state false
  (default surface: vector recorded, no claims)
1844.423 s: Vorago_PresetSweep_AblationVerifiesClaims
shard 2/4: 10 of 42 indices (N = 42)

=== Vorago_PresetSweep_RendersAreReproducible (FR-038, SC-015) ===
[sweep] index 2: computing / loading record...
Smeared Horizon (index 2): two fresh hosts over [0, 220.00 s], withinTolerance per channel: yes
[sweep] index 6: computing / loading record...
Colony Pulse (index 6): two fresh hosts over [0, 220.00 s], withinTolerance per channel: yes
[sweep] index 10: computing / loading record...
Lightless (index 10): two fresh hosts over [0, 220.00 s], withinTolerance per channel: yes
[sweep] index 14: computing / loading record...
Stone Gravity (index 14): two fresh hosts over [0, 220.00 s], withinTolerance per channel: yes
[sweep] index 18: computing / loading record...
Fogbound (index 18): two fresh hosts over [0, 220.00 s], withinTolerance per channel: yes
[sweep] index 22: computing / loading record...
Bloom Colony (index 22): two fresh hosts over [0, 220.00 s], withinTolerance per channel: yes
[sweep] index 26: computing / loading record...
Haunted Colony (index 26): two fresh hosts over [0, 220.00 s], withinTolerance per channel: yes
[sweep] index 30: computing / loading record...
Iron Plate (index 30): two fresh hosts over [0, 220.00 s], withinTolerance per channel: yes
[sweep] index 34: computing / loading record...
Column Hymn (index 34): two fresh hosts over [0, 220.00 s], withinTolerance per channel: yes
[sweep] index 38: computing / loading record...
Dead Air (index 38): two fresh hosts over [0, 220.00 s], withinTolerance per channel: yes
0.000 s: Vorago_PresetSweep_RendersAreReproducible
===============================================================================
test cases:   5 |   2 passed |  3 failed
assertions: 351 | 332 passed | 19 failed

exit=19 END 2026-09-30 12:39:00
