START 2026-09-30 08:05:28 shard 3/4 (sweep 2: rulings S-1..S-3, Stone Gravity / Slow Bloom re-authored)
Filters: [vorago-sweep] ~[vorago-aggregate]
Randomness seeded to: 1891306470
shard 3/4: 10 of 42 indices (N = 42)

=== Vorago_PresetSweep_LongRender (FR-033, SC-012; K = 4) ===
[sweep] index 3: computing / loading record...

Feedback Mire (index 3): A 155.00 s  Rel 45.00 s  RT60 3.00 s  H 340.00 s  Tail [393.00, 403.00]  Total 403.00 s  freeze tail Off
  take 0 seed  6: finite yes  peak 0.3366  arm1 hi -24.83 dB [yes]  arm2 lo -44.10 dB [yes]  arm3 late-sus +2.84 dB [yes]  arm4 tail -164.92 dB [yes]
  take 1 seed  7: finite yes  peak 0.4205  arm1 hi -20.62 dB [yes]  arm2 lo -38.52 dB [yes]  arm3 late-sus -0.21 dB [yes]  arm4 tail -167.87 dB [yes]
  take 2 seed  8: finite yes  peak 0.4441  arm1 hi -20.62 dB [yes]  arm2 lo -43.29 dB [yes]  arm3 late-sus +2.62 dB [yes]  arm4 tail -177.79 dB [yes]
  take 3 seed  9: finite yes  peak 0.2237  arm1 hi -25.11 dB [yes]  arm2 lo -44.38 dB [yes]  arm3 late-sus -6.28 dB [yes]  arm4 tail -180.91 dB [yes]
[sweep] index 7: computing / loading record...

Cathedral Void (index 7): A 155.00 s  Rel 30.00 s  RT60 55.00 s  H 340.00 s  Tail [430.00, 440.00]  Total 440.00 s  freeze tail Off
  take 0 seed  5: finite yes  peak 0.0724  arm1 hi -34.25 dB [yes]  arm2 lo -37.81 dB [yes]  arm3 late-sus +0.85 dB [yes]  arm4 tail -214.16 dB [yes]
  take 1 seed  6: finite yes  peak 0.0837  arm1 hi -33.42 dB [yes]  arm2 lo -38.24 dB [yes]  arm3 late-sus +0.46 dB [yes]  arm4 tail -210.10 dB [yes]
  take 2 seed  7: finite yes  peak 0.0824  arm1 hi -33.67 dB [yes]  arm2 lo -39.18 dB [yes]  arm3 late-sus +0.51 dB [yes]  arm4 tail -206.61 dB [yes]
  take 3 seed  8: finite yes  peak 0.0729  arm1 hi -33.30 dB [yes]  arm2 lo -35.81 dB [yes]  arm3 late-sus +0.03 dB [yes]  arm4 tail -207.45 dB [yes]
[sweep] index 11: computing / loading record...

Erosion (index 11): A 155.00 s  Rel 45.00 s  RT60 16.00 s  H 340.00 s  Tail [406.00, 416.00]  Total 416.00 s  freeze tail Off
  take 0 seed 14: finite yes  peak 0.1752  arm1 hi -26.51 dB [yes]  arm2 lo -32.50 dB [yes]  arm3 late-sus +0.89 dB [yes]  arm4 tail -198.05 dB [yes]
  take 1 seed 15: finite yes  peak 0.1927  arm1 hi -25.32 dB [yes]  arm2 lo -41.07 dB [yes]  arm3 late-sus +2.76 dB [yes]  arm4 tail -206.66 dB [yes]
  take 2 seed  0: finite yes  peak 0.1876  arm1 hi -24.03 dB [yes]  arm2 lo -34.40 dB [yes]  arm3 late-sus +1.46 dB [yes]  arm4 tail -187.19 dB [yes]
  take 3 seed  1: finite yes  peak 0.1754  arm1 hi -25.83 dB [yes]  arm2 lo -32.73 dB [yes]  arm3 late-sus +0.47 dB [yes]  arm4 tail -190.62 dB [yes]
[sweep] index 15: computing / loading record...

Entropic Hum (index 15): A 155.00 s  Rel 45.00 s  RT60 4.00 s  H 340.00 s  Tail [394.00, 404.00]  Total 404.00 s  freeze tail Off
  take 0 seed  5: finite yes  peak 0.2877  arm1 hi -24.42 dB [yes]  arm2 lo -29.20 dB [yes]  arm3 late-sus +1.00 dB [yes]  arm4 tail -140.78 dB [yes]
  take 1 seed  6: finite yes  peak 0.2930  arm1 hi -23.75 dB [yes]  arm2 lo -30.89 dB [yes]  arm3 late-sus -1.07 dB [yes]  arm4 tail -127.92 dB [yes]
  take 2 seed  7: finite yes  peak 0.2773  arm1 hi -24.55 dB [yes]  arm2 lo -29.77 dB [yes]  arm3 late-sus -0.57 dB [yes]  arm4 tail -125.70 dB [yes]
  take 3 seed  8: finite yes  peak 0.3615  arm1 hi -22.32 dB [yes]  arm2 lo -29.28 dB [yes]  arm3 late-sus +0.49 dB [yes]  arm4 tail -143.64 dB [yes]
[sweep] index 19: computing / loading record...

Teeming (index 19): A 155.00 s  Rel 45.00 s  RT60 6.00 s  H 340.00 s  Tail [396.00, 406.00]  Total 406.00 s  freeze tail Off
  take 0 seed 11: finite yes  peak 0.1937  arm1 hi -25.12 dB [yes]  arm2 lo -29.05 dB [yes]  arm3 late-sus +1.09 dB [yes]  arm4 tail -173.53 dB [yes]
  take 1 seed 12: finite yes  peak 0.1919  arm1 hi -25.70 dB [yes]  arm2 lo -30.57 dB [yes]  arm3 late-sus +0.20 dB [yes]  arm4 tail -149.93 dB [yes]
  take 2 seed 13: finite yes  peak 0.2065  arm1 hi -24.90 dB [yes]  arm2 lo -31.39 dB [yes]  arm3 late-sus -1.77 dB [yes]  arm4 tail -138.35 dB [yes]
  take 3 seed 14: finite yes  peak 0.2151  arm1 hi -24.56 dB [yes]  arm2 lo -29.05 dB [yes]  arm3 late-sus +1.44 dB [yes]  arm4 tail -168.83 dB [yes]
[sweep] index 23: computing / loading record...

Singing Colony (index 23): A 155.00 s  Rel 45.00 s  RT60 25.00 s  H 340.00 s  Tail [415.00, 425.00]  Total 425.00 s  freeze tail Off
  take 0 seed  2: finite yes  peak 0.9661  arm1 hi -8.34 dB [yes]  arm2 lo -22.95 dB [yes]  arm3 late-sus +2.49 dB [yes]  arm4 tail -240.00 dB [yes]
  take 1 seed  3: finite yes  peak 0.9661  arm1 hi -9.58 dB [yes]  arm2 lo -25.15 dB [yes]  arm3 late-sus +1.48 dB [yes]  arm4 tail -240.00 dB [yes]
  take 2 seed  4: finite yes  peak 0.9661  arm1 hi -6.26 dB [yes]  arm2 lo -20.65 dB [yes]  arm3 late-sus +2.95 dB [yes]  arm4 tail -240.00 dB [yes]
  take 3 seed  5: finite yes  peak 0.9661  arm1 hi -7.03 dB [yes]  arm2 lo -23.38 dB [yes]  arm3 late-sus +3.74 dB [yes]  arm4 tail -240.00 dB [yes]
[sweep] index 27: computing / loading record...
  attack window (D8.2 envelope Growth primary, W_end 65.0 s): d_att 8.1714, d_Sus 0.0157
    P: first reaches RMS(Sus) - 6 dB at 30 s
    P_rev: first reaches RMS(Sus) - 6 dB at 4 s

Growth Ring (index 27): A 60.00 s  Rel 45.00 s  RT60 20.00 s  H 245.00 s  Tail [315.00, 325.00]  Total 325.00 s  freeze tail Off
  take 0 seed  9: finite yes  peak 0.1742  arm1 hi -25.18 dB [yes]  arm2 lo -26.53 dB [yes]  arm3 late-sus +0.02 dB [yes]  arm4 tail -240.00 dB [yes]
  take 1 seed 10: finite yes  peak 0.1741  arm1 hi -25.13 dB [yes]  arm2 lo -26.84 dB [yes]  arm3 late-sus -0.24 dB [yes]  arm4 tail -240.00 dB [yes]
  take 2 seed 11: finite yes  peak 0.1597  arm1 hi -25.25 dB [yes]  arm2 lo -27.04 dB [yes]  arm3 late-sus -0.38 dB [yes]  arm4 tail -240.00 dB [yes]
  take 3 seed 12: finite yes  peak 0.1766  arm1 hi -25.39 dB [yes]  arm2 lo -27.25 dB [yes]  arm3 late-sus -0.09 dB [yes]  arm4 tail -240.00 dB [yes]
[sweep] index 31: computing / loading record...

Chamber Drone (index 31): A 155.00 s  Rel 45.00 s  RT60 7.00 s  H 340.00 s  Tail [397.00, 407.00]  Total 407.00 s  freeze tail Off
  take 0 seed 13: finite yes  peak 0.3584  arm1 hi -19.11 dB [yes]  arm2 lo -22.10 dB [yes]  arm3 late-sus -0.55 dB [yes]  arm4 tail -214.30 dB [yes]
  take 1 seed 14: finite yes  peak 0.3327  arm1 hi -19.28 dB [yes]  arm2 lo -21.60 dB [yes]  arm3 late-sus +0.29 dB [yes]  arm4 tail -213.40 dB [yes]
  take 2 seed 15: finite yes  peak 0.3294  arm1 hi -19.54 dB [yes]  arm2 lo -21.61 dB [yes]  arm3 late-sus +0.11 dB [yes]  arm4 tail -213.96 dB [yes]
  take 3 seed  0: finite yes  peak 0.3619  arm1 hi -18.70 dB [yes]  arm2 lo -21.65 dB [yes]  arm3 late-sus +0.29 dB [yes]  arm4 tail -217.39 dB [yes]
[sweep] index 35: computing / loading record...

Cavern Wall (index 35): A 155.00 s  Rel 45.00 s  RT60 12.00 s  H 340.00 s  Tail [402.00, 412.00]  Total 412.00 s  freeze tail Off
  take 0 seed  7: finite yes  peak 0.5921  arm1 hi -13.04 dB [yes]  arm2 lo -14.22 dB [yes]  arm3 late-sus +0.17 dB [yes]  arm4 tail -225.99 dB [yes]
  take 1 seed  8: finite yes  peak 0.5793  arm1 hi -13.03 dB [yes]  arm2 lo -14.29 dB [yes]  arm3 late-sus +0.08 dB [yes]  arm4 tail -226.09 dB [yes]
  take 2 seed  9: finite yes  peak 0.5745  arm1 hi -13.06 dB [yes]  arm2 lo -14.23 dB [yes]  arm3 late-sus +0.13 dB [yes]  arm4 tail -225.30 dB [yes]
  take 3 seed 10: finite yes  peak 0.5814  arm1 hi -13.06 dB [yes]  arm2 lo -14.33 dB [yes]  arm3 late-sus -0.00 dB [yes]  arm4 tail -225.67 dB [yes]
[sweep] index 39: computing / loading record...

Abyssal Wind (index 39): A 155.00 s  Rel 45.00 s  RT60 25.00 s  H 340.00 s  Tail [415.00, 425.00]  Total 425.00 s  freeze tail Off
  take 0 seed 15: finite yes  peak 0.1980  arm1 hi -24.14 dB [yes]  arm2 lo -26.30 dB [yes]  arm3 late-sus +0.35 dB [yes]  arm4 tail -240.00 dB [yes]
  take 1 seed  0: finite yes  peak 0.1976  arm1 hi -24.23 dB [yes]  arm2 lo -26.56 dB [yes]  arm3 late-sus +0.77 dB [yes]  arm4 tail -240.00 dB [yes]
  take 2 seed  1: finite yes  peak 0.1994  arm1 hi -24.33 dB [yes]  arm2 lo -27.36 dB [yes]  arm3 late-sus -0.37 dB [yes]  arm4 tail -240.00 dB [yes]
  take 3 seed  2: finite yes  peak 0.1929  arm1 hi -24.21 dB [yes]  arm2 lo -26.23 dB [yes]  arm3 late-sus -0.21 dB [yes]  arm4 tail -240.00 dB [yes]
14296.557 s: Vorago_PresetSweep_LongRender
shard 3/4: 10 of 42 indices (N = 42)

=== Vorago_PresetSweep_FreezeGesture (FR-033, SC-024) ===
[sweep] index 7: computing / loading record...
Cathedral Void (index 7): RMS(Sus) -36.02 dB  G loudest -42.98  G last -43.36  G floor -56.02  G0 loudest -136.40 (bound -76.02)  G - G0 93.42 dB  pass yes
0.000 s: Vorago_PresetSweep_FreezeGesture
shard 3/4: 10 of 42 indices (N = 42)

=== Vorago_PresetSweep_SustainAtAllRates (FR-033a, SC-022) ===
[sweep] index 3: computing / loading record...
Feedback Mire (index 3): [0, 220.00 s]  44.1 kHz finite yes peak 0.2090 hi -30.29 dB  |  96 kHz finite yes peak 0.0274 hi -41.02 dB
[sweep] index 7: computing / loading record...
Cathedral Void (index 7): [0, 220.00 s]  44.1 kHz finite yes peak 0.0725 hi -34.21 dB  |  96 kHz finite yes peak 0.0634 hi -35.16 dB
[sweep] index 11: computing / loading record...
Erosion (index 11): [0, 220.00 s]  44.1 kHz finite yes peak 0.1758 hi -27.09 dB  |  96 kHz finite yes peak 0.1564 hi -27.29 dB
[sweep] index 15: computing / loading record...
Entropic Hum (index 15): [0, 220.00 s]  44.1 kHz finite yes peak 0.2042 hi -26.56 dB  |  96 kHz finite yes peak 0.2497 hi -24.92 dB
[sweep] index 19: computing / loading record...
Teeming (index 19): [0, 220.00 s]  44.1 kHz finite yes peak 0.2012 hi -24.90 dB  |  96 kHz finite yes peak 0.1767 hi -26.25 dB
[sweep] index 23: computing / loading record...
Singing Colony (index 23): [0, 220.00 s]  44.1 kHz finite yes peak 0.9661 hi -8.08 dB  |  96 kHz finite yes peak 0.5702 hi -16.15 dB
[sweep] index 27: computing / loading record...
Growth Ring (index 27): [0, 125.00 s]  44.1 kHz finite yes peak 0.1666 hi -24.87 dB  |  96 kHz finite yes peak 0.1566 hi -26.18 dB
[sweep] index 31: computing / loading record...
Chamber Drone (index 31): [0, 220.00 s]  44.1 kHz finite yes peak 0.3493 hi -18.88 dB  |  96 kHz finite yes peak 0.3043 hi -20.25 dB
[sweep] index 35: computing / loading record...
Cavern Wall (index 35): [0, 220.00 s]  44.1 kHz finite yes peak 0.6119 hi -12.99 dB  |  96 kHz finite yes peak 0.5330 hi -13.81 dB
[sweep] index 39: computing / loading record...
Abyssal Wind (index 39): [0, 220.00 s]  44.1 kHz finite yes peak 0.1967 hi -23.91 dB  |  96 kHz finite yes peak 0.1946 hi -25.75 dB
0.000 s: Vorago_PresetSweep_SustainAtAllRates
shard 3/4: 10 of 43 indices (N = 42, index N = default surface)

=== Vorago_PresetSweep_AblationVerifiesClaims (FR-012, FR-037, SC-011) ===
[sweep] index 3: computing / loading record...

Feedback Mire (index 3): primary S4 feedback ecology, 3 secondaries, s(P) 2.7282
  cell                         claim state conj rend           d      2s(P)     attrib  sec pri  skip
  S1 noise organism                  yes   yes  yes       2.4887     5.4563    -1.0000  yes NO   
  S2 resonance drift                 yes   yes  yes       3.8039     5.4563    -1.0000  yes NO   
  S3 spectral smear                  yes   yes  yes       3.8805     5.4563    -1.0000  yes NO   
  S4 feedback ecology          PRI   yes   yes  yes       1.6035     5.4563    -1.0000  yes NO   
  S5 subharmonic                     yes   yes  yes       1.7618     5.4563    -1.0000  yes NO   
  S6 harmonic bloom                  yes   yes  yes       0.0000     5.4563    -1.0000  NO  NO   
  S7 ecosystem                       yes   yes  yes       3.8815     5.4563    -1.0000  yes NO   
  S8 cavern space                    yes   yes  yes       0.4265     5.4563    -1.0000  NO  NO   
  S9 ghost / atmosphere              yes   yes  yes       0.0507     5.4563    -1.0000  NO  NO   
  S10 acoustic body                  yes   yes  yes       7.6098     5.4563    -1.0000  yes yes  
  M1 Darkness                        NO    yes  NO        0.0000     5.4563    -1.0000  NO  NO   M displacement
  M2 Age                             NO    yes  NO        0.0000     5.4563    -1.0000  NO  NO   M displacement
  M3 Density                         NO    yes  NO        0.0000     5.4563    -1.0000  NO  NO   M displacement
  M4 Movement                        NO    yes  NO        0.0000     5.4563    -1.0000  NO  NO   M displacement
  M5 Gravity                         NO    yes  NO        0.0000     5.4563    -1.0000  NO  NO   M displacement
  M6 Entropy                         NO    yes  NO        0.0000     5.4563    -1.0000  NO  NO   M displacement
  M7 Pressure                        NO    yes  NO        0.0000     5.4563    -1.0000  NO  NO   M displacement
  M8 Weight                          NO    yes  NO        0.0000     5.4563    -1.0000  NO  NO   M displacement
  M9 Fog                             NO    yes  NO        0.0000     5.4563    -1.0000  NO  NO   M displacement
  M10 Life                           NO    yes  NO        0.0000     5.4563    -1.0000  NO  NO   M displacement
  M11 Depth                          NO    yes  NO        0.0000     5.4563    -1.0000  NO  NO   M displacement
  M12 Mass                           NO    yes  NO        0.0000     5.4563    -1.0000  NO  NO   M displacement
  E1 partial -> bloom                yes   yes  yes       0.8970     6.3922     0.8970  NO  NO   
  E2 resonator -> resonance peaks       yes   yes  yes       1.6049     2.1951     0.8970  NO  NO   
  E3 noise -> noise wake             yes   yes  yes       2.7489    12.4429     0.8970  yes NO   
  E4 feedback -> loop wake           yes   yes  yes       2.7439    20.4935     0.8970  yes NO   
  E5 ghost -> ghost bursts           yes   yes  yes       0.9099     5.7886     0.8970  NO  NO   
  E6.hi ecosystem sync rate high       NO    yes  NO        0.0000     5.4563    -1.0000  NO  NO   side predicate
  E7.hi ecosystem self-affinity high       NO    yes  NO        0.0000     5.4563    -1.0000  NO  NO   side predicate
  D1.1 material Glass                NO    yes  NO        0.0000     0.0000    -1.0000  NO  NO   state-only kind
  D1.2 material Strings              NO    yes  NO        0.0000     0.0000    -1.0000  NO  NO   state-only kind
  D1.3 material MetalPlate           NO    yes  NO        0.0000     0.0000    -1.0000  NO  NO   state-only kind
  D1.4 material Chamber              NO    yes  NO        0.0000     0.0000    -1.0000  NO  NO   state-only kind
  D1.5 material Ice                  NO    yes  NO        0.0000     0.0000    -1.0000  NO  NO   state-only kind
  D1.6 material StoneChamber         yes   yes  NO        0.0000     0.0000    -1.0000  yes NO   state-only kind
  D1.7 material SteelTank            yes   yes  NO        0.0000     0.0000    -1.0000  yes NO   state-only kind
  D1.8 material WoodenHull           NO    yes  NO        0.0000     0.0000    -1.0000  NO  NO   state-only kind
  D1.9 material CathedralColumn       NO    yes  NO        0.0000     0.0000    -1.0000  NO  NO   state-only kind
  D1.10 material CavernWall          NO    yes  NO        0.0000     0.0000    -1.0000  NO  NO   state-only kind
  D1.11 material GlassSphere         NO    yes  NO        0.0000     0.0000    -1.0000  NO  NO   state-only kind
  D2 body blend both heard           yes   yes  NO        0.0000     0.0000    -1.0000  yes NO   state-only kind
  D3.1 noise model Direct            yes   yes  NO        0.0000     0.0000    -1.0000  yes NO   state-only kind
  D3.2 noise model FilteredWind       yes   yes  NO        0.0000     0.0000    -1.0000  yes NO   state-only kind
  D3.3 noise model GranularDust       yes   yes  NO        0.0000     0.0000    -1.0000  yes NO   state-only kind
  D3.4 noise model MetallicHiss       yes   yes  NO        0.0000     0.0000    -1.0000  yes NO   state-only kind
  D4.1 noise type White              NO    yes  NO        0.0000     0.0000    -1.0000  NO  NO   state-only kind
  D4.2 noise type Pink               NO    yes  NO        0.0000     0.0000    -1.0000  NO  NO   state-only kind
  D4.3 noise type TapeHiss           NO    yes  NO        0.0000     0.0000    -1.0000  NO  NO   state-only kind
  D4.4 noise type VinylCrackle       NO    yes  NO        0.0000     0.0000    -1.0000  NO  NO   state-only kind
  D4.5 noise type Asperity           NO    yes  NO        0.0000     0.0000    -1.0000  NO  NO   state-only kind
  D4.6 noise type Brown              yes   yes  NO        0.0000     0.0000    -1.0000  yes NO   state-only kind
  D4.7 noise type Blue               NO    yes  NO        0.0000     0.0000    -1.0000  NO  NO   state-only kind
  D4.8 noise type Violet             NO    yes  NO        0.0000     0.0000    -1.0000  NO  NO   state-only kind
  D4.9 noise type Grey               NO    yes  NO        0.0000     0.0000    -1.0000  NO  NO   state-only kind
  D4.10 noise type Velvet            NO    yes  NO        0.0000     0.0000    -1.0000  NO  NO   state-only kind
  D4.11 noise type VinylRumble       NO    yes  NO        0.0000     0.0000    -1.0000  NO  NO   state-only kind
  D4.12 noise type RadioStatic       NO    yes  NO        0.0000     0.0000    -1.0000  NO  NO   state-only kind
  D5.1 anchor Free                   NO    yes  NO        0.0000     0.0000    -1.0000  NO  NO   state-only kind
  D5.2 anchor Keyed                  NO    yes  NO        0.0000     0.0000    -1.0000  NO  NO   state-only kind
  D5.3 anchor Hybrid                 yes   yes  NO        0.0000     0.0000    -1.0000  yes NO   state-only kind
  D6.1 loop filter Lowpass     sec   yes   yes  NO        0.0000     0.0000    -1.0000  yes NO   state-only kind
  D6.2 loop filter Bandpass    sec   yes   yes  NO        0.0000     0.0000    -1.0000  yes NO   state-only kind
  D6.3 loop filter Highpass    sec   yes   yes  NO        0.0000     0.0000    -1.0000  yes NO   state-only kind
  D7.1 loudest sub f/2               yes   yes  NO        0.0000     0.0000    -1.0000  yes NO   state-only kind
  D7.2 loudest sub f/4               NO    yes  NO        0.0000     0.0000    -1.0000  NO  NO   state-only kind
  D7.3 loudest sub fifth below       NO    yes  NO        0.0000     0.0000    -1.0000  NO  NO   state-only kind
  D8.1 envelope Standard             yes   yes  NO        0.0000     0.0000    -1.0000  yes NO   state-only kind
  D8.2 envelope Growth               NO    yes  NO        0.0000     0.0000    -1.0000  NO  NO   state-only kind
  D9.1 attack span <= 10 s           NO    yes  NO        0.0000     0.0000    -1.0000  NO  NO   state-only kind
  D9.2 attack span >= 90 s           yes   yes  NO        0.0000     0.0000    -1.0000  yes NO   state-only kind
  D10.1 freeze holds a field         NO    NO   NO        0.0000     0.0000    -1.0000  NO  NO   state-only kind
  D10.2 freeze off                   yes   yes  NO        0.0000     0.0000    -1.0000  yes NO   state-only kind
  D11 ghost reverse >= 0.5           NO    NO   NO        0.0000     0.0000    -1.0000  NO  NO   state-only kind
  D12.1 ghost event triggers on       NO    NO   NO        0.0000     0.0000    -1.0000  NO  NO   state-only kind
  D12.2 ghost event triggers off       yes   yes  NO        0.0000     0.0000    -1.0000  yes NO   state-only kind
  D13.1 event rate scale <= 0.3       NO    yes  NO        0.0000     5.4563    -1.0000  NO  NO   state false
  D13.2 event rate scale >= 3.0       NO    yes  NO        0.0000     5.4563    -1.0000  NO  NO   state false
  D14.1 breathing depth >= 0.7       NO    yes  NO        0.0000     5.4563    -1.0000  NO  NO   state false
  D14.2 tidal depth >= 0.7           NO    yes  NO        0.0000     5.4563    -1.0000  NO  NO   state false

~~~~~~~~~~~~~~~~~~~~~~~~~~~~~~~~~~~~~~~~~~~~~~~~~~~~~~~~~~~~~~~~~~~~~~~~~~~~~~~
vorago_tests.exe is a Catch2 v3.4.0 host application.
Run with -? for options

-------------------------------------------------------------------------------
Vorago_PresetSweep_AblationVerifiesClaims
-------------------------------------------------------------------------------
F:\projects\iterum\plugins\vorago\tests\integration\preset_sweep_test.cpp(1111)
...............................................................................

F:\projects\iterum\plugins\vorago\tests\integration\preset_sweep_test.cpp(1164): FAILED:
  CHECK( VoragoTest::verifiedAt(o, primary, ClaimRole::Primary) )
with expansion:
  false
with message:
  Feedback Mire primary S4 feedback ecology: d 1.60348, 2s(P) 5.45634, attrib -
  1, skip []

[sweep] index 7: computing / loading record...

Cathedral Void (index 7): primary S8 cavern space, 1 secondaries, s(P) 1.9481
  cell                         claim state conj rend           d      2s(P)     attrib  sec pri  skip
  S1 noise organism                  yes   yes  yes       0.7954     3.8962    -1.0000  NO  NO   
  S2 resonance drift                 yes   yes  yes       1.5305     3.8962    -1.0000  yes NO   
  S3 spectral smear                  yes   yes  yes       2.8221     3.8962    -1.0000  yes NO   
  S4 feedback ecology                yes   yes  yes       0.0010     3.8962    -1.0000  NO  NO   
  S5 subharmonic                     yes   yes  yes       3.0771     3.8962    -1.0000  yes NO   
  S6 harmonic bloom                  yes   yes  yes       0.1038     3.8962    -1.0000  NO  NO   
  S7 ecosystem                       yes   yes  yes       1.3920     3.8962    -1.0000  NO  NO   
  S8 cavern space              PRI   yes   yes  yes      10.2525     3.8962    -1.0000  yes yes  
  S9 ghost / atmosphere              yes   yes  yes       0.0858     3.8962    -1.0000  NO  NO   
  S10 acoustic body                  yes   yes  yes      14.8842     3.8962    -1.0000  yes yes  
  M1 Darkness                        NO    yes  NO        0.0000     3.8962    -1.0000  NO  NO   M displacement
  M2 Age                             NO    yes  NO        0.0000     3.8962    -1.0000  NO  NO   M displacement
  M3 Density                         NO    yes  NO        0.0000     3.8962    -1.0000  NO  NO   M displacement
  M4 Movement                        NO    yes  NO        0.0000     3.8962    -1.0000  NO  NO   M displacement
  M5 Gravity                         NO    yes  NO        0.0000     3.8962    -1.0000  NO  NO   M displacement
  M6 Entropy                         NO    yes  NO        0.0000     3.8962    -1.0000  NO  NO   M displacement
  M7 Pressure                        NO    yes  NO        0.0000     3.8962    -1.0000  NO  NO   M displacement
  M8 Weight                          NO    yes  NO        0.0000     3.8962    -1.0000  NO  NO   M displacement
  M9 Fog                             NO    yes  NO        0.0000     3.8962    -1.0000  NO  NO   M displacement
  M10 Life                           NO    yes  NO        0.0000     3.8962    -1.0000  NO  NO   M displacement
  M11 Depth                          NO    yes  NO        0.0000     3.8962    -1.0000  NO  NO   M displacement
  M12 Mass                           NO    yes  NO        0.0000     3.8962    -1.0000  NO  NO   M displacement
  E1 partial -> bloom                yes   yes  yes       0.5472     4.7418     0.4979  NO  NO   
  E2 resonator -> resonance peaks       yes   yes  yes       0.7743     4.8641     0.4979  NO  NO   
  E3 noise -> noise wake             yes   yes  yes       1.0627     5.0652     0.4979  NO  NO   
  E4 feedback -> loop wake           yes   yes  yes       0.4979     4.8749     0.4979  NO  NO   
  E5 ghost -> ghost bursts           yes   yes  yes       0.5229     4.8139     0.4979  NO  NO   
  E6.hi ecosystem sync rate high       NO    yes  NO        0.0000     3.8962    -1.0000  NO  NO   side predicate
  E7.hi ecosystem self-affinity high       NO    yes  NO        0.0000     3.8962    -1.0000  NO  NO   side predicate
  D1.1 material Glass                NO    yes  NO        0.0000     0.0000    -1.0000  NO  NO   state-only kind
  D1.2 material Strings              NO    yes  NO        0.0000     0.0000    -1.0000  NO  NO   state-only kind
  D1.3 material MetalPlate           NO    yes  NO        0.0000     0.0000    -1.0000  NO  NO   state-only kind
  D1.4 material Chamber              NO    yes  NO        0.0000     0.0000    -1.0000  NO  NO   state-only kind
  D1.5 material Ice                  NO    yes  NO        0.0000     0.0000    -1.0000  NO  NO   state-only kind
  D1.6 material StoneChamber         yes   yes  NO        0.0000     0.0000    -1.0000  yes NO   state-only kind
  D1.7 material SteelTank            yes   yes  NO        0.0000     0.0000    -1.0000  yes NO   state-only kind
  D1.8 material WoodenHull           NO    yes  NO        0.0000     0.0000    -1.0000  NO  NO   state-only kind
  D1.9 material CathedralColumn       NO    yes  NO        0.0000     0.0000    -1.0000  NO  NO   state-only kind
  D1.10 material CavernWall          NO    yes  NO        0.0000     0.0000    -1.0000  NO  NO   state-only kind
  D1.11 material GlassSphere         NO    yes  NO        0.0000     0.0000    -1.0000  NO  NO   state-only kind
  D2 body blend both heard           yes   yes  NO        0.0000     0.0000    -1.0000  yes NO   state-only kind
  D3.1 noise model Direct            yes   NO   NO        0.0000     0.0000    -1.0000  NO  NO   state-only kind
  D3.2 noise model FilteredWind       yes   NO   NO        0.0000     0.0000    -1.0000  NO  NO   state-only kind
  D3.3 noise model GranularDust       yes   NO   NO        0.0000     0.0000    -1.0000  NO  NO   state-only kind
  D3.4 noise model MetallicHiss       yes   NO   NO        0.0000     0.0000    -1.0000  NO  NO   state-only kind
  D4.1 noise type White              NO    NO   NO        0.0000     0.0000    -1.0000  NO  NO   state-only kind
  D4.2 noise type Pink               NO    NO   NO        0.0000     0.0000    -1.0000  NO  NO   state-only kind
  D4.3 noise type TapeHiss           NO    NO   NO        0.0000     0.0000    -1.0000  NO  NO   state-only kind
  D4.4 noise type VinylCrackle       NO    NO   NO        0.0000     0.0000    -1.0000  NO  NO   state-only kind
  D4.5 noise type Asperity           NO    NO   NO        0.0000     0.0000    -1.0000  NO  NO   state-only kind
  D4.6 noise type Brown              yes   NO   NO        0.0000     0.0000    -1.0000  NO  NO   state-only kind
  D4.7 noise type Blue               NO    NO   NO        0.0000     0.0000    -1.0000  NO  NO   state-only kind
  D4.8 noise type Violet             NO    NO   NO        0.0000     0.0000    -1.0000  NO  NO   state-only kind
  D4.9 noise type Grey               NO    NO   NO        0.0000     0.0000    -1.0000  NO  NO   state-only kind
  D4.10 noise type Velvet            NO    NO   NO        0.0000     0.0000    -1.0000  NO  NO   state-only kind
  D4.11 noise type VinylRumble       NO    NO   NO        0.0000     0.0000    -1.0000  NO  NO   state-only kind
  D4.12 noise type RadioStatic       NO    NO   NO        0.0000     0.0000    -1.0000  NO  NO   state-only kind
  D5.1 anchor Free                   NO    yes  NO        0.0000     0.0000    -1.0000  NO  NO   state-only kind
  D5.2 anchor Keyed                  NO    yes  NO        0.0000     0.0000    -1.0000  NO  NO   state-only kind
  D5.3 anchor Hybrid                 yes   yes  NO        0.0000     0.0000    -1.0000  yes NO   state-only kind
  D6.1 loop filter Lowpass           yes   NO   NO        0.0000     0.0000    -1.0000  NO  NO   state-only kind
  D6.2 loop filter Bandpass          NO    NO   NO        0.0000     0.0000    -1.0000  NO  NO   state-only kind
  D6.3 loop filter Highpass          NO    NO   NO        0.0000     0.0000    -1.0000  NO  NO   state-only kind
  D7.1 loudest sub f/2               yes   yes  NO        0.0000     0.0000    -1.0000  yes NO   state-only kind
  D7.2 loudest sub f/4               NO    yes  NO        0.0000     0.0000    -1.0000  NO  NO   state-only kind
  D7.3 loudest sub fifth below       NO    yes  NO        0.0000     0.0000    -1.0000  NO  NO   state-only kind
  D8.1 envelope Standard             yes   yes  NO        0.0000     0.0000    -1.0000  yes NO   state-only kind
  D8.2 envelope Growth               NO    yes  NO        0.0000     0.0000    -1.0000  NO  NO   state-only kind
  D9.1 attack span <= 10 s           NO    yes  NO        0.0000     0.0000    -1.0000  NO  NO   state-only kind
  D9.2 attack span >= 90 s           yes   yes  NO        0.0000     0.0000    -1.0000  yes NO   state-only kind
  D10.1 freeze holds a field   sec   yes   yes  yes       0.0000     0.0000    -1.0000  yes NO   
  D10.2 freeze off                   yes   yes  NO        0.0000     0.0000    -1.0000  yes NO   state-only kind
  D11 ghost reverse >= 0.5           NO    NO   NO        0.0000     0.0000    -1.0000  NO  NO   state-only kind
  D12.1 ghost event triggers on       NO    NO   NO        0.0000     0.0000    -1.0000  NO  NO   state-only kind
  D12.2 ghost event triggers off       yes   yes  NO        0.0000     0.0000    -1.0000  yes NO   state-only kind
  D13.1 event rate scale <= 0.3       NO    NO   NO        0.0000     3.8962    -1.0000  NO  NO   state false
  D13.2 event rate scale >= 3.0       NO    NO   NO        0.0000     3.8962    -1.0000  NO  NO   state false
  D14.1 breathing depth >= 0.7       NO    yes  NO        0.0000     3.8962    -1.0000  NO  NO   state false
  D14.2 tidal depth >= 0.7           NO    yes  NO        0.0000     3.8962    -1.0000  NO  NO   state false
[sweep] index 11: computing / loading record...

Erosion (index 11): primary M2 Age, 4 secondaries, s(P) 4.1767
  cell                         claim state conj rend           d      2s(P)     attrib  sec pri  skip
  S1 noise organism                  yes   yes  yes       2.2856     8.3534    -1.0000  yes NO   
  S2 resonance drift                 yes   yes  yes       3.4753     8.3534    -1.0000  yes NO   
  S3 spectral smear                  yes   yes  yes       1.1210     8.3534    -1.0000  NO  NO   
  S4 feedback ecology                yes   yes  yes       0.0012     8.3534    -1.0000  NO  NO   
  S5 subharmonic                     yes   yes  yes       1.2472     8.3534    -1.0000  NO  NO   
  S6 harmonic bloom                  yes   yes  yes       0.2890     8.3534    -1.0000  NO  NO   
  S7 ecosystem                       yes   yes  yes       3.0519     8.3534    -1.0000  yes NO   
  S8 cavern space                    yes   yes  yes       7.3736     8.3534    -1.0000  yes yes  
  S9 ghost / atmosphere              yes   yes  yes       0.0684     8.3534    -1.0000  NO  NO   
  S10 acoustic body                  yes   yes  yes       9.5008     8.3534    -1.0000  yes yes  
  M1 Darkness                        NO    yes  NO        0.0000     8.3534    -1.0000  NO  NO   M displacement
  M2 Age                       PRI   yes   yes  yes       2.4468     8.3534    -1.0000  yes NO   
  M3 Density                         NO    yes  NO        0.0000     8.3534    -1.0000  NO  NO   M displacement
  M4 Movement                        NO    yes  NO        0.0000     8.3534    -1.0000  NO  NO   M displacement
  M5 Gravity                         NO    yes  NO        0.0000     8.3534    -1.0000  NO  NO   M displacement
  M6 Entropy                         NO    yes  NO        0.0000     8.3534    -1.0000  NO  NO   M displacement
  M7 Pressure                        NO    yes  NO        0.0000     8.3534    -1.0000  NO  NO   M displacement
  M8 Weight                          NO    yes  NO        0.0000     8.3534    -1.0000  NO  NO   M displacement
  M9 Fog                             NO    yes  NO        0.0000     8.3534    -1.0000  NO  NO   M displacement
  M10 Life                           NO    yes  NO        0.0000     8.3534    -1.0000  NO  NO   M displacement
  M11 Depth                          NO    yes  NO        0.0000     8.3534    -1.0000  NO  NO   M displacement
  M12 Mass                           NO    yes  NO        0.0000     8.3534    -1.0000  NO  NO   M displacement
  E1 partial -> bloom                yes   yes  yes       1.0848     2.0433     2.2943  NO  NO   
  E2 resonator -> resonance peaks       yes   yes  yes       5.5907     6.8888     2.2943  yes yes  
  E3 noise -> noise wake             yes   yes  yes       2.2757     8.0205     2.2943  NO  NO   
  E4 feedback -> loop wake           yes   yes  yes       2.2941     1.9606     2.2943  NO  NO   
  E5 ghost -> ghost bursts           yes   yes  yes       2.3072     1.9233     2.2943  NO  NO   
  E6.hi ecosystem sync rate high       NO    yes  NO        0.0000     8.3534    -1.0000  NO  NO   side predicate
  E7.hi ecosystem self-affinity high       NO    yes  NO        0.0000     8.3534    -1.0000  NO  NO   side predicate
  D1.1 material Glass                NO    yes  NO        0.0000     0.0000    -1.0000  NO  NO   state-only kind
  D1.2 material Strings              NO    yes  NO        0.0000     0.0000    -1.0000  NO  NO   state-only kind
  D1.3 material MetalPlate           NO    yes  NO        0.0000     0.0000    -1.0000  NO  NO   state-only kind
  D1.4 material Chamber              NO    yes  NO        0.0000     0.0000    -1.0000  NO  NO   state-only kind
  D1.5 material Ice                  NO    yes  NO        0.0000     0.0000    -1.0000  NO  NO   state-only kind
  D1.6 material StoneChamber         yes   yes  NO        0.0000     0.0000    -1.0000  yes NO   state-only kind
  D1.7 material SteelTank            yes   yes  NO        0.0000     0.0000    -1.0000  yes NO   state-only kind
  D1.8 material WoodenHull           NO    yes  NO        0.0000     0.0000    -1.0000  NO  NO   state-only kind
  D1.9 material CathedralColumn       NO    yes  NO        0.0000     0.0000    -1.0000  NO  NO   state-only kind
  D1.10 material CavernWall          NO    yes  NO        0.0000     0.0000    -1.0000  NO  NO   state-only kind
  D1.11 material GlassSphere         NO    yes  NO        0.0000     0.0000    -1.0000  NO  NO   state-only kind
  D2 body blend both heard           yes   yes  NO        0.0000     0.0000    -1.0000  yes NO   state-only kind
  D3.1 noise model Direct            yes   yes  NO        0.0000     0.0000    -1.0000  yes NO   state-only kind
  D3.2 noise model FilteredWind       NO    yes  NO        0.0000     0.0000    -1.0000  NO  NO   state-only kind
  D3.3 noise model GranularDust sec   yes   yes  NO        0.0000     0.0000    -1.0000  yes NO   state-only kind
  D3.4 noise model MetallicHiss       NO    yes  NO        0.0000     0.0000    -1.0000  NO  NO   state-only kind
  D4.1 noise type White              NO    yes  NO        0.0000     0.0000    -1.0000  NO  NO   state-only kind
  D4.2 noise type Pink               NO    yes  NO        0.0000     0.0000    -1.0000  NO  NO   state-only kind
  D4.3 noise type TapeHiss           NO    yes  NO        0.0000     0.0000    -1.0000  NO  NO   state-only kind
  D4.4 noise type VinylCrackle sec   yes   yes  NO        0.0000     0.0000    -1.0000  yes NO   state-only kind
  D4.5 noise type Asperity     sec   yes   yes  NO        0.0000     0.0000    -1.0000  yes NO   state-only kind
  D4.6 noise type Brown        sec   yes   yes  NO        0.0000     0.0000    -1.0000  yes NO   state-only kind
  D4.7 noise type Blue               NO    yes  NO        0.0000     0.0000    -1.0000  NO  NO   state-only kind
  D4.8 noise type Violet             NO    yes  NO        0.0000     0.0000    -1.0000  NO  NO   state-only kind
  D4.9 noise type Grey               NO    yes  NO        0.0000     0.0000    -1.0000  NO  NO   state-only kind
  D4.10 noise type Velvet            NO    yes  NO        0.0000     0.0000    -1.0000  NO  NO   state-only kind
  D4.11 noise type VinylRumble       NO    yes  NO        0.0000     0.0000    -1.0000  NO  NO   state-only kind
  D4.12 noise type RadioStatic       NO    yes  NO        0.0000     0.0000    -1.0000  NO  NO   state-only kind
  D5.1 anchor Free                   NO    yes  NO        0.0000     0.0000    -1.0000  NO  NO   state-only kind
  D5.2 anchor Keyed                  NO    yes  NO        0.0000     0.0000    -1.0000  NO  NO   state-only kind
  D5.3 anchor Hybrid                 yes   yes  NO        0.0000     0.0000    -1.0000  yes NO   state-only kind
  D6.1 loop filter Lowpass           yes   NO   NO        0.0000     0.0000    -1.0000  NO  NO   state-only kind
  D6.2 loop filter Bandpass          NO    NO   NO        0.0000     0.0000    -1.0000  NO  NO   state-only kind
  D6.3 loop filter Highpass          NO    NO   NO        0.0000     0.0000    -1.0000  NO  NO   state-only kind
  D7.1 loudest sub f/2               yes   NO   NO        0.0000     0.0000    -1.0000  NO  NO   state-only kind
  D7.2 loudest sub f/4               NO    NO   NO        0.0000     0.0000    -1.0000  NO  NO   state-only kind
  D7.3 loudest sub fifth below       NO    NO   NO        0.0000     0.0000    -1.0000  NO  NO   state-only kind
  D8.1 envelope Standard             yes   yes  NO        0.0000     0.0000    -1.0000  yes NO   state-only kind
  D8.2 envelope Growth               NO    yes  NO        0.0000     0.0000    -1.0000  NO  NO   state-only kind
  D9.1 attack span <= 10 s           NO    yes  NO        0.0000     0.0000    -1.0000  NO  NO   state-only kind
  D9.2 attack span >= 90 s           yes   yes  NO        0.0000     0.0000    -1.0000  yes NO   state-only kind
  D10.1 freeze holds a field         NO    NO   NO        0.0000     0.0000    -1.0000  NO  NO   state-only kind
  D10.2 freeze off                   yes   yes  NO        0.0000     0.0000    -1.0000  yes NO   state-only kind
  D11 ghost reverse >= 0.5           NO    NO   NO        0.0000     0.0000    -1.0000  NO  NO   state-only kind
  D12.1 ghost event triggers on       NO    NO   NO        0.0000     0.0000    -1.0000  NO  NO   state-only kind
  D12.2 ghost event triggers off       yes   yes  NO        0.0000     0.0000    -1.0000  yes NO   state-only kind
  D13.1 event rate scale <= 0.3       NO    yes  NO        0.0000     8.3534    -1.0000  NO  NO   state false
  D13.2 event rate scale >= 3.0       NO    yes  NO        0.0000     8.3534    -1.0000  NO  NO   state false
  D14.1 breathing depth >= 0.7       NO    yes  NO        0.0000     8.3534    -1.0000  NO  NO   state false
  D14.2 tidal depth >= 0.7           NO    yes  NO        0.0000     8.3534    -1.0000  NO  NO   state false
F:\projects\iterum\plugins\vorago\tests\integration\preset_sweep_test.cpp(1164): FAILED:
  CHECK( VoragoTest::verifiedAt(o, primary, ClaimRole::Primary) )
with expansion:
  false
with message:
  Erosion primary M2 Age: d 2.44684, 2s(P) 8.35345, attrib -1, skip []

[sweep] index 15: computing / loading record...

Entropic Hum (index 15): primary M6 Entropy, 0 secondaries, s(P) 3.0631
  cell                         claim state conj rend           d      2s(P)     attrib  sec pri  skip
  S1 noise organism                  yes   yes  yes       1.9969     6.1261    -1.0000  yes NO   
  S2 resonance drift                 yes   yes  yes       5.3813     6.1261    -1.0000  yes yes  
  S3 spectral smear                  yes   yes  yes       1.0267     6.1261    -1.0000  NO  NO   
  S4 feedback ecology                yes   yes  yes       0.0013     6.1261    -1.0000  NO  NO   
  S5 subharmonic                     yes   yes  yes       0.9795     6.1261    -1.0000  NO  NO   
  S6 harmonic bloom                  yes   yes  yes       1.1660     6.1261    -1.0000  NO  NO   
  S7 ecosystem                       yes   yes  yes       4.2145     6.1261    -1.0000  yes yes  
  S8 cavern space                    yes   yes  yes       0.6466     6.1261    -1.0000  NO  NO   
  S9 ghost / atmosphere              yes   yes  yes       0.0270     6.1261    -1.0000  NO  NO   
  S10 acoustic body                  yes   yes  yes      17.0175     6.1261    -1.0000  yes yes  
  M1 Darkness                        NO    yes  NO        0.0000     6.1261    -1.0000  NO  NO   M displacement
  M2 Age                             NO    yes  NO        0.0000     6.1261    -1.0000  NO  NO   M displacement
  M3 Density                         NO    yes  NO        0.0000     6.1261    -1.0000  NO  NO   M displacement
  M4 Movement                        NO    yes  NO        0.0000     6.1261    -1.0000  NO  NO   M displacement
  M5 Gravity                         NO    yes  NO        0.0000     6.1261    -1.0000  NO  NO   M displacement
  M6 Entropy                   PRI   yes   yes  yes      14.3242     6.1261    -1.0000  yes yes  
  M7 Pressure                        NO    yes  NO        0.0000     6.1261    -1.0000  NO  NO   M displacement
  M8 Weight                          NO    yes  NO        0.0000     6.1261    -1.0000  NO  NO   M displacement
  M9 Fog                             NO    yes  NO        0.0000     6.1261    -1.0000  NO  NO   M displacement
  M10 Life                           NO    yes  NO        0.0000     6.1261    -1.0000  NO  NO   M displacement
  M11 Depth                          NO    yes  NO        0.0000     6.1261    -1.0000  NO  NO   M displacement
  M12 Mass                           NO    yes  NO        0.0000     6.1261    -1.0000  NO  NO   M displacement
  E1 partial -> bloom                yes   yes  yes       2.9933     3.8874     4.6102  NO  NO   
  E2 resonator -> resonance peaks       yes   yes  yes       2.8016     5.5875     4.6102  NO  NO   
  E3 noise -> noise wake             yes   yes  yes       3.8003     4.1386     4.6102  NO  NO   
  E4 feedback -> loop wake           yes   yes  yes       4.6104     4.3500     4.6102  NO  NO   
  E5 ghost -> ghost bursts           yes   yes  yes       4.6003     4.1548     4.6102  NO  NO   
  E6.hi ecosystem sync rate high       NO    yes  NO        0.0000     6.1261    -1.0000  NO  NO   side predicate
  E7.hi ecosystem self-affinity high       NO    yes  NO        0.0000     6.1261    -1.0000  NO  NO   side predicate
  D1.1 material Glass                NO    yes  NO        0.0000     0.0000    -1.0000  NO  NO   state-only kind
  D1.2 material Strings              NO    yes  NO        0.0000     0.0000    -1.0000  NO  NO   state-only kind
  D1.3 material MetalPlate           NO    yes  NO        0.0000     0.0000    -1.0000  NO  NO   state-only kind
  D1.4 material Chamber              NO    yes  NO        0.0000     0.0000    -1.0000  NO  NO   state-only kind
  D1.5 material Ice                  NO    yes  NO        0.0000     0.0000    -1.0000  NO  NO   state-only kind
  D1.6 material StoneChamber         yes   yes  NO        0.0000     0.0000    -1.0000  yes NO   state-only kind
  D1.7 material SteelTank            yes   yes  NO        0.0000     0.0000    -1.0000  yes NO   state-only kind
  D1.8 material WoodenHull           NO    yes  NO        0.0000     0.0000    -1.0000  NO  NO   state-only kind
  D1.9 material CathedralColumn       NO    yes  NO        0.0000     0.0000    -1.0000  NO  NO   state-only kind
  D1.10 material CavernWall          NO    yes  NO        0.0000     0.0000    -1.0000  NO  NO   state-only kind
  D1.11 material GlassSphere         NO    yes  NO        0.0000     0.0000    -1.0000  NO  NO   state-only kind
  D2 body blend both heard           yes   yes  NO        0.0000     0.0000    -1.0000  yes NO   state-only kind
  D3.1 noise model Direct            yes   yes  NO        0.0000     0.0000    -1.0000  yes NO   state-only kind
  D3.2 noise model FilteredWind       yes   yes  NO        0.0000     0.0000    -1.0000  yes NO   state-only kind
  D3.3 noise model GranularDust       yes   yes  NO        0.0000     0.0000    -1.0000  yes NO   state-only kind
  D3.4 noise model MetallicHiss       yes   yes  NO        0.0000     0.0000    -1.0000  yes NO   state-only kind
  D4.1 noise type White              NO    yes  NO        0.0000     0.0000    -1.0000  NO  NO   state-only kind
  D4.2 noise type Pink               NO    yes  NO        0.0000     0.0000    -1.0000  NO  NO   state-only kind
  D4.3 noise type TapeHiss           NO    yes  NO        0.0000     0.0000    -1.0000  NO  NO   state-only kind
  D4.4 noise type VinylCrackle       NO    yes  NO        0.0000     0.0000    -1.0000  NO  NO   state-only kind
  D4.5 noise type Asperity           NO    yes  NO        0.0000     0.0000    -1.0000  NO  NO   state-only kind
  D4.6 noise type Brown              yes   yes  NO        0.0000     0.0000    -1.0000  yes NO   state-only kind
  D4.7 noise type Blue               NO    yes  NO        0.0000     0.0000    -1.0000  NO  NO   state-only kind
  D4.8 noise type Violet             NO    yes  NO        0.0000     0.0000    -1.0000  NO  NO   state-only kind
  D4.9 noise type Grey               NO    yes  NO        0.0000     0.0000    -1.0000  NO  NO   state-only kind
  D4.10 noise type Velvet            NO    yes  NO        0.0000     0.0000    -1.0000  NO  NO   state-only kind
  D4.11 noise type VinylRumble       NO    yes  NO        0.0000     0.0000    -1.0000  NO  NO   state-only kind
  D4.12 noise type RadioStatic       NO    yes  NO        0.0000     0.0000    -1.0000  NO  NO   state-only kind
  D5.1 anchor Free                   NO    yes  NO        0.0000     0.0000    -1.0000  NO  NO   state-only kind
  D5.2 anchor Keyed                  NO    yes  NO        0.0000     0.0000    -1.0000  NO  NO   state-only kind
  D5.3 anchor Hybrid                 yes   yes  NO        0.0000     0.0000    -1.0000  yes NO   state-only kind
  D6.1 loop filter Lowpass           yes   NO   NO        0.0000     0.0000    -1.0000  NO  NO   state-only kind
  D6.2 loop filter Bandpass          NO    NO   NO        0.0000     0.0000    -1.0000  NO  NO   state-only kind
  D6.3 loop filter Highpass          NO    NO   NO        0.0000     0.0000    -1.0000  NO  NO   state-only kind
  D7.1 loudest sub f/2               yes   NO   NO        0.0000     0.0000    -1.0000  NO  NO   state-only kind
  D7.2 loudest sub f/4               NO    NO   NO        0.0000     0.0000    -1.0000  NO  NO   state-only kind
  D7.3 loudest sub fifth below       NO    NO   NO        0.0000     0.0000    -1.0000  NO  NO   state-only kind
  D8.1 envelope Standard             yes   yes  NO        0.0000     0.0000    -1.0000  yes NO   state-only kind
  D8.2 envelope Growth               NO    yes  NO        0.0000     0.0000    -1.0000  NO  NO   state-only kind
  D9.1 attack span <= 10 s           NO    yes  NO        0.0000     0.0000    -1.0000  NO  NO   state-only kind
  D9.2 attack span >= 90 s           yes   yes  NO        0.0000     0.0000    -1.0000  yes NO   state-only kind
  D10.1 freeze holds a field         NO    NO   NO        0.0000     0.0000    -1.0000  NO  NO   state-only kind
  D10.2 freeze off                   yes   yes  NO        0.0000     0.0000    -1.0000  yes NO   state-only kind
  D11 ghost reverse >= 0.5           NO    NO   NO        0.0000     0.0000    -1.0000  NO  NO   state-only kind
  D12.1 ghost event triggers on       NO    NO   NO        0.0000     0.0000    -1.0000  NO  NO   state-only kind
  D12.2 ghost event triggers off       yes   yes  NO        0.0000     0.0000    -1.0000  yes NO   state-only kind
  D13.1 event rate scale <= 0.3       NO    yes  NO        0.0000     6.1261    -1.0000  NO  NO   state false
  D13.2 event rate scale >= 3.0       NO    yes  NO        0.0000     6.1261    -1.0000  NO  NO   state false
  D14.1 breathing depth >= 0.7       NO    yes  NO        0.0000     6.1261    -1.0000  NO  NO   state false
  D14.2 tidal depth >= 0.7           NO    yes  NO        0.0000     6.1261    -1.0000  NO  NO   state false
[sweep] index 19: computing / loading record...

Teeming (index 19): primary M10 Life, 1 secondaries, s(P) 2.5757
  cell                         claim state conj rend           d      2s(P)     attrib  sec pri  skip
  S1 noise organism                  yes   yes  yes       0.7859     5.1514    -1.0000  NO  NO   
  S2 resonance drift                 yes   yes  yes       0.7903     5.1514    -1.0000  NO  NO   
  S3 spectral smear                  yes   yes  yes       2.6141     5.1514    -1.0000  yes NO   
  S4 feedback ecology                yes   yes  yes       0.0033     5.1514    -1.0000  NO  NO   
  S5 subharmonic                     yes   yes  yes       1.1492     5.1514    -1.0000  NO  NO   
  S6 harmonic bloom                  yes   yes  yes       0.0537     5.1514    -1.0000  NO  NO   
  S7 ecosystem                       yes   yes  yes       1.6658     5.1514    -1.0000  yes NO   
  S8 cavern space                    yes   yes  yes      10.1165     5.1514    -1.0000  yes yes  
  S9 ghost / atmosphere              yes   yes  yes       0.2027     5.1514    -1.0000  NO  NO   
  S10 acoustic body                  yes   yes  yes      13.5829     5.1514    -1.0000  yes yes  
  M1 Darkness                        NO    yes  NO        0.0000     5.1514    -1.0000  NO  NO   M displacement
  M2 Age                             NO    yes  NO        0.0000     5.1514    -1.0000  NO  NO   M displacement
  M3 Density                         NO    yes  NO        0.0000     5.1514    -1.0000  NO  NO   M displacement
  M4 Movement                        NO    yes  NO        0.0000     5.1514    -1.0000  NO  NO   M displacement
  M5 Gravity                         NO    yes  NO        0.0000     5.1514    -1.0000  NO  NO   M displacement
  M6 Entropy                         NO    yes  NO        0.0000     5.1514    -1.0000  NO  NO   M displacement
  M7 Pressure                        NO    yes  NO        0.0000     5.1514    -1.0000  NO  NO   M displacement
  M8 Weight                          NO    yes  NO        0.0000     5.1514    -1.0000  NO  NO   M displacement
  M9 Fog                             NO    yes  NO        0.0000     5.1514    -1.0000  NO  NO   M displacement
  M10 Life                     PRI   yes   yes  yes       0.4279     5.1514    -1.0000  NO  NO   
  M11 Depth                          NO    yes  NO        0.0000     5.1514    -1.0000  NO  NO   M displacement
  M12 Mass                           NO    yes  NO        0.0000     5.1514    -1.0000  NO  NO   M displacement
  E1 partial -> bloom                yes   yes  yes       0.3828     2.6534     0.3939  NO  NO   
  E2 resonator -> resonance peaks       yes   yes  yes       1.2073     6.9446     0.3939  NO  NO   
  E3 noise -> noise wake             yes   yes  yes       0.9842    10.6531     0.3939  NO  NO   
  E4 feedback -> loop wake           yes   yes  yes       0.3937     2.5513     0.3939  NO  NO   
  E5 ghost -> ghost bursts           yes   yes  yes       0.4330     3.3104     0.3939  NO  NO   
  E6.hi ecosystem sync rate high       NO    yes  NO        0.0000     5.1514    -1.0000  NO  NO   side predicate
  E7.hi ecosystem self-affinity high       NO    yes  NO        0.0000     5.1514    -1.0000  NO  NO   side predicate
  D1.1 material Glass                NO    yes  NO        0.0000     0.0000    -1.0000  NO  NO   state-only kind
  D1.2 material Strings              NO    yes  NO        0.0000     0.0000    -1.0000  NO  NO   state-only kind
  D1.3 material MetalPlate           NO    yes  NO        0.0000     0.0000    -1.0000  NO  NO   state-only kind
  D1.4 material Chamber              NO    yes  NO        0.0000     0.0000    -1.0000  NO  NO   state-only kind
  D1.5 material Ice                  NO    yes  NO        0.0000     0.0000    -1.0000  NO  NO   state-only kind
  D1.6 material StoneChamber         yes   yes  NO        0.0000     0.0000    -1.0000  yes NO   state-only kind
  D1.7 material SteelTank            yes   yes  NO        0.0000     0.0000    -1.0000  yes NO   state-only kind
  D1.8 material WoodenHull           NO    yes  NO        0.0000     0.0000    -1.0000  NO  NO   state-only kind
  D1.9 material CathedralColumn       NO    yes  NO        0.0000     0.0000    -1.0000  NO  NO   state-only kind
  D1.10 material CavernWall          NO    yes  NO        0.0000     0.0000    -1.0000  NO  NO   state-only kind
  D1.11 material GlassSphere         NO    yes  NO        0.0000     0.0000    -1.0000  NO  NO   state-only kind
  D2 body blend both heard           yes   yes  NO        0.0000     0.0000    -1.0000  yes NO   state-only kind
  D3.1 noise model Direct            yes   NO   NO        0.0000     0.0000    -1.0000  NO  NO   state-only kind
  D3.2 noise model FilteredWind       yes   NO   NO        0.0000     0.0000    -1.0000  NO  NO   state-only kind
  D3.3 noise model GranularDust       yes   NO   NO        0.0000     0.0000    -1.0000  NO  NO   state-only kind
  D3.4 noise model MetallicHiss       yes   NO   NO        0.0000     0.0000    -1.0000  NO  NO   state-only kind
  D4.1 noise type White              NO    NO   NO        0.0000     0.0000    -1.0000  NO  NO   state-only kind
  D4.2 noise type Pink               NO    NO   NO        0.0000     0.0000    -1.0000  NO  NO   state-only kind
  D4.3 noise type TapeHiss           NO    NO   NO        0.0000     0.0000    -1.0000  NO  NO   state-only kind
  D4.4 noise type VinylCrackle       NO    NO   NO        0.0000     0.0000    -1.0000  NO  NO   state-only kind
  D4.5 noise type Asperity           NO    NO   NO        0.0000     0.0000    -1.0000  NO  NO   state-only kind
  D4.6 noise type Brown              yes   NO   NO        0.0000     0.0000    -1.0000  NO  NO   state-only kind
  D4.7 noise type Blue               NO    NO   NO        0.0000     0.0000    -1.0000  NO  NO   state-only kind
  D4.8 noise type Violet             NO    NO   NO        0.0000     0.0000    -1.0000  NO  NO   state-only kind
  D4.9 noise type Grey               NO    NO   NO        0.0000     0.0000    -1.0000  NO  NO   state-only kind
  D4.10 noise type Velvet            NO    NO   NO        0.0000     0.0000    -1.0000  NO  NO   state-only kind
  D4.11 noise type VinylRumble       NO    NO   NO        0.0000     0.0000    -1.0000  NO  NO   state-only kind
  D4.12 noise type RadioStatic       NO    NO   NO        0.0000     0.0000    -1.0000  NO  NO   state-only kind
  D5.1 anchor Free                   NO    NO   NO        0.0000     0.0000    -1.0000  NO  NO   state-only kind
  D5.2 anchor Keyed                  NO    NO   NO        0.0000     0.0000    -1.0000  NO  NO   state-only kind
  D5.3 anchor Hybrid                 yes   NO   NO        0.0000     0.0000    -1.0000  NO  NO   state-only kind
  D6.1 loop filter Lowpass           yes   NO   NO        0.0000     0.0000    -1.0000  NO  NO   state-only kind
  D6.2 loop filter Bandpass          NO    NO   NO        0.0000     0.0000    -1.0000  NO  NO   state-only kind
  D6.3 loop filter Highpass          NO    NO   NO        0.0000     0.0000    -1.0000  NO  NO   state-only kind
  D7.1 loudest sub f/2               yes   NO   NO        0.0000     0.0000    -1.0000  NO  NO   state-only kind
  D7.2 loudest sub f/4               NO    NO   NO        0.0000     0.0000    -1.0000  NO  NO   state-only kind
  D7.3 loudest sub fifth below       NO    NO   NO        0.0000     0.0000    -1.0000  NO  NO   state-only kind
  D8.1 envelope Standard             yes   yes  NO        0.0000     0.0000    -1.0000  yes NO   state-only kind
  D8.2 envelope Growth               NO    yes  NO        0.0000     0.0000    -1.0000  NO  NO   state-only kind
  D9.1 attack span <= 10 s           NO    yes  NO        0.0000     0.0000    -1.0000  NO  NO   state-only kind
  D9.2 attack span >= 90 s           yes   yes  NO        0.0000     0.0000    -1.0000  yes NO   state-only kind
  D10.1 freeze holds a field         NO    NO   NO        0.0000     0.0000    -1.0000  NO  NO   state-only kind
  D10.2 freeze off                   yes   yes  NO        0.0000     0.0000    -1.0000  yes NO   state-only kind
  D11 ghost reverse >= 0.5           NO    NO   NO        0.0000     0.0000    -1.0000  NO  NO   state-only kind
  D12.1 ghost event triggers on       NO    NO   NO        0.0000     0.0000    -1.0000  NO  NO   state-only kind
  D12.2 ghost event triggers off       yes   yes  NO        0.0000     0.0000    -1.0000  yes NO   state-only kind
  D13.1 event rate scale <= 0.3 sec   yes   yes  yes       0.3788     5.1514    -1.0000  NO  NO   
  D13.2 event rate scale >= 3.0       NO    yes  NO        0.0000     5.1514    -1.0000  NO  NO   state false
  D14.1 breathing depth >= 0.7       NO    yes  NO        0.0000     5.1514    -1.0000  NO  NO   state false
  D14.2 tidal depth >= 0.7           NO    yes  NO        0.0000     5.1514    -1.0000  NO  NO   state false
F:\projects\iterum\plugins\vorago\tests\integration\preset_sweep_test.cpp(1163): FAILED:
  CHECK( VoragoTest::verifiedAt(o, primary, ClaimRole::Secondary) )
with expansion:
  false
with message:
  Teeming primary M10 Life: d 0.427935, 2s(P) 5.15139, attrib -1, skip []

F:\projects\iterum\plugins\vorago\tests\integration\preset_sweep_test.cpp(1164): FAILED:
  CHECK( VoragoTest::verifiedAt(o, primary, ClaimRole::Primary) )
with expansion:
  false
with message:
  Teeming primary M10 Life: d 0.427935, 2s(P) 5.15139, attrib -1, skip []

F:\projects\iterum\plugins\vorago\tests\integration\preset_sweep_test.cpp(1171): FAILED:
  CHECK( VoragoTest::verifiedAt(o, c, ClaimRole::Secondary) )
with expansion:
  false
with message:
  Teeming secondary D13.1 event rate scale <= 0.3: d 0.378792, 2s(P) 5.15139,
  attrib -1, skip []

[sweep] index 23: computing / loading record...

Singing Colony (index 23): primary E2 resonator -> resonance peaks, 1 secondaries, s(P) 2.7681
  cell                         claim state conj rend           d      2s(P)     attrib  sec pri  skip
  S1 noise organism                  yes   yes  yes       0.0667     5.5363    -1.0000  NO  NO   
  S2 resonance drift                 yes   yes  yes       9.2380     5.5363    -1.0000  yes yes  
  S3 spectral smear                  yes   yes  yes       0.2738     5.5363    -1.0000  NO  NO   
  S4 feedback ecology                yes   yes  yes       0.0147     5.5363    -1.0000  NO  NO   
  S5 subharmonic                     yes   yes  yes       0.1397     5.5363    -1.0000  NO  NO   
  S6 harmonic bloom                  yes   yes  yes       0.0283     5.5363    -1.0000  NO  NO   
  S7 ecosystem                       yes   yes  yes       4.4017     5.5363    -1.0000  yes yes  
  S8 cavern space                    yes   yes  yes       7.4571     5.5363    -1.0000  yes yes  
  S9 ghost / atmosphere              yes   yes  yes       0.0039     5.5363    -1.0000  NO  NO   
  S10 acoustic body                  yes   yes  yes       0.4450     5.5363    -1.0000  NO  NO   
  M1 Darkness                        NO    yes  NO        0.0000     5.5363    -1.0000  NO  NO   M displacement
  M2 Age                             NO    yes  NO        0.0000     5.5363    -1.0000  NO  NO   M displacement
  M3 Density                         NO    yes  NO        0.0000     5.5363    -1.0000  NO  NO   M displacement
  M4 Movement                        NO    yes  NO        0.0000     5.5363    -1.0000  NO  NO   M displacement
  M5 Gravity                         NO    yes  NO        0.0000     5.5363    -1.0000  NO  NO   M displacement
  M6 Entropy                         NO    yes  NO        0.0000     5.5363    -1.0000  NO  NO   M displacement
  M7 Pressure                        NO    yes  NO        0.0000     5.5363    -1.0000  NO  NO   M displacement
  M8 Weight                          NO    yes  NO        0.0000     5.5363    -1.0000  NO  NO   M displacement
  M9 Fog                             NO    yes  NO        0.0000     5.5363    -1.0000  NO  NO   M displacement
  M10 Life                           NO    yes  NO        0.0000     5.5363    -1.0000  NO  NO   M displacement
  M11 Depth                          NO    yes  NO        0.0000     5.5363    -1.0000  NO  NO   M displacement
  M12 Mass                           NO    yes  NO        0.0000     5.5363    -1.0000  NO  NO   M displacement
  E1 partial -> bloom                yes   yes  yes       1.1919     3.6806     1.0669  NO  NO   
  E2 resonator -> resonance peaks PRI   yes   yes  yes       4.5036     6.2358     1.0669  yes yes  
  E3 noise -> noise wake             yes   yes  yes       1.0612     3.9083     1.0669  NO  NO   
  E4 feedback -> loop wake           yes   yes  yes       1.0589     3.6021     1.0669  NO  NO   
  E5 ghost -> ghost bursts           yes   yes  yes       1.0641     3.6593     1.0669  NO  NO   
  E6.hi ecosystem sync rate high       NO    yes  NO        0.0000     5.5363    -1.0000  NO  NO   side predicate
  E7.hi ecosystem self-affinity high       NO    yes  NO        0.0000     5.5363    -1.0000  NO  NO   side predicate
  D1.1 material Glass                NO    NO   NO        0.0000     0.0000    -1.0000  NO  NO   state-only kind
  D1.2 material Strings              NO    NO   NO        0.0000     0.0000    -1.0000  NO  NO   state-only kind
  D1.3 material MetalPlate           NO    NO   NO        0.0000     0.0000    -1.0000  NO  NO   state-only kind
  D1.4 material Chamber              NO    NO   NO        0.0000     0.0000    -1.0000  NO  NO   state-only kind
  D1.5 material Ice                  NO    NO   NO        0.0000     0.0000    -1.0000  NO  NO   state-only kind
  D1.6 material StoneChamber         yes   NO   NO        0.0000     0.0000    -1.0000  NO  NO   state-only kind
  D1.7 material SteelTank            yes   NO   NO        0.0000     0.0000    -1.0000  NO  NO   state-only kind
  D1.8 material WoodenHull           NO    NO   NO        0.0000     0.0000    -1.0000  NO  NO   state-only kind
  D1.9 material CathedralColumn       NO    NO   NO        0.0000     0.0000    -1.0000  NO  NO   state-only kind
  D1.10 material CavernWall          NO    NO   NO        0.0000     0.0000    -1.0000  NO  NO   state-only kind
  D1.11 material GlassSphere         NO    NO   NO        0.0000     0.0000    -1.0000  NO  NO   state-only kind
  D2 body blend both heard           yes   NO   NO        0.0000     0.0000    -1.0000  NO  NO   state-only kind
  D3.1 noise model Direct            yes   NO   NO        0.0000     0.0000    -1.0000  NO  NO   state-only kind
  D3.2 noise model FilteredWind       yes   NO   NO        0.0000     0.0000    -1.0000  NO  NO   state-only kind
  D3.3 noise model GranularDust       yes   NO   NO        0.0000     0.0000    -1.0000  NO  NO   state-only kind
  D3.4 noise model MetallicHiss       yes   NO   NO        0.0000     0.0000    -1.0000  NO  NO   state-only kind
  D4.1 noise type White              NO    NO   NO        0.0000     0.0000    -1.0000  NO  NO   state-only kind
  D4.2 noise type Pink               NO    NO   NO        0.0000     0.0000    -1.0000  NO  NO   state-only kind
  D4.3 noise type TapeHiss           NO    NO   NO        0.0000     0.0000    -1.0000  NO  NO   state-only kind
  D4.4 noise type VinylCrackle       NO    NO   NO        0.0000     0.0000    -1.0000  NO  NO   state-only kind
  D4.5 noise type Asperity           NO    NO   NO        0.0000     0.0000    -1.0000  NO  NO   state-only kind
  D4.6 noise type Brown              yes   NO   NO        0.0000     0.0000    -1.0000  NO  NO   state-only kind
  D4.7 noise type Blue               NO    NO   NO        0.0000     0.0000    -1.0000  NO  NO   state-only kind
  D4.8 noise type Violet             NO    NO   NO        0.0000     0.0000    -1.0000  NO  NO   state-only kind
  D4.9 noise type Grey               NO    NO   NO        0.0000     0.0000    -1.0000  NO  NO   state-only kind
  D4.10 noise type Velvet            NO    NO   NO        0.0000     0.0000    -1.0000  NO  NO   state-only kind
  D4.11 noise type VinylRumble       NO    NO   NO        0.0000     0.0000    -1.0000  NO  NO   state-only kind
  D4.12 noise type RadioStatic       NO    NO   NO        0.0000     0.0000    -1.0000  NO  NO   state-only kind
  D5.1 anchor Free             sec   yes   yes  NO        0.0000     0.0000    -1.0000  yes NO   state-only kind
  D5.2 anchor Keyed                  NO    yes  NO        0.0000     0.0000    -1.0000  NO  NO   state-only kind
  D5.3 anchor Hybrid                 NO    yes  NO        0.0000     0.0000    -1.0000  NO  NO   state-only kind
  D6.1 loop filter Lowpass           yes   NO   NO        0.0000     0.0000    -1.0000  NO  NO   state-only kind
  D6.2 loop filter Bandpass          NO    NO   NO        0.0000     0.0000    -1.0000  NO  NO   state-only kind
  D6.3 loop filter Highpass          NO    NO   NO        0.0000     0.0000    -1.0000  NO  NO   state-only kind
  D7.1 loudest sub f/2               yes   NO   NO        0.0000     0.0000    -1.0000  NO  NO   state-only kind
  D7.2 loudest sub f/4               NO    NO   NO        0.0000     0.0000    -1.0000  NO  NO   state-only kind
  D7.3 loudest sub fifth below       NO    NO   NO        0.0000     0.0000    -1.0000  NO  NO   state-only kind
  D8.1 envelope Standard             yes   yes  NO        0.0000     0.0000    -1.0000  yes NO   state-only kind
  D8.2 envelope Growth               NO    yes  NO        0.0000     0.0000    -1.0000  NO  NO   state-only kind
  D9.1 attack span <= 10 s           NO    yes  NO        0.0000     0.0000    -1.0000  NO  NO   state-only kind
  D9.2 attack span >= 90 s           yes   yes  NO        0.0000     0.0000    -1.0000  yes NO   state-only kind
  D10.1 freeze holds a field         NO    NO   NO        0.0000     0.0000    -1.0000  NO  NO   state-only kind
  D10.2 freeze off                   yes   yes  NO        0.0000     0.0000    -1.0000  yes NO   state-only kind
  D11 ghost reverse >= 0.5           NO    NO   NO        0.0000     0.0000    -1.0000  NO  NO   state-only kind
  D12.1 ghost event triggers on       NO    NO   NO        0.0000     0.0000    -1.0000  NO  NO   state-only kind
  D12.2 ghost event triggers off       yes   yes  NO        0.0000     0.0000    -1.0000  yes NO   state-only kind
  D13.1 event rate scale <= 0.3       NO    yes  NO        0.0000     5.5363    -1.0000  NO  NO   state false
  D13.2 event rate scale >= 3.0       NO    yes  NO        0.0000     5.5363    -1.0000  NO  NO   state false
  D14.1 breathing depth >= 0.7       NO    yes  NO        0.0000     5.5363    -1.0000  NO  NO   state false
  D14.2 tidal depth >= 0.7           NO    yes  NO        0.0000     5.5363    -1.0000  NO  NO   state false
[sweep] index 27: computing / loading record...

Growth Ring (index 27): primary D8.2 envelope Growth, 0 secondaries, s(P) 2.5466
  cell                         claim state conj rend           d      2s(P)     attrib  sec pri  skip
  S1 noise organism                  yes   yes  yes       0.0326     5.0931    -1.0000  NO  NO   
  S2 resonance drift                 yes   yes  yes       0.3865     5.0931    -1.0000  NO  NO   
  S3 spectral smear                  yes   yes  yes       2.1414     5.0931    -1.0000  yes NO   
  S4 feedback ecology                yes   yes  yes       0.0016     5.0931    -1.0000  NO  NO   
  S5 subharmonic                     yes   yes  yes       0.6591     5.0931    -1.0000  NO  NO   
  S6 harmonic bloom                  yes   yes  yes       0.1351     5.0931    -1.0000  NO  NO   
  S7 ecosystem                       yes   yes  yes       0.2167     5.0931    -1.0000  NO  NO   
  S8 cavern space                    yes   yes  yes       7.3277     5.0931    -1.0000  yes yes  
  S9 ghost / atmosphere              yes   yes  yes       0.0026     5.0931    -1.0000  NO  NO   
  S10 acoustic body                  yes   yes  yes      11.9659     5.0931    -1.0000  yes yes  
  M1 Darkness                        NO    yes  NO        0.0000     5.0931    -1.0000  NO  NO   M displacement
  M2 Age                             NO    yes  NO        0.0000     5.0931    -1.0000  NO  NO   M displacement
  M3 Density                         NO    yes  NO        0.0000     5.0931    -1.0000  NO  NO   M displacement
  M4 Movement                        NO    yes  NO        0.0000     5.0931    -1.0000  NO  NO   M displacement
  M5 Gravity                         NO    yes  NO        0.0000     5.0931    -1.0000  NO  NO   M displacement
  M6 Entropy                         NO    yes  NO        0.0000     5.0931    -1.0000  NO  NO   M displacement
  M7 Pressure                        NO    yes  NO        0.0000     5.0931    -1.0000  NO  NO   M displacement
  M8 Weight                          NO    yes  NO        0.0000     5.0931    -1.0000  NO  NO   M displacement
  M9 Fog                             NO    yes  NO        0.0000     5.0931    -1.0000  NO  NO   M displacement
  M10 Life                           NO    yes  NO        0.0000     5.0931    -1.0000  NO  NO   M displacement
  M11 Depth                          NO    yes  NO        0.0000     5.0931    -1.0000  NO  NO   M displacement
  M12 Mass                           NO    yes  NO        0.0000     5.0931    -1.0000  NO  NO   M displacement
  E1 partial -> bloom                yes   yes  yes       0.0222     3.4198     0.0108  NO  NO   
  E2 resonator -> resonance peaks       yes   yes  yes       0.2468     6.2627     0.0108  NO  NO   
  E3 noise -> noise wake             yes   yes  yes       0.0216     3.0422     0.0108  NO  NO   
  E4 feedback -> loop wake           yes   yes  yes       0.0107     3.4195     0.0108  NO  NO   
  E5 ghost -> ghost bursts           yes   yes  yes       0.0110     3.4337     0.0108  NO  NO   
  E6.hi ecosystem sync rate high       NO    yes  NO        0.0000     5.0931    -1.0000  NO  NO   side predicate
  E7.hi ecosystem self-affinity high       NO    yes  NO        0.0000     5.0931    -1.0000  NO  NO   side predicate
  D1.1 material Glass                NO    yes  NO        0.0000     0.0000    -1.0000  NO  NO   state-only kind
  D1.2 material Strings              NO    yes  NO        0.0000     0.0000    -1.0000  NO  NO   state-only kind
  D1.3 material MetalPlate           NO    yes  NO        0.0000     0.0000    -1.0000  NO  NO   state-only kind
  D1.4 material Chamber              NO    yes  NO        0.0000     0.0000    -1.0000  NO  NO   state-only kind
  D1.5 material Ice                  NO    yes  NO        0.0000     0.0000    -1.0000  NO  NO   state-only kind
  D1.6 material StoneChamber         yes   yes  NO        0.0000     0.0000    -1.0000  yes NO   state-only kind
  D1.7 material SteelTank            yes   yes  NO        0.0000     0.0000    -1.0000  yes NO   state-only kind
  D1.8 material WoodenHull           NO    yes  NO        0.0000     0.0000    -1.0000  NO  NO   state-only kind
  D1.9 material CathedralColumn       NO    yes  NO        0.0000     0.0000    -1.0000  NO  NO   state-only kind
  D1.10 material CavernWall          NO    yes  NO        0.0000     0.0000    -1.0000  NO  NO   state-only kind
  D1.11 material GlassSphere         NO    yes  NO        0.0000     0.0000    -1.0000  NO  NO   state-only kind
  D2 body blend both heard           yes   yes  NO        0.0000     0.0000    -1.0000  yes NO   state-only kind
  D3.1 noise model Direct            yes   NO   NO        0.0000     0.0000    -1.0000  NO  NO   state-only kind
  D3.2 noise model FilteredWind       yes   NO   NO        0.0000     0.0000    -1.0000  NO  NO   state-only kind
  D3.3 noise model GranularDust       yes   NO   NO        0.0000     0.0000    -1.0000  NO  NO   state-only kind
  D3.4 noise model MetallicHiss       yes   NO   NO        0.0000     0.0000    -1.0000  NO  NO   state-only kind
  D4.1 noise type White              NO    NO   NO        0.0000     0.0000    -1.0000  NO  NO   state-only kind
  D4.2 noise type Pink               NO    NO   NO        0.0000     0.0000    -1.0000  NO  NO   state-only kind
  D4.3 noise type TapeHiss           NO    NO   NO        0.0000     0.0000    -1.0000  NO  NO   state-only kind
  D4.4 noise type VinylCrackle       NO    NO   NO        0.0000     0.0000    -1.0000  NO  NO   state-only kind
  D4.5 noise type Asperity           NO    NO   NO        0.0000     0.0000    -1.0000  NO  NO   state-only kind
  D4.6 noise type Brown              yes   NO   NO        0.0000     0.0000    -1.0000  NO  NO   state-only kind
  D4.7 noise type Blue               NO    NO   NO        0.0000     0.0000    -1.0000  NO  NO   state-only kind
  D4.8 noise type Violet             NO    NO   NO        0.0000     0.0000    -1.0000  NO  NO   state-only kind
  D4.9 noise type Grey               NO    NO   NO        0.0000     0.0000    -1.0000  NO  NO   state-only kind
  D4.10 noise type Velvet            NO    NO   NO        0.0000     0.0000    -1.0000  NO  NO   state-only kind
  D4.11 noise type VinylRumble       NO    NO   NO        0.0000     0.0000    -1.0000  NO  NO   state-only kind
  D4.12 noise type RadioStatic       NO    NO   NO        0.0000     0.0000    -1.0000  NO  NO   state-only kind
  D5.1 anchor Free                   NO    NO   NO        0.0000     0.0000    -1.0000  NO  NO   state-only kind
  D5.2 anchor Keyed                  NO    NO   NO        0.0000     0.0000    -1.0000  NO  NO   state-only kind
  D5.3 anchor Hybrid                 yes   NO   NO        0.0000     0.0000    -1.0000  NO  NO   state-only kind
  D6.1 loop filter Lowpass           yes   NO   NO        0.0000     0.0000    -1.0000  NO  NO   state-only kind
  D6.2 loop filter Bandpass          NO    NO   NO        0.0000     0.0000    -1.0000  NO  NO   state-only kind
  D6.3 loop filter Highpass          NO    NO   NO        0.0000     0.0000    -1.0000  NO  NO   state-only kind
  D7.1 loudest sub f/2               yes   NO   NO        0.0000     0.0000    -1.0000  NO  NO   state-only kind
  D7.2 loudest sub f/4               NO    NO   NO        0.0000     0.0000    -1.0000  NO  NO   state-only kind
  D7.3 loudest sub fifth below       NO    NO   NO        0.0000     0.0000    -1.0000  NO  NO   state-only kind
  D8.1 envelope Standard             NO    yes  NO        0.0000     0.0000    -1.0000  NO  NO   state-only kind
  D8.2 envelope Growth         PRI   yes   yes  yes       8.1714     5.0931     0.0157  yes yes  
  D9.1 attack span <= 10 s           NO    yes  NO        0.0000     0.0000    -1.0000  NO  NO   state-only kind
  D9.2 attack span >= 90 s           NO    yes  NO        0.0000     0.0000    -1.0000  NO  NO   state-only kind
  D10.1 freeze holds a field         NO    NO   NO        0.0000     0.0000    -1.0000  NO  NO   state-only kind
  D10.2 freeze off                   yes   yes  NO        0.0000     0.0000    -1.0000  yes NO   state-only kind
  D11 ghost reverse >= 0.5           NO    NO   NO        0.0000     0.0000    -1.0000  NO  NO   state-only kind
  D12.1 ghost event triggers on       NO    NO   NO        0.0000     0.0000    -1.0000  NO  NO   state-only kind
  D12.2 ghost event triggers off       yes   yes  NO        0.0000     0.0000    -1.0000  yes NO   state-only kind
  D13.1 event rate scale <= 0.3       NO    NO   NO        0.0000     5.0931    -1.0000  NO  NO   state false
  D13.2 event rate scale >= 3.0       NO    NO   NO        0.0000     5.0931    -1.0000  NO  NO   state false
  D14.1 breathing depth >= 0.7       NO    yes  NO        0.0000     5.0931    -1.0000  NO  NO   state false
  D14.2 tidal depth >= 0.7           NO    yes  NO        0.0000     5.0931    -1.0000  NO  NO   state false
[sweep] index 31: computing / loading record...

Chamber Drone (index 31): primary D1.4 material Chamber, 0 secondaries, s(P) 0.6790
  cell                         claim state conj rend           d      2s(P)     attrib  sec pri  skip
  S1 noise organism                  yes   yes  yes       0.0141     1.3580    -1.0000  NO  NO   
  S2 resonance drift                 yes   yes  yes       0.7163     1.3580    -1.0000  NO  NO   
  S3 spectral smear                  yes   yes  yes       2.2054     1.3580    -1.0000  yes NO   
  S4 feedback ecology                yes   yes  yes       0.0050     1.3580    -1.0000  NO  NO   
  S5 subharmonic                     yes   yes  yes       1.1128     1.3580    -1.0000  NO  NO   
  S6 harmonic bloom                  yes   yes  yes       2.6553     1.3580    -1.0000  yes NO   
  S7 ecosystem                       yes   yes  NO        0.0000     1.3580    -1.0000  NO  NO   override equals stored
  S8 cavern space                    yes   yes  yes       0.4796     1.3580    -1.0000  NO  NO   
  S9 ghost / atmosphere              yes   yes  yes       0.0000     1.3580    -1.0000  NO  NO   
  S10 acoustic body                  yes   yes  yes       3.8685     1.3580    -1.0000  yes NO   
  M1 Darkness                        NO    yes  NO        0.0000     1.3580    -1.0000  NO  NO   M displacement
  M2 Age                             NO    yes  NO        0.0000     1.3580    -1.0000  NO  NO   M displacement
  M3 Density                         NO    yes  NO        0.0000     1.3580    -1.0000  NO  NO   M displacement
  M4 Movement                        NO    yes  NO        0.0000     1.3580    -1.0000  NO  NO   M displacement
  M5 Gravity                         NO    yes  NO        0.0000     1.3580    -1.0000  NO  NO   M displacement
  M6 Entropy                         NO    yes  NO        0.0000     1.3580    -1.0000  NO  NO   M displacement
  M7 Pressure                        NO    yes  NO        0.0000     1.3580    -1.0000  NO  NO   M displacement
  M8 Weight                          NO    yes  NO        0.0000     1.3580    -1.0000  NO  NO   M displacement
  M9 Fog                             NO    yes  NO        0.0000     1.3580    -1.0000  NO  NO   M displacement
  M10 Life                           NO    yes  NO        0.0000     1.3580    -1.0000  NO  NO   M displacement
  M11 Depth                          NO    yes  NO        0.0000     1.3580    -1.0000  NO  NO   M displacement
  M12 Mass                           NO    yes  NO        0.0000     1.3580    -1.0000  NO  NO   M displacement
  E1 partial -> bloom                yes   yes  NO        0.0000     1.3580    -1.0000  NO  NO   ecosystem depth 0
  E2 resonator -> resonance peaks       yes   yes  NO        0.0000     1.3580    -1.0000  NO  NO   ecosystem depth 0
  E3 noise -> noise wake             yes   yes  NO        0.0000     1.3580    -1.0000  NO  NO   ecosystem depth 0
  E4 feedback -> loop wake           yes   yes  NO        0.0000     1.3580    -1.0000  NO  NO   ecosystem depth 0
  E5 ghost -> ghost bursts           yes   yes  NO        0.0000     1.3580    -1.0000  NO  NO   ecosystem depth 0
  E6.hi ecosystem sync rate high       NO    yes  NO        0.0000     1.3580    -1.0000  NO  NO   side predicate
  E7.hi ecosystem self-affinity high       NO    yes  NO        0.0000     1.3580    -1.0000  NO  NO   side predicate
  D1.1 material Glass                NO    yes  NO        0.0000     0.0000    -1.0000  NO  NO   state-only kind
  D1.2 material Strings              NO    yes  NO        0.0000     0.0000    -1.0000  NO  NO   state-only kind
  D1.3 material MetalPlate           NO    yes  NO        0.0000     0.0000    -1.0000  NO  NO   state-only kind
  D1.4 material Chamber        PRI   yes   yes  yes      13.4011     1.3580    -1.0000  yes yes  
  D1.5 material Ice                  NO    yes  NO        0.0000     0.0000    -1.0000  NO  NO   state-only kind
  D1.6 material StoneChamber         NO    yes  NO        0.0000     0.0000    -1.0000  NO  NO   state-only kind
  D1.7 material SteelTank            NO    yes  NO        0.0000     0.0000    -1.0000  NO  NO   state-only kind
  D1.8 material WoodenHull           NO    yes  NO        0.0000     0.0000    -1.0000  NO  NO   state-only kind
  D1.9 material CathedralColumn       NO    yes  NO        0.0000     0.0000    -1.0000  NO  NO   state-only kind
  D1.10 material CavernWall          NO    yes  NO        0.0000     0.0000    -1.0000  NO  NO   state-only kind
  D1.11 material GlassSphere         NO    yes  NO        0.0000     0.0000    -1.0000  NO  NO   state-only kind
  D2 body blend both heard           NO    yes  NO        0.0000     0.0000    -1.0000  NO  NO   state-only kind
  D3.1 noise model Direct            yes   NO   NO        0.0000     0.0000    -1.0000  NO  NO   state-only kind
  D3.2 noise model FilteredWind       yes   NO   NO        0.0000     0.0000    -1.0000  NO  NO   state-only kind
  D3.3 noise model GranularDust       yes   NO   NO        0.0000     0.0000    -1.0000  NO  NO   state-only kind
  D3.4 noise model MetallicHiss       yes   NO   NO        0.0000     0.0000    -1.0000  NO  NO   state-only kind
  D4.1 noise type White              NO    NO   NO        0.0000     0.0000    -1.0000  NO  NO   state-only kind
  D4.2 noise type Pink               NO    NO   NO        0.0000     0.0000    -1.0000  NO  NO   state-only kind
  D4.3 noise type TapeHiss           NO    NO   NO        0.0000     0.0000    -1.0000  NO  NO   state-only kind
  D4.4 noise type VinylCrackle       NO    NO   NO        0.0000     0.0000    -1.0000  NO  NO   state-only kind
  D4.5 noise type Asperity           NO    NO   NO        0.0000     0.0000    -1.0000  NO  NO   state-only kind
  D4.6 noise type Brown              yes   NO   NO        0.0000     0.0000    -1.0000  NO  NO   state-only kind
  D4.7 noise type Blue               NO    NO   NO        0.0000     0.0000    -1.0000  NO  NO   state-only kind
  D4.8 noise type Violet             NO    NO   NO        0.0000     0.0000    -1.0000  NO  NO   state-only kind
  D4.9 noise type Grey               NO    NO   NO        0.0000     0.0000    -1.0000  NO  NO   state-only kind
  D4.10 noise type Velvet            NO    NO   NO        0.0000     0.0000    -1.0000  NO  NO   state-only kind
  D4.11 noise type VinylRumble       NO    NO   NO        0.0000     0.0000    -1.0000  NO  NO   state-only kind
  D4.12 noise type RadioStatic       NO    NO   NO        0.0000     0.0000    -1.0000  NO  NO   state-only kind
  D5.1 anchor Free                   NO    NO   NO        0.0000     0.0000    -1.0000  NO  NO   state-only kind
  D5.2 anchor Keyed                  NO    NO   NO        0.0000     0.0000    -1.0000  NO  NO   state-only kind
  D5.3 anchor Hybrid                 yes   NO   NO        0.0000     0.0000    -1.0000  NO  NO   state-only kind
  D6.1 loop filter Lowpass           yes   NO   NO        0.0000     0.0000    -1.0000  NO  NO   state-only kind
  D6.2 loop filter Bandpass          NO    NO   NO        0.0000     0.0000    -1.0000  NO  NO   state-only kind
  D6.3 loop filter Highpass          NO    NO   NO        0.0000     0.0000    -1.0000  NO  NO   state-only kind
  D7.1 loudest sub f/2               yes   NO   NO        0.0000     0.0000    -1.0000  NO  NO   state-only kind
  D7.2 loudest sub f/4               NO    NO   NO        0.0000     0.0000    -1.0000  NO  NO   state-only kind
  D7.3 loudest sub fifth below       NO    NO   NO        0.0000     0.0000    -1.0000  NO  NO   state-only kind
  D8.1 envelope Standard             yes   yes  NO        0.0000     0.0000    -1.0000  yes NO   state-only kind
  D8.2 envelope Growth               NO    yes  NO        0.0000     0.0000    -1.0000  NO  NO   state-only kind
  D9.1 attack span <= 10 s           NO    yes  NO        0.0000     0.0000    -1.0000  NO  NO   state-only kind
  D9.2 attack span >= 90 s           yes   yes  NO        0.0000     0.0000    -1.0000  yes NO   state-only kind
  D10.1 freeze holds a field         NO    NO   NO        0.0000     0.0000    -1.0000  NO  NO   state-only kind
  D10.2 freeze off                   yes   yes  NO        0.0000     0.0000    -1.0000  yes NO   state-only kind
  D11 ghost reverse >= 0.5           NO    NO   NO        0.0000     0.0000    -1.0000  NO  NO   state-only kind
  D12.1 ghost event triggers on       NO    NO   NO        0.0000     0.0000    -1.0000  NO  NO   state-only kind
  D12.2 ghost event triggers off       yes   yes  NO        0.0000     0.0000    -1.0000  yes NO   state-only kind
  D13.1 event rate scale <= 0.3       NO    NO   NO        0.0000     1.3580    -1.0000  NO  NO   state false
  D13.2 event rate scale >= 3.0       NO    NO   NO        0.0000     1.3580    -1.0000  NO  NO   state false
  D14.1 breathing depth >= 0.7       NO    yes  NO        0.0000     1.3580    -1.0000  NO  NO   state false
  D14.2 tidal depth >= 0.7           NO    yes  NO        0.0000     1.3580    -1.0000  NO  NO   state false
[sweep] index 35: computing / loading record...

Cavern Wall (index 35): primary D1.10 material CavernWall, 0 secondaries, s(P) 5.3752
  cell                         claim state conj rend           d      2s(P)     attrib  sec pri  skip
  S1 noise organism                  yes   yes  yes       0.0053    10.7504    -1.0000  NO  NO   
  S2 resonance drift                 yes   yes  yes       0.3397    10.7504    -1.0000  NO  NO   
  S3 spectral smear                  yes   yes  yes       6.6536    10.7504    -1.0000  yes yes  
  S4 feedback ecology                yes   yes  yes       0.0050    10.7504    -1.0000  NO  NO   
  S5 subharmonic                     yes   yes  yes       2.3729    10.7504    -1.0000  yes NO   
  S6 harmonic bloom                  yes   yes  yes       0.0000    10.7504    -1.0000  NO  NO   
  S7 ecosystem                       yes   yes  NO        0.0000    10.7504    -1.0000  NO  NO   override equals stored
  S8 cavern space                    yes   yes  yes       0.5403    10.7504    -1.0000  NO  NO   
  S9 ghost / atmosphere              yes   yes  yes       0.0005    10.7504    -1.0000  NO  NO   
  S10 acoustic body                  yes   yes  yes       8.3420    10.7504    -1.0000  yes yes  
  M1 Darkness                        NO    yes  NO        0.0000    10.7504    -1.0000  NO  NO   M displacement
  M2 Age                             NO    yes  NO        0.0000    10.7504    -1.0000  NO  NO   M displacement
  M3 Density                         NO    yes  NO        0.0000    10.7504    -1.0000  NO  NO   M displacement
  M4 Movement                        NO    yes  NO        0.0000    10.7504    -1.0000  NO  NO   M displacement
  M5 Gravity                         NO    yes  NO        0.0000    10.7504    -1.0000  NO  NO   M displacement
  M6 Entropy                         NO    yes  NO        0.0000    10.7504    -1.0000  NO  NO   M displacement
  M7 Pressure                        NO    yes  NO        0.0000    10.7504    -1.0000  NO  NO   M displacement
  M8 Weight                          NO    yes  NO        0.0000    10.7504    -1.0000  NO  NO   M displacement
  M9 Fog                             NO    yes  NO        0.0000    10.7504    -1.0000  NO  NO   M displacement
  M10 Life                           NO    yes  NO        0.0000    10.7504    -1.0000  NO  NO   M displacement
  M11 Depth                          NO    yes  NO        0.0000    10.7504    -1.0000  NO  NO   M displacement
  M12 Mass                           NO    yes  NO        0.0000    10.7504    -1.0000  NO  NO   M displacement
  E1 partial -> bloom                yes   yes  NO        0.0000    10.7504    -1.0000  NO  NO   ecosystem depth 0
  E2 resonator -> resonance peaks       yes   yes  NO        0.0000    10.7504    -1.0000  NO  NO   ecosystem depth 0
  E3 noise -> noise wake             yes   yes  NO        0.0000    10.7504    -1.0000  NO  NO   ecosystem depth 0
  E4 feedback -> loop wake           yes   yes  NO        0.0000    10.7504    -1.0000  NO  NO   ecosystem depth 0
  E5 ghost -> ghost bursts           yes   yes  NO        0.0000    10.7504    -1.0000  NO  NO   ecosystem depth 0
  E6.hi ecosystem sync rate high       NO    yes  NO        0.0000    10.7504    -1.0000  NO  NO   side predicate
  E7.hi ecosystem self-affinity high       NO    yes  NO        0.0000    10.7504    -1.0000  NO  NO   side predicate
  D1.1 material Glass                NO    yes  NO        0.0000     0.0000    -1.0000  NO  NO   state-only kind
  D1.2 material Strings              NO    yes  NO        0.0000     0.0000    -1.0000  NO  NO   state-only kind
  D1.3 material MetalPlate           NO    yes  NO        0.0000     0.0000    -1.0000  NO  NO   state-only kind
  D1.4 material Chamber              NO    yes  NO        0.0000     0.0000    -1.0000  NO  NO   state-only kind
  D1.5 material Ice                  NO    yes  NO        0.0000     0.0000    -1.0000  NO  NO   state-only kind
  D1.6 material StoneChamber         NO    yes  NO        0.0000     0.0000    -1.0000  NO  NO   state-only kind
  D1.7 material SteelTank            NO    yes  NO        0.0000     0.0000    -1.0000  NO  NO   state-only kind
  D1.8 material WoodenHull           NO    yes  NO        0.0000     0.0000    -1.0000  NO  NO   state-only kind
  D1.9 material CathedralColumn       NO    yes  NO        0.0000     0.0000    -1.0000  NO  NO   state-only kind
  D1.10 material CavernWall    PRI   yes   yes  yes       1.3558    10.7504    -1.0000  yes NO   
  D1.11 material GlassSphere         NO    yes  NO        0.0000     0.0000    -1.0000  NO  NO   state-only kind
  D2 body blend both heard           NO    yes  NO        0.0000     0.0000    -1.0000  NO  NO   state-only kind
  D3.1 noise model Direct            yes   NO   NO        0.0000     0.0000    -1.0000  NO  NO   state-only kind
  D3.2 noise model FilteredWind       yes   NO   NO        0.0000     0.0000    -1.0000  NO  NO   state-only kind
  D3.3 noise model GranularDust       yes   NO   NO        0.0000     0.0000    -1.0000  NO  NO   state-only kind
  D3.4 noise model MetallicHiss       yes   NO   NO        0.0000     0.0000    -1.0000  NO  NO   state-only kind
  D4.1 noise type White              NO    NO   NO        0.0000     0.0000    -1.0000  NO  NO   state-only kind
  D4.2 noise type Pink               NO    NO   NO        0.0000     0.0000    -1.0000  NO  NO   state-only kind
  D4.3 noise type TapeHiss           NO    NO   NO        0.0000     0.0000    -1.0000  NO  NO   state-only kind
  D4.4 noise type VinylCrackle       NO    NO   NO        0.0000     0.0000    -1.0000  NO  NO   state-only kind
  D4.5 noise type Asperity           NO    NO   NO        0.0000     0.0000    -1.0000  NO  NO   state-only kind
  D4.6 noise type Brown              yes   NO   NO        0.0000     0.0000    -1.0000  NO  NO   state-only kind
  D4.7 noise type Blue               NO    NO   NO        0.0000     0.0000    -1.0000  NO  NO   state-only kind
  D4.8 noise type Violet             NO    NO   NO        0.0000     0.0000    -1.0000  NO  NO   state-only kind
  D4.9 noise type Grey               NO    NO   NO        0.0000     0.0000    -1.0000  NO  NO   state-only kind
  D4.10 noise type Velvet            NO    NO   NO        0.0000     0.0000    -1.0000  NO  NO   state-only kind
  D4.11 noise type VinylRumble       NO    NO   NO        0.0000     0.0000    -1.0000  NO  NO   state-only kind
  D4.12 noise type RadioStatic       NO    NO   NO        0.0000     0.0000    -1.0000  NO  NO   state-only kind
  D5.1 anchor Free                   NO    NO   NO        0.0000     0.0000    -1.0000  NO  NO   state-only kind
  D5.2 anchor Keyed                  NO    NO   NO        0.0000     0.0000    -1.0000  NO  NO   state-only kind
  D5.3 anchor Hybrid                 yes   NO   NO        0.0000     0.0000    -1.0000  NO  NO   state-only kind
  D6.1 loop filter Lowpass           yes   NO   NO        0.0000     0.0000    -1.0000  NO  NO   state-only kind
  D6.2 loop filter Bandpass          NO    NO   NO        0.0000     0.0000    -1.0000  NO  NO   state-only kind
  D6.3 loop filter Highpass          NO    NO   NO        0.0000     0.0000    -1.0000  NO  NO   state-only kind
  D7.1 loudest sub f/2               yes   yes  NO        0.0000     0.0000    -1.0000  yes NO   state-only kind
  D7.2 loudest sub f/4               NO    yes  NO        0.0000     0.0000    -1.0000  NO  NO   state-only kind
  D7.3 loudest sub fifth below       NO    yes  NO        0.0000     0.0000    -1.0000  NO  NO   state-only kind
  D8.1 envelope Standard             yes   yes  NO        0.0000     0.0000    -1.0000  yes NO   state-only kind
  D8.2 envelope Growth               NO    yes  NO        0.0000     0.0000    -1.0000  NO  NO   state-only kind
  D9.1 attack span <= 10 s           NO    yes  NO        0.0000     0.0000    -1.0000  NO  NO   state-only kind
  D9.2 attack span >= 90 s           yes   yes  NO        0.0000     0.0000    -1.0000  yes NO   state-only kind
  D10.1 freeze holds a field         NO    NO   NO        0.0000     0.0000    -1.0000  NO  NO   state-only kind
  D10.2 freeze off                   yes   yes  NO        0.0000     0.0000    -1.0000  yes NO   state-only kind
  D11 ghost reverse >= 0.5           NO    NO   NO        0.0000     0.0000    -1.0000  NO  NO   state-only kind
  D12.1 ghost event triggers on       NO    NO   NO        0.0000     0.0000    -1.0000  NO  NO   state-only kind
  D12.2 ghost event triggers off       yes   yes  NO        0.0000     0.0000    -1.0000  yes NO   state-only kind
  D13.1 event rate scale <= 0.3       NO    NO   NO        0.0000    10.7504    -1.0000  NO  NO   state false
  D13.2 event rate scale >= 3.0       NO    NO   NO        0.0000    10.7504    -1.0000  NO  NO   state false
  D14.1 breathing depth >= 0.7       NO    yes  NO        0.0000    10.7504    -1.0000  NO  NO   state false
  D14.2 tidal depth >= 0.7           NO    yes  NO        0.0000    10.7504    -1.0000  NO  NO   state false
F:\projects\iterum\plugins\vorago\tests\integration\preset_sweep_test.cpp(1164): FAILED:
  CHECK( VoragoTest::verifiedAt(o, primary, ClaimRole::Primary) )
with expansion:
  false
with message:
  Cavern Wall primary D1.10 material CavernWall: d 1.35578, 2s(P) 10.7504,
  attrib -1, skip []

[sweep] index 39: computing / loading record...

Abyssal Wind (index 39): primary D3.2 noise model FilteredWind, 2 secondaries, s(P) 4.7192
  cell                         claim state conj rend           d      2s(P)     attrib  sec pri  skip
  S1 noise organism                  yes   yes  yes       2.3125     9.4384    -1.0000  yes NO   
  S2 resonance drift                 yes   yes  yes       1.2108     9.4384    -1.0000  NO  NO   
  S3 spectral smear                  yes   yes  yes       0.9114     9.4384    -1.0000  NO  NO   
  S4 feedback ecology                yes   yes  yes       0.0023     9.4384    -1.0000  NO  NO   
  S5 subharmonic                     yes   yes  yes       3.5866     9.4384    -1.0000  yes NO   
  S6 harmonic bloom                  yes   yes  yes       0.0000     9.4384    -1.0000  NO  NO   
  S7 ecosystem                       yes   yes  NO        0.0000     9.4384    -1.0000  NO  NO   override equals stored
  S8 cavern space                    yes   yes  yes       7.1540     9.4384    -1.0000  yes yes  
  S9 ghost / atmosphere              yes   yes  yes       0.0005     9.4384    -1.0000  NO  NO   
  S10 acoustic body                  yes   yes  yes       9.6554     9.4384    -1.0000  yes yes  
  M1 Darkness                        NO    yes  NO        0.0000     9.4384    -1.0000  NO  NO   M displacement
  M2 Age                             NO    yes  NO        0.0000     9.4384    -1.0000  NO  NO   M displacement
  M3 Density                         NO    yes  NO        0.0000     9.4384    -1.0000  NO  NO   M displacement
  M4 Movement                        NO    yes  NO        0.0000     9.4384    -1.0000  NO  NO   M displacement
  M5 Gravity                         NO    yes  NO        0.0000     9.4384    -1.0000  NO  NO   M displacement
  M6 Entropy                         NO    yes  NO        0.0000     9.4384    -1.0000  NO  NO   M displacement
  M7 Pressure                        NO    yes  NO        0.0000     9.4384    -1.0000  NO  NO   M displacement
  M8 Weight                          NO    yes  NO        0.0000     9.4384    -1.0000  NO  NO   M displacement
  M9 Fog                             NO    yes  NO        0.0000     9.4384    -1.0000  NO  NO   M displacement
  M10 Life                           NO    yes  NO        0.0000     9.4384    -1.0000  NO  NO   M displacement
  M11 Depth                          NO    yes  NO        0.0000     9.4384    -1.0000  NO  NO   M displacement
  M12 Mass                           NO    yes  NO        0.0000     9.4384    -1.0000  NO  NO   M displacement
  E1 partial -> bloom                yes   yes  NO        0.0000     9.4384    -1.0000  NO  NO   ecosystem depth 0
  E2 resonator -> resonance peaks       yes   yes  NO        0.0000     9.4384    -1.0000  NO  NO   ecosystem depth 0
  E3 noise -> noise wake             yes   yes  NO        0.0000     9.4384    -1.0000  NO  NO   ecosystem depth 0
  E4 feedback -> loop wake           yes   yes  NO        0.0000     9.4384    -1.0000  NO  NO   ecosystem depth 0
  E5 ghost -> ghost bursts           yes   yes  NO        0.0000     9.4384    -1.0000  NO  NO   ecosystem depth 0
  E6.hi ecosystem sync rate high       NO    yes  NO        0.0000     9.4384    -1.0000  NO  NO   side predicate
  E7.hi ecosystem self-affinity high       NO    yes  NO        0.0000     9.4384    -1.0000  NO  NO   side predicate
  D1.1 material Glass                NO    yes  NO        0.0000     0.0000    -1.0000  NO  NO   state-only kind
  D1.2 material Strings              NO    yes  NO        0.0000     0.0000    -1.0000  NO  NO   state-only kind
  D1.3 material MetalPlate           NO    yes  NO        0.0000     0.0000    -1.0000  NO  NO   state-only kind
  D1.4 material Chamber              NO    yes  NO        0.0000     0.0000    -1.0000  NO  NO   state-only kind
  D1.5 material Ice                  NO    yes  NO        0.0000     0.0000    -1.0000  NO  NO   state-only kind
  D1.6 material StoneChamber         yes   yes  NO        0.0000     0.0000    -1.0000  yes NO   state-only kind
  D1.7 material SteelTank            yes   yes  NO        0.0000     0.0000    -1.0000  yes NO   state-only kind
  D1.8 material WoodenHull           NO    yes  NO        0.0000     0.0000    -1.0000  NO  NO   state-only kind
  D1.9 material CathedralColumn       NO    yes  NO        0.0000     0.0000    -1.0000  NO  NO   state-only kind
  D1.10 material CavernWall          NO    yes  NO        0.0000     0.0000    -1.0000  NO  NO   state-only kind
  D1.11 material GlassSphere         NO    yes  NO        0.0000     0.0000    -1.0000  NO  NO   state-only kind
  D2 body blend both heard           yes   yes  NO        0.0000     0.0000    -1.0000  yes NO   state-only kind
  D3.1 noise model Direct            NO    yes  NO        0.0000     0.0000    -1.0000  NO  NO   state-only kind
  D3.2 noise model FilteredWind PRI   yes   yes  NO        0.0000     0.0000    -1.0000  yes NO   state-only kind
  D3.3 noise model GranularDust       NO    yes  NO        0.0000     0.0000    -1.0000  NO  NO   state-only kind
  D3.4 noise model MetallicHiss       NO    yes  NO        0.0000     0.0000    -1.0000  NO  NO   state-only kind
  D4.1 noise type White              NO    yes  NO        0.0000     0.0000    -1.0000  NO  NO   state-only kind
  D4.2 noise type Pink               NO    yes  NO        0.0000     0.0000    -1.0000  NO  NO   state-only kind
  D4.3 noise type TapeHiss           NO    yes  NO        0.0000     0.0000    -1.0000  NO  NO   state-only kind
  D4.4 noise type VinylCrackle       NO    yes  NO        0.0000     0.0000    -1.0000  NO  NO   state-only kind
  D4.5 noise type Asperity           NO    yes  NO        0.0000     0.0000    -1.0000  NO  NO   state-only kind
  D4.6 noise type Brown              NO    yes  NO        0.0000     0.0000    -1.0000  NO  NO   state-only kind
  D4.7 noise type Blue               NO    yes  NO        0.0000     0.0000    -1.0000  NO  NO   state-only kind
  D4.8 noise type Violet             NO    yes  NO        0.0000     0.0000    -1.0000  NO  NO   state-only kind
  D4.9 noise type Grey               NO    yes  NO        0.0000     0.0000    -1.0000  NO  NO   state-only kind
  D4.10 noise type Velvet            NO    yes  NO        0.0000     0.0000    -1.0000  NO  NO   state-only kind
  D4.11 noise type VinylRumble       NO    yes  NO        0.0000     0.0000    -1.0000  NO  NO   state-only kind
  D4.12 noise type RadioStatic       NO    yes  NO        0.0000     0.0000    -1.0000  NO  NO   state-only kind
  D5.1 anchor Free             sec   yes   NO   NO        0.0000     0.0000    -1.0000  NO  NO   state-only kind
  D5.2 anchor Keyed                  NO    NO   NO        0.0000     0.0000    -1.0000  NO  NO   state-only kind
  D5.3 anchor Hybrid                 NO    NO   NO        0.0000     0.0000    -1.0000  NO  NO   state-only kind
  D6.1 loop filter Lowpass           yes   NO   NO        0.0000     0.0000    -1.0000  NO  NO   state-only kind
  D6.2 loop filter Bandpass          NO    NO   NO        0.0000     0.0000    -1.0000  NO  NO   state-only kind
  D6.3 loop filter Highpass          NO    NO   NO        0.0000     0.0000    -1.0000  NO  NO   state-only kind
  D7.1 loudest sub f/2               NO    yes  NO        0.0000     0.0000    -1.0000  NO  NO   state-only kind
  D7.2 loudest sub f/4         sec   yes   yes  NO        0.0000     0.0000    -1.0000  yes NO   state-only kind
  D7.3 loudest sub fifth below       NO    yes  NO        0.0000     0.0000    -1.0000  NO  NO   state-only kind
  D8.1 envelope Standard             yes   yes  NO        0.0000     0.0000    -1.0000  yes NO   state-only kind
  D8.2 envelope Growth               NO    yes  NO        0.0000     0.0000    -1.0000  NO  NO   state-only kind
  D9.1 attack span <= 10 s           NO    yes  NO        0.0000     0.0000    -1.0000  NO  NO   state-only kind
  D9.2 attack span >= 90 s           yes   yes  NO        0.0000     0.0000    -1.0000  yes NO   state-only kind
  D10.1 freeze holds a field         NO    NO   NO        0.0000     0.0000    -1.0000  NO  NO   state-only kind
  D10.2 freeze off                   yes   yes  NO        0.0000     0.0000    -1.0000  yes NO   state-only kind
  D11 ghost reverse >= 0.5           NO    NO   NO        0.0000     0.0000    -1.0000  NO  NO   state-only kind
  D12.1 ghost event triggers on       NO    NO   NO        0.0000     0.0000    -1.0000  NO  NO   state-only kind
  D12.2 ghost event triggers off       yes   yes  NO        0.0000     0.0000    -1.0000  yes NO   state-only kind
  D13.1 event rate scale <= 0.3       NO    NO   NO        0.0000     9.4384    -1.0000  NO  NO   state false
  D13.2 event rate scale >= 3.0       NO    NO   NO        0.0000     9.4384    -1.0000  NO  NO   state false
  D14.1 breathing depth >= 0.7       NO    yes  NO        0.0000     9.4384    -1.0000  NO  NO   state false
  D14.2 tidal depth >= 0.7           NO    yes  NO        0.0000     9.4384    -1.0000  NO  NO   state false
F:\projects\iterum\plugins\vorago\tests\integration\preset_sweep_test.cpp(1164): FAILED:
  CHECK( VoragoTest::verifiedAt(o, primary, ClaimRole::Primary) )
with expansion:
  false
with message:
  Abyssal Wind primary D3.2 noise model FilteredWind: d 0, 2s(P) 0, attrib -1,
  skip [state-only kind]

F:\projects\iterum\plugins\vorago\tests\integration\preset_sweep_test.cpp(1171): FAILED:
  CHECK( VoragoTest::verifiedAt(o, c, ClaimRole::Secondary) )
with expansion:
  false
with message:
  Abyssal Wind secondary D5.1 anchor Free: d 0, 2s(P) 0, attrib -1, skip
  [state-only kind]

0.003 s: Vorago_PresetSweep_AblationVerifiesClaims
shard 3/4: 10 of 42 indices (N = 42)

=== Vorago_PresetSweep_RendersAreReproducible (FR-038, SC-015) ===
[sweep] index 3: computing / loading record...
Feedback Mire (index 3): two fresh hosts over [0, 220.00 s], withinTolerance per channel: yes
[sweep] index 7: computing / loading record...
Cathedral Void (index 7): two fresh hosts over [0, 220.00 s], withinTolerance per channel: yes
[sweep] index 11: computing / loading record...
Erosion (index 11): two fresh hosts over [0, 220.00 s], withinTolerance per channel: yes
[sweep] index 15: computing / loading record...
Entropic Hum (index 15): two fresh hosts over [0, 220.00 s], withinTolerance per channel: yes
[sweep] index 19: computing / loading record...
Teeming (index 19): two fresh hosts over [0, 220.00 s], withinTolerance per channel: yes
[sweep] index 23: computing / loading record...
Singing Colony (index 23): two fresh hosts over [0, 220.00 s], withinTolerance per channel: yes
[sweep] index 27: computing / loading record...
Growth Ring (index 27): two fresh hosts over [0, 125.00 s], withinTolerance per channel: yes
[sweep] index 31: computing / loading record...
Chamber Drone (index 31): two fresh hosts over [0, 220.00 s], withinTolerance per channel: yes
[sweep] index 35: computing / loading record...
Cavern Wall (index 35): two fresh hosts over [0, 220.00 s], withinTolerance per channel: yes
[sweep] index 39: computing / loading record...
Abyssal Wind (index 39): two fresh hosts over [0, 220.00 s], withinTolerance per channel: yes
0.000 s: Vorago_PresetSweep_RendersAreReproducible
===============================================================================
test cases:   5 |   4 passed | 1 failed
assertions: 353 | 345 passed | 8 failed

exit=8 END 2026-09-30 12:03:45
