START 2026-09-30 17:46:15 shard 0/4 (sweep 3: final tree - rulings S-4..S-10, re-authored library, ghost tap +12 dB, NoiseGenerator reset fix)
Filters: [vorago-sweep] ~[vorago-aggregate]
Randomness seeded to: 1551266882
shard 0/4: 11 of 42 indices (N = 42)

=== Vorago_PresetSweep_LongRender (FR-033, SC-012; K = 4) ===
[sweep] index 0: computing / loading record...

Wind Through Basalt (index 0): A 155.00 s  Rel 45.00 s  RT60 6.00 s  H 340.00 s  Tail [396.00, 406.00]  Total 406.00 s  freeze tail Off
  take 0 seed  2: finite yes  peak 0.3295  arm1 hi -22.17 dB [yes]  arm2 lo -28.79 dB [yes]  arm3 late-sus +0.46 dB [yes]  arm4 tail -127.81 dB [yes]
  take 1 seed  3: finite yes  peak 0.3435  arm1 hi -21.01 dB [yes]  arm2 lo -28.36 dB [yes]  arm3 late-sus +0.49 dB [yes]  arm4 tail -125.38 dB [yes]
  take 2 seed  4: finite yes  peak 0.3134  arm1 hi -23.68 dB [yes]  arm2 lo -27.72 dB [yes]  arm3 late-sus +0.09 dB [yes]  arm4 tail -139.61 dB [yes]
  take 3 seed  5: finite yes  peak 0.3083  arm1 hi -21.84 dB [yes]  arm2 lo -27.92 dB [yes]  arm3 late-sus +0.42 dB [yes]  arm4 tail -136.87 dB [yes]
[sweep] index 4: computing / loading record...

Tectonic Floor (index 4): A 155.00 s  Rel 45.00 s  RT60 12.00 s  H 340.00 s  Tail [402.00, 412.00]  Total 412.00 s  freeze tail Off
  take 0 seed  1: finite yes  peak 0.4840  arm1 hi -16.72 dB [yes]  arm2 lo -23.04 dB [yes]  arm3 late-sus +1.86 dB [yes]  arm4 tail -215.77 dB [yes]
  take 1 seed  2: finite yes  peak 0.5068  arm1 hi -16.23 dB [yes]  arm2 lo -19.32 dB [yes]  arm3 late-sus +0.59 dB [yes]  arm4 tail -240.00 dB [yes]
  take 2 seed  3: finite yes  peak 0.5393  arm1 hi -16.27 dB [yes]  arm2 lo -19.61 dB [yes]  arm3 late-sus +0.47 dB [yes]  arm4 tail -240.00 dB [yes]
  take 3 seed  4: finite yes  peak 0.4902  arm1 hi -16.45 dB [yes]  arm2 lo -22.00 dB [yes]  arm3 late-sus +1.78 dB [yes]  arm4 tail -240.00 dB [yes]
[sweep] index 8: computing / loading record...

Choir of Absence (index 8): A 155.00 s  Rel 45.00 s  RT60 20.00 s  H 340.00 s  Tail [410.00, 420.00]  Total 420.00 s  freeze tail Off
  take 0 seed 10: finite yes  peak 0.9661  arm1 hi -6.88 dB [yes]  arm2 lo -16.91 dB [yes]  arm3 late-sus -1.08 dB [yes]  arm4 tail -166.87 dB [yes]
  take 1 seed 11: finite yes  peak 0.9661  arm1 hi -7.93 dB [yes]  arm2 lo -15.25 dB [yes]  arm3 late-sus +2.66 dB [yes]  arm4 tail -171.38 dB [yes]
  take 2 seed 12: finite yes  peak 0.9661  arm1 hi -8.77 dB [yes]  arm2 lo -17.19 dB [yes]  arm3 late-sus -4.50 dB [yes]  arm4 tail -164.97 dB [yes]
  take 3 seed 13: finite yes  peak 0.9661  arm1 hi -6.73 dB [yes]  arm2 lo -14.58 dB [yes]  arm3 late-sus -1.51 dB [yes]  arm4 tail -161.94 dB [yes]
[sweep] index 12: computing / loading record...

Crowded Dark (index 12): A 155.00 s  Rel 45.00 s  RT60 20.00 s  H 340.00 s  Tail [410.00, 420.00]  Total 420.00 s  freeze tail Off
  take 0 seed 15: finite yes  peak 0.5639  arm1 hi -16.71 dB [yes]  arm2 lo -29.40 dB [yes]  arm3 late-sus +1.79 dB [yes]  arm4 tail -187.44 dB [yes]
  take 1 seed  0: finite yes  peak 0.6023  arm1 hi -15.61 dB [yes]  arm2 lo -27.58 dB [yes]  arm3 late-sus +0.96 dB [yes]  arm4 tail -188.57 dB [yes]
  take 2 seed  1: finite yes  peak 0.4437  arm1 hi -19.13 dB [yes]  arm2 lo -27.36 dB [yes]  arm3 late-sus -0.46 dB [yes]  arm4 tail -183.44 dB [yes]
  take 3 seed  2: finite yes  peak 0.6289  arm1 hi -16.93 dB [yes]  arm2 lo -27.04 dB [yes]  arm3 late-sus -0.96 dB [yes]  arm4 tail -195.83 dB [yes]
[sweep] index 16: computing / loading record...

Pressure Front (index 16): A 155.00 s  Rel 45.00 s  RT60 20.00 s  H 340.00 s  Tail [410.00, 420.00]  Total 420.00 s  freeze tail Off
  take 0 seed  6: finite yes  peak 0.1394  arm1 hi -23.29 dB [yes]  arm2 lo -27.92 dB [yes]  arm3 late-sus +0.69 dB [yes]  arm4 tail -200.83 dB [yes]
  take 1 seed  7: finite yes  peak 0.1425  arm1 hi -23.57 dB [yes]  arm2 lo -28.85 dB [yes]  arm3 late-sus +0.20 dB [yes]  arm4 tail -204.97 dB [yes]
  take 2 seed  8: finite yes  peak 0.1426  arm1 hi -23.44 dB [yes]  arm2 lo -26.27 dB [yes]  arm3 late-sus +0.11 dB [yes]  arm4 tail -215.17 dB [yes]
  take 3 seed  9: finite yes  peak 0.1361  arm1 hi -23.39 dB [yes]  arm2 lo -27.89 dB [yes]  arm3 late-sus -0.43 dB [yes]  arm4 tail -217.98 dB [yes]
[sweep] index 20: computing / loading record...

Endless Descent (index 20): A 155.00 s  Rel 40.00 s  RT60 27.00 s  H 340.00 s  Tail [412.00, 422.00]  Total 422.00 s  freeze tail Off
  take 0 seed 12: finite yes  peak 0.0909  arm1 hi -34.32 dB [yes]  arm2 lo -37.28 dB [yes]  arm3 late-sus +0.14 dB [yes]  arm4 tail -224.86 dB [yes]
  take 1 seed 13: finite yes  peak 0.1026  arm1 hi -34.01 dB [yes]  arm2 lo -39.58 dB [yes]  arm3 late-sus -1.38 dB [yes]  arm4 tail -230.91 dB [yes]
  take 2 seed 14: finite yes  peak 0.0983  arm1 hi -33.40 dB [yes]  arm2 lo -35.82 dB [yes]  arm3 late-sus +0.81 dB [yes]  arm4 tail -232.48 dB [yes]
  take 3 seed 15: finite yes  peak 0.0848  arm1 hi -34.06 dB [yes]  arm2 lo -41.20 dB [yes]  arm3 late-sus +1.20 dB [yes]  arm4 tail -229.01 dB [yes]
[sweep] index 24: computing / loading record...

Swarm Breath (index 24): A 155.00 s  Rel 45.00 s  RT60 5.00 s  H 340.00 s  Tail [395.00, 405.00]  Total 405.00 s  freeze tail Off
  take 0 seed  5: finite yes  peak 0.1678  arm1 hi -25.24 dB [yes]  arm2 lo -29.41 dB [yes]  arm3 late-sus -0.14 dB [yes]  arm4 tail -164.17 dB [yes]
  take 1 seed  6: finite yes  peak 0.1862  arm1 hi -25.33 dB [yes]  arm2 lo -30.74 dB [yes]  arm3 late-sus +0.57 dB [yes]  arm4 tail -161.29 dB [yes]
  take 2 seed  7: finite yes  peak 0.1987  arm1 hi -25.17 dB [yes]  arm2 lo -28.03 dB [yes]  arm3 late-sus -0.99 dB [yes]  arm4 tail -191.31 dB [yes]
  take 3 seed  8: finite yes  peak 0.1889  arm1 hi -25.09 dB [yes]  arm2 lo -28.56 dB [yes]  arm3 late-sus -0.04 dB [yes]  arm4 tail -178.04 dB [yes]
[sweep] index 28: computing / loading record...

Glass Well (index 28): A 155.00 s  Rel 45.00 s  RT60 7.99 s  H 340.00 s  Tail [397.99, 407.99]  Total 407.99 s  freeze tail Off
  take 0 seed 12: finite yes  peak 0.4039  arm1 hi -20.31 dB [yes]  arm2 lo -27.34 dB [yes]  arm3 late-sus -0.89 dB [yes]  arm4 tail -175.16 dB [yes]
  take 1 seed 13: finite yes  peak 0.3727  arm1 hi -20.24 dB [yes]  arm2 lo -30.23 dB [yes]  arm3 late-sus +0.61 dB [yes]  arm4 tail -171.98 dB [yes]
  take 2 seed 14: finite yes  peak 0.3326  arm1 hi -22.12 dB [yes]  arm2 lo -27.02 dB [yes]  arm3 late-sus +0.68 dB [yes]  arm4 tail -182.07 dB [yes]
  take 3 seed 15: finite yes  peak 0.2953  arm1 hi -21.79 dB [yes]  arm2 lo -30.94 dB [yes]  arm3 late-sus +1.69 dB [yes]  arm4 tail -180.28 dB [yes]
[sweep] index 32: computing / loading record...

Ice Shelf (index 32): A 155.00 s  Rel 45.00 s  RT60 10.00 s  H 340.00 s  Tail [400.00, 410.00]  Total 410.00 s  freeze tail Off
  take 0 seed  6: finite yes  peak 0.1142  arm1 hi -33.45 dB [yes]  arm2 lo -40.35 dB [yes]  arm3 late-sus -0.15 dB [yes]  arm4 tail -191.84 dB [yes]
  take 1 seed  7: finite yes  peak 0.1339  arm1 hi -30.95 dB [yes]  arm2 lo -42.54 dB [yes]  arm3 late-sus -0.30 dB [yes]  arm4 tail -201.07 dB [yes]
  take 2 seed  8: finite yes  peak 0.2554  arm1 hi -25.97 dB [yes]  arm2 lo -39.61 dB [yes]  arm3 late-sus +1.90 dB [yes]  arm4 tail -200.82 dB [yes]
  take 3 seed  9: finite yes  peak 0.1124  arm1 hi -33.81 dB [yes]  arm2 lo -42.50 dB [yes]  arm3 late-sus +1.77 dB [yes]  arm4 tail -202.63 dB [yes]
[sweep] index 36: computing / loading record...

Glass Sphere (index 36): A 155.00 s  Rel 45.00 s  RT60 15.00 s  H 340.00 s  Tail [405.00, 415.00]  Total 415.00 s  freeze tail Off
  take 0 seed  2: finite yes  peak 0.3084  arm1 hi -19.72 dB [yes]  arm2 lo -21.76 dB [yes]  arm3 late-sus +0.11 dB [yes]  arm4 tail -240.00 dB [yes]
  take 1 seed  3: finite yes  peak 0.3147  arm1 hi -19.84 dB [yes]  arm2 lo -21.04 dB [yes]  arm3 late-sus +0.11 dB [yes]  arm4 tail -235.71 dB [yes]
  take 2 seed  4: finite yes  peak 0.2881  arm1 hi -19.93 dB [yes]  arm2 lo -21.00 dB [yes]  arm3 late-sus -0.04 dB [yes]  arm4 tail -234.21 dB [yes]
  take 3 seed  5: finite yes  peak 0.2950  arm1 hi -19.73 dB [yes]  arm2 lo -21.49 dB [yes]  arm3 late-sus +0.02 dB [yes]  arm4 tail -240.00 dB [yes]
[sweep] index 40: computing / loading record...

Spore Drift (index 40): A 155.00 s  Rel 45.00 s  RT60 5.00 s  H 340.00 s  Tail [395.00, 405.00]  Total 405.00 s  freeze tail Off
  take 0 seed  9: finite yes  peak 0.1680  arm1 hi -26.99 dB [yes]  arm2 lo -30.77 dB [yes]  arm3 late-sus -1.02 dB [yes]  arm4 tail -174.28 dB [yes]
  take 1 seed 10: finite yes  peak 0.2058  arm1 hi -25.76 dB [yes]  arm2 lo -31.10 dB [yes]  arm3 late-sus -0.02 dB [yes]  arm4 tail -159.94 dB [yes]
  take 2 seed 11: finite yes  peak 0.1855  arm1 hi -26.57 dB [yes]  arm2 lo -30.65 dB [yes]  arm3 late-sus -0.83 dB [yes]  arm4 tail -160.73 dB [yes]
  take 3 seed 12: finite yes  peak 0.1703  arm1 hi -26.62 dB [yes]  arm2 lo -30.27 dB [yes]  arm3 late-sus -0.37 dB [yes]  arm4 tail -169.81 dB [yes]
15750.567 s: Vorago_PresetSweep_LongRender
shard 0/4: 11 of 42 indices (N = 42)

=== Vorago_PresetSweep_FreezeGesture (FR-033, SC-024) ===
Cathedral Void (index 7): not in this shard, skipped
0.000 s: Vorago_PresetSweep_FreezeGesture
shard 0/4: 11 of 42 indices (N = 42)

=== Vorago_PresetSweep_SustainAtAllRates (FR-033a, SC-022) ===
[sweep] index 0: computing / loading record...
Wind Through Basalt (index 0): [0, 220.00 s]  44.1 kHz finite yes peak 0.3765 hi -21.06 dB  |  96 kHz finite yes peak 0.3610 hi -22.37 dB
[sweep] index 4: computing / loading record...
Tectonic Floor (index 4): [0, 220.00 s]  44.1 kHz finite yes peak 0.4935 hi -16.62 dB  |  96 kHz finite yes peak 0.4836 hi -16.48 dB
[sweep] index 8: computing / loading record...
Choir of Absence (index 8): [0, 220.00 s]  44.1 kHz finite yes peak 0.9661 hi -6.50 dB  |  96 kHz finite yes peak 0.9661 hi -6.87 dB
[sweep] index 12: computing / loading record...
Crowded Dark (index 12): [0, 220.00 s]  44.1 kHz finite yes peak 0.5233 hi -17.90 dB  |  96 kHz finite yes peak 0.4697 hi -18.56 dB
[sweep] index 16: computing / loading record...
Pressure Front (index 16): [0, 220.00 s]  44.1 kHz finite yes peak 0.1348 hi -23.67 dB  |  96 kHz finite yes peak 0.1448 hi -23.96 dB
[sweep] index 20: computing / loading record...
Endless Descent (index 20): [0, 220.00 s]  44.1 kHz finite yes peak 0.0924 hi -34.02 dB  |  96 kHz finite yes peak 0.1041 hi -33.84 dB
[sweep] index 24: computing / loading record...
Swarm Breath (index 24): [0, 220.00 s]  44.1 kHz finite yes peak 0.1709 hi -25.20 dB  |  96 kHz finite yes peak 0.1625 hi -25.96 dB
[sweep] index 28: computing / loading record...
Glass Well (index 28): [0, 220.00 s]  44.1 kHz finite yes peak 0.3306 hi -21.81 dB  |  96 kHz finite yes peak 0.3511 hi -21.44 dB
[sweep] index 32: computing / loading record...
Ice Shelf (index 32): [0, 220.00 s]  44.1 kHz finite yes peak 0.1215 hi -30.84 dB  |  96 kHz finite yes peak 0.0766 hi -34.87 dB
[sweep] index 36: computing / loading record...
Glass Sphere (index 36): [0, 220.00 s]  44.1 kHz finite yes peak 0.3041 hi -19.58 dB  |  96 kHz finite yes peak 0.2726 hi -20.92 dB
[sweep] index 40: computing / loading record...
Spore Drift (index 40): [0, 220.00 s]  44.1 kHz finite yes peak 0.1508 hi -28.09 dB  |  96 kHz finite yes peak 0.1588 hi -27.34 dB
0.000 s: Vorago_PresetSweep_SustainAtAllRates
shard 0/4: 11 of 43 indices (N = 42, index N = default surface)

=== Vorago_PresetSweep_AblationVerifiesClaims (FR-012, FR-037, SC-011) ===
[sweep] index 0: computing / loading record...

Wind Through Basalt (index 0): primary S1 noise organism, 5 secondaries, s(P) 1.1715
  cell                         claim state conj rend           d      2s(P)     attrib  sec pri  skip
  S1 noise organism            PRI   yes   yes  yes       5.0851     2.3430    -1.0000  yes yes  
  S2 resonance drift                 yes   yes  yes       0.6118     2.3430    -1.0000  NO  NO   
  S3 spectral smear                  yes   yes  yes       5.2748     2.3430    -1.0000  yes yes  
  S4 feedback ecology                yes   yes  yes       0.0004     2.3430    -1.0000  NO  NO   
  S5 subharmonic                     yes   yes  yes       2.4364     2.3430    -1.0000  yes NO   
  S6 harmonic bloom                  yes   yes  yes       0.0000     2.3430    -1.0000  NO  NO   
  S7 ecosystem                       yes   yes  yes       1.7629     2.3430    -1.0000  yes NO   
  S8 cavern space                    yes   yes  yes       2.3847     2.3430    -1.0000  yes NO   
  S9 ghost / atmosphere              yes   yes  yes       0.3126     2.3430    -1.0000  NO  NO   
  S10 acoustic body                  yes   yes  yes       9.9509     2.3430    -1.0000  yes yes  
  M1 Darkness                        NO    yes  NO        0.0000     2.3430    -1.0000  NO  NO   M displacement
  M2 Age                             NO    yes  NO        0.0000     2.3430    -1.0000  NO  NO   M displacement
  M3 Density                         NO    yes  NO        0.0000     2.3430    -1.0000  NO  NO   M displacement
  M4 Movement                        NO    yes  NO        0.0000     2.3430    -1.0000  NO  NO   M displacement
  M5 Gravity                         NO    yes  NO        0.0000     2.3430    -1.0000  NO  NO   M displacement
  M6 Entropy                         NO    yes  NO        0.0000     2.3430    -1.0000  NO  NO   M displacement
  M7 Pressure                        NO    yes  NO        0.0000     2.3430    -1.0000  NO  NO   M displacement
  M8 Weight                          NO    yes  NO        0.0000     2.3430    -1.0000  NO  NO   M displacement
  M9 Fog                             NO    yes  NO        0.0000     2.3430    -1.0000  NO  NO   M displacement
  M10 Life                           NO    yes  NO        0.0000     2.3430    -1.0000  NO  NO   M displacement
  M11 Depth                          NO    yes  NO        0.0000     2.3430    -1.0000  NO  NO   M displacement
  M12 Mass                           NO    yes  NO        0.0000     2.3430    -1.0000  NO  NO   M displacement
  E1 partial -> bloom                yes   yes  yes       0.0366     6.3958     0.0366  NO  NO   
  E2 resonator -> resonance peaks       yes   yes  yes       0.9740     3.6286     0.0366  NO  NO   
  E3 noise -> noise wake             yes   yes  yes       1.5143     9.8231     0.0366  NO  NO   
  E4 feedback -> loop wake           yes   yes  yes       0.0365     6.3929     0.0366  NO  NO   
  E5 ghost -> ghost bursts           yes   yes  yes       0.6413     7.2946     0.0366  NO  NO   
  E6.hi ecosystem sync rate high       NO    yes  NO        0.0000     2.3430    -1.0000  NO  NO   side predicate
  E7.hi ecosystem self-affinity high       NO    yes  NO        0.0000     2.3430    -1.0000  NO  NO   side predicate
  D1.1 material Glass                NO    yes  NO        0.0000     0.0000    -1.0000  NO  NO   state-only kind
  D1.2 material Strings              NO    yes  NO        0.0000     0.0000    -1.0000  NO  NO   state-only kind
  D1.3 material MetalPlate           NO    yes  NO        0.0000     0.0000    -1.0000  NO  NO   state-only kind
  D1.4 material Chamber              NO    yes  NO        0.0000     0.0000    -1.0000  NO  NO   state-only kind
  D1.5 material Ice                  NO    yes  NO        0.0000     0.0000    -1.0000  NO  NO   state-only kind
  D1.6 material StoneChamber         yes   yes  NO        0.0000     0.0000    -1.0000  yes NO   state-only kind
  D1.7 material SteelTank            yes   yes  NO        0.0000     0.0000    -1.0000  yes NO   state-only kind
  D1.8 material WoodenHull           NO    yes  NO        0.0000     0.0000    -1.0000  NO  NO   state-only kind
  D1.9 material CathedralColumn       NO    yes  NO        0.0000     0.0000    -1.0000  NO  NO   state-only kind
  D1.10 material CavernWall          NO    yes  NO        0.0000     0.0000    -1.0000  NO  NO   state-only kind
  D1.11 material GlassSphere         NO    yes  NO        0.0000     0.0000    -1.0000  NO  NO   state-only kind
  D2 body blend both heard           yes   yes  NO        0.0000     0.0000    -1.0000  yes NO   state-only kind
  D3.1 noise model Direct      sec   yes   yes  yes       5.0851     0.0000    -1.0000  yes yes  
  D3.2 noise model FilteredWind sec   yes   yes  yes       5.0851     0.0000    -1.0000  yes yes  
  D3.3 noise model GranularDust       NO    yes  yes       5.0851     0.0000    -1.0000  NO  NO   
  D3.4 noise model MetallicHiss       NO    yes  yes       5.0851     0.0000    -1.0000  NO  NO   
  D4.1 noise type White        sec   yes   yes  NO        0.0000     0.0000    -1.0000  yes NO   state-only kind
  D4.2 noise type Pink         sec   yes   yes  NO        0.0000     0.0000    -1.0000  yes NO   state-only kind
  D4.3 noise type TapeHiss     sec   yes   yes  NO        0.0000     0.0000    -1.0000  yes NO   state-only kind
  D4.4 noise type VinylCrackle       NO    yes  NO        0.0000     0.0000    -1.0000  NO  NO   state-only kind
  D4.5 noise type Asperity           NO    yes  NO        0.0000     0.0000    -1.0000  NO  NO   state-only kind
  D4.6 noise type Brown              NO    yes  NO        0.0000     0.0000    -1.0000  NO  NO   state-only kind
  D4.7 noise type Blue               NO    yes  NO        0.0000     0.0000    -1.0000  NO  NO   state-only kind
  D4.8 noise type Violet             NO    yes  NO        0.0000     0.0000    -1.0000  NO  NO   state-only kind
  D4.9 noise type Grey               NO    yes  NO        0.0000     0.0000    -1.0000  NO  NO   state-only kind
  D4.10 noise type Velvet            NO    yes  NO        0.0000     0.0000    -1.0000  NO  NO   state-only kind
  D4.11 noise type VinylRumble       NO    yes  NO        0.0000     0.0000    -1.0000  NO  NO   state-only kind
  D4.12 noise type RadioStatic       NO    yes  NO        0.0000     0.0000    -1.0000  NO  NO   state-only kind
  D5.1 anchor Free                   NO    NO   NO        0.0000     0.0000    -1.0000  NO  NO   state-only kind
  D5.2 anchor Keyed                  NO    NO   NO        0.0000     0.0000    -1.0000  NO  NO   state-only kind
  D5.3 anchor Hybrid                 yes   NO   NO        0.0000     0.0000    -1.0000  NO  NO   state-only kind
  D6.1 loop filter Lowpass           yes   NO   NO        0.0000     0.0000    -1.0000  NO  NO   state-only kind
  D6.2 loop filter Bandpass          NO    NO   NO        0.0000     0.0000    -1.0000  NO  NO   state-only kind
  D6.3 loop filter Highpass          NO    NO   NO        0.0000     0.0000    -1.0000  NO  NO   state-only kind
  D7.1 loudest sub f/2               yes   yes  NO        0.0000     0.0000    -1.0000  yes NO   state-only kind
  D7.2 loudest sub f/4               NO    yes  NO        0.0000     0.0000    -1.0000  NO  NO   state-only kind
  D7.3 loudest sub fifth below       NO    yes  NO        0.0000     0.0000    -1.0000  NO  NO   state-only kind
  D8.1 envelope Standard             yes   yes  NO        0.0000     0.0000    -1.0000  yes NO   state-only kind
  D8.2 envelope Growth               NO    yes  NO        0.0000     0.0000    -1.0000  NO  NO   state-only kind
  D9.1 attack span <= 10 s           NO    yes  NO        0.0000     0.0000    -1.0000  NO  NO   state-only kind
  D9.2 attack span >= 90 s           yes   yes  NO        0.0000     0.0000    -1.0000  yes NO   state-only kind
  D10.1 freeze holds a field         NO    NO   NO        0.0000     0.0000    -1.0000  NO  NO   state-only kind
  D10.2 freeze off                   yes   yes  NO        0.0000     0.0000    -1.0000  yes NO   state-only kind
  D11 ghost reverse >= 0.5           NO    NO   NO        0.0000     0.0000    -1.0000  NO  NO   state-only kind
  D12.1 ghost event triggers on       NO    NO   NO        0.0000     0.0000    -1.0000  NO  NO   state-only kind
  D12.2 ghost event triggers off       yes   yes  NO        0.0000     0.0000    -1.0000  yes NO   state-only kind
  D13.1 event rate scale <= 0.3       NO    yes  NO        0.0000     2.3430    -1.0000  NO  NO   state false
  D13.2 event rate scale >= 3.0       NO    yes  NO        0.0000     2.3430    -1.0000  NO  NO   state false
  D14.1 breathing depth >= 0.7       NO    yes  NO        0.0000     2.3430    -1.0000  NO  NO   state false
  D14.2 tidal depth >= 0.7           NO    yes  NO        0.0000     2.3430    -1.0000  NO  NO   state false
[sweep] index 4: computing / loading record...

Tectonic Floor (index 4): primary S5 subharmonic, 1 secondaries, s(P) 5.2863
  cell                         claim state conj rend           d      2s(P)     attrib  sec pri  skip
  S1 noise organism                  yes   yes  yes       0.1650    10.5726    -1.0000  NO  NO   
  S2 resonance drift                 yes   yes  yes       0.5153    10.5726    -1.0000  NO  NO   
  S3 spectral smear                  yes   yes  yes       0.3325    10.5726    -1.0000  NO  NO   
  S4 feedback ecology                yes   yes  yes       0.0019    10.5726    -1.0000  NO  NO   
  S5 subharmonic               PRI   yes   yes  yes       5.0718    10.5726    -1.0000  yes yes  
  S6 harmonic bloom                  yes   yes  yes       0.0799    10.5726    -1.0000  NO  NO   
  S7 ecosystem                       yes   yes  yes       0.5763    10.5726    -1.0000  NO  NO   
  S8 cavern space                    yes   yes  yes       4.5287    10.5726    -1.0000  yes yes  
  S9 ghost / atmosphere              yes   yes  yes       0.2739    10.5726    -1.0000  NO  NO   
  S10 acoustic body                  yes   yes  yes       5.5255    10.5726    -1.0000  yes yes  
  M1 Darkness                        yes   yes  yes       0.1054    10.5726    -1.0000  NO  NO   
  M2 Age                             NO    yes  NO        0.0000    10.5726    -1.0000  NO  NO   M displacement
  M3 Density                         NO    yes  NO        0.0000    10.5726    -1.0000  NO  NO   M displacement
  M4 Movement                        NO    yes  NO        0.0000    10.5726    -1.0000  NO  NO   M displacement
  M5 Gravity                         NO    yes  NO        0.0000    10.5726    -1.0000  NO  NO   M displacement
  M6 Entropy                         NO    yes  NO        0.0000    10.5726    -1.0000  NO  NO   M displacement
  M7 Pressure                        NO    yes  NO        0.0000    10.5726    -1.0000  NO  NO   M displacement
  M8 Weight                          NO    yes  NO        0.0000    10.5726    -1.0000  NO  NO   M displacement
  M9 Fog                             NO    yes  NO        0.0000    10.5726    -1.0000  NO  NO   M displacement
  M10 Life                           NO    yes  NO        0.0000    10.5726    -1.0000  NO  NO   M displacement
  M11 Depth                          NO    yes  NO        0.0000    10.5726    -1.0000  NO  NO   M displacement
  M12 Mass                           NO    yes  NO        0.0000    10.5726    -1.0000  NO  NO   M displacement
  E1 partial -> bloom                yes   yes  yes       0.2150     8.4421     0.2176  NO  NO   
  E2 resonator -> resonance peaks       yes   yes  yes       0.6152    11.0560     0.2176  NO  NO   
  E3 noise -> noise wake             yes   yes  yes       0.3281     8.4661     0.2176  NO  NO   
  E4 feedback -> loop wake           yes   yes  yes       0.2180     8.5059     0.2176  NO  NO   
  E5 ghost -> ghost bursts           yes   yes  yes       0.1018     9.1264     0.2176  NO  NO   
  E6.hi ecosystem sync rate high       NO    yes  NO        0.0000    10.5726    -1.0000  NO  NO   side predicate
  E7.hi ecosystem self-affinity high       NO    yes  NO        0.0000    10.5726    -1.0000  NO  NO   side predicate
  D1.1 material Glass                NO    yes  NO        0.0000     0.0000    -1.0000  NO  NO   state-only kind
  D1.2 material Strings              NO    yes  NO        0.0000     0.0000    -1.0000  NO  NO   state-only kind
  D1.3 material MetalPlate           NO    yes  NO        0.0000     0.0000    -1.0000  NO  NO   state-only kind
  D1.4 material Chamber              NO    yes  NO        0.0000     0.0000    -1.0000  NO  NO   state-only kind
  D1.5 material Ice                  NO    yes  NO        0.0000     0.0000    -1.0000  NO  NO   state-only kind
  D1.6 material StoneChamber         yes   yes  NO        0.0000     0.0000    -1.0000  yes NO   state-only kind
  D1.7 material SteelTank            yes   yes  NO        0.0000     0.0000    -1.0000  yes NO   state-only kind
  D1.8 material WoodenHull           NO    yes  NO        0.0000     0.0000    -1.0000  NO  NO   state-only kind
  D1.9 material CathedralColumn       NO    yes  NO        0.0000     0.0000    -1.0000  NO  NO   state-only kind
  D1.10 material CavernWall          NO    yes  NO        0.0000     0.0000    -1.0000  NO  NO   state-only kind
  D1.11 material GlassSphere         NO    yes  NO        0.0000     0.0000    -1.0000  NO  NO   state-only kind
  D2 body blend both heard           yes   yes  NO        0.0000     0.0000    -1.0000  yes NO   state-only kind
  D3.1 noise model Direct            yes   NO   yes       0.1650     0.0000    -1.0000  NO  NO   
  D3.2 noise model FilteredWind       yes   NO   yes       0.1650     0.0000    -1.0000  NO  NO   
  D3.3 noise model GranularDust       yes   NO   yes       0.1650     0.0000    -1.0000  NO  NO   
  D3.4 noise model MetallicHiss       yes   NO   yes       0.1650     0.0000    -1.0000  NO  NO   
  D4.1 noise type White              NO    NO   NO        0.0000     0.0000    -1.0000  NO  NO   state-only kind
  D4.2 noise type Pink               NO    NO   NO        0.0000     0.0000    -1.0000  NO  NO   state-only kind
  D4.3 noise type TapeHiss           NO    NO   NO        0.0000     0.0000    -1.0000  NO  NO   state-only kind
  D4.4 noise type VinylCrackle       NO    NO   NO        0.0000     0.0000    -1.0000  NO  NO   state-only kind
  D4.5 noise type Asperity           NO    NO   NO        0.0000     0.0000    -1.0000  NO  NO   state-only kind
  D4.6 noise type Brown              NO    NO   NO        0.0000     0.0000    -1.0000  NO  NO   state-only kind
  D4.7 noise type Blue               NO    NO   NO        0.0000     0.0000    -1.0000  NO  NO   state-only kind
  D4.8 noise type Violet             NO    NO   NO        0.0000     0.0000    -1.0000  NO  NO   state-only kind
  D4.9 noise type Grey               NO    NO   NO        0.0000     0.0000    -1.0000  NO  NO   state-only kind
  D4.10 noise type Velvet            NO    NO   NO        0.0000     0.0000    -1.0000  NO  NO   state-only kind
  D4.11 noise type VinylRumble       yes   NO   NO        0.0000     0.0000    -1.0000  NO  NO   state-only kind
  D4.12 noise type RadioStatic       NO    NO   NO        0.0000     0.0000    -1.0000  NO  NO   state-only kind
  D5.1 anchor Free                   NO    NO   NO        0.0000     0.0000    -1.0000  NO  NO   state-only kind
  D5.2 anchor Keyed                  NO    NO   NO        0.0000     0.0000    -1.0000  NO  NO   state-only kind
  D5.3 anchor Hybrid                 yes   NO   NO        0.0000     0.0000    -1.0000  NO  NO   state-only kind
  D6.1 loop filter Lowpass           yes   NO   NO        0.0000     0.0000    -1.0000  NO  NO   state-only kind
  D6.2 loop filter Bandpass          NO    NO   NO        0.0000     0.0000    -1.0000  NO  NO   state-only kind
  D6.3 loop filter Highpass          NO    NO   NO        0.0000     0.0000    -1.0000  NO  NO   state-only kind
  D7.1 loudest sub f/2               NO    yes  NO        0.0000     0.0000    -1.0000  NO  NO   state-only kind
  D7.2 loudest sub f/4               NO    yes  NO        0.0000     0.0000    -1.0000  NO  NO   state-only kind
  D7.3 loudest sub fifth below sec   yes   yes  NO        0.0000     0.0000    -1.0000  yes NO   state-only kind
  D8.1 envelope Standard             yes   yes  NO        0.0000     0.0000    -1.0000  yes NO   state-only kind
  D8.2 envelope Growth               NO    yes  NO        0.0000     0.0000    -1.0000  NO  NO   state-only kind
  D9.1 attack span <= 10 s           NO    yes  NO        0.0000     0.0000    -1.0000  NO  NO   state-only kind
  D9.2 attack span >= 90 s           yes   yes  NO        0.0000     0.0000    -1.0000  yes NO   state-only kind
  D10.1 freeze holds a field         NO    NO   NO        0.0000     0.0000    -1.0000  NO  NO   state-only kind
  D10.2 freeze off                   yes   yes  NO        0.0000     0.0000    -1.0000  yes NO   state-only kind
  D11 ghost reverse >= 0.5           NO    NO   NO        0.0000     0.0000    -1.0000  NO  NO   state-only kind
  D12.1 ghost event triggers on       NO    NO   NO        0.0000     0.0000    -1.0000  NO  NO   state-only kind
  D12.2 ghost event triggers off       yes   yes  NO        0.0000     0.0000    -1.0000  yes NO   state-only kind
  D13.1 event rate scale <= 0.3       NO    NO   NO        0.0000    10.5726    -1.0000  NO  NO   state false
  D13.2 event rate scale >= 3.0       NO    NO   NO        0.0000    10.5726    -1.0000  NO  NO   state false
  D14.1 breathing depth >= 0.7       NO    yes  NO        0.0000    10.5726    -1.0000  NO  NO   state false
  D14.2 tidal depth >= 0.7           NO    yes  NO        0.0000    10.5726    -1.0000  NO  NO   state false
[sweep] index 8: computing / loading record...

Choir of Absence (index 8): primary S9 ghost / atmosphere, 2 secondaries, s(P) 3.1194
  cell                         claim state conj rend           d      2s(P)     attrib  sec pri  skip
  S1 noise organism                  yes   yes  yes       1.8222     6.2389    -1.0000  yes NO   
  S2 resonance drift                 yes   yes  yes       8.7196     6.2389    -1.0000  yes yes  
  S3 spectral smear                  yes   yes  yes       0.1584     6.2389    -1.0000  NO  NO   
  S4 feedback ecology                yes   yes  yes       0.2944     6.2389    -1.0000  NO  NO   
  S5 subharmonic                     yes   yes  yes       0.0801     6.2389    -1.0000  NO  NO   
  S6 harmonic bloom                  yes   yes  yes       0.1047     6.2389    -1.0000  NO  NO   
  S7 ecosystem                       yes   yes  yes       9.0261     6.2389    -1.0000  yes yes  
  S8 cavern space                    yes   yes  yes       0.8709     6.2389    -1.0000  NO  NO   
  S9 ghost / atmosphere        PRI   yes   yes  yes       1.8349     6.2389    -1.0000  yes NO   
  S10 acoustic body                  yes   yes  yes       0.8880     6.2389    -1.0000  NO  NO   
  M1 Darkness                        NO    yes  NO        0.0000     6.2389    -1.0000  NO  NO   M displacement
  M2 Age                             NO    yes  NO        0.0000     6.2389    -1.0000  NO  NO   M displacement
  M3 Density                         NO    yes  NO        0.0000     6.2389    -1.0000  NO  NO   M displacement
  M4 Movement                        NO    yes  NO        0.0000     6.2389    -1.0000  NO  NO   M displacement
  M5 Gravity                         NO    yes  NO        0.0000     6.2389    -1.0000  NO  NO   M displacement
  M6 Entropy                         NO    yes  NO        0.0000     6.2389    -1.0000  NO  NO   M displacement
  M7 Pressure                        NO    yes  NO        0.0000     6.2389    -1.0000  NO  NO   M displacement
  M8 Weight                          NO    yes  NO        0.0000     6.2389    -1.0000  NO  NO   M displacement
  M9 Fog                             NO    yes  NO        0.0000     6.2389    -1.0000  NO  NO   M displacement
  M10 Life                           NO    yes  NO        0.0000     6.2389    -1.0000  NO  NO   M displacement
  M11 Depth                          NO    yes  NO        0.0000     6.2389    -1.0000  NO  NO   M displacement
  M12 Mass                           NO    yes  NO        0.0000     6.2389    -1.0000  NO  NO   M displacement
  E1 partial -> bloom                yes   yes  yes       1.5236     5.5709     3.4173  NO  NO   
  E2 resonator -> resonance peaks       yes   yes  yes       7.5093     9.4836     3.4173  yes yes  
  E3 noise -> noise wake             yes   yes  yes       3.7680     5.2986     3.4173  NO  NO   
  E4 feedback -> loop wake           yes   yes  yes       3.4151     5.4823     3.4173  NO  NO   
  E5 ghost -> ghost bursts           yes   yes  yes       3.8673     4.7287     3.4173  NO  NO   
  E6.hi ecosystem sync rate high       NO    yes  NO        0.0000     6.2389    -1.0000  NO  NO   side predicate
  E7.hi ecosystem self-affinity high       NO    yes  NO        0.0000     6.2389    -1.0000  NO  NO   side predicate
  D1.1 material Glass                NO    NO   NO        0.0000     0.0000    -1.0000  NO  NO   state-only kind
  D1.2 material Strings              NO    NO   NO        0.0000     0.0000    -1.0000  NO  NO   state-only kind
  D1.3 material MetalPlate           NO    NO   NO        0.0000     0.0000    -1.0000  NO  NO   state-only kind
  D1.4 material Chamber              NO    NO   NO        0.0000     0.0000    -1.0000  NO  NO   state-only kind
  D1.5 material Ice                  NO    NO   NO        0.0000     0.0000    -1.0000  NO  NO   state-only kind
  D1.6 material StoneChamber         yes   NO   NO        0.0000     0.0000    -1.0000  NO  NO   state-only kind
  D1.7 material SteelTank            yes   NO   NO        0.0000     0.0000    -1.0000  NO  NO   state-only kind
  D1.8 material WoodenHull           NO    NO   NO        0.0000     0.0000    -1.0000  NO  NO   state-only kind
  D1.9 material CathedralColumn       NO    NO   NO        0.0000     0.0000    -1.0000  NO  NO   state-only kind
  D1.10 material CavernWall          NO    NO   NO        0.0000     0.0000    -1.0000  NO  NO   state-only kind
  D1.11 material GlassSphere         NO    NO   NO        0.0000     0.0000    -1.0000  NO  NO   state-only kind
  D2 body blend both heard           yes   NO   NO        0.0000     0.0000    -1.0000  NO  NO   state-only kind
  D3.1 noise model Direct            yes   yes  yes       1.8222     0.0000    -1.0000  yes NO   
  D3.2 noise model FilteredWind       yes   yes  yes       1.8222     0.0000    -1.0000  yes NO   
  D3.3 noise model GranularDust       yes   yes  yes       1.8222     0.0000    -1.0000  yes NO   
  D3.4 noise model MetallicHiss       yes   yes  yes       1.8222     0.0000    -1.0000  yes NO   
  D4.1 noise type White              NO    yes  NO        0.0000     0.0000    -1.0000  NO  NO   state-only kind
  D4.2 noise type Pink               NO    yes  NO        0.0000     0.0000    -1.0000  NO  NO   state-only kind
  D4.3 noise type TapeHiss           NO    yes  NO        0.0000     0.0000    -1.0000  NO  NO   state-only kind
  D4.4 noise type VinylCrackle       NO    yes  NO        0.0000     0.0000    -1.0000  NO  NO   state-only kind
  D4.5 noise type Asperity           NO    yes  NO        0.0000     0.0000    -1.0000  NO  NO   state-only kind
  D4.6 noise type Brown              yes   yes  NO        0.0000     0.0000    -1.0000  yes NO   state-only kind
  D4.7 noise type Blue               NO    yes  NO        0.0000     0.0000    -1.0000  NO  NO   state-only kind
  D4.8 noise type Violet             NO    yes  NO        0.0000     0.0000    -1.0000  NO  NO   state-only kind
  D4.9 noise type Grey               NO    yes  NO        0.0000     0.0000    -1.0000  NO  NO   state-only kind
  D4.10 noise type Velvet            NO    yes  NO        0.0000     0.0000    -1.0000  NO  NO   state-only kind
  D4.11 noise type VinylRumble       NO    yes  NO        0.0000     0.0000    -1.0000  NO  NO   state-only kind
  D4.12 noise type RadioStatic       NO    yes  NO        0.0000     0.0000    -1.0000  NO  NO   state-only kind
  D5.1 anchor Free                   NO    yes  NO        0.0000     0.0000    -1.0000  NO  NO   state-only kind
  D5.2 anchor Keyed                  NO    yes  NO        0.0000     0.0000    -1.0000  NO  NO   state-only kind
  D5.3 anchor Hybrid                 yes   yes  NO        0.0000     0.0000    -1.0000  yes NO   state-only kind
  D6.1 loop filter Lowpass           yes   NO   NO        0.0000     0.0000    -1.0000  NO  NO   state-only kind
  D6.2 loop filter Bandpass          NO    NO   NO        0.0000     0.0000    -1.0000  NO  NO   state-only kind
  D6.3 loop filter Highpass          NO    NO   NO        0.0000     0.0000    -1.0000  NO  NO   state-only kind
  D7.1 loudest sub f/2               yes   NO   NO        0.0000     0.0000    -1.0000  NO  NO   state-only kind
  D7.2 loudest sub f/4               NO    NO   NO        0.0000     0.0000    -1.0000  NO  NO   state-only kind
  D7.3 loudest sub fifth below       NO    NO   NO        0.0000     0.0000    -1.0000  NO  NO   state-only kind
  D8.1 envelope Standard             yes   yes  NO        0.0000     0.0000    -1.0000  yes NO   state-only kind
  D8.2 envelope Growth               NO    yes  NO        0.0000     0.0000    -1.0000  NO  NO   state-only kind
  D9.1 attack span <= 10 s           NO    yes  NO        0.0000     0.0000    -1.0000  NO  NO   state-only kind
  D9.2 attack span >= 90 s           yes   yes  NO        0.0000     0.0000    -1.0000  yes NO   state-only kind
  D10.1 freeze holds a field         NO    NO   NO        0.0000     0.0000    -1.0000  NO  NO   state-only kind
  D10.2 freeze off                   yes   yes  NO        0.0000     0.0000    -1.0000  yes NO   state-only kind
  D11 ghost reverse >= 0.5     sec   yes   yes  NO        0.0000     0.0000    -1.0000  yes NO   state-only kind
  D12.1 ghost event triggers on sec   yes   yes  NO        0.0000     0.0000    -1.0000  yes NO   state-only kind
  D12.2 ghost event triggers off       NO    yes  NO        0.0000     0.0000    -1.0000  NO  NO   state-only kind
  D13.1 event rate scale <= 0.3       NO    yes  NO        0.0000     6.2389    -1.0000  NO  NO   state false
  D13.2 event rate scale >= 3.0       NO    yes  NO        0.0000     6.2389    -1.0000  NO  NO   state false
  D14.1 breathing depth >= 0.7       NO    yes  NO        0.0000     6.2389    -1.0000  NO  NO   state false
  D14.2 tidal depth >= 0.7           NO    yes  NO        0.0000     6.2389    -1.0000  NO  NO   state false

~~~~~~~~~~~~~~~~~~~~~~~~~~~~~~~~~~~~~~~~~~~~~~~~~~~~~~~~~~~~~~~~~~~~~~~~~~~~~~~
vorago_tests.exe is a Catch2 v3.4.0 host application.
Run with -? for options

-------------------------------------------------------------------------------
Vorago_PresetSweep_AblationVerifiesClaims
-------------------------------------------------------------------------------
F:\projects\iterum\plugins\vorago\tests\integration\preset_sweep_test.cpp(1119)
...............................................................................

F:\projects\iterum\plugins\vorago\tests\integration\preset_sweep_test.cpp(1172): FAILED:
  CHECK( VoragoTest::verifiedAt(o, primary, ClaimRole::Primary) )
with expansion:
  false
with message:
  Choir of Absence primary S9 ghost / atmosphere: d 1.83486, 2s(P) 6.23889,
  attrib -1, skip []

[sweep] index 12: computing / loading record...

Crowded Dark (index 12): primary M3 Density, 0 secondaries, s(P) 2.6652
  cell                         claim state conj rend           d      2s(P)     attrib  sec pri  skip
  S1 noise organism                  yes   yes  yes       7.1446     5.3303    -1.0000  yes yes  
  S2 resonance drift                 yes   yes  yes       4.2889     5.3303    -1.0000  yes yes  
  S3 spectral smear                  yes   yes  yes       0.7061     5.3303    -1.0000  NO  NO   
  S4 feedback ecology                yes   yes  yes       0.0006     5.3303    -1.0000  NO  NO   
  S5 subharmonic                     yes   yes  yes       1.4105     5.3303    -1.0000  NO  NO   
  S6 harmonic bloom                  yes   yes  yes       0.0000     5.3303    -1.0000  NO  NO   
  S7 ecosystem                       yes   yes  yes       7.9853     5.3303    -1.0000  yes yes  
  S8 cavern space                    yes   yes  yes       0.6729     5.3303    -1.0000  NO  NO   
  S9 ghost / atmosphere              yes   yes  yes       0.4498     5.3303    -1.0000  NO  NO   
  S10 acoustic body                  yes   yes  yes      10.3294     5.3303    -1.0000  yes yes  
  M1 Darkness                        NO    yes  NO        0.0000     5.3303    -1.0000  NO  NO   M displacement
  M2 Age                             NO    yes  NO        0.0000     5.3303    -1.0000  NO  NO   M displacement
  M3 Density                   PRI   yes   yes  yes       3.9226     5.3303    -1.0000  yes NO   
  M4 Movement                        NO    yes  NO        0.0000     5.3303    -1.0000  NO  NO   M displacement
  M5 Gravity                         NO    yes  NO        0.0000     5.3303    -1.0000  NO  NO   M displacement
  M6 Entropy                         NO    yes  NO        0.0000     5.3303    -1.0000  NO  NO   M displacement
  M7 Pressure                        NO    yes  NO        0.0000     5.3303    -1.0000  NO  NO   M displacement
  M8 Weight                          NO    yes  NO        0.0000     5.3303    -1.0000  NO  NO   M displacement
  M9 Fog                             NO    yes  NO        0.0000     5.3303    -1.0000  NO  NO   M displacement
  M10 Life                           NO    yes  NO        0.0000     5.3303    -1.0000  NO  NO   M displacement
  M11 Depth                          NO    yes  NO        0.0000     5.3303    -1.0000  NO  NO   M displacement
  M12 Mass                           NO    yes  NO        0.0000     5.3303    -1.0000  NO  NO   M displacement
  E1 partial -> bloom                yes   yes  yes       0.8520     4.8560     0.8576  NO  NO   
  E2 resonator -> resonance peaks       yes   yes  yes       3.4202     5.8475     0.8576  yes NO   
  E3 noise -> noise wake             yes   yes  yes       3.2783     6.0708     0.8576  yes NO   
  E4 feedback -> loop wake           yes   yes  yes       0.8578     4.8558     0.8576  NO  NO   
  E5 ghost -> ghost bursts           yes   yes  yes       1.2115     4.5435     0.8576  NO  NO   
  E6.hi ecosystem sync rate high       NO    yes  NO        0.0000     5.3303    -1.0000  NO  NO   side predicate
  E7.hi ecosystem self-affinity high       NO    yes  NO        0.0000     5.3303    -1.0000  NO  NO   side predicate
  D1.1 material Glass                NO    yes  NO        0.0000     0.0000    -1.0000  NO  NO   state-only kind
  D1.2 material Strings              NO    yes  NO        0.0000     0.0000    -1.0000  NO  NO   state-only kind
  D1.3 material MetalPlate           NO    yes  NO        0.0000     0.0000    -1.0000  NO  NO   state-only kind
  D1.4 material Chamber              NO    yes  NO        0.0000     0.0000    -1.0000  NO  NO   state-only kind
  D1.5 material Ice                  NO    yes  NO        0.0000     0.0000    -1.0000  NO  NO   state-only kind
  D1.6 material StoneChamber         yes   yes  NO        0.0000     0.0000    -1.0000  yes NO   state-only kind
  D1.7 material SteelTank            yes   yes  NO        0.0000     0.0000    -1.0000  yes NO   state-only kind
  D1.8 material WoodenHull           NO    yes  NO        0.0000     0.0000    -1.0000  NO  NO   state-only kind
  D1.9 material CathedralColumn       NO    yes  NO        0.0000     0.0000    -1.0000  NO  NO   state-only kind
  D1.10 material CavernWall          NO    yes  NO        0.0000     0.0000    -1.0000  NO  NO   state-only kind
  D1.11 material GlassSphere         NO    yes  NO        0.0000     0.0000    -1.0000  NO  NO   state-only kind
  D2 body blend both heard           yes   yes  NO        0.0000     0.0000    -1.0000  yes NO   state-only kind
  D3.1 noise model Direct            yes   yes  yes       7.1446     0.0000    -1.0000  yes yes  
  D3.2 noise model FilteredWind       yes   yes  yes       7.1446     0.0000    -1.0000  yes yes  
  D3.3 noise model GranularDust       yes   yes  yes       7.1446     0.0000    -1.0000  yes yes  
  D3.4 noise model MetallicHiss       yes   yes  yes       7.1446     0.0000    -1.0000  yes yes  
  D4.1 noise type White              NO    yes  NO        0.0000     0.0000    -1.0000  NO  NO   state-only kind
  D4.2 noise type Pink               NO    yes  NO        0.0000     0.0000    -1.0000  NO  NO   state-only kind
  D4.3 noise type TapeHiss           NO    yes  NO        0.0000     0.0000    -1.0000  NO  NO   state-only kind
  D4.4 noise type VinylCrackle       NO    yes  NO        0.0000     0.0000    -1.0000  NO  NO   state-only kind
  D4.5 noise type Asperity           NO    yes  NO        0.0000     0.0000    -1.0000  NO  NO   state-only kind
  D4.6 noise type Brown              yes   yes  NO        0.0000     0.0000    -1.0000  yes NO   state-only kind
  D4.7 noise type Blue               NO    yes  NO        0.0000     0.0000    -1.0000  NO  NO   state-only kind
  D4.8 noise type Violet             NO    yes  NO        0.0000     0.0000    -1.0000  NO  NO   state-only kind
  D4.9 noise type Grey               NO    yes  NO        0.0000     0.0000    -1.0000  NO  NO   state-only kind
  D4.10 noise type Velvet            NO    yes  NO        0.0000     0.0000    -1.0000  NO  NO   state-only kind
  D4.11 noise type VinylRumble       NO    yes  NO        0.0000     0.0000    -1.0000  NO  NO   state-only kind
  D4.12 noise type RadioStatic       NO    yes  NO        0.0000     0.0000    -1.0000  NO  NO   state-only kind
  D5.1 anchor Free                   NO    yes  NO        0.0000     0.0000    -1.0000  NO  NO   state-only kind
  D5.2 anchor Keyed                  NO    yes  NO        0.0000     0.0000    -1.0000  NO  NO   state-only kind
  D5.3 anchor Hybrid                 yes   yes  NO        0.0000     0.0000    -1.0000  yes NO   state-only kind
  D6.1 loop filter Lowpass           yes   NO   NO        0.0000     0.0000    -1.0000  NO  NO   state-only kind
  D6.2 loop filter Bandpass          NO    NO   NO        0.0000     0.0000    -1.0000  NO  NO   state-only kind
  D6.3 loop filter Highpass          NO    NO   NO        0.0000     0.0000    -1.0000  NO  NO   state-only kind
  D7.1 loudest sub f/2               yes   NO   NO        0.0000     0.0000    -1.0000  NO  NO   state-only kind
  D7.2 loudest sub f/4               NO    NO   NO        0.0000     0.0000    -1.0000  NO  NO   state-only kind
  D7.3 loudest sub fifth below       NO    NO   NO        0.0000     0.0000    -1.0000  NO  NO   state-only kind
  D8.1 envelope Standard             yes   yes  NO        0.0000     0.0000    -1.0000  yes NO   state-only kind
  D8.2 envelope Growth               NO    yes  NO        0.0000     0.0000    -1.0000  NO  NO   state-only kind
  D9.1 attack span <= 10 s           NO    yes  NO        0.0000     0.0000    -1.0000  NO  NO   state-only kind
  D9.2 attack span >= 90 s           yes   yes  NO        0.0000     0.0000    -1.0000  yes NO   state-only kind
  D10.1 freeze holds a field         NO    NO   NO        0.0000     0.0000    -1.0000  NO  NO   state-only kind
  D10.2 freeze off                   yes   yes  NO        0.0000     0.0000    -1.0000  yes NO   state-only kind
  D11 ghost reverse >= 0.5           NO    NO   NO        0.0000     0.0000    -1.0000  NO  NO   state-only kind
  D12.1 ghost event triggers on       NO    NO   NO        0.0000     0.0000    -1.0000  NO  NO   state-only kind
  D12.2 ghost event triggers off       yes   yes  NO        0.0000     0.0000    -1.0000  yes NO   state-only kind
  D13.1 event rate scale <= 0.3       NO    yes  NO        0.0000     5.3303    -1.0000  NO  NO   state false
  D13.2 event rate scale >= 3.0       NO    yes  NO        0.0000     5.3303    -1.0000  NO  NO   state false
  D14.1 breathing depth >= 0.7       NO    yes  NO        0.0000     5.3303    -1.0000  NO  NO   state false
  D14.2 tidal depth >= 0.7           NO    yes  NO        0.0000     5.3303    -1.0000  NO  NO   state false
F:\projects\iterum\plugins\vorago\tests\integration\preset_sweep_test.cpp(1172): FAILED:
  CHECK( VoragoTest::verifiedAt(o, primary, ClaimRole::Primary) )
with expansion:
  false
with message:
  Crowded Dark primary M3 Density: d 3.92257, 2s(P) 5.33034, attrib -1, skip []

[sweep] index 16: computing / loading record...

Pressure Front (index 16): primary M7 Pressure, 0 secondaries, s(P) 2.3045
  cell                         claim state conj rend           d      2s(P)     attrib  sec pri  skip
  S1 noise organism                  yes   yes  yes       0.6108     4.6089    -1.0000  NO  NO   
  S2 resonance drift                 yes   yes  yes       4.1263     4.6089    -1.0000  yes yes  
  S3 spectral smear                  yes   yes  yes       1.6124     4.6089    -1.0000  yes NO   
  S4 feedback ecology                yes   yes  yes       0.0007     4.6089    -1.0000  NO  NO   
  S5 subharmonic                     yes   yes  yes       2.8895     4.6089    -1.0000  yes NO   
  S6 harmonic bloom                  yes   yes  yes       0.0620     4.6089    -1.0000  NO  NO   
  S7 ecosystem                       yes   yes  yes       3.0106     4.6089    -1.0000  yes NO   
  S8 cavern space                    yes   yes  yes       2.8996     4.6089    -1.0000  yes NO   
  S9 ghost / atmosphere              yes   yes  yes       0.4306     4.6089    -1.0000  NO  NO   
  S10 acoustic body                  yes   yes  yes      20.8842     4.6089    -1.0000  yes yes  
  M1 Darkness                        NO    yes  NO        0.0000     4.6089    -1.0000  NO  NO   M displacement
  M2 Age                             NO    yes  NO        0.0000     4.6089    -1.0000  NO  NO   M displacement
  M3 Density                         NO    yes  NO        0.0000     4.6089    -1.0000  NO  NO   M displacement
  M4 Movement                        NO    yes  NO        0.0000     4.6089    -1.0000  NO  NO   M displacement
  M5 Gravity                         NO    yes  NO        0.0000     4.6089    -1.0000  NO  NO   M displacement
  M6 Entropy                         NO    yes  NO        0.0000     4.6089    -1.0000  NO  NO   M displacement
  M7 Pressure                  PRI   yes   yes  yes       5.7558     4.6089    -1.0000  yes yes  
  M8 Weight                          NO    yes  NO        0.0000     4.6089    -1.0000  NO  NO   M displacement
  M9 Fog                             NO    yes  NO        0.0000     4.6089    -1.0000  NO  NO   M displacement
  M10 Life                           NO    yes  NO        0.0000     4.6089    -1.0000  NO  NO   M displacement
  M11 Depth                          NO    yes  NO        0.0000     4.6089    -1.0000  NO  NO   M displacement
  M12 Mass                           NO    yes  NO        0.0000     4.6089    -1.0000  NO  NO   M displacement
  E1 partial -> bloom                yes   yes  yes       2.6127     2.7802     2.5988  NO  NO   
  E2 resonator -> resonance peaks       yes   yes  yes       3.0938    15.5021     2.5988  NO  NO   
  E3 noise -> noise wake             yes   yes  yes       2.7055     2.9599     2.5988  NO  NO   
  E4 feedback -> loop wake           yes   yes  yes       2.5988     2.7455     2.5988  NO  NO   
  E5 ghost -> ghost bursts           yes   yes  yes       2.3595     3.0919     2.5988  NO  NO   
  E6.hi ecosystem sync rate high       NO    yes  NO        0.0000     4.6089    -1.0000  NO  NO   side predicate
  E7.hi ecosystem self-affinity high       NO    yes  NO        0.0000     4.6089    -1.0000  NO  NO   side predicate
  D1.1 material Glass                NO    yes  NO        0.0000     0.0000    -1.0000  NO  NO   state-only kind
  D1.2 material Strings              NO    yes  NO        0.0000     0.0000    -1.0000  NO  NO   state-only kind
  D1.3 material MetalPlate           NO    yes  NO        0.0000     0.0000    -1.0000  NO  NO   state-only kind
  D1.4 material Chamber              NO    yes  NO        0.0000     0.0000    -1.0000  NO  NO   state-only kind
  D1.5 material Ice                  NO    yes  NO        0.0000     0.0000    -1.0000  NO  NO   state-only kind
  D1.6 material StoneChamber         yes   yes  NO        0.0000     0.0000    -1.0000  yes NO   state-only kind
  D1.7 material SteelTank            yes   yes  NO        0.0000     0.0000    -1.0000  yes NO   state-only kind
  D1.8 material WoodenHull           NO    yes  NO        0.0000     0.0000    -1.0000  NO  NO   state-only kind
  D1.9 material CathedralColumn       NO    yes  NO        0.0000     0.0000    -1.0000  NO  NO   state-only kind
  D1.10 material CavernWall          NO    yes  NO        0.0000     0.0000    -1.0000  NO  NO   state-only kind
  D1.11 material GlassSphere         NO    yes  NO        0.0000     0.0000    -1.0000  NO  NO   state-only kind
  D2 body blend both heard           yes   yes  NO        0.0000     0.0000    -1.0000  yes NO   state-only kind
  D3.1 noise model Direct            yes   NO   yes       0.6108     0.0000    -1.0000  NO  NO   
  D3.2 noise model FilteredWind       yes   NO   yes       0.6108     0.0000    -1.0000  NO  NO   
  D3.3 noise model GranularDust       yes   NO   yes       0.6108     0.0000    -1.0000  NO  NO   
  D3.4 noise model MetallicHiss       yes   NO   yes       0.6108     0.0000    -1.0000  NO  NO   
  D4.1 noise type White              NO    NO   NO        0.0000     0.0000    -1.0000  NO  NO   state-only kind
  D4.2 noise type Pink               NO    NO   NO        0.0000     0.0000    -1.0000  NO  NO   state-only kind
  D4.3 noise type TapeHiss           NO    NO   NO        0.0000     0.0000    -1.0000  NO  NO   state-only kind
  D4.4 noise type VinylCrackle       NO    NO   NO        0.0000     0.0000    -1.0000  NO  NO   state-only kind
  D4.5 noise type Asperity           NO    NO   NO        0.0000     0.0000    -1.0000  NO  NO   state-only kind
  D4.6 noise type Brown              yes   NO   NO        0.0000     0.0000    -1.0000  NO  NO   state-only kind
  D4.7 noise type Blue               NO    NO   NO        0.0000     0.0000    -1.0000  NO  NO   state-only kind
  D4.8 noise type Violet             NO    NO   NO        0.0000     0.0000    -1.0000  NO  NO   state-only kind
  D4.9 noise type Grey               NO    NO   NO        0.0000     0.0000    -1.0000  NO  NO   state-only kind
  D4.10 noise type Velvet            NO    NO   NO        0.0000     0.0000    -1.0000  NO  NO   state-only kind
  D4.11 noise type VinylRumble       NO    NO   NO        0.0000     0.0000    -1.0000  NO  NO   state-only kind
  D4.12 noise type RadioStatic       NO    NO   NO        0.0000     0.0000    -1.0000  NO  NO   state-only kind
  D5.1 anchor Free                   NO    yes  NO        0.0000     0.0000    -1.0000  NO  NO   state-only kind
  D5.2 anchor Keyed                  NO    yes  NO        0.0000     0.0000    -1.0000  NO  NO   state-only kind
  D5.3 anchor Hybrid                 yes   yes  NO        0.0000     0.0000    -1.0000  yes NO   state-only kind
  D6.1 loop filter Lowpass           yes   NO   NO        0.0000     0.0000    -1.0000  NO  NO   state-only kind
  D6.2 loop filter Bandpass          yes   NO   NO        0.0000     0.0000    -1.0000  NO  NO   state-only kind
  D6.3 loop filter Highpass          NO    NO   NO        0.0000     0.0000    -1.0000  NO  NO   state-only kind
  D7.1 loudest sub f/2               yes   yes  NO        0.0000     0.0000    -1.0000  yes NO   state-only kind
  D7.2 loudest sub f/4               NO    yes  NO        0.0000     0.0000    -1.0000  NO  NO   state-only kind
  D7.3 loudest sub fifth below       NO    yes  NO        0.0000     0.0000    -1.0000  NO  NO   state-only kind
  D8.1 envelope Standard             yes   yes  NO        0.0000     0.0000    -1.0000  yes NO   state-only kind
  D8.2 envelope Growth               NO    yes  NO        0.0000     0.0000    -1.0000  NO  NO   state-only kind
  D9.1 attack span <= 10 s           NO    yes  NO        0.0000     0.0000    -1.0000  NO  NO   state-only kind
  D9.2 attack span >= 90 s           yes   yes  NO        0.0000     0.0000    -1.0000  yes NO   state-only kind
  D10.1 freeze holds a field         NO    NO   NO        0.0000     0.0000    -1.0000  NO  NO   state-only kind
  D10.2 freeze off                   yes   yes  NO        0.0000     0.0000    -1.0000  yes NO   state-only kind
  D11 ghost reverse >= 0.5           NO    NO   NO        0.0000     0.0000    -1.0000  NO  NO   state-only kind
  D12.1 ghost event triggers on       NO    NO   NO        0.0000     0.0000    -1.0000  NO  NO   state-only kind
  D12.2 ghost event triggers off       yes   yes  NO        0.0000     0.0000    -1.0000  yes NO   state-only kind
  D13.1 event rate scale <= 0.3       NO    yes  NO        0.0000     4.6089    -1.0000  NO  NO   state false
  D13.2 event rate scale >= 3.0       NO    yes  NO        0.0000     4.6089    -1.0000  NO  NO   state false
  D14.1 breathing depth >= 0.7       NO    yes  NO        0.0000     4.6089    -1.0000  NO  NO   state false
  D14.2 tidal depth >= 0.7           NO    yes  NO        0.0000     4.6089    -1.0000  NO  NO   state false
[sweep] index 20: computing / loading record...

Endless Descent (index 20): primary M11 Depth, 0 secondaries, s(P) 0.7658
  cell                         claim state conj rend           d      2s(P)     attrib  sec pri  skip
  S1 noise organism                  yes   yes  yes       0.3042     1.5317    -1.0000  NO  NO   
  S2 resonance drift                 yes   yes  yes       0.4864     1.5317    -1.0000  NO  NO   
  S3 spectral smear                  yes   yes  yes       0.3209     1.5317    -1.0000  NO  NO   
  S4 feedback ecology                yes   yes  yes       0.0004     1.5317    -1.0000  NO  NO   
  S5 subharmonic                     yes   yes  yes       1.7188     1.5317    -1.0000  yes NO   
  S6 harmonic bloom                  yes   yes  yes       0.0543     1.5317    -1.0000  NO  NO   
  S7 ecosystem                       yes   yes  yes       1.9814     1.5317    -1.0000  yes NO   
  S8 cavern space                    yes   yes  yes       8.3471     1.5317    -1.0000  yes yes  
  S9 ghost / atmosphere              yes   yes  yes       1.4258     1.5317    -1.0000  NO  NO   
  S10 acoustic body                  yes   yes  yes       8.1807     1.5317    -1.0000  yes yes  
  M1 Darkness                        NO    yes  NO        0.0000     1.5317    -1.0000  NO  NO   M displacement
  M2 Age                             NO    yes  NO        0.0000     1.5317    -1.0000  NO  NO   M displacement
  M3 Density                         NO    yes  NO        0.0000     1.5317    -1.0000  NO  NO   M displacement
  M4 Movement                        NO    yes  NO        0.0000     1.5317    -1.0000  NO  NO   M displacement
  M5 Gravity                         NO    yes  NO        0.0000     1.5317    -1.0000  NO  NO   M displacement
  M6 Entropy                         NO    yes  NO        0.0000     1.5317    -1.0000  NO  NO   M displacement
  M7 Pressure                        NO    yes  NO        0.0000     1.5317    -1.0000  NO  NO   M displacement
  M8 Weight                          NO    yes  NO        0.0000     1.5317    -1.0000  NO  NO   M displacement
  M9 Fog                             NO    yes  NO        0.0000     1.5317    -1.0000  NO  NO   M displacement
  M10 Life                           NO    yes  NO        0.0000     1.5317    -1.0000  NO  NO   M displacement
  M11 Depth                    PRI   yes   yes  yes       7.1972     1.5317    -1.0000  yes yes  
  M12 Mass                           NO    yes  NO        0.0000     1.5317    -1.0000  NO  NO   M displacement
  E1 partial -> bloom                yes   yes  yes       0.2896     4.0846     0.2839  NO  NO   
  E2 resonator -> resonance peaks       yes   yes  yes       0.5923     2.4749     0.2839  NO  NO   
  E3 noise -> noise wake             yes   yes  yes       0.9185     3.5364     0.2839  NO  NO   
  E4 feedback -> loop wake           yes   yes  yes       0.2838     3.9823     0.2839  NO  NO   
  E5 ghost -> ghost bursts           yes   yes  yes       1.9603     2.9310     0.2839  yes NO   
  E6.hi ecosystem sync rate high       NO    yes  NO        0.0000     1.5317    -1.0000  NO  NO   side predicate
  E7.hi ecosystem self-affinity high       NO    yes  NO        0.0000     1.5317    -1.0000  NO  NO   side predicate
  D1.1 material Glass                NO    yes  NO        0.0000     0.0000    -1.0000  NO  NO   state-only kind
  D1.2 material Strings              NO    yes  NO        0.0000     0.0000    -1.0000  NO  NO   state-only kind
  D1.3 material MetalPlate           NO    yes  NO        0.0000     0.0000    -1.0000  NO  NO   state-only kind
  D1.4 material Chamber              NO    yes  NO        0.0000     0.0000    -1.0000  NO  NO   state-only kind
  D1.5 material Ice                  NO    yes  NO        0.0000     0.0000    -1.0000  NO  NO   state-only kind
  D1.6 material StoneChamber         yes   yes  NO        0.0000     0.0000    -1.0000  yes NO   state-only kind
  D1.7 material SteelTank            yes   yes  NO        0.0000     0.0000    -1.0000  yes NO   state-only kind
  D1.8 material WoodenHull           NO    yes  NO        0.0000     0.0000    -1.0000  NO  NO   state-only kind
  D1.9 material CathedralColumn       NO    yes  NO        0.0000     0.0000    -1.0000  NO  NO   state-only kind
  D1.10 material CavernWall          NO    yes  NO        0.0000     0.0000    -1.0000  NO  NO   state-only kind
  D1.11 material GlassSphere         NO    yes  NO        0.0000     0.0000    -1.0000  NO  NO   state-only kind
  D2 body blend both heard           yes   yes  NO        0.0000     0.0000    -1.0000  yes NO   state-only kind
  D3.1 noise model Direct            yes   NO   yes       0.3042     0.0000    -1.0000  NO  NO   
  D3.2 noise model FilteredWind       yes   NO   yes       0.3042     0.0000    -1.0000  NO  NO   
  D3.3 noise model GranularDust       yes   NO   yes       0.3042     0.0000    -1.0000  NO  NO   
  D3.4 noise model MetallicHiss       yes   NO   yes       0.3042     0.0000    -1.0000  NO  NO   
  D4.1 noise type White              NO    NO   NO        0.0000     0.0000    -1.0000  NO  NO   state-only kind
  D4.2 noise type Pink               NO    NO   NO        0.0000     0.0000    -1.0000  NO  NO   state-only kind
  D4.3 noise type TapeHiss           NO    NO   NO        0.0000     0.0000    -1.0000  NO  NO   state-only kind
  D4.4 noise type VinylCrackle       NO    NO   NO        0.0000     0.0000    -1.0000  NO  NO   state-only kind
  D4.5 noise type Asperity           NO    NO   NO        0.0000     0.0000    -1.0000  NO  NO   state-only kind
  D4.6 noise type Brown              yes   NO   NO        0.0000     0.0000    -1.0000  NO  NO   state-only kind
  D4.7 noise type Blue               NO    NO   NO        0.0000     0.0000    -1.0000  NO  NO   state-only kind
  D4.8 noise type Violet             NO    NO   NO        0.0000     0.0000    -1.0000  NO  NO   state-only kind
  D4.9 noise type Grey               NO    NO   NO        0.0000     0.0000    -1.0000  NO  NO   state-only kind
  D4.10 noise type Velvet            NO    NO   NO        0.0000     0.0000    -1.0000  NO  NO   state-only kind
  D4.11 noise type VinylRumble       NO    NO   NO        0.0000     0.0000    -1.0000  NO  NO   state-only kind
  D4.12 noise type RadioStatic       NO    NO   NO        0.0000     0.0000    -1.0000  NO  NO   state-only kind
  D5.1 anchor Free                   NO    NO   NO        0.0000     0.0000    -1.0000  NO  NO   state-only kind
  D5.2 anchor Keyed                  NO    NO   NO        0.0000     0.0000    -1.0000  NO  NO   state-only kind
  D5.3 anchor Hybrid                 yes   NO   NO        0.0000     0.0000    -1.0000  NO  NO   state-only kind
  D6.1 loop filter Lowpass           yes   NO   NO        0.0000     0.0000    -1.0000  NO  NO   state-only kind
  D6.2 loop filter Bandpass          NO    NO   NO        0.0000     0.0000    -1.0000  NO  NO   state-only kind
  D6.3 loop filter Highpass          NO    NO   NO        0.0000     0.0000    -1.0000  NO  NO   state-only kind
  D7.1 loudest sub f/2               yes   yes  NO        0.0000     0.0000    -1.0000  yes NO   state-only kind
  D7.2 loudest sub f/4               NO    yes  NO        0.0000     0.0000    -1.0000  NO  NO   state-only kind
  D7.3 loudest sub fifth below       NO    yes  NO        0.0000     0.0000    -1.0000  NO  NO   state-only kind
  D8.1 envelope Standard             yes   yes  NO        0.0000     0.0000    -1.0000  yes NO   state-only kind
  D8.2 envelope Growth               NO    yes  NO        0.0000     0.0000    -1.0000  NO  NO   state-only kind
  D9.1 attack span <= 10 s           NO    yes  NO        0.0000     0.0000    -1.0000  NO  NO   state-only kind
  D9.2 attack span >= 90 s           yes   yes  NO        0.0000     0.0000    -1.0000  yes NO   state-only kind
  D10.1 freeze holds a field         NO    NO   NO        0.0000     0.0000    -1.0000  NO  NO   state-only kind
  D10.2 freeze off                   yes   yes  NO        0.0000     0.0000    -1.0000  yes NO   state-only kind
  D11 ghost reverse >= 0.5           NO    NO   NO        0.0000     0.0000    -1.0000  NO  NO   state-only kind
  D12.1 ghost event triggers on       NO    NO   NO        0.0000     0.0000    -1.0000  NO  NO   state-only kind
  D12.2 ghost event triggers off       yes   yes  NO        0.0000     0.0000    -1.0000  yes NO   state-only kind
  D13.1 event rate scale <= 0.3       NO    yes  NO        0.0000     1.5317    -1.0000  NO  NO   state false
  D13.2 event rate scale >= 3.0       NO    yes  NO        0.0000     1.5317    -1.0000  NO  NO   state false
  D14.1 breathing depth >= 0.7       NO    yes  NO        0.0000     1.5317    -1.0000  NO  NO   state false
  D14.2 tidal depth >= 0.7           NO    yes  NO        0.0000     1.5317    -1.0000  NO  NO   state false
[sweep] index 24: computing / loading record...

Swarm Breath (index 24): primary E3 noise -> noise wake, 4 secondaries, s(P) 2.7183
  cell                         claim state conj rend           d      2s(P)     attrib  sec pri  skip
  S1 noise organism                  yes   yes  yes       0.5372     5.4366    -1.0000  NO  NO   
  S2 resonance drift                 yes   yes  yes       0.4988     5.4366    -1.0000  NO  NO   
  S3 spectral smear                  yes   yes  yes       2.9552     5.4366    -1.0000  yes NO   
  S4 feedback ecology                yes   yes  yes       0.0017     5.4366    -1.0000  NO  NO   
  S5 subharmonic                     yes   yes  yes       2.0618     5.4366    -1.0000  yes NO   
  S6 harmonic bloom                  yes   yes  yes       0.0000     5.4366    -1.0000  NO  NO   
  S7 ecosystem                       yes   yes  yes       0.7347     5.4366    -1.0000  NO  NO   
  S8 cavern space                    yes   yes  yes      17.6226     5.4366    -1.0000  yes yes  
  S9 ghost / atmosphere              yes   yes  yes       0.1339     5.4366    -1.0000  NO  NO   
  S10 acoustic body                  yes   yes  yes       9.0703     5.4366    -1.0000  yes yes  
  M1 Darkness                        NO    yes  NO        0.0000     5.4366    -1.0000  NO  NO   M displacement
  M2 Age                             NO    yes  NO        0.0000     5.4366    -1.0000  NO  NO   M displacement
  M3 Density                         NO    yes  NO        0.0000     5.4366    -1.0000  NO  NO   M displacement
  M4 Movement                        NO    yes  NO        0.0000     5.4366    -1.0000  NO  NO   M displacement
  M5 Gravity                         NO    yes  NO        0.0000     5.4366    -1.0000  NO  NO   M displacement
  M6 Entropy                         NO    yes  NO        0.0000     5.4366    -1.0000  NO  NO   M displacement
  M7 Pressure                        NO    yes  NO        0.0000     5.4366    -1.0000  NO  NO   M displacement
  M8 Weight                          NO    yes  NO        0.0000     5.4366    -1.0000  NO  NO   M displacement
  M9 Fog                             NO    yes  NO        0.0000     5.4366    -1.0000  NO  NO   M displacement
  M10 Life                           NO    yes  NO        0.0000     5.4366    -1.0000  NO  NO   M displacement
  M11 Depth                          NO    yes  NO        0.0000     5.4366    -1.0000  NO  NO   M displacement
  M12 Mass                           NO    yes  NO        0.0000     5.4366    -1.0000  NO  NO   M displacement
  E1 partial -> bloom                yes   yes  yes       0.0760    18.3409     0.0760  NO  NO   
  E2 resonator -> resonance peaks       yes   yes  yes       0.3842    15.9960     0.0760  NO  NO   
  E3 noise -> noise wake       PRI   yes   yes  yes       0.6496    20.4119     0.0760  NO  NO   
  E4 feedback -> loop wake           yes   yes  yes       0.0761    18.3440     0.0760  NO  NO   
  E5 ghost -> ghost bursts           yes   yes  yes       0.1053    17.8413     0.0760  NO  NO   
  E6.hi ecosystem sync rate high       NO    yes  NO        0.0000     5.4366    -1.0000  NO  NO   side predicate
  E7.hi ecosystem self-affinity high       NO    yes  NO        0.0000     5.4366    -1.0000  NO  NO   side predicate
  D1.1 material Glass                NO    yes  NO        0.0000     0.0000    -1.0000  NO  NO   state-only kind
  D1.2 material Strings              NO    yes  NO        0.0000     0.0000    -1.0000  NO  NO   state-only kind
  D1.3 material MetalPlate           NO    yes  NO        0.0000     0.0000    -1.0000  NO  NO   state-only kind
  D1.4 material Chamber              NO    yes  NO        0.0000     0.0000    -1.0000  NO  NO   state-only kind
  D1.5 material Ice                  NO    yes  NO        0.0000     0.0000    -1.0000  NO  NO   state-only kind
  D1.6 material StoneChamber         yes   yes  NO        0.0000     0.0000    -1.0000  yes NO   state-only kind
  D1.7 material SteelTank            yes   yes  NO        0.0000     0.0000    -1.0000  yes NO   state-only kind
  D1.8 material WoodenHull           NO    yes  NO        0.0000     0.0000    -1.0000  NO  NO   state-only kind
  D1.9 material CathedralColumn       NO    yes  NO        0.0000     0.0000    -1.0000  NO  NO   state-only kind
  D1.10 material CavernWall          NO    yes  NO        0.0000     0.0000    -1.0000  NO  NO   state-only kind
  D1.11 material GlassSphere         NO    yes  NO        0.0000     0.0000    -1.0000  NO  NO   state-only kind
  D2 body blend both heard           yes   yes  NO        0.0000     0.0000    -1.0000  yes NO   state-only kind
  D3.1 noise model Direct            yes   NO   yes       0.5372     0.0000    -1.0000  NO  NO   
  D3.2 noise model FilteredWind       NO    NO   yes       0.5372     0.0000    -1.0000  NO  NO   
  D3.3 noise model GranularDust       NO    NO   yes       0.5372     0.0000    -1.0000  NO  NO   
  D3.4 noise model MetallicHiss sec   yes   NO   yes       0.5372     0.0000    -1.0000  NO  NO   
  D4.1 noise type White              NO    NO   NO        0.0000     0.0000    -1.0000  NO  NO   state-only kind
  D4.2 noise type Pink               NO    NO   NO        0.0000     0.0000    -1.0000  NO  NO   state-only kind
  D4.3 noise type TapeHiss           NO    NO   NO        0.0000     0.0000    -1.0000  NO  NO   state-only kind
  D4.4 noise type VinylCrackle       NO    NO   NO        0.0000     0.0000    -1.0000  NO  NO   state-only kind
  D4.5 noise type Asperity           NO    NO   NO        0.0000     0.0000    -1.0000  NO  NO   state-only kind
  D4.6 noise type Brown              NO    NO   NO        0.0000     0.0000    -1.0000  NO  NO   state-only kind
  D4.7 noise type Blue         sec   yes   NO   NO        0.0000     0.0000    -1.0000  NO  NO   state-only kind
  D4.8 noise type Violet       sec   yes   NO   NO        0.0000     0.0000    -1.0000  NO  NO   state-only kind
  D4.9 noise type Grey         sec   yes   NO   NO        0.0000     0.0000    -1.0000  NO  NO   state-only kind
  D4.10 noise type Velvet            NO    NO   NO        0.0000     0.0000    -1.0000  NO  NO   state-only kind
  D4.11 noise type VinylRumble       NO    NO   NO        0.0000     0.0000    -1.0000  NO  NO   state-only kind
  D4.12 noise type RadioStatic       NO    NO   NO        0.0000     0.0000    -1.0000  NO  NO   state-only kind
  D5.1 anchor Free                   NO    NO   NO        0.0000     0.0000    -1.0000  NO  NO   state-only kind
  D5.2 anchor Keyed                  NO    NO   NO        0.0000     0.0000    -1.0000  NO  NO   state-only kind
  D5.3 anchor Hybrid                 yes   NO   NO        0.0000     0.0000    -1.0000  NO  NO   state-only kind
  D6.1 loop filter Lowpass           yes   NO   NO        0.0000     0.0000    -1.0000  NO  NO   state-only kind
  D6.2 loop filter Bandpass          NO    NO   NO        0.0000     0.0000    -1.0000  NO  NO   state-only kind
  D6.3 loop filter Highpass          NO    NO   NO        0.0000     0.0000    -1.0000  NO  NO   state-only kind
  D7.1 loudest sub f/2               yes   yes  NO        0.0000     0.0000    -1.0000  yes NO   state-only kind
  D7.2 loudest sub f/4               NO    yes  NO        0.0000     0.0000    -1.0000  NO  NO   state-only kind
  D7.3 loudest sub fifth below       NO    yes  NO        0.0000     0.0000    -1.0000  NO  NO   state-only kind
  D8.1 envelope Standard             yes   yes  NO        0.0000     0.0000    -1.0000  yes NO   state-only kind
  D8.2 envelope Growth               NO    yes  NO        0.0000     0.0000    -1.0000  NO  NO   state-only kind
  D9.1 attack span <= 10 s           NO    yes  NO        0.0000     0.0000    -1.0000  NO  NO   state-only kind
  D9.2 attack span >= 90 s           yes   yes  NO        0.0000     0.0000    -1.0000  yes NO   state-only kind
  D10.1 freeze holds a field         NO    NO   NO        0.0000     0.0000    -1.0000  NO  NO   state-only kind
  D10.2 freeze off                   yes   yes  NO        0.0000     0.0000    -1.0000  yes NO   state-only kind
  D11 ghost reverse >= 0.5           NO    NO   NO        0.0000     0.0000    -1.0000  NO  NO   state-only kind
  D12.1 ghost event triggers on       NO    NO   NO        0.0000     0.0000    -1.0000  NO  NO   state-only kind
  D12.2 ghost event triggers off       yes   yes  NO        0.0000     0.0000    -1.0000  yes NO   state-only kind
  D13.1 event rate scale <= 0.3       NO    NO   NO        0.0000     5.4366    -1.0000  NO  NO   state false
  D13.2 event rate scale >= 3.0       NO    NO   NO        0.0000     5.4366    -1.0000  NO  NO   state false
  D14.1 breathing depth >= 0.7       NO    yes  NO        0.0000     5.4366    -1.0000  NO  NO   state false
  D14.2 tidal depth >= 0.7           NO    yes  NO        0.0000     5.4366    -1.0000  NO  NO   state false
F:\projects\iterum\plugins\vorago\tests\integration\preset_sweep_test.cpp(1171): FAILED:
  CHECK( VoragoTest::verifiedAt(o, primary, ClaimRole::Secondary) )
with expansion:
  false
with message:
  Swarm Breath primary E3 noise -> noise wake: d 0.649587, 2s(P) 20.4119,
  attrib 0.0759517, skip []

F:\projects\iterum\plugins\vorago\tests\integration\preset_sweep_test.cpp(1172): FAILED:
  CHECK( VoragoTest::verifiedAt(o, primary, ClaimRole::Primary) )
with expansion:
  false
with message:
  Swarm Breath primary E3 noise -> noise wake: d 0.649587, 2s(P) 20.4119,
  attrib 0.0759517, skip []

F:\projects\iterum\plugins\vorago\tests\integration\preset_sweep_test.cpp(1179): FAILED:
  CHECK( VoragoTest::verifiedAt(o, c, ClaimRole::Secondary) )
with expansion:
  false
with message:
  Swarm Breath secondary D3.4 noise model MetallicHiss: d 0.5372, 2s(P) 0,
  attrib -1, skip []

F:\projects\iterum\plugins\vorago\tests\integration\preset_sweep_test.cpp(1179): FAILED:
  CHECK( VoragoTest::verifiedAt(o, c, ClaimRole::Secondary) )
with expansion:
  false
with message:
  Swarm Breath secondary D4.7 noise type Blue: d 0, 2s(P) 0, attrib -1, skip
  [state-only kind]

F:\projects\iterum\plugins\vorago\tests\integration\preset_sweep_test.cpp(1179): FAILED:
  CHECK( VoragoTest::verifiedAt(o, c, ClaimRole::Secondary) )
with expansion:
  false
with message:
  Swarm Breath secondary D4.8 noise type Violet: d 0, 2s(P) 0, attrib -1, skip
  [state-only kind]

F:\projects\iterum\plugins\vorago\tests\integration\preset_sweep_test.cpp(1179): FAILED:
  CHECK( VoragoTest::verifiedAt(o, c, ClaimRole::Secondary) )
with expansion:
  false
with message:
  Swarm Breath secondary D4.9 noise type Grey: d 0, 2s(P) 0, attrib -1, skip
  [state-only kind]

[sweep] index 28: computing / loading record...

Glass Well (index 28): primary D1.1 material Glass, 0 secondaries, s(P) 2.4687
  cell                         claim state conj rend           d      2s(P)     attrib  sec pri  skip
  S1 noise organism                  yes   yes  yes       0.3404     4.9373    -1.0000  NO  NO   
  S2 resonance drift                 yes   yes  yes       3.6314     4.9373    -1.0000  yes NO   
  S3 spectral smear                  yes   yes  yes       7.2343     4.9373    -1.0000  yes yes  
  S4 feedback ecology                yes   yes  yes       0.0005     4.9373    -1.0000  NO  NO   
  S5 subharmonic                     yes   yes  yes       1.9581     4.9373    -1.0000  yes NO   
  S6 harmonic bloom                  yes   yes  yes       0.4282     4.9373    -1.0000  NO  NO   
  S7 ecosystem                       yes   yes  yes       2.9495     4.9373    -1.0000  yes NO   
  S8 cavern space                    yes   yes  yes       0.1754     4.9373    -1.0000  NO  NO   
  S9 ghost / atmosphere              yes   yes  NO        0.0000     4.9373    -1.0000  NO  NO   override equals stored
  S10 acoustic body                  yes   yes  yes      12.9333     4.9373    -1.0000  yes yes  
  M1 Darkness                        NO    yes  NO        0.0000     4.9373    -1.0000  NO  NO   M displacement
  M2 Age                             NO    yes  NO        0.0000     4.9373    -1.0000  NO  NO   M displacement
  M3 Density                         NO    yes  NO        0.0000     4.9373    -1.0000  NO  NO   M displacement
  M4 Movement                        NO    yes  NO        0.0000     4.9373    -1.0000  NO  NO   M displacement
  M5 Gravity                         NO    yes  NO        0.0000     4.9373    -1.0000  NO  NO   M displacement
  M6 Entropy                         NO    yes  NO        0.0000     4.9373    -1.0000  NO  NO   M displacement
  M7 Pressure                        NO    yes  NO        0.0000     4.9373    -1.0000  NO  NO   M displacement
  M8 Weight                          NO    yes  NO        0.0000     4.9373    -1.0000  NO  NO   M displacement
  M9 Fog                             NO    yes  NO        0.0000     4.9373    -1.0000  NO  NO   M displacement
  M10 Life                           NO    yes  NO        0.0000     4.9373    -1.0000  NO  NO   M displacement
  M11 Depth                          NO    yes  NO        0.0000     4.9373    -1.0000  NO  NO   M displacement
  M12 Mass                           NO    yes  NO        0.0000     4.9373    -1.0000  NO  NO   M displacement
  E1 partial -> bloom                yes   yes  yes       1.1785     3.9997     1.3777  NO  NO   
  E2 resonator -> resonance peaks       yes   yes  yes       2.8269     8.9740     1.3777  NO  NO   
  E3 noise -> noise wake             yes   yes  yes       1.4261     3.9305     1.3777  NO  NO   
  E4 feedback -> loop wake           yes   yes  yes       1.3777     3.9110     1.3777  NO  NO   
  E5 ghost -> ghost bursts           yes   yes  yes       1.3777     3.9103     1.3777  NO  NO   
  E6.hi ecosystem sync rate high       NO    yes  NO        0.0000     4.9373    -1.0000  NO  NO   side predicate
  E7.hi ecosystem self-affinity high       NO    yes  NO        0.0000     4.9373    -1.0000  NO  NO   side predicate
  D1.1 material Glass          PRI   yes   yes  yes       4.5711     4.9373    -1.0000  yes yes  
  D1.2 material Strings              NO    yes  NO        0.0000     0.0000    -1.0000  NO  NO   state-only kind
  D1.3 material MetalPlate           NO    yes  NO        0.0000     0.0000    -1.0000  NO  NO   state-only kind
  D1.4 material Chamber              NO    yes  NO        0.0000     0.0000    -1.0000  NO  NO   state-only kind
  D1.5 material Ice                  NO    yes  NO        0.0000     0.0000    -1.0000  NO  NO   state-only kind
  D1.6 material StoneChamber         NO    yes  NO        0.0000     0.0000    -1.0000  NO  NO   state-only kind
  D1.7 material SteelTank            NO    yes  NO        0.0000     0.0000    -1.0000  NO  NO   state-only kind
  D1.8 material WoodenHull           NO    yes  NO        0.0000     0.0000    -1.0000  NO  NO   state-only kind
  D1.9 material CathedralColumn       NO    yes  NO        0.0000     0.0000    -1.0000  NO  NO   state-only kind
  D1.10 material CavernWall          NO    yes  NO        0.0000     0.0000    -1.0000  NO  NO   state-only kind
  D1.11 material GlassSphere         NO    yes  NO        0.0000     0.0000    -1.0000  NO  NO   state-only kind
  D2 body blend both heard           NO    yes  NO        0.0000     0.0000    -1.0000  NO  NO   state-only kind
  D3.1 noise model Direct            yes   NO   yes       0.3404     0.0000    -1.0000  NO  NO   
  D3.2 noise model FilteredWind       yes   NO   yes       0.3404     0.0000    -1.0000  NO  NO   
  D3.3 noise model GranularDust       yes   NO   yes       0.3404     0.0000    -1.0000  NO  NO   
  D3.4 noise model MetallicHiss       yes   NO   yes       0.3404     0.0000    -1.0000  NO  NO   
  D4.1 noise type White              NO    NO   NO        0.0000     0.0000    -1.0000  NO  NO   state-only kind
  D4.2 noise type Pink               NO    NO   NO        0.0000     0.0000    -1.0000  NO  NO   state-only kind
  D4.3 noise type TapeHiss           NO    NO   NO        0.0000     0.0000    -1.0000  NO  NO   state-only kind
  D4.4 noise type VinylCrackle       NO    NO   NO        0.0000     0.0000    -1.0000  NO  NO   state-only kind
  D4.5 noise type Asperity           NO    NO   NO        0.0000     0.0000    -1.0000  NO  NO   state-only kind
  D4.6 noise type Brown              yes   NO   NO        0.0000     0.0000    -1.0000  NO  NO   state-only kind
  D4.7 noise type Blue               NO    NO   NO        0.0000     0.0000    -1.0000  NO  NO   state-only kind
  D4.8 noise type Violet             NO    NO   NO        0.0000     0.0000    -1.0000  NO  NO   state-only kind
  D4.9 noise type Grey               NO    NO   NO        0.0000     0.0000    -1.0000  NO  NO   state-only kind
  D4.10 noise type Velvet            NO    NO   NO        0.0000     0.0000    -1.0000  NO  NO   state-only kind
  D4.11 noise type VinylRumble       NO    NO   NO        0.0000     0.0000    -1.0000  NO  NO   state-only kind
  D4.12 noise type RadioStatic       NO    NO   NO        0.0000     0.0000    -1.0000  NO  NO   state-only kind
  D5.1 anchor Free                   NO    yes  NO        0.0000     0.0000    -1.0000  NO  NO   state-only kind
  D5.2 anchor Keyed                  NO    yes  NO        0.0000     0.0000    -1.0000  NO  NO   state-only kind
  D5.3 anchor Hybrid                 yes   yes  NO        0.0000     0.0000    -1.0000  yes NO   state-only kind
  D6.1 loop filter Lowpass           yes   NO   NO        0.0000     0.0000    -1.0000  NO  NO   state-only kind
  D6.2 loop filter Bandpass          NO    NO   NO        0.0000     0.0000    -1.0000  NO  NO   state-only kind
  D6.3 loop filter Highpass          NO    NO   NO        0.0000     0.0000    -1.0000  NO  NO   state-only kind
  D7.1 loudest sub f/2               yes   yes  NO        0.0000     0.0000    -1.0000  yes NO   state-only kind
  D7.2 loudest sub f/4               NO    yes  NO        0.0000     0.0000    -1.0000  NO  NO   state-only kind
  D7.3 loudest sub fifth below       NO    yes  NO        0.0000     0.0000    -1.0000  NO  NO   state-only kind
  D8.1 envelope Standard             yes   yes  NO        0.0000     0.0000    -1.0000  yes NO   state-only kind
  D8.2 envelope Growth               NO    yes  NO        0.0000     0.0000    -1.0000  NO  NO   state-only kind
  D9.1 attack span <= 10 s           NO    yes  NO        0.0000     0.0000    -1.0000  NO  NO   state-only kind
  D9.2 attack span >= 90 s           yes   yes  NO        0.0000     0.0000    -1.0000  yes NO   state-only kind
  D10.1 freeze holds a field         NO    NO   NO        0.0000     0.0000    -1.0000  NO  NO   state-only kind
  D10.2 freeze off                   yes   yes  NO        0.0000     0.0000    -1.0000  yes NO   state-only kind
  D11 ghost reverse >= 0.5           NO    NO   NO        0.0000     0.0000    -1.0000  NO  NO   state-only kind
  D12.1 ghost event triggers on       NO    NO   NO        0.0000     0.0000    -1.0000  NO  NO   state-only kind
  D12.2 ghost event triggers off       yes   yes  NO        0.0000     0.0000    -1.0000  yes NO   state-only kind
  D13.1 event rate scale <= 0.3       NO    yes  NO        0.0000     4.9373    -1.0000  NO  NO   state false
  D13.2 event rate scale >= 3.0       NO    yes  NO        0.0000     4.9373    -1.0000  NO  NO   state false
  D14.1 breathing depth >= 0.7       NO    yes  NO        0.0000     4.9373    -1.0000  NO  NO   state false
  D14.2 tidal depth >= 0.7           NO    yes  NO        0.0000     4.9373    -1.0000  NO  NO   state false
[sweep] index 32: computing / loading record...

Ice Shelf (index 32): primary D1.5 material Ice, 0 secondaries, s(P) 3.9251
  cell                         claim state conj rend           d      2s(P)     attrib  sec pri  skip
  S1 noise organism                  yes   yes  yes       1.7570     7.8501    -1.0000  yes NO   
  S2 resonance drift                 yes   yes  yes       0.4845     7.8501    -1.0000  NO  NO   
  S3 spectral smear                  yes   yes  yes       4.1486     7.8501    -1.0000  yes yes  
  S4 feedback ecology                yes   yes  yes       0.0077     7.8501    -1.0000  NO  NO   
  S5 subharmonic                     yes   yes  yes       1.0960     7.8501    -1.0000  NO  NO   
  S6 harmonic bloom                  yes   yes  yes      13.0128     7.8501    -1.0000  yes yes  
  S7 ecosystem                       yes   yes  NO        0.0000     7.8501    -1.0000  NO  NO   override equals stored
  S8 cavern space                    yes   yes  yes       0.2256     7.8501    -1.0000  NO  NO   
  S9 ghost / atmosphere              yes   yes  NO        0.0000     7.8501    -1.0000  NO  NO   override equals stored
  S10 acoustic body                  yes   yes  yes      12.4036     7.8501    -1.0000  yes yes  
  M1 Darkness                        NO    yes  NO        0.0000     7.8501    -1.0000  NO  NO   M displacement
  M2 Age                             NO    yes  NO        0.0000     7.8501    -1.0000  NO  NO   M displacement
  M3 Density                         NO    yes  NO        0.0000     7.8501    -1.0000  NO  NO   M displacement
  M4 Movement                        NO    yes  NO        0.0000     7.8501    -1.0000  NO  NO   M displacement
  M5 Gravity                         NO    yes  NO        0.0000     7.8501    -1.0000  NO  NO   M displacement
  M6 Entropy                         NO    yes  NO        0.0000     7.8501    -1.0000  NO  NO   M displacement
  M7 Pressure                        NO    yes  NO        0.0000     7.8501    -1.0000  NO  NO   M displacement
  M8 Weight                          NO    yes  NO        0.0000     7.8501    -1.0000  NO  NO   M displacement
  M9 Fog                             NO    yes  NO        0.0000     7.8501    -1.0000  NO  NO   M displacement
  M10 Life                           NO    yes  NO        0.0000     7.8501    -1.0000  NO  NO   M displacement
  M11 Depth                          NO    yes  NO        0.0000     7.8501    -1.0000  NO  NO   M displacement
  M12 Mass                           NO    yes  NO        0.0000     7.8501    -1.0000  NO  NO   M displacement
  E1 partial -> bloom                yes   yes  NO        0.0000     7.8501    -1.0000  NO  NO   ecosystem depth 0
  E2 resonator -> resonance peaks       yes   yes  NO        0.0000     7.8501    -1.0000  NO  NO   ecosystem depth 0
  E3 noise -> noise wake             yes   yes  NO        0.0000     7.8501    -1.0000  NO  NO   ecosystem depth 0
  E4 feedback -> loop wake           yes   yes  NO        0.0000     7.8501    -1.0000  NO  NO   ecosystem depth 0
  E5 ghost -> ghost bursts           yes   yes  NO        0.0000     7.8501    -1.0000  NO  NO   ecosystem depth 0
  E6.hi ecosystem sync rate high       NO    yes  NO        0.0000     7.8501    -1.0000  NO  NO   side predicate
  E7.hi ecosystem self-affinity high       NO    yes  NO        0.0000     7.8501    -1.0000  NO  NO   side predicate
  D1.1 material Glass                NO    yes  NO        0.0000     0.0000    -1.0000  NO  NO   state-only kind
  D1.2 material Strings              NO    yes  NO        0.0000     0.0000    -1.0000  NO  NO   state-only kind
  D1.3 material MetalPlate           NO    yes  NO        0.0000     0.0000    -1.0000  NO  NO   state-only kind
  D1.4 material Chamber              NO    yes  NO        0.0000     0.0000    -1.0000  NO  NO   state-only kind
  D1.5 material Ice            PRI   yes   yes  yes       4.3676     7.8501    -1.0000  yes yes  
  D1.6 material StoneChamber         NO    yes  NO        0.0000     0.0000    -1.0000  NO  NO   state-only kind
  D1.7 material SteelTank            NO    yes  NO        0.0000     0.0000    -1.0000  NO  NO   state-only kind
  D1.8 material WoodenHull           NO    yes  NO        0.0000     0.0000    -1.0000  NO  NO   state-only kind
  D1.9 material CathedralColumn       NO    yes  NO        0.0000     0.0000    -1.0000  NO  NO   state-only kind
  D1.10 material CavernWall          NO    yes  NO        0.0000     0.0000    -1.0000  NO  NO   state-only kind
  D1.11 material GlassSphere         NO    yes  NO        0.0000     0.0000    -1.0000  NO  NO   state-only kind
  D2 body blend both heard           NO    yes  NO        0.0000     0.0000    -1.0000  NO  NO   state-only kind
  D3.1 noise model Direct            yes   yes  yes       1.7570     0.0000    -1.0000  yes NO   
  D3.2 noise model FilteredWind       yes   yes  yes       1.7570     0.0000    -1.0000  yes NO   
  D3.3 noise model GranularDust       yes   yes  yes       1.7570     0.0000    -1.0000  yes NO   
  D3.4 noise model MetallicHiss       yes   yes  yes       1.7570     0.0000    -1.0000  yes NO   
  D4.1 noise type White              NO    yes  NO        0.0000     0.0000    -1.0000  NO  NO   state-only kind
  D4.2 noise type Pink               NO    yes  NO        0.0000     0.0000    -1.0000  NO  NO   state-only kind
  D4.3 noise type TapeHiss           NO    yes  NO        0.0000     0.0000    -1.0000  NO  NO   state-only kind
  D4.4 noise type VinylCrackle       NO    yes  NO        0.0000     0.0000    -1.0000  NO  NO   state-only kind
  D4.5 noise type Asperity           NO    yes  NO        0.0000     0.0000    -1.0000  NO  NO   state-only kind
  D4.6 noise type Brown              yes   yes  NO        0.0000     0.0000    -1.0000  yes NO   state-only kind
  D4.7 noise type Blue               NO    yes  NO        0.0000     0.0000    -1.0000  NO  NO   state-only kind
  D4.8 noise type Violet             NO    yes  NO        0.0000     0.0000    -1.0000  NO  NO   state-only kind
  D4.9 noise type Grey               NO    yes  NO        0.0000     0.0000    -1.0000  NO  NO   state-only kind
  D4.10 noise type Velvet            NO    yes  NO        0.0000     0.0000    -1.0000  NO  NO   state-only kind
  D4.11 noise type VinylRumble       NO    yes  NO        0.0000     0.0000    -1.0000  NO  NO   state-only kind
  D4.12 noise type RadioStatic       NO    yes  NO        0.0000     0.0000    -1.0000  NO  NO   state-only kind
  D5.1 anchor Free                   NO    NO   NO        0.0000     0.0000    -1.0000  NO  NO   state-only kind
  D5.2 anchor Keyed                  NO    NO   NO        0.0000     0.0000    -1.0000  NO  NO   state-only kind
  D5.3 anchor Hybrid                 yes   NO   NO        0.0000     0.0000    -1.0000  NO  NO   state-only kind
  D6.1 loop filter Lowpass           yes   NO   NO        0.0000     0.0000    -1.0000  NO  NO   state-only kind
  D6.2 loop filter Bandpass          NO    NO   NO        0.0000     0.0000    -1.0000  NO  NO   state-only kind
  D6.3 loop filter Highpass          NO    NO   NO        0.0000     0.0000    -1.0000  NO  NO   state-only kind
  D7.1 loudest sub f/2               yes   NO   NO        0.0000     0.0000    -1.0000  NO  NO   state-only kind
  D7.2 loudest sub f/4               NO    NO   NO        0.0000     0.0000    -1.0000  NO  NO   state-only kind
  D7.3 loudest sub fifth below       NO    NO   NO        0.0000     0.0000    -1.0000  NO  NO   state-only kind
  D8.1 envelope Standard             yes   yes  NO        0.0000     0.0000    -1.0000  yes NO   state-only kind
  D8.2 envelope Growth               NO    yes  NO        0.0000     0.0000    -1.0000  NO  NO   state-only kind
  D9.1 attack span <= 10 s           NO    yes  NO        0.0000     0.0000    -1.0000  NO  NO   state-only kind
  D9.2 attack span >= 90 s           yes   yes  NO        0.0000     0.0000    -1.0000  yes NO   state-only kind
  D10.1 freeze holds a field         NO    NO   NO        0.0000     0.0000    -1.0000  NO  NO   state-only kind
  D10.2 freeze off                   yes   yes  NO        0.0000     0.0000    -1.0000  yes NO   state-only kind
  D11 ghost reverse >= 0.5           NO    NO   NO        0.0000     0.0000    -1.0000  NO  NO   state-only kind
  D12.1 ghost event triggers on       NO    NO   NO        0.0000     0.0000    -1.0000  NO  NO   state-only kind
  D12.2 ghost event triggers off       yes   yes  NO        0.0000     0.0000    -1.0000  yes NO   state-only kind
  D13.1 event rate scale <= 0.3       NO    NO   NO        0.0000     7.8501    -1.0000  NO  NO   state false
  D13.2 event rate scale >= 3.0       NO    NO   NO        0.0000     7.8501    -1.0000  NO  NO   state false
  D14.1 breathing depth >= 0.7       NO    yes  NO        0.0000     7.8501    -1.0000  NO  NO   state false
  D14.2 tidal depth >= 0.7           NO    yes  NO        0.0000     7.8501    -1.0000  NO  NO   state false
[sweep] index 36: computing / loading record...

Glass Sphere (index 36): primary D1.11 material GlassSphere, 0 secondaries, s(P) 3.1220
  cell                         claim state conj rend           d      2s(P)     attrib  sec pri  skip
  S1 noise organism                  yes   yes  yes       0.0164     6.2439    -1.0000  NO  NO   
  S2 resonance drift                 yes   yes  yes       0.3002     6.2439    -1.0000  NO  NO   
  S3 spectral smear                  yes   yes  yes      13.0217     6.2439    -1.0000  yes yes  
  S4 feedback ecology                yes   yes  yes       0.0016     6.2439    -1.0000  NO  NO   
  S5 subharmonic                     yes   yes  yes       1.5112     6.2439    -1.0000  yes NO   
  S6 harmonic bloom                  yes   yes  yes       0.0000     6.2439    -1.0000  NO  NO   
  S7 ecosystem                       yes   yes  NO        0.0000     6.2439    -1.0000  NO  NO   override equals stored
  S8 cavern space                    yes   yes  NO        0.0000     6.2439    -1.0000  NO  NO   override equals stored
  S9 ghost / atmosphere              yes   yes  yes       0.0055     6.2439    -1.0000  NO  NO   
  S10 acoustic body                  yes   yes  yes      15.0959     6.2439    -1.0000  yes yes  
  M1 Darkness                        NO    yes  NO        0.0000     6.2439    -1.0000  NO  NO   M displacement
  M2 Age                             NO    yes  NO        0.0000     6.2439    -1.0000  NO  NO   M displacement
  M3 Density                         NO    yes  NO        0.0000     6.2439    -1.0000  NO  NO   M displacement
  M4 Movement                        NO    yes  NO        0.0000     6.2439    -1.0000  NO  NO   M displacement
  M5 Gravity                         NO    yes  NO        0.0000     6.2439    -1.0000  NO  NO   M displacement
  M6 Entropy                         NO    yes  NO        0.0000     6.2439    -1.0000  NO  NO   M displacement
  M7 Pressure                        NO    yes  NO        0.0000     6.2439    -1.0000  NO  NO   M displacement
  M8 Weight                          NO    yes  NO        0.0000     6.2439    -1.0000  NO  NO   M displacement
  M9 Fog                             NO    yes  NO        0.0000     6.2439    -1.0000  NO  NO   M displacement
  M10 Life                           NO    yes  NO        0.0000     6.2439    -1.0000  NO  NO   M displacement
  M11 Depth                          NO    yes  NO        0.0000     6.2439    -1.0000  NO  NO   M displacement
  M12 Mass                           NO    yes  NO        0.0000     6.2439    -1.0000  NO  NO   M displacement
  E1 partial -> bloom                yes   yes  NO        0.0000     6.2439    -1.0000  NO  NO   ecosystem depth 0
  E2 resonator -> resonance peaks       yes   yes  NO        0.0000     6.2439    -1.0000  NO  NO   ecosystem depth 0
  E3 noise -> noise wake             yes   yes  NO        0.0000     6.2439    -1.0000  NO  NO   ecosystem depth 0
  E4 feedback -> loop wake           yes   yes  NO        0.0000     6.2439    -1.0000  NO  NO   ecosystem depth 0
  E5 ghost -> ghost bursts           yes   yes  NO        0.0000     6.2439    -1.0000  NO  NO   ecosystem depth 0
  E6.hi ecosystem sync rate high       NO    yes  NO        0.0000     6.2439    -1.0000  NO  NO   side predicate
  E7.hi ecosystem self-affinity high       NO    yes  NO        0.0000     6.2439    -1.0000  NO  NO   side predicate
  D1.1 material Glass                NO    yes  NO        0.0000     0.0000    -1.0000  NO  NO   state-only kind
  D1.2 material Strings              NO    yes  NO        0.0000     0.0000    -1.0000  NO  NO   state-only kind
  D1.3 material MetalPlate           NO    yes  NO        0.0000     0.0000    -1.0000  NO  NO   state-only kind
  D1.4 material Chamber              NO    yes  NO        0.0000     0.0000    -1.0000  NO  NO   state-only kind
  D1.5 material Ice                  NO    yes  NO        0.0000     0.0000    -1.0000  NO  NO   state-only kind
  D1.6 material StoneChamber         NO    yes  NO        0.0000     0.0000    -1.0000  NO  NO   state-only kind
  D1.7 material SteelTank            NO    yes  NO        0.0000     0.0000    -1.0000  NO  NO   state-only kind
  D1.8 material WoodenHull           NO    yes  NO        0.0000     0.0000    -1.0000  NO  NO   state-only kind
  D1.9 material CathedralColumn       NO    yes  NO        0.0000     0.0000    -1.0000  NO  NO   state-only kind
  D1.10 material CavernWall          NO    yes  NO        0.0000     0.0000    -1.0000  NO  NO   state-only kind
  D1.11 material GlassSphere   PRI   yes   yes  yes       4.0348     6.2439    -1.0000  yes yes  
  D2 body blend both heard           NO    yes  NO        0.0000     0.0000    -1.0000  NO  NO   state-only kind
  D3.1 noise model Direct            yes   NO   yes       0.0164     0.0000    -1.0000  NO  NO   
  D3.2 noise model FilteredWind       yes   NO   yes       0.0164     0.0000    -1.0000  NO  NO   
  D3.3 noise model GranularDust       yes   NO   yes       0.0164     0.0000    -1.0000  NO  NO   
  D3.4 noise model MetallicHiss       yes   NO   yes       0.0164     0.0000    -1.0000  NO  NO   
  D4.1 noise type White              NO    NO   NO        0.0000     0.0000    -1.0000  NO  NO   state-only kind
  D4.2 noise type Pink               NO    NO   NO        0.0000     0.0000    -1.0000  NO  NO   state-only kind
  D4.3 noise type TapeHiss           NO    NO   NO        0.0000     0.0000    -1.0000  NO  NO   state-only kind
  D4.4 noise type VinylCrackle       NO    NO   NO        0.0000     0.0000    -1.0000  NO  NO   state-only kind
  D4.5 noise type Asperity           NO    NO   NO        0.0000     0.0000    -1.0000  NO  NO   state-only kind
  D4.6 noise type Brown              yes   NO   NO        0.0000     0.0000    -1.0000  NO  NO   state-only kind
  D4.7 noise type Blue               NO    NO   NO        0.0000     0.0000    -1.0000  NO  NO   state-only kind
  D4.8 noise type Violet             NO    NO   NO        0.0000     0.0000    -1.0000  NO  NO   state-only kind
  D4.9 noise type Grey               NO    NO   NO        0.0000     0.0000    -1.0000  NO  NO   state-only kind
  D4.10 noise type Velvet            NO    NO   NO        0.0000     0.0000    -1.0000  NO  NO   state-only kind
  D4.11 noise type VinylRumble       NO    NO   NO        0.0000     0.0000    -1.0000  NO  NO   state-only kind
  D4.12 noise type RadioStatic       NO    NO   NO        0.0000     0.0000    -1.0000  NO  NO   state-only kind
  D5.1 anchor Free                   NO    NO   NO        0.0000     0.0000    -1.0000  NO  NO   state-only kind
  D5.2 anchor Keyed                  NO    NO   NO        0.0000     0.0000    -1.0000  NO  NO   state-only kind
  D5.3 anchor Hybrid                 yes   NO   NO        0.0000     0.0000    -1.0000  NO  NO   state-only kind
  D6.1 loop filter Lowpass           yes   NO   NO        0.0000     0.0000    -1.0000  NO  NO   state-only kind
  D6.2 loop filter Bandpass          NO    NO   NO        0.0000     0.0000    -1.0000  NO  NO   state-only kind
  D6.3 loop filter Highpass          NO    NO   NO        0.0000     0.0000    -1.0000  NO  NO   state-only kind
  D7.1 loudest sub f/2               yes   yes  NO        0.0000     0.0000    -1.0000  yes NO   state-only kind
  D7.2 loudest sub f/4               NO    yes  NO        0.0000     0.0000    -1.0000  NO  NO   state-only kind
  D7.3 loudest sub fifth below       NO    yes  NO        0.0000     0.0000    -1.0000  NO  NO   state-only kind
  D8.1 envelope Standard             yes   yes  NO        0.0000     0.0000    -1.0000  yes NO   state-only kind
  D8.2 envelope Growth               NO    yes  NO        0.0000     0.0000    -1.0000  NO  NO   state-only kind
  D9.1 attack span <= 10 s           NO    yes  NO        0.0000     0.0000    -1.0000  NO  NO   state-only kind
  D9.2 attack span >= 90 s           yes   yes  NO        0.0000     0.0000    -1.0000  yes NO   state-only kind
  D10.1 freeze holds a field         NO    NO   NO        0.0000     0.0000    -1.0000  NO  NO   state-only kind
  D10.2 freeze off                   yes   yes  NO        0.0000     0.0000    -1.0000  yes NO   state-only kind
  D11 ghost reverse >= 0.5           NO    NO   NO        0.0000     0.0000    -1.0000  NO  NO   state-only kind
  D12.1 ghost event triggers on       NO    NO   NO        0.0000     0.0000    -1.0000  NO  NO   state-only kind
  D12.2 ghost event triggers off       yes   yes  NO        0.0000     0.0000    -1.0000  yes NO   state-only kind
  D13.1 event rate scale <= 0.3       NO    NO   NO        0.0000     6.2439    -1.0000  NO  NO   state false
  D13.2 event rate scale >= 3.0       NO    NO   NO        0.0000     6.2439    -1.0000  NO  NO   state false
  D14.1 breathing depth >= 0.7       NO    yes  NO        0.0000     6.2439    -1.0000  NO  NO   state false
  D14.2 tidal depth >= 0.7           NO    yes  NO        0.0000     6.2439    -1.0000  NO  NO   state false
[sweep] index 40: computing / loading record...

Spore Drift (index 40): primary D3.3 noise model GranularDust, 2 secondaries, s(P) 1.2643
  cell                         claim state conj rend           d      2s(P)     attrib  sec pri  skip
  S1 noise organism                  yes   yes  yes       4.4091     2.5287    -1.0000  yes yes  
  S2 resonance drift                 yes   yes  yes       1.2381     2.5287    -1.0000  NO  NO   
  S3 spectral smear                  yes   yes  yes       1.3956     2.5287    -1.0000  NO  NO   
  S4 feedback ecology                yes   yes  yes       0.0098     2.5287    -1.0000  NO  NO   
  S5 subharmonic                     yes   yes  yes       0.6730     2.5287    -1.0000  NO  NO   
  S6 harmonic bloom                  yes   yes  yes       0.0000     2.5287    -1.0000  NO  NO   
  S7 ecosystem                       yes   yes  NO        0.0000     2.5287    -1.0000  NO  NO   override equals stored
  S8 cavern space                    yes   yes  yes       7.1108     2.5287    -1.0000  yes yes  
  S9 ghost / atmosphere              yes   yes  yes       0.1061     2.5287    -1.0000  NO  NO   
  S10 acoustic body                  yes   yes  yes      12.3849     2.5287    -1.0000  yes yes  
  M1 Darkness                        NO    yes  NO        0.0000     2.5287    -1.0000  NO  NO   M displacement
  M2 Age                             NO    yes  NO        0.0000     2.5287    -1.0000  NO  NO   M displacement
  M3 Density                         NO    yes  NO        0.0000     2.5287    -1.0000  NO  NO   M displacement
  M4 Movement                        NO    yes  NO        0.0000     2.5287    -1.0000  NO  NO   M displacement
  M5 Gravity                         NO    yes  NO        0.0000     2.5287    -1.0000  NO  NO   M displacement
  M6 Entropy                         NO    yes  NO        0.0000     2.5287    -1.0000  NO  NO   M displacement
  M7 Pressure                        NO    yes  NO        0.0000     2.5287    -1.0000  NO  NO   M displacement
  M8 Weight                          NO    yes  NO        0.0000     2.5287    -1.0000  NO  NO   M displacement
  M9 Fog                             NO    yes  NO        0.0000     2.5287    -1.0000  NO  NO   M displacement
  M10 Life                           NO    yes  NO        0.0000     2.5287    -1.0000  NO  NO   M displacement
  M11 Depth                          NO    yes  NO        0.0000     2.5287    -1.0000  NO  NO   M displacement
  M12 Mass                           NO    yes  NO        0.0000     2.5287    -1.0000  NO  NO   M displacement
  E1 partial -> bloom                yes   yes  NO        0.0000     2.5287    -1.0000  NO  NO   ecosystem depth 0
  E2 resonator -> resonance peaks       yes   yes  NO        0.0000     2.5287    -1.0000  NO  NO   ecosystem depth 0
  E3 noise -> noise wake             yes   yes  NO        0.0000     2.5287    -1.0000  NO  NO   ecosystem depth 0
  E4 feedback -> loop wake           yes   yes  NO        0.0000     2.5287    -1.0000  NO  NO   ecosystem depth 0
  E5 ghost -> ghost bursts           yes   yes  NO        0.0000     2.5287    -1.0000  NO  NO   ecosystem depth 0
  E6.hi ecosystem sync rate high       NO    yes  NO        0.0000     2.5287    -1.0000  NO  NO   side predicate
  E7.hi ecosystem self-affinity high       NO    yes  NO        0.0000     2.5287    -1.0000  NO  NO   side predicate
  D1.1 material Glass                NO    yes  NO        0.0000     0.0000    -1.0000  NO  NO   state-only kind
  D1.2 material Strings              NO    yes  NO        0.0000     0.0000    -1.0000  NO  NO   state-only kind
  D1.3 material MetalPlate           NO    yes  NO        0.0000     0.0000    -1.0000  NO  NO   state-only kind
  D1.4 material Chamber              NO    yes  NO        0.0000     0.0000    -1.0000  NO  NO   state-only kind
  D1.5 material Ice                  NO    yes  NO        0.0000     0.0000    -1.0000  NO  NO   state-only kind
  D1.6 material StoneChamber         yes   yes  NO        0.0000     0.0000    -1.0000  yes NO   state-only kind
  D1.7 material SteelTank            yes   yes  NO        0.0000     0.0000    -1.0000  yes NO   state-only kind
  D1.8 material WoodenHull           NO    yes  NO        0.0000     0.0000    -1.0000  NO  NO   state-only kind
  D1.9 material CathedralColumn       NO    yes  NO        0.0000     0.0000    -1.0000  NO  NO   state-only kind
  D1.10 material CavernWall          NO    yes  NO        0.0000     0.0000    -1.0000  NO  NO   state-only kind
  D1.11 material GlassSphere         NO    yes  NO        0.0000     0.0000    -1.0000  NO  NO   state-only kind
  D2 body blend both heard           yes   yes  NO        0.0000     0.0000    -1.0000  yes NO   state-only kind
  D3.1 noise model Direct            NO    yes  yes       4.4091     0.0000    -1.0000  NO  NO   
  D3.2 noise model FilteredWind       NO    yes  yes       4.4091     0.0000    -1.0000  NO  NO   
  D3.3 noise model GranularDust PRI   yes   yes  yes       4.4091     0.0000    -1.0000  yes yes  
  D3.4 noise model MetallicHiss       NO    yes  yes       4.4091     0.0000    -1.0000  NO  NO   
  D4.1 noise type White              NO    yes  NO        0.0000     0.0000    -1.0000  NO  NO   state-only kind
  D4.2 noise type Pink               NO    yes  NO        0.0000     0.0000    -1.0000  NO  NO   state-only kind
  D4.3 noise type TapeHiss           NO    yes  NO        0.0000     0.0000    -1.0000  NO  NO   state-only kind
  D4.4 noise type VinylCrackle       NO    yes  NO        0.0000     0.0000    -1.0000  NO  NO   state-only kind
  D4.5 noise type Asperity           NO    yes  NO        0.0000     0.0000    -1.0000  NO  NO   state-only kind
  D4.6 noise type Brown              NO    yes  NO        0.0000     0.0000    -1.0000  NO  NO   state-only kind
  D4.7 noise type Blue               NO    yes  NO        0.0000     0.0000    -1.0000  NO  NO   state-only kind
  D4.8 noise type Violet             NO    yes  NO        0.0000     0.0000    -1.0000  NO  NO   state-only kind
  D4.9 noise type Grey               NO    yes  NO        0.0000     0.0000    -1.0000  NO  NO   state-only kind
  D4.10 noise type Velvet            NO    yes  NO        0.0000     0.0000    -1.0000  NO  NO   state-only kind
  D4.11 noise type VinylRumble       NO    yes  NO        0.0000     0.0000    -1.0000  NO  NO   state-only kind
  D4.12 noise type RadioStatic       NO    yes  NO        0.0000     0.0000    -1.0000  NO  NO   state-only kind
  D5.1 anchor Free                   NO    NO   NO        0.0000     0.0000    -1.0000  NO  NO   state-only kind
  D5.2 anchor Keyed                  NO    NO   NO        0.0000     0.0000    -1.0000  NO  NO   state-only kind
  D5.3 anchor Hybrid                 yes   NO   NO        0.0000     0.0000    -1.0000  NO  NO   state-only kind
  D6.1 loop filter Lowpass           yes   NO   NO        0.0000     0.0000    -1.0000  NO  NO   state-only kind
  D6.2 loop filter Bandpass    sec   yes   NO   NO        0.0000     0.0000    -1.0000  NO  NO   state-only kind
  D6.3 loop filter Highpass          NO    NO   NO        0.0000     0.0000    -1.0000  NO  NO   state-only kind
  D7.1 loudest sub f/2               yes   NO   NO        0.0000     0.0000    -1.0000  NO  NO   state-only kind
  D7.2 loudest sub f/4               NO    NO   NO        0.0000     0.0000    -1.0000  NO  NO   state-only kind
  D7.3 loudest sub fifth below       NO    NO   NO        0.0000     0.0000    -1.0000  NO  NO   state-only kind
  D8.1 envelope Standard             yes   yes  NO        0.0000     0.0000    -1.0000  yes NO   state-only kind
  D8.2 envelope Growth               NO    yes  NO        0.0000     0.0000    -1.0000  NO  NO   state-only kind
  D9.1 attack span <= 10 s           NO    yes  NO        0.0000     0.0000    -1.0000  NO  NO   state-only kind
  D9.2 attack span >= 90 s           yes   yes  NO        0.0000     0.0000    -1.0000  yes NO   state-only kind
  D10.1 freeze holds a field         NO    NO   NO        0.0000     0.0000    -1.0000  NO  NO   state-only kind
  D10.2 freeze off                   yes   yes  NO        0.0000     0.0000    -1.0000  yes NO   state-only kind
  D11 ghost reverse >= 0.5     sec   yes   NO   NO        0.0000     0.0000    -1.0000  NO  NO   state-only kind
  D12.1 ghost event triggers on       NO    NO   NO        0.0000     0.0000    -1.0000  NO  NO   state-only kind
  D12.2 ghost event triggers off       yes   yes  NO        0.0000     0.0000    -1.0000  yes NO   state-only kind
  D13.1 event rate scale <= 0.3       NO    NO   NO        0.0000     2.5287    -1.0000  NO  NO   state false
  D13.2 event rate scale >= 3.0       NO    NO   NO        0.0000     2.5287    -1.0000  NO  NO   state false
  D14.1 breathing depth >= 0.7       NO    yes  NO        0.0000     2.5287    -1.0000  NO  NO   state false
  D14.2 tidal depth >= 0.7           NO    yes  NO        0.0000     2.5287    -1.0000  NO  NO   state false
F:\projects\iterum\plugins\vorago\tests\integration\preset_sweep_test.cpp(1179): FAILED:
  CHECK( VoragoTest::verifiedAt(o, c, ClaimRole::Secondary) )
with expansion:
  false
with message:
  Spore Drift secondary D11 ghost reverse >= 0.5: d 0, 2s(P) 0, attrib -1, skip
  [state-only kind]

F:\projects\iterum\plugins\vorago\tests\integration\preset_sweep_test.cpp(1179): FAILED:
  CHECK( VoragoTest::verifiedAt(o, c, ClaimRole::Secondary) )
with expansion:
  false
with message:
  Spore Drift secondary D6.2 loop filter Bandpass: d 0, 2s(P) 0, attrib -1,
  skip [state-only kind]

0.001 s: Vorago_PresetSweep_AblationVerifiesClaims
shard 0/4: 11 of 42 indices (N = 42)

=== Vorago_PresetSweep_RendersAreReproducible (FR-038, SC-015) ===
[sweep] index 0: computing / loading record...
Wind Through Basalt (index 0): two fresh hosts over [0, 220.00 s], withinTolerance per channel: yes
[sweep] index 4: computing / loading record...
Tectonic Floor (index 4): two fresh hosts over [0, 220.00 s], withinTolerance per channel: yes
[sweep] index 8: computing / loading record...
Choir of Absence (index 8): two fresh hosts over [0, 220.00 s], withinTolerance per channel: yes
[sweep] index 12: computing / loading record...
Crowded Dark (index 12): two fresh hosts over [0, 220.00 s], withinTolerance per channel: yes
[sweep] index 16: computing / loading record...
Pressure Front (index 16): two fresh hosts over [0, 220.00 s], withinTolerance per channel: yes
[sweep] index 20: computing / loading record...
Endless Descent (index 20): two fresh hosts over [0, 220.00 s], withinTolerance per channel: yes
[sweep] index 24: computing / loading record...
Swarm Breath (index 24): two fresh hosts over [0, 220.00 s], withinTolerance per channel: yes
[sweep] index 28: computing / loading record...
Glass Well (index 28): two fresh hosts over [0, 220.00 s], withinTolerance per channel: yes
[sweep] index 32: computing / loading record...
Ice Shelf (index 32): two fresh hosts over [0, 220.00 s], withinTolerance per channel: yes
[sweep] index 36: computing / loading record...
Glass Sphere (index 36): two fresh hosts over [0, 220.00 s], withinTolerance per channel: yes
[sweep] index 40: computing / loading record...
Spore Drift (index 40): two fresh hosts over [0, 220.00 s], withinTolerance per channel: yes
0.000 s: Vorago_PresetSweep_RendersAreReproducible
===============================================================================
test cases:   5 |   4 passed |  1 failed
assertions: 384 | 374 passed | 10 failed

exit=10 END 2026-09-30 22:08:46
