START 2026-09-30 17:46:15 shard 1/4 (sweep 3: final tree - rulings S-4..S-10, re-authored library, ghost tap +12 dB, NoiseGenerator reset fix)
Filters: [vorago-sweep] ~[vorago-aggregate]
Randomness seeded to: 3842276168
shard 1/4: 11 of 42 indices (N = 42)

=== Vorago_PresetSweep_LongRender (FR-033, SC-012; K = 4) ===
[sweep] index 1: computing / loading record...

Resonant Shaft (index 1): A 155.00 s  Rel 45.00 s  RT60 37.50 s  H 340.00 s  Tail [427.50, 437.50]  Total 437.50 s  freeze tail Off
  take 0 seed  3: finite yes  peak 0.9661  arm1 hi -4.81 dB [NO]  arm2 lo -19.21 dB [yes]  arm3 late-sus +8.19 dB [yes]  arm4 tail -229.88 dB [yes]

~~~~~~~~~~~~~~~~~~~~~~~~~~~~~~~~~~~~~~~~~~~~~~~~~~~~~~~~~~~~~~~~~~~~~~~~~~~~~~~
vorago_tests.exe is a Catch2 v3.4.0 host application.
Run with -? for options

-------------------------------------------------------------------------------
Vorago_PresetSweep_LongRender
-------------------------------------------------------------------------------
F:\projects\iterum\plugins\vorago\tests\integration\preset_sweep_test.cpp(1016)
...............................................................................

F:\projects\iterum\plugins\vorago\tests\integration\preset_sweep_test.cpp(1039): FAILED:
  CHECK( t.armPass[0] )
with expansion:
  false
with message:
  Resonant Shaft take 0 (seed 3): peak 0.966051, hi -4.80972, lo -19.2136,
  late-sus 8.18917, tail -229.883

  take 1 seed  4: finite yes  peak 0.9661  arm1 hi -3.90 dB [NO]  arm2 lo -7.25 dB [yes]  arm3 late-sus -0.30 dB [yes]  arm4 tail -220.79 dB [yes]
F:\projects\iterum\plugins\vorago\tests\integration\preset_sweep_test.cpp(1039): FAILED:
  CHECK( t.armPass[0] )
with expansion:
  false
with message:
  Resonant Shaft take 1 (seed 4): peak 0.966051, hi -3.90309, lo -7.25117,
  late-sus -0.295351, tail -220.788

  take 2 seed  5: finite yes  peak 0.9661  arm1 hi -4.35 dB [NO]  arm2 lo -14.05 dB [yes]  arm3 late-sus +0.44 dB [yes]  arm4 tail -229.40 dB [yes]
F:\projects\iterum\plugins\vorago\tests\integration\preset_sweep_test.cpp(1039): FAILED:
  CHECK( t.armPass[0] )
with expansion:
  false
with message:
  Resonant Shaft take 2 (seed 5): peak 0.966051, hi -4.35008, lo -14.0476,
  late-sus 0.444619, tail -229.399

  take 3 seed  6: finite yes  peak 0.9661  arm1 hi -4.65 dB [NO]  arm2 lo -15.75 dB [yes]  arm3 late-sus -0.89 dB [yes]  arm4 tail -223.98 dB [yes]
F:\projects\iterum\plugins\vorago\tests\integration\preset_sweep_test.cpp(1039): FAILED:
  CHECK( t.armPass[0] )
with expansion:
  false
with message:
  Resonant Shaft take 3 (seed 6): peak 0.966051, hi -4.6519, lo -15.7519, late-
  sus -0.885224, tail -223.983

[sweep] index 5: computing / loading record...

Slow Bloom (index 5): A 115.00 s  Rel 40.00 s  RT60 15.00 s  H 300.00 s  Tail [360.00, 370.00]  Total 370.00 s  freeze tail Off
  take 0 seed  7: finite yes  peak 0.2547  arm1 hi -22.26 dB [yes]  arm2 lo -25.96 dB [yes]  arm3 late-sus +0.73 dB [yes]  arm4 tail -197.55 dB [yes]
  take 1 seed  8: finite yes  peak 0.2755  arm1 hi -22.26 dB [yes]  arm2 lo -25.00 dB [yes]  arm3 late-sus -0.38 dB [yes]  arm4 tail -197.01 dB [yes]
  take 2 seed  9: finite yes  peak 0.2577  arm1 hi -22.38 dB [yes]  arm2 lo -25.19 dB [yes]  arm3 late-sus +0.36 dB [yes]  arm4 tail -192.65 dB [yes]
  take 3 seed 10: finite yes  peak 0.2476  arm1 hi -22.24 dB [yes]  arm2 lo -24.85 dB [yes]  arm3 late-sus -0.01 dB [yes]  arm4 tail -195.10 dB [yes]
[sweep] index 9: computing / loading record...

Hull Resonance (index 9): A 155.00 s  Rel 45.00 s  RT60 4.00 s  H 340.00 s  Tail [394.00, 404.00]  Total 404.00 s  freeze tail Off
  take 0 seed 11: finite yes  peak 0.2515  arm1 hi -24.31 dB [yes]  arm2 lo -26.92 dB [yes]  arm3 late-sus -0.06 dB [yes]  arm4 tail -162.01 dB [yes]
  take 1 seed 12: finite yes  peak 0.2820  arm1 hi -23.81 dB [yes]  arm2 lo -27.19 dB [yes]  arm3 late-sus +0.47 dB [yes]  arm4 tail -158.81 dB [yes]
  take 2 seed 13: finite yes  peak 0.3019  arm1 hi -24.32 dB [yes]  arm2 lo -27.47 dB [yes]  arm3 late-sus -0.41 dB [yes]  arm4 tail -155.36 dB [yes]
  take 3 seed 14: finite yes  peak 0.2662  arm1 hi -24.90 dB [yes]  arm2 lo -26.60 dB [yes]  arm3 late-sus +0.73 dB [yes]  arm4 tail -165.69 dB [yes]
[sweep] index 13: computing / loading record...

Drifting Strata (index 13): A 155.00 s  Rel 45.00 s  RT60 20.00 s  H 340.00 s  Tail [410.00, 420.00]  Total 420.00 s  freeze tail Off
  take 0 seed  3: finite yes  peak 0.6617  arm1 hi -17.15 dB [yes]  arm2 lo -23.33 dB [yes]  arm3 late-sus +0.62 dB [yes]  arm4 tail -180.56 dB [yes]
  take 1 seed  4: finite yes  peak 0.5355  arm1 hi -18.13 dB [yes]  arm2 lo -24.60 dB [yes]  arm3 late-sus -0.03 dB [yes]  arm4 tail -198.87 dB [yes]
  take 2 seed  5: finite yes  peak 0.6220  arm1 hi -16.46 dB [yes]  arm2 lo -24.23 dB [yes]  arm3 late-sus +0.05 dB [yes]  arm4 tail -206.66 dB [yes]
  take 3 seed  6: finite yes  peak 0.5896  arm1 hi -17.19 dB [yes]  arm2 lo -24.41 dB [yes]  arm3 late-sus -0.01 dB [yes]  arm4 tail -185.78 dB [yes]
[sweep] index 17: computing / loading record...

Weighted Deep (index 17): A 155.00 s  Rel 45.00 s  RT60 15.00 s  H 340.00 s  Tail [405.00, 415.00]  Total 415.00 s  freeze tail Off
  take 0 seed  7: finite yes  peak 0.7351  arm1 hi -11.80 dB [yes]  arm2 lo -15.34 dB [yes]  arm3 late-sus -0.41 dB [yes]  arm4 tail -195.26 dB [yes]
  take 1 seed  8: finite yes  peak 0.7135  arm1 hi -11.73 dB [yes]  arm2 lo -14.89 dB [yes]  arm3 late-sus +0.04 dB [yes]  arm4 tail -202.40 dB [yes]
  take 2 seed  9: finite yes  peak 0.6647  arm1 hi -11.83 dB [yes]  arm2 lo -14.99 dB [yes]  arm3 late-sus -0.73 dB [yes]  arm4 tail -209.43 dB [yes]
  take 3 seed 10: finite yes  peak 0.7865  arm1 hi -11.89 dB [yes]  arm2 lo -14.12 dB [yes]  arm3 late-sus +0.23 dB [yes]  arm4 tail -196.06 dB [yes]
[sweep] index 21: computing / loading record...

Monolith (index 21): A 155.00 s  Rel 45.00 s  RT60 20.00 s  H 340.00 s  Tail [410.00, 420.00]  Total 420.00 s  freeze tail Off
  take 0 seed  4: finite yes  peak 0.9090  arm1 hi -8.95 dB [yes]  arm2 lo -13.98 dB [yes]  arm3 late-sus +1.80 dB [yes]  arm4 tail -217.16 dB [yes]
  take 1 seed  5: finite yes  peak 0.8906  arm1 hi -8.94 dB [yes]  arm2 lo -11.46 dB [yes]  arm3 late-sus +0.03 dB [yes]  arm4 tail -214.07 dB [yes]
  take 2 seed  6: finite yes  peak 0.8940  arm1 hi -9.25 dB [yes]  arm2 lo -12.91 dB [yes]  arm3 late-sus +0.56 dB [yes]  arm4 tail -199.20 dB [yes]
  take 3 seed  7: finite yes  peak 0.9413  arm1 hi -9.01 dB [yes]  arm2 lo -11.87 dB [yes]  arm3 late-sus -0.59 dB [yes]  arm4 tail -200.92 dB [yes]
[sweep] index 25: computing / loading record...

Feeding Loops (index 25): A 155.00 s  Rel 45.00 s  RT60 4.00 s  H 340.00 s  Tail [394.00, 404.00]  Total 404.00 s  freeze tail Off
  take 0 seed  8: finite yes  peak 0.2193  arm1 hi -25.20 dB [yes]  arm2 lo -41.55 dB [yes]  arm3 late-sus +1.44 dB [yes]  arm4 tail -210.98 dB [yes]
  take 1 seed  9: finite yes  peak 0.1384  arm1 hi -25.89 dB [yes]  arm2 lo -40.31 dB [yes]  arm3 late-sus -6.30 dB [yes]  arm4 tail -214.30 dB [yes]
  take 2 seed 10: finite yes  peak 0.1666  arm1 hi -26.17 dB [yes]  arm2 lo -36.08 dB [yes]  arm3 late-sus +1.18 dB [yes]  arm4 tail -205.71 dB [yes]
  take 3 seed 11: finite yes  peak 0.1336  arm1 hi -27.06 dB [yes]  arm2 lo -35.66 dB [yes]  arm3 late-sus +2.88 dB [yes]  arm4 tail -202.19 dB [yes]
[sweep] index 29: computing / loading record...

Strung Abyss (index 29): A 155.00 s  Rel 45.00 s  RT60 12.00 s  H 340.00 s  Tail [402.00, 412.00]  Total 412.00 s  freeze tail Off
  take 0 seed  3: finite yes  peak 0.5460  arm1 hi -16.84 dB [yes]  arm2 lo -24.32 dB [yes]  arm3 late-sus -2.50 dB [yes]  arm4 tail -222.24 dB [yes]
  take 1 seed  4: finite yes  peak 0.5788  arm1 hi -16.58 dB [yes]  arm2 lo -24.67 dB [yes]  arm3 late-sus -2.62 dB [yes]  arm4 tail -216.12 dB [yes]
  take 2 seed  5: finite yes  peak 0.7421  arm1 hi -12.05 dB [yes]  arm2 lo -24.27 dB [yes]  arm3 late-sus -0.45 dB [yes]  arm4 tail -222.17 dB [yes]
  take 3 seed  6: finite yes  peak 0.8060  arm1 hi -11.19 dB [yes]  arm2 lo -23.86 dB [yes]  arm3 late-sus -3.46 dB [yes]  arm4 tail -217.23 dB [yes]
[sweep] index 33: computing / loading record...

Hull Ark (index 33): A 155.00 s  Rel 45.00 s  RT60 8.00 s  H 340.00 s  Tail [398.00, 408.00]  Total 408.00 s  freeze tail Off
  take 0 seed 14: finite yes  peak 0.4376  arm1 hi -18.48 dB [yes]  arm2 lo -20.18 dB [yes]  arm3 late-sus +0.16 dB [yes]  arm4 tail -189.66 dB [yes]
  take 1 seed 15: finite yes  peak 0.4559  arm1 hi -17.73 dB [yes]  arm2 lo -19.05 dB [yes]  arm3 late-sus +0.23 dB [yes]  arm4 tail -182.32 dB [yes]
  take 2 seed  0: finite yes  peak 0.4672  arm1 hi -16.97 dB [yes]  arm2 lo -19.01 dB [yes]  arm3 late-sus -0.38 dB [yes]  arm4 tail -188.40 dB [yes]
  take 3 seed  1: finite yes  peak 0.4624  arm1 hi -17.90 dB [yes]  arm2 lo -19.37 dB [yes]  arm3 late-sus +0.44 dB [yes]  arm4 tail -177.79 dB [yes]
[sweep] index 37: computing / loading record...
  attack window (D9.1 attack span <= 10 s primary, W_end 25.0 s): d_att 2.7661, d_Sus 4.3038
    P: first reaches RMS(Sus) - 6 dB at 4 s
    P_rev: first reaches RMS(Sus) - 6 dB at 6 s

Sudden Chasm (index 37): A 9.00 s  Rel 20.00 s  RT60 20.00 s  H 194.00 s  Tail [239.00, 249.00]  Total 249.00 s  freeze tail Off
  take 0 seed  5: finite yes  peak 0.2497  arm1 hi -20.71 dB [yes]  arm2 lo -22.05 dB [yes]  arm3 late-sus -0.22 dB [yes]  arm4 tail -240.00 dB [yes]
  take 1 seed  6: finite yes  peak 0.2580  arm1 hi -20.81 dB [yes]  arm2 lo -22.12 dB [yes]  arm3 late-sus -0.18 dB [yes]  arm4 tail -240.00 dB [yes]
  take 2 seed  7: finite yes  peak 0.2510  arm1 hi -20.80 dB [yes]  arm2 lo -22.07 dB [yes]  arm3 late-sus -0.16 dB [yes]  arm4 tail -240.00 dB [yes]
  take 3 seed  8: finite yes  peak 0.2569  arm1 hi -20.77 dB [yes]  arm2 lo -22.04 dB [yes]  arm3 late-sus -0.06 dB [yes]  arm4 tail -240.00 dB [yes]
[sweep] index 41: computing / loading record...

Steam Vent (index 41): A 155.00 s  Rel 45.00 s  RT60 20.00 s  H 340.00 s  Tail [410.00, 420.00]  Total 420.00 s  freeze tail Off
  take 0 seed 11: finite yes  peak 0.4432  arm1 hi -17.84 dB [yes]  arm2 lo -24.87 dB [yes]  arm3 late-sus +0.36 dB [yes]  arm4 tail -198.93 dB [yes]
  take 1 seed 12: finite yes  peak 0.5147  arm1 hi -17.48 dB [yes]  arm2 lo -27.60 dB [yes]  arm3 late-sus +1.36 dB [yes]  arm4 tail -204.95 dB [yes]
  take 2 seed 13: finite yes  peak 0.4633  arm1 hi -18.10 dB [yes]  arm2 lo -25.39 dB [yes]  arm3 late-sus -0.97 dB [yes]  arm4 tail -205.62 dB [yes]
  take 3 seed 14: finite yes  peak 0.3911  arm1 hi -19.32 dB [yes]  arm2 lo -24.46 dB [yes]  arm3 late-sus -0.05 dB [yes]  arm4 tail -210.03 dB [yes]
14679.293 s: Vorago_PresetSweep_LongRender
shard 1/4: 11 of 42 indices (N = 42)

=== Vorago_PresetSweep_FreezeGesture (FR-033, SC-024) ===
Cathedral Void (index 7): not in this shard, skipped
0.000 s: Vorago_PresetSweep_FreezeGesture
shard 1/4: 11 of 42 indices (N = 42)

=== Vorago_PresetSweep_SustainAtAllRates (FR-033a, SC-022) ===
[sweep] index 1: computing / loading record...
Resonant Shaft (index 1): [0, 220.00 s]  44.1 kHz finite yes peak 0.9447 hi -9.27 dB  |  96 kHz finite yes peak 0.9661 hi -6.86 dB
[sweep] index 5: computing / loading record...
Slow Bloom (index 5): [0, 180.00 s]  44.1 kHz finite yes peak 0.2438 hi -22.51 dB  |  96 kHz finite yes peak 0.2709 hi -22.71 dB
[sweep] index 9: computing / loading record...
Hull Resonance (index 9): [0, 220.00 s]  44.1 kHz finite yes peak 0.2173 hi -24.58 dB  |  96 kHz finite yes peak 0.2033 hi -25.14 dB
[sweep] index 13: computing / loading record...
Drifting Strata (index 13): [0, 220.00 s]  44.1 kHz finite yes peak 0.5149 hi -17.48 dB  |  96 kHz finite yes peak 0.4897 hi -18.81 dB
[sweep] index 17: computing / loading record...
Weighted Deep (index 17): [0, 220.00 s]  44.1 kHz finite yes peak 0.7442 hi -11.75 dB  |  96 kHz finite yes peak 0.6446 hi -12.79 dB
[sweep] index 21: computing / loading record...
Monolith (index 21): [0, 220.00 s]  44.1 kHz finite yes peak 0.8851 hi -9.01 dB  |  96 kHz finite yes peak 0.8312 hi -9.59 dB
[sweep] index 25: computing / loading record...
Feeding Loops (index 25): [0, 220.00 s]  44.1 kHz finite yes peak 0.1579 hi -26.47 dB  |  96 kHz finite yes peak 0.1639 hi -26.90 dB
[sweep] index 29: computing / loading record...
Strung Abyss (index 29): [0, 220.00 s]  44.1 kHz finite yes peak 0.3680 hi -18.74 dB  |  96 kHz finite yes peak 0.3908 hi -19.12 dB
[sweep] index 33: computing / loading record...
Hull Ark (index 33): [0, 220.00 s]  44.1 kHz finite yes peak 0.4663 hi -17.82 dB  |  96 kHz finite yes peak 0.3867 hi -19.73 dB
[sweep] index 37: computing / loading record...
Sudden Chasm (index 37): [0, 74.00 s]  44.1 kHz finite yes peak 0.2548 hi -20.65 dB  |  96 kHz finite yes peak 0.2260 hi -21.67 dB
[sweep] index 41: computing / loading record...
Steam Vent (index 41): [0, 220.00 s]  44.1 kHz finite yes peak 0.4846 hi -17.84 dB  |  96 kHz finite yes peak 0.3862 hi -20.01 dB
0.000 s: Vorago_PresetSweep_SustainAtAllRates
shard 1/4: 11 of 43 indices (N = 42, index N = default surface)

=== Vorago_PresetSweep_AblationVerifiesClaims (FR-012, FR-037, SC-011) ===
[sweep] index 1: computing / loading record...

Resonant Shaft (index 1): primary S2 resonance drift, 1 secondaries, s(P) 5.1142
  cell                         claim state conj rend           d      2s(P)     attrib  sec pri  skip
  S1 noise organism                  yes   yes  yes       0.4878    10.2283    -1.0000  NO  NO   
  S2 resonance drift           PRI   yes   yes  yes       4.6513    10.2283    -1.0000  yes yes  
  S3 spectral smear                  yes   yes  yes       1.2175    10.2283    -1.0000  NO  NO   
  S4 feedback ecology                yes   yes  yes       0.3774    10.2283    -1.0000  NO  NO   
  S5 subharmonic                     yes   yes  yes       0.5117    10.2283    -1.0000  NO  NO   
  S6 harmonic bloom                  yes   yes  yes       0.0000    10.2283    -1.0000  NO  NO   
  S7 ecosystem                       yes   yes  yes       3.9646    10.2283    -1.0000  yes NO   
  S8 cavern space                    yes   yes  yes       0.2378    10.2283    -1.0000  NO  NO   
  S9 ghost / atmosphere              yes   yes  yes       0.2686    10.2283    -1.0000  NO  NO   
  S10 acoustic body                  yes   yes  yes       0.5192    10.2283    -1.0000  NO  NO   
  M1 Darkness                        NO    yes  NO        0.0000    10.2283    -1.0000  NO  NO   M displacement
  M2 Age                             NO    yes  NO        0.0000    10.2283    -1.0000  NO  NO   M displacement
  M3 Density                         NO    yes  NO        0.0000    10.2283    -1.0000  NO  NO   M displacement
  M4 Movement                        NO    yes  NO        0.0000    10.2283    -1.0000  NO  NO   M displacement
  M5 Gravity                         NO    yes  NO        0.0000    10.2283    -1.0000  NO  NO   M displacement
  M6 Entropy                         NO    yes  NO        0.0000    10.2283    -1.0000  NO  NO   M displacement
  M7 Pressure                        NO    yes  NO        0.0000    10.2283    -1.0000  NO  NO   M displacement
  M8 Weight                          NO    yes  NO        0.0000    10.2283    -1.0000  NO  NO   M displacement
  M9 Fog                             NO    yes  NO        0.0000    10.2283    -1.0000  NO  NO   M displacement
  M10 Life                           NO    yes  NO        0.0000    10.2283    -1.0000  NO  NO   M displacement
  M11 Depth                          NO    yes  NO        0.0000    10.2283    -1.0000  NO  NO   M displacement
  M12 Mass                           NO    yes  NO        0.0000    10.2283    -1.0000  NO  NO   M displacement
  E1 partial -> bloom                yes   yes  yes       1.6797     5.4918     1.6797  NO  NO   
  E2 resonator -> resonance peaks       yes   yes  yes       3.7830    15.1523     1.6797  yes NO   
  E3 noise -> noise wake             yes   yes  yes       3.1867     6.1063     1.6797  yes NO   
  E4 feedback -> loop wake           yes   yes  yes       1.6230     5.3168     1.6797  NO  NO   
  E5 ghost -> ghost bursts           yes   yes  yes       1.6043     5.1474     1.6797  NO  NO   
  E6.hi ecosystem sync rate high       NO    yes  NO        0.0000    10.2283    -1.0000  NO  NO   side predicate
  E7.hi ecosystem self-affinity high       NO    yes  NO        0.0000    10.2283    -1.0000  NO  NO   side predicate
  D1.1 material Glass                NO    NO   NO        0.0000     0.0000    -1.0000  NO  NO   state-only kind
  D1.2 material Strings              NO    NO   NO        0.0000     0.0000    -1.0000  NO  NO   state-only kind
  D1.3 material MetalPlate           NO    NO   NO        0.0000     0.0000    -1.0000  NO  NO   state-only kind
  D1.4 material Chamber              NO    NO   NO        0.0000     0.0000    -1.0000  NO  NO   state-only kind
  D1.5 material Ice                  NO    NO   NO        0.0000     0.0000    -1.0000  NO  NO   state-only kind
  D1.6 material StoneChamber         yes   NO   NO        0.0000     0.0000    -1.0000  NO  NO   state-only kind
  D1.7 material SteelTank            yes   NO   NO        0.0000     0.0000    -1.0000  NO  NO   state-only kind
  D1.8 material WoodenHull           NO    NO   NO        0.0000     0.0000    -1.0000  NO  NO   state-only kind
  D1.9 material CathedralColumn       NO    NO   NO        0.0000     0.0000    -1.0000  NO  NO   state-only kind
  D1.10 material CavernWall          NO    NO   NO        0.0000     0.0000    -1.0000  NO  NO   state-only kind
  D1.11 material GlassSphere         NO    NO   NO        0.0000     0.0000    -1.0000  NO  NO   state-only kind
  D2 body blend both heard           yes   NO   NO        0.0000     0.0000    -1.0000  NO  NO   state-only kind
  D3.1 noise model Direct            yes   NO   yes       0.4878     0.0000    -1.0000  NO  NO   
  D3.2 noise model FilteredWind       yes   NO   yes       0.4878     0.0000    -1.0000  NO  NO   
  D3.3 noise model GranularDust       yes   NO   yes       0.4878     0.0000    -1.0000  NO  NO   
  D3.4 noise model MetallicHiss       yes   NO   yes       0.4878     0.0000    -1.0000  NO  NO   
  D4.1 noise type White              NO    NO   NO        0.0000     0.0000    -1.0000  NO  NO   state-only kind
  D4.2 noise type Pink               NO    NO   NO        0.0000     0.0000    -1.0000  NO  NO   state-only kind
  D4.3 noise type TapeHiss           NO    NO   NO        0.0000     0.0000    -1.0000  NO  NO   state-only kind
  D4.4 noise type VinylCrackle       NO    NO   NO        0.0000     0.0000    -1.0000  NO  NO   state-only kind
  D4.5 noise type Asperity           NO    NO   NO        0.0000     0.0000    -1.0000  NO  NO   state-only kind
  D4.6 noise type Brown              yes   NO   NO        0.0000     0.0000    -1.0000  NO  NO   state-only kind
  D4.7 noise type Blue               NO    NO   NO        0.0000     0.0000    -1.0000  NO  NO   state-only kind
  D4.8 noise type Violet             NO    NO   NO        0.0000     0.0000    -1.0000  NO  NO   state-only kind
  D4.9 noise type Grey               NO    NO   NO        0.0000     0.0000    -1.0000  NO  NO   state-only kind
  D4.10 noise type Velvet            NO    NO   NO        0.0000     0.0000    -1.0000  NO  NO   state-only kind
  D4.11 noise type VinylRumble       NO    NO   NO        0.0000     0.0000    -1.0000  NO  NO   state-only kind
  D4.12 noise type RadioStatic       NO    NO   NO        0.0000     0.0000    -1.0000  NO  NO   state-only kind
  D5.1 anchor Free                   NO    yes  NO        0.0000     0.0000    -1.0000  NO  NO   state-only kind
  D5.2 anchor Keyed            sec   yes   yes  NO        0.0000     0.0000    -1.0000  yes NO   state-only kind
  D5.3 anchor Hybrid                 NO    yes  NO        0.0000     0.0000    -1.0000  NO  NO   state-only kind
  D6.1 loop filter Lowpass           yes   NO   NO        0.0000     0.0000    -1.0000  NO  NO   state-only kind
  D6.2 loop filter Bandpass          NO    NO   NO        0.0000     0.0000    -1.0000  NO  NO   state-only kind
  D6.3 loop filter Highpass          NO    NO   NO        0.0000     0.0000    -1.0000  NO  NO   state-only kind
  D7.1 loudest sub f/2               yes   NO   NO        0.0000     0.0000    -1.0000  NO  NO   state-only kind
  D7.2 loudest sub f/4               NO    NO   NO        0.0000     0.0000    -1.0000  NO  NO   state-only kind
  D7.3 loudest sub fifth below       NO    NO   NO        0.0000     0.0000    -1.0000  NO  NO   state-only kind
  D8.1 envelope Standard             yes   yes  NO        0.0000     0.0000    -1.0000  yes NO   state-only kind
  D8.2 envelope Growth               NO    yes  NO        0.0000     0.0000    -1.0000  NO  NO   state-only kind
  D9.1 attack span <= 10 s           NO    yes  NO        0.0000     0.0000    -1.0000  NO  NO   state-only kind
  D9.2 attack span >= 90 s           yes   yes  NO        0.0000     0.0000    -1.0000  yes NO   state-only kind
  D10.1 freeze holds a field         NO    NO   NO        0.0000     0.0000    -1.0000  NO  NO   state-only kind
  D10.2 freeze off                   yes   yes  NO        0.0000     0.0000    -1.0000  yes NO   state-only kind
  D11 ghost reverse >= 0.5           NO    NO   NO        0.0000     0.0000    -1.0000  NO  NO   state-only kind
  D12.1 ghost event triggers on       NO    NO   NO        0.0000     0.0000    -1.0000  NO  NO   state-only kind
  D12.2 ghost event triggers off       yes   yes  NO        0.0000     0.0000    -1.0000  yes NO   state-only kind
  D13.1 event rate scale <= 0.3       NO    yes  NO        0.0000    10.2283    -1.0000  NO  NO   state false
  D13.2 event rate scale >= 3.0       NO    yes  NO        0.0000    10.2283    -1.0000  NO  NO   state false
  D14.1 breathing depth >= 0.7       NO    yes  NO        0.0000    10.2283    -1.0000  NO  NO   state false
  D14.2 tidal depth >= 0.7           NO    yes  NO        0.0000    10.2283    -1.0000  NO  NO   state false
[sweep] index 5: computing / loading record...

Slow Bloom (index 5): primary S6 harmonic bloom, 2 secondaries, s(P) 1.7633
  cell                         claim state conj rend           d      2s(P)     attrib  sec pri  skip
  S1 noise organism                  yes   yes  yes       1.0314     3.5265    -1.0000  NO  NO   
  S2 resonance drift                 yes   yes  yes       0.7303     3.5265    -1.0000  NO  NO   
  S3 spectral smear                  yes   yes  yes       3.0535     3.5265    -1.0000  yes NO   
  S4 feedback ecology                yes   yes  yes       0.0007     3.5265    -1.0000  NO  NO   
  S5 subharmonic                     yes   yes  yes       1.0910     3.5265    -1.0000  NO  NO   
  S6 harmonic bloom            PRI   yes   yes  yes       0.0000     3.5265    -1.0000  NO  NO   
  S7 ecosystem                       yes   yes  yes       1.7980     3.5265    -1.0000  yes NO   
  S8 cavern space                    yes   yes  yes       2.0745     3.5265    -1.0000  yes NO   
  S9 ghost / atmosphere              yes   yes  yes       0.6404     3.5265    -1.0000  NO  NO   
  S10 acoustic body                  yes   yes  yes       6.8751     3.5265    -1.0000  yes yes  
  M1 Darkness                        NO    yes  NO        0.0000     3.5265    -1.0000  NO  NO   M displacement
  M2 Age                             NO    yes  NO        0.0000     3.5265    -1.0000  NO  NO   M displacement
  M3 Density                         NO    yes  NO        0.0000     3.5265    -1.0000  NO  NO   M displacement
  M4 Movement                        NO    yes  NO        0.0000     3.5265    -1.0000  NO  NO   M displacement
  M5 Gravity                         NO    yes  NO        0.0000     3.5265    -1.0000  NO  NO   M displacement
  M6 Entropy                         NO    yes  NO        0.0000     3.5265    -1.0000  NO  NO   M displacement
  M7 Pressure                        NO    yes  NO        0.0000     3.5265    -1.0000  NO  NO   M displacement
  M8 Weight                          NO    yes  NO        0.0000     3.5265    -1.0000  NO  NO   M displacement
  M9 Fog                             NO    yes  NO        0.0000     3.5265    -1.0000  NO  NO   M displacement
  M10 Life                           NO    yes  NO        0.0000     3.5265    -1.0000  NO  NO   M displacement
  M11 Depth                          NO    yes  NO        0.0000     3.5265    -1.0000  NO  NO   M displacement
  M12 Mass                           NO    yes  NO        0.0000     3.5265    -1.0000  NO  NO   M displacement
  E1 partial -> bloom                yes   yes  yes       0.3562     2.7512     0.3562  NO  NO   
  E2 resonator -> resonance peaks       yes   yes  yes       0.7451     3.6596     0.3562  NO  NO   
  E3 noise -> noise wake             yes   yes  yes       1.1573     3.8004     0.3562  NO  NO   
  E4 feedback -> loop wake           yes   yes  yes       0.3573     2.7526     0.3562  NO  NO   
  E5 ghost -> ghost bursts           yes   yes  yes       0.8867     1.3614     0.3562  NO  NO   
  E6.hi ecosystem sync rate high       NO    yes  NO        0.0000     3.5265    -1.0000  NO  NO   side predicate
  E7.hi ecosystem self-affinity high       NO    yes  NO        0.0000     3.5265    -1.0000  NO  NO   side predicate
  D1.1 material Glass                NO    yes  NO        0.0000     0.0000    -1.0000  NO  NO   state-only kind
  D1.2 material Strings              NO    yes  NO        0.0000     0.0000    -1.0000  NO  NO   state-only kind
  D1.3 material MetalPlate           NO    yes  NO        0.0000     0.0000    -1.0000  NO  NO   state-only kind
  D1.4 material Chamber              NO    yes  NO        0.0000     0.0000    -1.0000  NO  NO   state-only kind
  D1.5 material Ice                  NO    yes  NO        0.0000     0.0000    -1.0000  NO  NO   state-only kind
  D1.6 material StoneChamber         yes   yes  NO        0.0000     0.0000    -1.0000  yes NO   state-only kind
  D1.7 material SteelTank            yes   yes  NO        0.0000     0.0000    -1.0000  yes NO   state-only kind
  D1.8 material WoodenHull           NO    yes  NO        0.0000     0.0000    -1.0000  NO  NO   state-only kind
  D1.9 material CathedralColumn       NO    yes  NO        0.0000     0.0000    -1.0000  NO  NO   state-only kind
  D1.10 material CavernWall          NO    yes  NO        0.0000     0.0000    -1.0000  NO  NO   state-only kind
  D1.11 material GlassSphere         NO    yes  NO        0.0000     0.0000    -1.0000  NO  NO   state-only kind
  D2 body blend both heard           yes   yes  NO        0.0000     0.0000    -1.0000  yes NO   state-only kind
  D3.1 noise model Direct            yes   NO   yes       1.0314     0.0000    -1.0000  NO  NO   
  D3.2 noise model FilteredWind       yes   NO   yes       1.0314     0.0000    -1.0000  NO  NO   
  D3.3 noise model GranularDust       yes   NO   yes       1.0314     0.0000    -1.0000  NO  NO   
  D3.4 noise model MetallicHiss       yes   NO   yes       1.0314     0.0000    -1.0000  NO  NO   
  D4.1 noise type White              NO    NO   NO        0.0000     0.0000    -1.0000  NO  NO   state-only kind
  D4.2 noise type Pink               NO    NO   NO        0.0000     0.0000    -1.0000  NO  NO   state-only kind
  D4.3 noise type TapeHiss           NO    NO   NO        0.0000     0.0000    -1.0000  NO  NO   state-only kind
  D4.4 noise type VinylCrackle       NO    NO   NO        0.0000     0.0000    -1.0000  NO  NO   state-only kind
  D4.5 noise type Asperity           NO    NO   NO        0.0000     0.0000    -1.0000  NO  NO   state-only kind
  D4.6 noise type Brown              yes   NO   NO        0.0000     0.0000    -1.0000  NO  NO   state-only kind
  D4.7 noise type Blue               NO    NO   NO        0.0000     0.0000    -1.0000  NO  NO   state-only kind
  D4.8 noise type Violet             NO    NO   NO        0.0000     0.0000    -1.0000  NO  NO   state-only kind
  D4.9 noise type Grey               NO    NO   NO        0.0000     0.0000    -1.0000  NO  NO   state-only kind
  D4.10 noise type Velvet            NO    NO   NO        0.0000     0.0000    -1.0000  NO  NO   state-only kind
  D4.11 noise type VinylRumble       NO    NO   NO        0.0000     0.0000    -1.0000  NO  NO   state-only kind
  D4.12 noise type RadioStatic       NO    NO   NO        0.0000     0.0000    -1.0000  NO  NO   state-only kind
  D5.1 anchor Free                   NO    NO   NO        0.0000     0.0000    -1.0000  NO  NO   state-only kind
  D5.2 anchor Keyed                  NO    NO   NO        0.0000     0.0000    -1.0000  NO  NO   state-only kind
  D5.3 anchor Hybrid                 yes   NO   NO        0.0000     0.0000    -1.0000  NO  NO   state-only kind
  D6.1 loop filter Lowpass           yes   NO   NO        0.0000     0.0000    -1.0000  NO  NO   state-only kind
  D6.2 loop filter Bandpass          NO    NO   NO        0.0000     0.0000    -1.0000  NO  NO   state-only kind
  D6.3 loop filter Highpass          NO    NO   NO        0.0000     0.0000    -1.0000  NO  NO   state-only kind
  D7.1 loudest sub f/2               yes   NO   NO        0.0000     0.0000    -1.0000  NO  NO   state-only kind
  D7.2 loudest sub f/4               NO    NO   NO        0.0000     0.0000    -1.0000  NO  NO   state-only kind
  D7.3 loudest sub fifth below       NO    NO   NO        0.0000     0.0000    -1.0000  NO  NO   state-only kind
  D8.1 envelope Standard             yes   yes  NO        0.0000     0.0000    -1.0000  yes NO   state-only kind
  D8.2 envelope Growth               NO    yes  NO        0.0000     0.0000    -1.0000  NO  NO   state-only kind
  D9.1 attack span <= 10 s           NO    yes  NO        0.0000     0.0000    -1.0000  NO  NO   state-only kind
  D9.2 attack span >= 90 s     sec   yes   yes  NO        0.0000     0.0000    -1.0000  yes NO   state-only kind
  D10.1 freeze holds a field         NO    NO   NO        0.0000     0.0000    -1.0000  NO  NO   state-only kind
  D10.2 freeze off                   yes   yes  NO        0.0000     0.0000    -1.0000  yes NO   state-only kind
  D11 ghost reverse >= 0.5           NO    NO   NO        0.0000     0.0000    -1.0000  NO  NO   state-only kind
  D12.1 ghost event triggers on       NO    NO   NO        0.0000     0.0000    -1.0000  NO  NO   state-only kind
  D12.2 ghost event triggers off       yes   yes  NO        0.0000     0.0000    -1.0000  yes NO   state-only kind
  D13.1 event rate scale <= 0.3       NO    yes  NO        0.0000     3.5265    -1.0000  NO  NO   state false
  D13.2 event rate scale >= 3.0       NO    yes  NO        0.0000     3.5265    -1.0000  NO  NO   state false
  D14.1 breathing depth >= 0.7 sec   yes   yes  yes       0.9523     3.5265    -1.0000  NO  NO   
  D14.2 tidal depth >= 0.7           NO    yes  NO        0.0000     3.5265    -1.0000  NO  NO   state false
-------------------------------------------------------------------------------
Vorago_PresetSweep_AblationVerifiesClaims
-------------------------------------------------------------------------------
F:\projects\iterum\plugins\vorago\tests\integration\preset_sweep_test.cpp(1119)
...............................................................................

F:\projects\iterum\plugins\vorago\tests\integration\preset_sweep_test.cpp(1171): FAILED:
  CHECK( VoragoTest::verifiedAt(o, primary, ClaimRole::Secondary) )
with expansion:
  false
with message:
  Slow Bloom primary S6 harmonic bloom: d 0, 2s(P) 3.52651, attrib -1, skip []

F:\projects\iterum\plugins\vorago\tests\integration\preset_sweep_test.cpp(1172): FAILED:
  CHECK( VoragoTest::verifiedAt(o, primary, ClaimRole::Primary) )
with expansion:
  false
with message:
  Slow Bloom primary S6 harmonic bloom: d 0, 2s(P) 3.52651, attrib -1, skip []

F:\projects\iterum\plugins\vorago\tests\integration\preset_sweep_test.cpp(1179): FAILED:
  CHECK( VoragoTest::verifiedAt(o, c, ClaimRole::Secondary) )
with expansion:
  false
with message:
  Slow Bloom secondary D14.1 breathing depth >= 0.7: d 0.95227, 2s(P) 3.52651,
  attrib -1, skip []

[sweep] index 9: computing / loading record...

Hull Resonance (index 9): primary S10 acoustic body, 3 secondaries, s(P) 1.6257
  cell                         claim state conj rend           d      2s(P)     attrib  sec pri  skip
  S1 noise organism                  yes   yes  yes       2.1199     3.2513    -1.0000  yes NO   
  S2 resonance drift                 yes   yes  yes       0.4769     3.2513    -1.0000  NO  NO   
  S3 spectral smear                  yes   yes  yes       4.9092     3.2513    -1.0000  yes yes  
  S4 feedback ecology                yes   yes  yes       0.0014     3.2513    -1.0000  NO  NO   
  S5 subharmonic                     yes   yes  yes       1.4578     3.2513    -1.0000  NO  NO   
  S6 harmonic bloom                  yes   yes  yes       1.0685     3.2513    -1.0000  NO  NO   
  S7 ecosystem                       yes   yes  yes       4.7675     3.2513    -1.0000  yes yes  
  S8 cavern space                    yes   yes  yes       0.5087     3.2513    -1.0000  NO  NO   
  S9 ghost / atmosphere              yes   yes  yes       0.3691     3.2513    -1.0000  NO  NO   
  S10 acoustic body            PRI   yes   yes  yes       9.7696     3.2513    -1.0000  yes yes  
  M1 Darkness                        NO    yes  NO        0.0000     3.2513    -1.0000  NO  NO   M displacement
  M2 Age                             NO    yes  NO        0.0000     3.2513    -1.0000  NO  NO   M displacement
  M3 Density                         NO    yes  NO        0.0000     3.2513    -1.0000  NO  NO   M displacement
  M4 Movement                        NO    yes  NO        0.0000     3.2513    -1.0000  NO  NO   M displacement
  M5 Gravity                         NO    yes  NO        0.0000     3.2513    -1.0000  NO  NO   M displacement
  M6 Entropy                         NO    yes  NO        0.0000     3.2513    -1.0000  NO  NO   M displacement
  M7 Pressure                        NO    yes  NO        0.0000     3.2513    -1.0000  NO  NO   M displacement
  M8 Weight                          NO    yes  NO        0.0000     3.2513    -1.0000  NO  NO   M displacement
  M9 Fog                             NO    yes  NO        0.0000     3.2513    -1.0000  NO  NO   M displacement
  M10 Life                           NO    yes  NO        0.0000     3.2513    -1.0000  NO  NO   M displacement
  M11 Depth                          NO    yes  NO        0.0000     3.2513    -1.0000  NO  NO   M displacement
  M12 Mass                           NO    yes  NO        0.0000     3.2513    -1.0000  NO  NO   M displacement
  E1 partial -> bloom                yes   yes  yes       5.8621    15.4104     5.6020  NO  NO   
  E2 resonator -> resonance peaks       yes   yes  yes       5.3392    14.8915     5.6020  NO  NO   
  E3 noise -> noise wake             yes   yes  yes       4.8062     4.0446     5.6020  NO  NO   
  E4 feedback -> loop wake           yes   yes  yes       5.6019    15.2405     5.6020  NO  NO   
  E5 ghost -> ghost bursts           yes   yes  yes       5.4877    14.5660     5.6020  NO  NO   
  E6.hi ecosystem sync rate high       NO    yes  NO        0.0000     3.2513    -1.0000  NO  NO   side predicate
  E7.hi ecosystem self-affinity high       NO    yes  NO        0.0000     3.2513    -1.0000  NO  NO   side predicate
  D1.1 material Glass                NO    yes  NO        0.0000     0.0000    -1.0000  NO  NO   state-only kind
  D1.2 material Strings              NO    yes  NO        0.0000     0.0000    -1.0000  NO  NO   state-only kind
  D1.3 material MetalPlate           NO    yes  NO        0.0000     0.0000    -1.0000  NO  NO   state-only kind
  D1.4 material Chamber              NO    yes  NO        0.0000     0.0000    -1.0000  NO  NO   state-only kind
  D1.5 material Ice                  NO    yes  NO        0.0000     0.0000    -1.0000  NO  NO   state-only kind
  D1.6 material StoneChamber   sec   yes   yes  NO        0.0000     0.0000    -1.0000  yes NO   state-only kind
  D1.7 material SteelTank      sec   yes   yes  NO        0.0000     0.0000    -1.0000  yes NO   state-only kind
  D1.8 material WoodenHull           NO    yes  NO        0.0000     0.0000    -1.0000  NO  NO   state-only kind
  D1.9 material CathedralColumn       NO    yes  NO        0.0000     0.0000    -1.0000  NO  NO   state-only kind
  D1.10 material CavernWall          NO    yes  NO        0.0000     0.0000    -1.0000  NO  NO   state-only kind
  D1.11 material GlassSphere         NO    yes  NO        0.0000     0.0000    -1.0000  NO  NO   state-only kind
  D2 body blend both heard     sec   yes   yes  NO        0.0000     0.0000    -1.0000  yes NO   state-only kind
  D3.1 noise model Direct            yes   yes  yes       2.1199     0.0000    -1.0000  yes NO   
  D3.2 noise model FilteredWind       yes   yes  yes       2.1199     0.0000    -1.0000  yes NO   
  D3.3 noise model GranularDust       yes   yes  yes       2.1199     0.0000    -1.0000  yes NO   
  D3.4 noise model MetallicHiss       yes   yes  yes       2.1199     0.0000    -1.0000  yes NO   
  D4.1 noise type White              NO    yes  NO        0.0000     0.0000    -1.0000  NO  NO   state-only kind
  D4.2 noise type Pink               NO    yes  NO        0.0000     0.0000    -1.0000  NO  NO   state-only kind
  D4.3 noise type TapeHiss           NO    yes  NO        0.0000     0.0000    -1.0000  NO  NO   state-only kind
  D4.4 noise type VinylCrackle       NO    yes  NO        0.0000     0.0000    -1.0000  NO  NO   state-only kind
  D4.5 noise type Asperity           NO    yes  NO        0.0000     0.0000    -1.0000  NO  NO   state-only kind
  D4.6 noise type Brown              yes   yes  NO        0.0000     0.0000    -1.0000  yes NO   state-only kind
  D4.7 noise type Blue               NO    yes  NO        0.0000     0.0000    -1.0000  NO  NO   state-only kind
  D4.8 noise type Violet             NO    yes  NO        0.0000     0.0000    -1.0000  NO  NO   state-only kind
  D4.9 noise type Grey               NO    yes  NO        0.0000     0.0000    -1.0000  NO  NO   state-only kind
  D4.10 noise type Velvet            NO    yes  NO        0.0000     0.0000    -1.0000  NO  NO   state-only kind
  D4.11 noise type VinylRumble       NO    yes  NO        0.0000     0.0000    -1.0000  NO  NO   state-only kind
  D4.12 noise type RadioStatic       NO    yes  NO        0.0000     0.0000    -1.0000  NO  NO   state-only kind
  D5.1 anchor Free                   NO    NO   NO        0.0000     0.0000    -1.0000  NO  NO   state-only kind
  D5.2 anchor Keyed                  NO    NO   NO        0.0000     0.0000    -1.0000  NO  NO   state-only kind
  D5.3 anchor Hybrid                 yes   NO   NO        0.0000     0.0000    -1.0000  NO  NO   state-only kind
  D6.1 loop filter Lowpass           yes   NO   NO        0.0000     0.0000    -1.0000  NO  NO   state-only kind
  D6.2 loop filter Bandpass          NO    NO   NO        0.0000     0.0000    -1.0000  NO  NO   state-only kind
  D6.3 loop filter Highpass          NO    NO   NO        0.0000     0.0000    -1.0000  NO  NO   state-only kind
  D7.1 loudest sub f/2               yes   NO   NO        0.0000     0.0000    -1.0000  NO  NO   state-only kind
  D7.2 loudest sub f/4               NO    NO   NO        0.0000     0.0000    -1.0000  NO  NO   state-only kind
  D7.3 loudest sub fifth below       NO    NO   NO        0.0000     0.0000    -1.0000  NO  NO   state-only kind
  D8.1 envelope Standard             yes   yes  NO        0.0000     0.0000    -1.0000  yes NO   state-only kind
  D8.2 envelope Growth               NO    yes  NO        0.0000     0.0000    -1.0000  NO  NO   state-only kind
  D9.1 attack span <= 10 s           NO    yes  NO        0.0000     0.0000    -1.0000  NO  NO   state-only kind
  D9.2 attack span >= 90 s           yes   yes  NO        0.0000     0.0000    -1.0000  yes NO   state-only kind
  D10.1 freeze holds a field         NO    NO   NO        0.0000     0.0000    -1.0000  NO  NO   state-only kind
  D10.2 freeze off                   yes   yes  NO        0.0000     0.0000    -1.0000  yes NO   state-only kind
  D11 ghost reverse >= 0.5           NO    NO   NO        0.0000     0.0000    -1.0000  NO  NO   state-only kind
  D12.1 ghost event triggers on       NO    NO   NO        0.0000     0.0000    -1.0000  NO  NO   state-only kind
  D12.2 ghost event triggers off       yes   yes  NO        0.0000     0.0000    -1.0000  yes NO   state-only kind
  D13.1 event rate scale <= 0.3       NO    yes  NO        0.0000     3.2513    -1.0000  NO  NO   state false
  D13.2 event rate scale >= 3.0       NO    yes  NO        0.0000     3.2513    -1.0000  NO  NO   state false
  D14.1 breathing depth >= 0.7       NO    yes  NO        0.0000     3.2513    -1.0000  NO  NO   state false
  D14.2 tidal depth >= 0.7           NO    yes  NO        0.0000     3.2513    -1.0000  NO  NO   state false
[sweep] index 13: computing / loading record...

Drifting Strata (index 13): primary M4 Movement, 1 secondaries, s(P) 2.3849
  cell                         claim state conj rend           d      2s(P)     attrib  sec pri  skip
  S1 noise organism                  yes   yes  yes       3.4616     4.7698    -1.0000  yes NO   
  S2 resonance drift                 yes   yes  yes       4.5657     4.7698    -1.0000  yes yes  
  S3 spectral smear                  yes   yes  yes       1.8807     4.7698    -1.0000  yes NO   
  S4 feedback ecology                yes   yes  yes       0.0010     4.7698    -1.0000  NO  NO   
  S5 subharmonic                     yes   yes  yes       0.6215     4.7698    -1.0000  NO  NO   
  S6 harmonic bloom                  yes   yes  yes       0.0015     4.7698    -1.0000  NO  NO   
  S7 ecosystem                       yes   yes  yes       7.2062     4.7698    -1.0000  yes yes  
  S8 cavern space                    yes   yes  yes       0.7975     4.7698    -1.0000  NO  NO   
  S9 ghost / atmosphere              yes   yes  yes       2.9514     4.7698    -1.0000  yes NO   
  S10 acoustic body                  yes   yes  yes      13.3389     4.7698    -1.0000  yes yes  
  M1 Darkness                        NO    yes  NO        0.0000     4.7698    -1.0000  NO  NO   M displacement
  M2 Age                             NO    yes  NO        0.0000     4.7698    -1.0000  NO  NO   M displacement
  M3 Density                         NO    yes  NO        0.0000     4.7698    -1.0000  NO  NO   M displacement
  M4 Movement                  PRI   yes   yes  yes       3.0007     4.7698    -1.0000  yes NO   
  M5 Gravity                         NO    yes  NO        0.0000     4.7698    -1.0000  NO  NO   M displacement
  M6 Entropy                         NO    yes  NO        0.0000     4.7698    -1.0000  NO  NO   M displacement
  M7 Pressure                        NO    yes  NO        0.0000     4.7698    -1.0000  NO  NO   M displacement
  M8 Weight                          NO    yes  NO        0.0000     4.7698    -1.0000  NO  NO   M displacement
  M9 Fog                             NO    yes  NO        0.0000     4.7698    -1.0000  NO  NO   M displacement
  M10 Life                           NO    yes  NO        0.0000     4.7698    -1.0000  NO  NO   M displacement
  M11 Depth                          NO    yes  NO        0.0000     4.7698    -1.0000  NO  NO   M displacement
  M12 Mass                           NO    yes  NO        0.0000     4.7698    -1.0000  NO  NO   M displacement
  E1 partial -> bloom                yes   yes  yes       1.3001     6.6254     1.0113  NO  NO   
  E2 resonator -> resonance peaks       yes   yes  yes       4.4833     6.7820     1.0113  yes yes  
  E3 noise -> noise wake             yes   yes  yes       2.0026     4.5673     1.0113  NO  NO   
  E4 feedback -> loop wake           yes   yes  yes       1.0107     6.6242     1.0113  NO  NO   
  E5 ghost -> ghost bursts           yes   yes  yes       2.2999     7.1653     1.0113  NO  NO   
  E6.hi ecosystem sync rate high       NO    yes  NO        0.0000     4.7698    -1.0000  NO  NO   side predicate
  E7.hi ecosystem self-affinity high       NO    yes  NO        0.0000     4.7698    -1.0000  NO  NO   side predicate
  D1.1 material Glass                NO    yes  NO        0.0000     0.0000    -1.0000  NO  NO   state-only kind
  D1.2 material Strings              NO    yes  NO        0.0000     0.0000    -1.0000  NO  NO   state-only kind
  D1.3 material MetalPlate           NO    yes  NO        0.0000     0.0000    -1.0000  NO  NO   state-only kind
  D1.4 material Chamber              NO    yes  NO        0.0000     0.0000    -1.0000  NO  NO   state-only kind
  D1.5 material Ice                  NO    yes  NO        0.0000     0.0000    -1.0000  NO  NO   state-only kind
  D1.6 material StoneChamber         yes   yes  NO        0.0000     0.0000    -1.0000  yes NO   state-only kind
  D1.7 material SteelTank            yes   yes  NO        0.0000     0.0000    -1.0000  yes NO   state-only kind
  D1.8 material WoodenHull           NO    yes  NO        0.0000     0.0000    -1.0000  NO  NO   state-only kind
  D1.9 material CathedralColumn       NO    yes  NO        0.0000     0.0000    -1.0000  NO  NO   state-only kind
  D1.10 material CavernWall          NO    yes  NO        0.0000     0.0000    -1.0000  NO  NO   state-only kind
  D1.11 material GlassSphere         NO    yes  NO        0.0000     0.0000    -1.0000  NO  NO   state-only kind
  D2 body blend both heard           yes   yes  NO        0.0000     0.0000    -1.0000  yes NO   state-only kind
  D3.1 noise model Direct            yes   yes  yes       3.4616     0.0000    -1.0000  yes NO   
  D3.2 noise model FilteredWind       yes   yes  yes       3.4616     0.0000    -1.0000  yes NO   
  D3.3 noise model GranularDust       yes   yes  yes       3.4616     0.0000    -1.0000  yes NO   
  D3.4 noise model MetallicHiss       yes   yes  yes       3.4616     0.0000    -1.0000  yes NO   
  D4.1 noise type White              NO    yes  NO        0.0000     0.0000    -1.0000  NO  NO   state-only kind
  D4.2 noise type Pink               NO    yes  NO        0.0000     0.0000    -1.0000  NO  NO   state-only kind
  D4.3 noise type TapeHiss           NO    yes  NO        0.0000     0.0000    -1.0000  NO  NO   state-only kind
  D4.4 noise type VinylCrackle       NO    yes  NO        0.0000     0.0000    -1.0000  NO  NO   state-only kind
  D4.5 noise type Asperity           NO    yes  NO        0.0000     0.0000    -1.0000  NO  NO   state-only kind
  D4.6 noise type Brown              yes   yes  NO        0.0000     0.0000    -1.0000  yes NO   state-only kind
  D4.7 noise type Blue               NO    yes  NO        0.0000     0.0000    -1.0000  NO  NO   state-only kind
  D4.8 noise type Violet             NO    yes  NO        0.0000     0.0000    -1.0000  NO  NO   state-only kind
  D4.9 noise type Grey               NO    yes  NO        0.0000     0.0000    -1.0000  NO  NO   state-only kind
  D4.10 noise type Velvet            NO    yes  NO        0.0000     0.0000    -1.0000  NO  NO   state-only kind
  D4.11 noise type VinylRumble       NO    yes  NO        0.0000     0.0000    -1.0000  NO  NO   state-only kind
  D4.12 noise type RadioStatic       NO    yes  NO        0.0000     0.0000    -1.0000  NO  NO   state-only kind
  D5.1 anchor Free                   NO    yes  NO        0.0000     0.0000    -1.0000  NO  NO   state-only kind
  D5.2 anchor Keyed                  NO    yes  NO        0.0000     0.0000    -1.0000  NO  NO   state-only kind
  D5.3 anchor Hybrid                 yes   yes  NO        0.0000     0.0000    -1.0000  yes NO   state-only kind
  D6.1 loop filter Lowpass           yes   NO   NO        0.0000     0.0000    -1.0000  NO  NO   state-only kind
  D6.2 loop filter Bandpass          NO    NO   NO        0.0000     0.0000    -1.0000  NO  NO   state-only kind
  D6.3 loop filter Highpass          NO    NO   NO        0.0000     0.0000    -1.0000  NO  NO   state-only kind
  D7.1 loudest sub f/2               yes   NO   NO        0.0000     0.0000    -1.0000  NO  NO   state-only kind
  D7.2 loudest sub f/4               NO    NO   NO        0.0000     0.0000    -1.0000  NO  NO   state-only kind
  D7.3 loudest sub fifth below       NO    NO   NO        0.0000     0.0000    -1.0000  NO  NO   state-only kind
  D8.1 envelope Standard             yes   yes  NO        0.0000     0.0000    -1.0000  yes NO   state-only kind
  D8.2 envelope Growth               NO    yes  NO        0.0000     0.0000    -1.0000  NO  NO   state-only kind
  D9.1 attack span <= 10 s           NO    yes  NO        0.0000     0.0000    -1.0000  NO  NO   state-only kind
  D9.2 attack span >= 90 s           yes   yes  NO        0.0000     0.0000    -1.0000  yes NO   state-only kind
  D10.1 freeze holds a field         NO    NO   NO        0.0000     0.0000    -1.0000  NO  NO   state-only kind
  D10.2 freeze off                   yes   yes  NO        0.0000     0.0000    -1.0000  yes NO   state-only kind
  D11 ghost reverse >= 0.5           NO    yes  NO        0.0000     0.0000    -1.0000  NO  NO   state-only kind
  D12.1 ghost event triggers on       NO    yes  NO        0.0000     0.0000    -1.0000  NO  NO   state-only kind
  D12.2 ghost event triggers off       yes   yes  NO        0.0000     0.0000    -1.0000  yes NO   state-only kind
  D13.1 event rate scale <= 0.3       NO    yes  NO        0.0000     4.7698    -1.0000  NO  NO   state false
  D13.2 event rate scale >= 3.0       NO    yes  NO        0.0000     4.7698    -1.0000  NO  NO   state false
  D14.1 breathing depth >= 0.7       NO    yes  NO        0.0000     4.7698    -1.0000  NO  NO   state false
  D14.2 tidal depth >= 0.7     sec   yes   yes  yes       0.0050     4.7698    -1.0000  NO  NO   
F:\projects\iterum\plugins\vorago\tests\integration\preset_sweep_test.cpp(1172): FAILED:
  CHECK( VoragoTest::verifiedAt(o, primary, ClaimRole::Primary) )
with expansion:
  false
with message:
  Drifting Strata primary M4 Movement: d 3.0007, 2s(P) 4.76981, attrib -1, skip
  []

F:\projects\iterum\plugins\vorago\tests\integration\preset_sweep_test.cpp(1179): FAILED:
  CHECK( VoragoTest::verifiedAt(o, c, ClaimRole::Secondary) )
with expansion:
  false
with message:
  Drifting Strata secondary D14.2 tidal depth >= 0.7: d 0.00497042, 2s(P) 4.
  76981, attrib -1, skip []

[sweep] index 17: computing / loading record...

Weighted Deep (index 17): primary M8 Weight, 1 secondaries, s(P) 5.8217
  cell                         claim state conj rend           d      2s(P)     attrib  sec pri  skip
  S1 noise organism                  yes   yes  yes       0.0574    11.6434    -1.0000  NO  NO   
  S2 resonance drift                 yes   yes  yes       1.6658    11.6434    -1.0000  yes NO   
  S3 spectral smear                  yes   yes  yes       3.4466    11.6434    -1.0000  yes NO   
  S4 feedback ecology                yes   yes  yes       0.0009    11.6434    -1.0000  NO  NO   
  S5 subharmonic                     yes   yes  yes       1.6279    11.6434    -1.0000  yes NO   
  S6 harmonic bloom                  yes   yes  yes       0.0040    11.6434    -1.0000  NO  NO   
  S7 ecosystem                       yes   yes  yes       3.3251    11.6434    -1.0000  yes NO   
  S8 cavern space                    yes   yes  yes       0.4628    11.6434    -1.0000  NO  NO   
  S9 ghost / atmosphere              yes   yes  yes       1.4490    11.6434    -1.0000  NO  NO   
  S10 acoustic body                  yes   yes  yes      11.0253    11.6434    -1.0000  yes yes  
  M1 Darkness                        NO    yes  NO        0.0000    11.6434    -1.0000  NO  NO   M displacement
  M2 Age                             NO    yes  NO        0.0000    11.6434    -1.0000  NO  NO   M displacement
  M3 Density                         NO    yes  NO        0.0000    11.6434    -1.0000  NO  NO   M displacement
  M4 Movement                        NO    yes  NO        0.0000    11.6434    -1.0000  NO  NO   M displacement
  M5 Gravity                         NO    yes  NO        0.0000    11.6434    -1.0000  NO  NO   M displacement
  M6 Entropy                         NO    yes  NO        0.0000    11.6434    -1.0000  NO  NO   M displacement
  M7 Pressure                        NO    yes  NO        0.0000    11.6434    -1.0000  NO  NO   M displacement
  M8 Weight                    PRI   yes   yes  yes       4.8460    11.6434    -1.0000  yes yes  
  M9 Fog                             NO    yes  NO        0.0000    11.6434    -1.0000  NO  NO   M displacement
  M10 Life                           NO    yes  NO        0.0000    11.6434    -1.0000  NO  NO   M displacement
  M11 Depth                          NO    yes  NO        0.0000    11.6434    -1.0000  NO  NO   M displacement
  M12 Mass                           NO    yes  NO        0.0000    11.6434    -1.0000  NO  NO   M displacement
  E1 partial -> bloom                yes   yes  yes       0.9261    11.3657     0.9225  NO  NO   
  E2 resonator -> resonance peaks       yes   yes  yes       1.9028     9.1985     0.9225  NO  NO   
  E3 noise -> noise wake             yes   yes  yes       0.9364    11.5151     0.9225  NO  NO   
  E4 feedback -> loop wake           yes   yes  yes       0.9218    11.3654     0.9225  NO  NO   
  E5 ghost -> ghost bursts           yes   yes  yes       1.5357    10.6623     0.9225  NO  NO   
  E6.hi ecosystem sync rate high       NO    yes  NO        0.0000    11.6434    -1.0000  NO  NO   side predicate
  E7.hi ecosystem self-affinity high       NO    yes  NO        0.0000    11.6434    -1.0000  NO  NO   side predicate
  D1.1 material Glass                NO    yes  NO        0.0000     0.0000    -1.0000  NO  NO   state-only kind
  D1.2 material Strings              NO    yes  NO        0.0000     0.0000    -1.0000  NO  NO   state-only kind
  D1.3 material MetalPlate           NO    yes  NO        0.0000     0.0000    -1.0000  NO  NO   state-only kind
  D1.4 material Chamber              NO    yes  NO        0.0000     0.0000    -1.0000  NO  NO   state-only kind
  D1.5 material Ice                  NO    yes  NO        0.0000     0.0000    -1.0000  NO  NO   state-only kind
  D1.6 material StoneChamber         yes   yes  NO        0.0000     0.0000    -1.0000  yes NO   state-only kind
  D1.7 material SteelTank            NO    yes  NO        0.0000     0.0000    -1.0000  NO  NO   state-only kind
  D1.8 material WoodenHull           NO    yes  NO        0.0000     0.0000    -1.0000  NO  NO   state-only kind
  D1.9 material CathedralColumn       NO    yes  NO        0.0000     0.0000    -1.0000  NO  NO   state-only kind
  D1.10 material CavernWall          NO    yes  NO        0.0000     0.0000    -1.0000  NO  NO   state-only kind
  D1.11 material GlassSphere         NO    yes  NO        0.0000     0.0000    -1.0000  NO  NO   state-only kind
  D2 body blend both heard           NO    yes  NO        0.0000     0.0000    -1.0000  NO  NO   state-only kind
  D3.1 noise model Direct            yes   NO   yes       0.0574     0.0000    -1.0000  NO  NO   
  D3.2 noise model FilteredWind       yes   NO   yes       0.0574     0.0000    -1.0000  NO  NO   
  D3.3 noise model GranularDust       yes   NO   yes       0.0574     0.0000    -1.0000  NO  NO   
  D3.4 noise model MetallicHiss       yes   NO   yes       0.0574     0.0000    -1.0000  NO  NO   
  D4.1 noise type White              NO    NO   NO        0.0000     0.0000    -1.0000  NO  NO   state-only kind
  D4.2 noise type Pink               NO    NO   NO        0.0000     0.0000    -1.0000  NO  NO   state-only kind
  D4.3 noise type TapeHiss           NO    NO   NO        0.0000     0.0000    -1.0000  NO  NO   state-only kind
  D4.4 noise type VinylCrackle       NO    NO   NO        0.0000     0.0000    -1.0000  NO  NO   state-only kind
  D4.5 noise type Asperity           NO    NO   NO        0.0000     0.0000    -1.0000  NO  NO   state-only kind
  D4.6 noise type Brown              yes   NO   NO        0.0000     0.0000    -1.0000  NO  NO   state-only kind
  D4.7 noise type Blue               NO    NO   NO        0.0000     0.0000    -1.0000  NO  NO   state-only kind
  D4.8 noise type Violet             NO    NO   NO        0.0000     0.0000    -1.0000  NO  NO   state-only kind
  D4.9 noise type Grey               NO    NO   NO        0.0000     0.0000    -1.0000  NO  NO   state-only kind
  D4.10 noise type Velvet            NO    NO   NO        0.0000     0.0000    -1.0000  NO  NO   state-only kind
  D4.11 noise type VinylRumble       NO    NO   NO        0.0000     0.0000    -1.0000  NO  NO   state-only kind
  D4.12 noise type RadioStatic       NO    NO   NO        0.0000     0.0000    -1.0000  NO  NO   state-only kind
  D5.1 anchor Free                   NO    yes  NO        0.0000     0.0000    -1.0000  NO  NO   state-only kind
  D5.2 anchor Keyed                  NO    yes  NO        0.0000     0.0000    -1.0000  NO  NO   state-only kind
  D5.3 anchor Hybrid                 yes   yes  NO        0.0000     0.0000    -1.0000  yes NO   state-only kind
  D6.1 loop filter Lowpass           yes   NO   NO        0.0000     0.0000    -1.0000  NO  NO   state-only kind
  D6.2 loop filter Bandpass          NO    NO   NO        0.0000     0.0000    -1.0000  NO  NO   state-only kind
  D6.3 loop filter Highpass          NO    NO   NO        0.0000     0.0000    -1.0000  NO  NO   state-only kind
  D7.1 loudest sub f/2               NO    yes  NO        0.0000     0.0000    -1.0000  NO  NO   state-only kind
  D7.2 loudest sub f/4         sec   yes   yes  NO        0.0000     0.0000    -1.0000  yes NO   state-only kind
  D7.3 loudest sub fifth below       NO    yes  NO        0.0000     0.0000    -1.0000  NO  NO   state-only kind
  D8.1 envelope Standard             yes   yes  NO        0.0000     0.0000    -1.0000  yes NO   state-only kind
  D8.2 envelope Growth               NO    yes  NO        0.0000     0.0000    -1.0000  NO  NO   state-only kind
  D9.1 attack span <= 10 s           NO    yes  NO        0.0000     0.0000    -1.0000  NO  NO   state-only kind
  D9.2 attack span >= 90 s           yes   yes  NO        0.0000     0.0000    -1.0000  yes NO   state-only kind
  D10.1 freeze holds a field         NO    NO   NO        0.0000     0.0000    -1.0000  NO  NO   state-only kind
  D10.2 freeze off                   yes   yes  NO        0.0000     0.0000    -1.0000  yes NO   state-only kind
  D11 ghost reverse >= 0.5           NO    NO   NO        0.0000     0.0000    -1.0000  NO  NO   state-only kind
  D12.1 ghost event triggers on       NO    NO   NO        0.0000     0.0000    -1.0000  NO  NO   state-only kind
  D12.2 ghost event triggers off       yes   yes  NO        0.0000     0.0000    -1.0000  yes NO   state-only kind
  D13.1 event rate scale <= 0.3       NO    yes  NO        0.0000    11.6434    -1.0000  NO  NO   state false
  D13.2 event rate scale >= 3.0       NO    yes  NO        0.0000    11.6434    -1.0000  NO  NO   state false
  D14.1 breathing depth >= 0.7       NO    yes  NO        0.0000    11.6434    -1.0000  NO  NO   state false
  D14.2 tidal depth >= 0.7           NO    yes  NO        0.0000    11.6434    -1.0000  NO  NO   state false
[sweep] index 21: computing / loading record...

Monolith (index 21): primary M12 Mass, 1 secondaries, s(P) 8.1630
  cell                         claim state conj rend           d      2s(P)     attrib  sec pri  skip
  S1 noise organism                  yes   yes  yes       0.0379    16.3261    -1.0000  NO  NO   
  S2 resonance drift                 yes   yes  yes       0.8272    16.3261    -1.0000  NO  NO   
  S3 spectral smear                  yes   yes  yes       1.7580    16.3261    -1.0000  yes NO   
  S4 feedback ecology                yes   yes  yes       0.0019    16.3261    -1.0000  NO  NO   
  S5 subharmonic                     yes   yes  yes       4.6508    16.3261    -1.0000  yes yes  
  S6 harmonic bloom                  yes   yes  yes       0.3551    16.3261    -1.0000  NO  NO   
  S7 ecosystem                       yes   yes  yes       0.8744    16.3261    -1.0000  NO  NO   
  S8 cavern space                    yes   yes  yes       0.2243    16.3261    -1.0000  NO  NO   
  S9 ghost / atmosphere              yes   yes  yes       0.9431    16.3261    -1.0000  NO  NO   
  S10 acoustic body                  yes   yes  yes      13.7707    16.3261    -1.0000  yes yes  
  M1 Darkness                        NO    yes  NO        0.0000    16.3261    -1.0000  NO  NO   M displacement
  M2 Age                             NO    yes  NO        0.0000    16.3261    -1.0000  NO  NO   M displacement
  M3 Density                         NO    yes  NO        0.0000    16.3261    -1.0000  NO  NO   M displacement
  M4 Movement                        NO    yes  NO        0.0000    16.3261    -1.0000  NO  NO   M displacement
  M5 Gravity                         NO    yes  NO        0.0000    16.3261    -1.0000  NO  NO   M displacement
  M6 Entropy                         NO    yes  NO        0.0000    16.3261    -1.0000  NO  NO   M displacement
  M7 Pressure                        NO    yes  NO        0.0000    16.3261    -1.0000  NO  NO   M displacement
  M8 Weight                          NO    yes  NO        0.0000    16.3261    -1.0000  NO  NO   M displacement
  M9 Fog                             NO    yes  NO        0.0000    16.3261    -1.0000  NO  NO   M displacement
  M10 Life                           NO    yes  NO        0.0000    16.3261    -1.0000  NO  NO   M displacement
  M11 Depth                          NO    yes  NO        0.0000    16.3261    -1.0000  NO  NO   M displacement
  M12 Mass                     PRI   yes   yes  yes       3.3670    16.3261    -1.0000  yes NO   
  E1 partial -> bloom                yes   yes  yes       0.6025     2.5972     0.8103  NO  NO   
  E2 resonator -> resonance peaks       yes   yes  yes       0.9054     7.6078     0.8103  NO  NO   
  E3 noise -> noise wake             yes   yes  yes       0.8328     2.7016     0.8103  NO  NO   
  E4 feedback -> loop wake           yes   yes  yes       0.8076     2.4154     0.8103  NO  NO   
  E5 ghost -> ghost bursts           yes   yes  yes       0.6923     2.7127     0.8103  NO  NO   
  E6.hi ecosystem sync rate high       NO    yes  NO        0.0000    16.3261    -1.0000  NO  NO   side predicate
  E7.hi ecosystem self-affinity high       NO    yes  NO        0.0000    16.3261    -1.0000  NO  NO   side predicate
  D1.1 material Glass                NO    yes  NO        0.0000     0.0000    -1.0000  NO  NO   state-only kind
  D1.2 material Strings              NO    yes  NO        0.0000     0.0000    -1.0000  NO  NO   state-only kind
  D1.3 material MetalPlate           NO    yes  NO        0.0000     0.0000    -1.0000  NO  NO   state-only kind
  D1.4 material Chamber              NO    yes  NO        0.0000     0.0000    -1.0000  NO  NO   state-only kind
  D1.5 material Ice                  NO    yes  NO        0.0000     0.0000    -1.0000  NO  NO   state-only kind
  D1.6 material StoneChamber         yes   yes  NO        0.0000     0.0000    -1.0000  yes NO   state-only kind
  D1.7 material SteelTank            yes   yes  NO        0.0000     0.0000    -1.0000  yes NO   state-only kind
  D1.8 material WoodenHull           NO    yes  NO        0.0000     0.0000    -1.0000  NO  NO   state-only kind
  D1.9 material CathedralColumn       NO    yes  NO        0.0000     0.0000    -1.0000  NO  NO   state-only kind
  D1.10 material CavernWall          NO    yes  NO        0.0000     0.0000    -1.0000  NO  NO   state-only kind
  D1.11 material GlassSphere         NO    yes  NO        0.0000     0.0000    -1.0000  NO  NO   state-only kind
  D2 body blend both heard           yes   yes  NO        0.0000     0.0000    -1.0000  yes NO   state-only kind
  D3.1 noise model Direct            yes   NO   yes       0.0379     0.0000    -1.0000  NO  NO   
  D3.2 noise model FilteredWind       yes   NO   yes       0.0379     0.0000    -1.0000  NO  NO   
  D3.3 noise model GranularDust       yes   NO   yes       0.0379     0.0000    -1.0000  NO  NO   
  D3.4 noise model MetallicHiss       yes   NO   yes       0.0379     0.0000    -1.0000  NO  NO   
  D4.1 noise type White              NO    NO   NO        0.0000     0.0000    -1.0000  NO  NO   state-only kind
  D4.2 noise type Pink               NO    NO   NO        0.0000     0.0000    -1.0000  NO  NO   state-only kind
  D4.3 noise type TapeHiss           NO    NO   NO        0.0000     0.0000    -1.0000  NO  NO   state-only kind
  D4.4 noise type VinylCrackle       NO    NO   NO        0.0000     0.0000    -1.0000  NO  NO   state-only kind
  D4.5 noise type Asperity           NO    NO   NO        0.0000     0.0000    -1.0000  NO  NO   state-only kind
  D4.6 noise type Brown              yes   NO   NO        0.0000     0.0000    -1.0000  NO  NO   state-only kind
  D4.7 noise type Blue               NO    NO   NO        0.0000     0.0000    -1.0000  NO  NO   state-only kind
  D4.8 noise type Violet             NO    NO   NO        0.0000     0.0000    -1.0000  NO  NO   state-only kind
  D4.9 noise type Grey               NO    NO   NO        0.0000     0.0000    -1.0000  NO  NO   state-only kind
  D4.10 noise type Velvet            NO    NO   NO        0.0000     0.0000    -1.0000  NO  NO   state-only kind
  D4.11 noise type VinylRumble       NO    NO   NO        0.0000     0.0000    -1.0000  NO  NO   state-only kind
  D4.12 noise type RadioStatic       NO    NO   NO        0.0000     0.0000    -1.0000  NO  NO   state-only kind
  D5.1 anchor Free                   NO    NO   NO        0.0000     0.0000    -1.0000  NO  NO   state-only kind
  D5.2 anchor Keyed                  NO    NO   NO        0.0000     0.0000    -1.0000  NO  NO   state-only kind
  D5.3 anchor Hybrid                 yes   NO   NO        0.0000     0.0000    -1.0000  NO  NO   state-only kind
  D6.1 loop filter Lowpass           yes   NO   NO        0.0000     0.0000    -1.0000  NO  NO   state-only kind
  D6.2 loop filter Bandpass          NO    NO   NO        0.0000     0.0000    -1.0000  NO  NO   state-only kind
  D6.3 loop filter Highpass          NO    NO   NO        0.0000     0.0000    -1.0000  NO  NO   state-only kind
  D7.1 loudest sub f/2         sec   yes   yes  NO        0.0000     0.0000    -1.0000  yes NO   state-only kind
  D7.2 loudest sub f/4               NO    yes  NO        0.0000     0.0000    -1.0000  NO  NO   state-only kind
  D7.3 loudest sub fifth below       NO    yes  NO        0.0000     0.0000    -1.0000  NO  NO   state-only kind
  D8.1 envelope Standard             yes   yes  NO        0.0000     0.0000    -1.0000  yes NO   state-only kind
  D8.2 envelope Growth               NO    yes  NO        0.0000     0.0000    -1.0000  NO  NO   state-only kind
  D9.1 attack span <= 10 s           NO    yes  NO        0.0000     0.0000    -1.0000  NO  NO   state-only kind
  D9.2 attack span >= 90 s           yes   yes  NO        0.0000     0.0000    -1.0000  yes NO   state-only kind
  D10.1 freeze holds a field         NO    NO   NO        0.0000     0.0000    -1.0000  NO  NO   state-only kind
  D10.2 freeze off                   yes   yes  NO        0.0000     0.0000    -1.0000  yes NO   state-only kind
  D11 ghost reverse >= 0.5           NO    NO   NO        0.0000     0.0000    -1.0000  NO  NO   state-only kind
  D12.1 ghost event triggers on       NO    NO   NO        0.0000     0.0000    -1.0000  NO  NO   state-only kind
  D12.2 ghost event triggers off       yes   yes  NO        0.0000     0.0000    -1.0000  yes NO   state-only kind
  D13.1 event rate scale <= 0.3       NO    NO   NO        0.0000    16.3261    -1.0000  NO  NO   state false
  D13.2 event rate scale >= 3.0       NO    NO   NO        0.0000    16.3261    -1.0000  NO  NO   state false
  D14.1 breathing depth >= 0.7       NO    yes  NO        0.0000    16.3261    -1.0000  NO  NO   state false
  D14.2 tidal depth >= 0.7           NO    yes  NO        0.0000    16.3261    -1.0000  NO  NO   state false
F:\projects\iterum\plugins\vorago\tests\integration\preset_sweep_test.cpp(1172): FAILED:
  CHECK( VoragoTest::verifiedAt(o, primary, ClaimRole::Primary) )
with expansion:
  false
with message:
  Monolith primary M12 Mass: d 3.36697, 2s(P) 16.3261, attrib -1, skip []

[sweep] index 25: computing / loading record...

Feeding Loops (index 25): primary E4 feedback -> loop wake, 0 secondaries, s(P) 1.2453
  cell                         claim state conj rend           d      2s(P)     attrib  sec pri  skip
  S1 noise organism                  yes   yes  yes       0.0431     2.4907    -1.0000  NO  NO   
  S2 resonance drift                 yes   yes  yes       2.7927     2.4907    -1.0000  yes NO   
  S3 spectral smear                  yes   yes  yes       7.5856     2.4907    -1.0000  yes yes  
  S4 feedback ecology                yes   yes  yes       2.7567     2.4907    -1.0000  yes NO   
  S5 subharmonic                     yes   yes  yes       2.7364     2.4907    -1.0000  yes NO   
  S6 harmonic bloom                  yes   yes  yes       0.0015     2.4907    -1.0000  NO  NO   
  S7 ecosystem                       yes   yes  yes       3.4988     2.4907    -1.0000  yes NO   
  S8 cavern space                    yes   yes  yes       1.3914     2.4907    -1.0000  NO  NO   
  S9 ghost / atmosphere              yes   yes  yes       0.1573     2.4907    -1.0000  NO  NO   
  S10 acoustic body                  yes   yes  yes      11.3090     2.4907    -1.0000  yes yes  
  M1 Darkness                        NO    yes  NO        0.0000     2.4907    -1.0000  NO  NO   M displacement
  M2 Age                             NO    yes  NO        0.0000     2.4907    -1.0000  NO  NO   M displacement
  M3 Density                         NO    yes  NO        0.0000     2.4907    -1.0000  NO  NO   M displacement
  M4 Movement                        NO    yes  NO        0.0000     2.4907    -1.0000  NO  NO   M displacement
  M5 Gravity                         NO    yes  NO        0.0000     2.4907    -1.0000  NO  NO   M displacement
  M6 Entropy                         NO    yes  NO        0.0000     2.4907    -1.0000  NO  NO   M displacement
  M7 Pressure                        NO    yes  NO        0.0000     2.4907    -1.0000  NO  NO   M displacement
  M8 Weight                          NO    yes  NO        0.0000     2.4907    -1.0000  NO  NO   M displacement
  M9 Fog                             NO    yes  NO        0.0000     2.4907    -1.0000  NO  NO   M displacement
  M10 Life                           NO    yes  NO        0.0000     2.4907    -1.0000  NO  NO   M displacement
  M11 Depth                          NO    yes  NO        0.0000     2.4907    -1.0000  NO  NO   M displacement
  M12 Mass                           NO    yes  NO        0.0000     2.4907    -1.0000  NO  NO   M displacement
  E1 partial -> bloom                yes   yes  yes       0.4499     4.2236     0.4488  NO  NO   
  E2 resonator -> resonance peaks       yes   yes  yes       0.7087     9.3279     0.4488  NO  NO   
  E3 noise -> noise wake             yes   yes  yes       0.4463     4.0752     0.4488  NO  NO   
  E4 feedback -> loop wake     PRI   yes   yes  yes       1.2203     4.0937     0.4488  NO  NO   
  E5 ghost -> ghost bursts           yes   yes  yes       0.4352     3.5064     0.4488  NO  NO   
  E6.hi ecosystem sync rate high       NO    yes  NO        0.0000     2.4907    -1.0000  NO  NO   side predicate
  E7.hi ecosystem self-affinity high       NO    yes  NO        0.0000     2.4907    -1.0000  NO  NO   side predicate
  D1.1 material Glass                NO    yes  NO        0.0000     0.0000    -1.0000  NO  NO   state-only kind
  D1.2 material Strings              NO    yes  NO        0.0000     0.0000    -1.0000  NO  NO   state-only kind
  D1.3 material MetalPlate           NO    yes  NO        0.0000     0.0000    -1.0000  NO  NO   state-only kind
  D1.4 material Chamber              NO    yes  NO        0.0000     0.0000    -1.0000  NO  NO   state-only kind
  D1.5 material Ice                  NO    yes  NO        0.0000     0.0000    -1.0000  NO  NO   state-only kind
  D1.6 material StoneChamber         yes   yes  NO        0.0000     0.0000    -1.0000  yes NO   state-only kind
  D1.7 material SteelTank            yes   yes  NO        0.0000     0.0000    -1.0000  yes NO   state-only kind
  D1.8 material WoodenHull           NO    yes  NO        0.0000     0.0000    -1.0000  NO  NO   state-only kind
  D1.9 material CathedralColumn       NO    yes  NO        0.0000     0.0000    -1.0000  NO  NO   state-only kind
  D1.10 material CavernWall          NO    yes  NO        0.0000     0.0000    -1.0000  NO  NO   state-only kind
  D1.11 material GlassSphere         NO    yes  NO        0.0000     0.0000    -1.0000  NO  NO   state-only kind
  D2 body blend both heard           yes   yes  NO        0.0000     0.0000    -1.0000  yes NO   state-only kind
  D3.1 noise model Direct            yes   NO   yes       0.0431     0.0000    -1.0000  NO  NO   
  D3.2 noise model FilteredWind       yes   NO   yes       0.0431     0.0000    -1.0000  NO  NO   
  D3.3 noise model GranularDust       yes   NO   yes       0.0431     0.0000    -1.0000  NO  NO   
  D3.4 noise model MetallicHiss       yes   NO   yes       0.0431     0.0000    -1.0000  NO  NO   
  D4.1 noise type White              NO    NO   NO        0.0000     0.0000    -1.0000  NO  NO   state-only kind
  D4.2 noise type Pink               NO    NO   NO        0.0000     0.0000    -1.0000  NO  NO   state-only kind
  D4.3 noise type TapeHiss           NO    NO   NO        0.0000     0.0000    -1.0000  NO  NO   state-only kind
  D4.4 noise type VinylCrackle       NO    NO   NO        0.0000     0.0000    -1.0000  NO  NO   state-only kind
  D4.5 noise type Asperity           NO    NO   NO        0.0000     0.0000    -1.0000  NO  NO   state-only kind
  D4.6 noise type Brown              yes   NO   NO        0.0000     0.0000    -1.0000  NO  NO   state-only kind
  D4.7 noise type Blue               NO    NO   NO        0.0000     0.0000    -1.0000  NO  NO   state-only kind
  D4.8 noise type Violet             NO    NO   NO        0.0000     0.0000    -1.0000  NO  NO   state-only kind
  D4.9 noise type Grey               NO    NO   NO        0.0000     0.0000    -1.0000  NO  NO   state-only kind
  D4.10 noise type Velvet            NO    NO   NO        0.0000     0.0000    -1.0000  NO  NO   state-only kind
  D4.11 noise type VinylRumble       NO    NO   NO        0.0000     0.0000    -1.0000  NO  NO   state-only kind
  D4.12 noise type RadioStatic       NO    NO   NO        0.0000     0.0000    -1.0000  NO  NO   state-only kind
  D5.1 anchor Free                   NO    yes  NO        0.0000     0.0000    -1.0000  NO  NO   state-only kind
  D5.2 anchor Keyed                  NO    yes  NO        0.0000     0.0000    -1.0000  NO  NO   state-only kind
  D5.3 anchor Hybrid                 yes   yes  NO        0.0000     0.0000    -1.0000  yes NO   state-only kind
  D6.1 loop filter Lowpass           yes   yes  NO        0.0000     0.0000    -1.0000  yes NO   state-only kind
  D6.2 loop filter Bandpass          yes   yes  NO        0.0000     0.0000    -1.0000  yes NO   state-only kind
  D6.3 loop filter Highpass          NO    yes  NO        0.0000     0.0000    -1.0000  NO  NO   state-only kind
  D7.1 loudest sub f/2               yes   yes  NO        0.0000     0.0000    -1.0000  yes NO   state-only kind
  D7.2 loudest sub f/4               NO    yes  NO        0.0000     0.0000    -1.0000  NO  NO   state-only kind
  D7.3 loudest sub fifth below       NO    yes  NO        0.0000     0.0000    -1.0000  NO  NO   state-only kind
  D8.1 envelope Standard             yes   yes  NO        0.0000     0.0000    -1.0000  yes NO   state-only kind
  D8.2 envelope Growth               NO    yes  NO        0.0000     0.0000    -1.0000  NO  NO   state-only kind
  D9.1 attack span <= 10 s           NO    yes  NO        0.0000     0.0000    -1.0000  NO  NO   state-only kind
  D9.2 attack span >= 90 s           yes   yes  NO        0.0000     0.0000    -1.0000  yes NO   state-only kind
  D10.1 freeze holds a field         NO    NO   NO        0.0000     0.0000    -1.0000  NO  NO   state-only kind
  D10.2 freeze off                   yes   yes  NO        0.0000     0.0000    -1.0000  yes NO   state-only kind
  D11 ghost reverse >= 0.5           NO    NO   NO        0.0000     0.0000    -1.0000  NO  NO   state-only kind
  D12.1 ghost event triggers on       NO    NO   NO        0.0000     0.0000    -1.0000  NO  NO   state-only kind
  D12.2 ghost event triggers off       yes   yes  NO        0.0000     0.0000    -1.0000  yes NO   state-only kind
  D13.1 event rate scale <= 0.3       NO    yes  NO        0.0000     2.4907    -1.0000  NO  NO   state false
  D13.2 event rate scale >= 3.0       NO    yes  NO        0.0000     2.4907    -1.0000  NO  NO   state false
  D14.1 breathing depth >= 0.7       NO    yes  NO        0.0000     2.4907    -1.0000  NO  NO   state false
  D14.2 tidal depth >= 0.7           NO    yes  NO        0.0000     2.4907    -1.0000  NO  NO   state false
F:\projects\iterum\plugins\vorago\tests\integration\preset_sweep_test.cpp(1171): FAILED:
  CHECK( VoragoTest::verifiedAt(o, primary, ClaimRole::Secondary) )
with expansion:
  false
with message:
  Feeding Loops primary E4 feedback -> loop wake: d 1.22033, 2s(P) 4.09372,
  attrib 0.448839, skip []

F:\projects\iterum\plugins\vorago\tests\integration\preset_sweep_test.cpp(1172): FAILED:
  CHECK( VoragoTest::verifiedAt(o, primary, ClaimRole::Primary) )
with expansion:
  false
with message:
  Feeding Loops primary E4 feedback -> loop wake: d 1.22033, 2s(P) 4.09372,
  attrib 0.448839, skip []

[sweep] index 29: computing / loading record...

Strung Abyss (index 29): primary D1.2 material Strings, 0 secondaries, s(P) 4.0342
  cell                         claim state conj rend           d      2s(P)     attrib  sec pri  skip
  S1 noise organism                  yes   yes  yes       0.4324     8.0684    -1.0000  NO  NO   
  S2 resonance drift                 yes   yes  yes       0.5676     8.0684    -1.0000  NO  NO   
  S3 spectral smear                  yes   yes  yes       1.5732     8.0684    -1.0000  yes NO   
  S4 feedback ecology                yes   yes  yes       0.0007     8.0684    -1.0000  NO  NO   
  S5 subharmonic                     yes   yes  yes       8.3429     8.0684    -1.0000  yes yes  
  S6 harmonic bloom                  yes   yes  yes       7.7897     8.0684    -1.0000  yes yes  
  S7 ecosystem                       yes   yes  NO        0.0000     8.0684    -1.0000  NO  NO   override equals stored
  S8 cavern space                    yes   yes  yes       1.1927     8.0684    -1.0000  NO  NO   
  S9 ghost / atmosphere              yes   yes  yes       0.0001     8.0684    -1.0000  NO  NO   
  S10 acoustic body                  yes   yes  yes       7.0595     8.0684    -1.0000  yes yes  
  M1 Darkness                        NO    yes  NO        0.0000     8.0684    -1.0000  NO  NO   M displacement
  M2 Age                             NO    yes  NO        0.0000     8.0684    -1.0000  NO  NO   M displacement
  M3 Density                         NO    yes  NO        0.0000     8.0684    -1.0000  NO  NO   M displacement
  M4 Movement                        NO    yes  NO        0.0000     8.0684    -1.0000  NO  NO   M displacement
  M5 Gravity                         NO    yes  NO        0.0000     8.0684    -1.0000  NO  NO   M displacement
  M6 Entropy                         NO    yes  NO        0.0000     8.0684    -1.0000  NO  NO   M displacement
  M7 Pressure                        NO    yes  NO        0.0000     8.0684    -1.0000  NO  NO   M displacement
  M8 Weight                          NO    yes  NO        0.0000     8.0684    -1.0000  NO  NO   M displacement
  M9 Fog                             NO    yes  NO        0.0000     8.0684    -1.0000  NO  NO   M displacement
  M10 Life                           NO    yes  NO        0.0000     8.0684    -1.0000  NO  NO   M displacement
  M11 Depth                          NO    yes  NO        0.0000     8.0684    -1.0000  NO  NO   M displacement
  M12 Mass                           NO    yes  NO        0.0000     8.0684    -1.0000  NO  NO   M displacement
  E1 partial -> bloom                yes   yes  NO        0.0000     8.0684    -1.0000  NO  NO   ecosystem depth 0
  E2 resonator -> resonance peaks       yes   yes  NO        0.0000     8.0684    -1.0000  NO  NO   ecosystem depth 0
  E3 noise -> noise wake             yes   yes  NO        0.0000     8.0684    -1.0000  NO  NO   ecosystem depth 0
  E4 feedback -> loop wake           yes   yes  NO        0.0000     8.0684    -1.0000  NO  NO   ecosystem depth 0
  E5 ghost -> ghost bursts           yes   yes  NO        0.0000     8.0684    -1.0000  NO  NO   ecosystem depth 0
  E6.hi ecosystem sync rate high       NO    yes  NO        0.0000     8.0684    -1.0000  NO  NO   side predicate
  E7.hi ecosystem self-affinity high       NO    yes  NO        0.0000     8.0684    -1.0000  NO  NO   side predicate
  D1.1 material Glass                NO    yes  NO        0.0000     0.0000    -1.0000  NO  NO   state-only kind
  D1.2 material Strings        PRI   yes   yes  yes      15.8845     8.0684    -1.0000  yes yes  
  D1.3 material MetalPlate           NO    yes  NO        0.0000     0.0000    -1.0000  NO  NO   state-only kind
  D1.4 material Chamber              NO    yes  NO        0.0000     0.0000    -1.0000  NO  NO   state-only kind
  D1.5 material Ice                  NO    yes  NO        0.0000     0.0000    -1.0000  NO  NO   state-only kind
  D1.6 material StoneChamber         NO    yes  NO        0.0000     0.0000    -1.0000  NO  NO   state-only kind
  D1.7 material SteelTank            NO    yes  NO        0.0000     0.0000    -1.0000  NO  NO   state-only kind
  D1.8 material WoodenHull           NO    yes  NO        0.0000     0.0000    -1.0000  NO  NO   state-only kind
  D1.9 material CathedralColumn       NO    yes  NO        0.0000     0.0000    -1.0000  NO  NO   state-only kind
  D1.10 material CavernWall          NO    yes  NO        0.0000     0.0000    -1.0000  NO  NO   state-only kind
  D1.11 material GlassSphere         NO    yes  NO        0.0000     0.0000    -1.0000  NO  NO   state-only kind
  D2 body blend both heard           NO    yes  NO        0.0000     0.0000    -1.0000  NO  NO   state-only kind
  D3.1 noise model Direct            yes   NO   yes       0.4324     0.0000    -1.0000  NO  NO   
  D3.2 noise model FilteredWind       yes   NO   yes       0.4324     0.0000    -1.0000  NO  NO   
  D3.3 noise model GranularDust       yes   NO   yes       0.4324     0.0000    -1.0000  NO  NO   
  D3.4 noise model MetallicHiss       yes   NO   yes       0.4324     0.0000    -1.0000  NO  NO   
  D4.1 noise type White              NO    NO   NO        0.0000     0.0000    -1.0000  NO  NO   state-only kind
  D4.2 noise type Pink               NO    NO   NO        0.0000     0.0000    -1.0000  NO  NO   state-only kind
  D4.3 noise type TapeHiss           NO    NO   NO        0.0000     0.0000    -1.0000  NO  NO   state-only kind
  D4.4 noise type VinylCrackle       NO    NO   NO        0.0000     0.0000    -1.0000  NO  NO   state-only kind
  D4.5 noise type Asperity           NO    NO   NO        0.0000     0.0000    -1.0000  NO  NO   state-only kind
  D4.6 noise type Brown              yes   NO   NO        0.0000     0.0000    -1.0000  NO  NO   state-only kind
  D4.7 noise type Blue               NO    NO   NO        0.0000     0.0000    -1.0000  NO  NO   state-only kind
  D4.8 noise type Violet             NO    NO   NO        0.0000     0.0000    -1.0000  NO  NO   state-only kind
  D4.9 noise type Grey               NO    NO   NO        0.0000     0.0000    -1.0000  NO  NO   state-only kind
  D4.10 noise type Velvet            NO    NO   NO        0.0000     0.0000    -1.0000  NO  NO   state-only kind
  D4.11 noise type VinylRumble       NO    NO   NO        0.0000     0.0000    -1.0000  NO  NO   state-only kind
  D4.12 noise type RadioStatic       NO    NO   NO        0.0000     0.0000    -1.0000  NO  NO   state-only kind
  D5.1 anchor Free                   NO    NO   NO        0.0000     0.0000    -1.0000  NO  NO   state-only kind
  D5.2 anchor Keyed                  NO    NO   NO        0.0000     0.0000    -1.0000  NO  NO   state-only kind
  D5.3 anchor Hybrid                 yes   NO   NO        0.0000     0.0000    -1.0000  NO  NO   state-only kind
  D6.1 loop filter Lowpass           yes   NO   NO        0.0000     0.0000    -1.0000  NO  NO   state-only kind
  D6.2 loop filter Bandpass          NO    NO   NO        0.0000     0.0000    -1.0000  NO  NO   state-only kind
  D6.3 loop filter Highpass          NO    NO   NO        0.0000     0.0000    -1.0000  NO  NO   state-only kind
  D7.1 loudest sub f/2               yes   yes  NO        0.0000     0.0000    -1.0000  yes NO   state-only kind
  D7.2 loudest sub f/4               NO    yes  NO        0.0000     0.0000    -1.0000  NO  NO   state-only kind
  D7.3 loudest sub fifth below       NO    yes  NO        0.0000     0.0000    -1.0000  NO  NO   state-only kind
  D8.1 envelope Standard             yes   yes  NO        0.0000     0.0000    -1.0000  yes NO   state-only kind
  D8.2 envelope Growth               NO    yes  NO        0.0000     0.0000    -1.0000  NO  NO   state-only kind
  D9.1 attack span <= 10 s           NO    yes  NO        0.0000     0.0000    -1.0000  NO  NO   state-only kind
  D9.2 attack span >= 90 s           yes   yes  NO        0.0000     0.0000    -1.0000  yes NO   state-only kind
  D10.1 freeze holds a field         NO    NO   NO        0.0000     0.0000    -1.0000  NO  NO   state-only kind
  D10.2 freeze off                   yes   yes  NO        0.0000     0.0000    -1.0000  yes NO   state-only kind
  D11 ghost reverse >= 0.5           NO    NO   NO        0.0000     0.0000    -1.0000  NO  NO   state-only kind
  D12.1 ghost event triggers on       NO    NO   NO        0.0000     0.0000    -1.0000  NO  NO   state-only kind
  D12.2 ghost event triggers off       yes   yes  NO        0.0000     0.0000    -1.0000  yes NO   state-only kind
  D13.1 event rate scale <= 0.3       NO    NO   NO        0.0000     8.0684    -1.0000  NO  NO   state false
  D13.2 event rate scale >= 3.0       NO    NO   NO        0.0000     8.0684    -1.0000  NO  NO   state false
  D14.1 breathing depth >= 0.7       NO    yes  NO        0.0000     8.0684    -1.0000  NO  NO   state false
  D14.2 tidal depth >= 0.7           NO    yes  NO        0.0000     8.0684    -1.0000  NO  NO   state false
[sweep] index 33: computing / loading record...

Hull Ark (index 33): primary D1.8 material WoodenHull, 0 secondaries, s(P) 1.4523
  cell                         claim state conj rend           d      2s(P)     attrib  sec pri  skip
  S1 noise organism                  yes   yes  yes       0.1200     2.9045    -1.0000  NO  NO   
  S2 resonance drift                 yes   yes  yes       1.1916     2.9045    -1.0000  NO  NO   
  S3 spectral smear                  yes   yes  yes       3.9881     2.9045    -1.0000  yes NO   
  S4 feedback ecology                yes   yes  yes       0.0025     2.9045    -1.0000  NO  NO   
  S5 subharmonic                     yes   yes  yes       1.2921     2.9045    -1.0000  NO  NO   
  S6 harmonic bloom                  yes   yes  yes       8.7769     2.9045    -1.0000  yes yes  
  S7 ecosystem                       yes   yes  NO        0.0000     2.9045    -1.0000  NO  NO   override equals stored
  S8 cavern space                    yes   yes  yes       0.2102     2.9045    -1.0000  NO  NO   
  S9 ghost / atmosphere              yes   yes  yes       0.0090     2.9045    -1.0000  NO  NO   
  S10 acoustic body                  yes   yes  yes      10.7512     2.9045    -1.0000  yes yes  
  M1 Darkness                        NO    yes  NO        0.0000     2.9045    -1.0000  NO  NO   M displacement
  M2 Age                             NO    yes  NO        0.0000     2.9045    -1.0000  NO  NO   M displacement
  M3 Density                         NO    yes  NO        0.0000     2.9045    -1.0000  NO  NO   M displacement
  M4 Movement                        NO    yes  NO        0.0000     2.9045    -1.0000  NO  NO   M displacement
  M5 Gravity                         NO    yes  NO        0.0000     2.9045    -1.0000  NO  NO   M displacement
  M6 Entropy                         NO    yes  NO        0.0000     2.9045    -1.0000  NO  NO   M displacement
  M7 Pressure                        NO    yes  NO        0.0000     2.9045    -1.0000  NO  NO   M displacement
  M8 Weight                          NO    yes  NO        0.0000     2.9045    -1.0000  NO  NO   M displacement
  M9 Fog                             NO    yes  NO        0.0000     2.9045    -1.0000  NO  NO   M displacement
  M10 Life                           NO    yes  NO        0.0000     2.9045    -1.0000  NO  NO   M displacement
  M11 Depth                          NO    yes  NO        0.0000     2.9045    -1.0000  NO  NO   M displacement
  M12 Mass                           NO    yes  NO        0.0000     2.9045    -1.0000  NO  NO   M displacement
  E1 partial -> bloom                yes   yes  NO        0.0000     2.9045    -1.0000  NO  NO   ecosystem depth 0
  E2 resonator -> resonance peaks       yes   yes  NO        0.0000     2.9045    -1.0000  NO  NO   ecosystem depth 0
  E3 noise -> noise wake             yes   yes  NO        0.0000     2.9045    -1.0000  NO  NO   ecosystem depth 0
  E4 feedback -> loop wake           yes   yes  NO        0.0000     2.9045    -1.0000  NO  NO   ecosystem depth 0
  E5 ghost -> ghost bursts           yes   yes  NO        0.0000     2.9045    -1.0000  NO  NO   ecosystem depth 0
  E6.hi ecosystem sync rate high       NO    yes  NO        0.0000     2.9045    -1.0000  NO  NO   side predicate
  E7.hi ecosystem self-affinity high       NO    yes  NO        0.0000     2.9045    -1.0000  NO  NO   side predicate
  D1.1 material Glass                NO    yes  NO        0.0000     0.0000    -1.0000  NO  NO   state-only kind
  D1.2 material Strings              NO    yes  NO        0.0000     0.0000    -1.0000  NO  NO   state-only kind
  D1.3 material MetalPlate           NO    yes  NO        0.0000     0.0000    -1.0000  NO  NO   state-only kind
  D1.4 material Chamber              NO    yes  NO        0.0000     0.0000    -1.0000  NO  NO   state-only kind
  D1.5 material Ice                  NO    yes  NO        0.0000     0.0000    -1.0000  NO  NO   state-only kind
  D1.6 material StoneChamber         NO    yes  NO        0.0000     0.0000    -1.0000  NO  NO   state-only kind
  D1.7 material SteelTank            NO    yes  NO        0.0000     0.0000    -1.0000  NO  NO   state-only kind
  D1.8 material WoodenHull     PRI   yes   yes  yes       6.7290     2.9045    -1.0000  yes yes  
  D1.9 material CathedralColumn       NO    yes  NO        0.0000     0.0000    -1.0000  NO  NO   state-only kind
  D1.10 material CavernWall          NO    yes  NO        0.0000     0.0000    -1.0000  NO  NO   state-only kind
  D1.11 material GlassSphere         NO    yes  NO        0.0000     0.0000    -1.0000  NO  NO   state-only kind
  D2 body blend both heard           NO    yes  NO        0.0000     0.0000    -1.0000  NO  NO   state-only kind
  D3.1 noise model Direct            yes   NO   yes       0.1200     0.0000    -1.0000  NO  NO   
  D3.2 noise model FilteredWind       yes   NO   yes       0.1200     0.0000    -1.0000  NO  NO   
  D3.3 noise model GranularDust       yes   NO   yes       0.1200     0.0000    -1.0000  NO  NO   
  D3.4 noise model MetallicHiss       yes   NO   yes       0.1200     0.0000    -1.0000  NO  NO   
  D4.1 noise type White              NO    NO   NO        0.0000     0.0000    -1.0000  NO  NO   state-only kind
  D4.2 noise type Pink               NO    NO   NO        0.0000     0.0000    -1.0000  NO  NO   state-only kind
  D4.3 noise type TapeHiss           NO    NO   NO        0.0000     0.0000    -1.0000  NO  NO   state-only kind
  D4.4 noise type VinylCrackle       NO    NO   NO        0.0000     0.0000    -1.0000  NO  NO   state-only kind
  D4.5 noise type Asperity           NO    NO   NO        0.0000     0.0000    -1.0000  NO  NO   state-only kind
  D4.6 noise type Brown              yes   NO   NO        0.0000     0.0000    -1.0000  NO  NO   state-only kind
  D4.7 noise type Blue               NO    NO   NO        0.0000     0.0000    -1.0000  NO  NO   state-only kind
  D4.8 noise type Violet             NO    NO   NO        0.0000     0.0000    -1.0000  NO  NO   state-only kind
  D4.9 noise type Grey               NO    NO   NO        0.0000     0.0000    -1.0000  NO  NO   state-only kind
  D4.10 noise type Velvet            NO    NO   NO        0.0000     0.0000    -1.0000  NO  NO   state-only kind
  D4.11 noise type VinylRumble       NO    NO   NO        0.0000     0.0000    -1.0000  NO  NO   state-only kind
  D4.12 noise type RadioStatic       NO    NO   NO        0.0000     0.0000    -1.0000  NO  NO   state-only kind
  D5.1 anchor Free                   NO    NO   NO        0.0000     0.0000    -1.0000  NO  NO   state-only kind
  D5.2 anchor Keyed                  NO    NO   NO        0.0000     0.0000    -1.0000  NO  NO   state-only kind
  D5.3 anchor Hybrid                 yes   NO   NO        0.0000     0.0000    -1.0000  NO  NO   state-only kind
  D6.1 loop filter Lowpass           yes   NO   NO        0.0000     0.0000    -1.0000  NO  NO   state-only kind
  D6.2 loop filter Bandpass          NO    NO   NO        0.0000     0.0000    -1.0000  NO  NO   state-only kind
  D6.3 loop filter Highpass          NO    NO   NO        0.0000     0.0000    -1.0000  NO  NO   state-only kind
  D7.1 loudest sub f/2               yes   NO   NO        0.0000     0.0000    -1.0000  NO  NO   state-only kind
  D7.2 loudest sub f/4               NO    NO   NO        0.0000     0.0000    -1.0000  NO  NO   state-only kind
  D7.3 loudest sub fifth below       NO    NO   NO        0.0000     0.0000    -1.0000  NO  NO   state-only kind
  D8.1 envelope Standard             yes   yes  NO        0.0000     0.0000    -1.0000  yes NO   state-only kind
  D8.2 envelope Growth               NO    yes  NO        0.0000     0.0000    -1.0000  NO  NO   state-only kind
  D9.1 attack span <= 10 s           NO    yes  NO        0.0000     0.0000    -1.0000  NO  NO   state-only kind
  D9.2 attack span >= 90 s           yes   yes  NO        0.0000     0.0000    -1.0000  yes NO   state-only kind
  D10.1 freeze holds a field         NO    NO   NO        0.0000     0.0000    -1.0000  NO  NO   state-only kind
  D10.2 freeze off                   yes   yes  NO        0.0000     0.0000    -1.0000  yes NO   state-only kind
  D11 ghost reverse >= 0.5           NO    NO   NO        0.0000     0.0000    -1.0000  NO  NO   state-only kind
  D12.1 ghost event triggers on       NO    NO   NO        0.0000     0.0000    -1.0000  NO  NO   state-only kind
  D12.2 ghost event triggers off       yes   yes  NO        0.0000     0.0000    -1.0000  yes NO   state-only kind
  D13.1 event rate scale <= 0.3       NO    NO   NO        0.0000     2.9045    -1.0000  NO  NO   state false
  D13.2 event rate scale >= 3.0       NO    NO   NO        0.0000     2.9045    -1.0000  NO  NO   state false
  D14.1 breathing depth >= 0.7       NO    yes  NO        0.0000     2.9045    -1.0000  NO  NO   state false
  D14.2 tidal depth >= 0.7           NO    yes  NO        0.0000     2.9045    -1.0000  NO  NO   state false
[sweep] index 37: computing / loading record...

Sudden Chasm (index 37): primary D9.1 attack span <= 10 s, 0 secondaries, s(P) 1.2649
  cell                         claim state conj rend           d      2s(P)     attrib  sec pri  skip
  S1 noise organism                  yes   yes  yes       0.0306     2.5298    -1.0000  NO  NO   
  S2 resonance drift                 yes   yes  yes       0.4286     2.5298    -1.0000  NO  NO   
  S3 spectral smear                  yes   yes  yes       0.8556     2.5298    -1.0000  NO  NO   
  S4 feedback ecology                yes   yes  yes       0.0013     2.5298    -1.0000  NO  NO   
  S5 subharmonic                     yes   yes  yes       1.5772     2.5298    -1.0000  yes NO   
  S6 harmonic bloom                  yes   yes  yes       0.0058     2.5298    -1.0000  NO  NO   
  S7 ecosystem                       yes   yes  NO        0.0000     2.5298    -1.0000  NO  NO   override equals stored
  S8 cavern space                    yes   yes  yes       7.6592     2.5298    -1.0000  yes yes  
  S9 ghost / atmosphere              yes   yes  yes       0.0000     2.5298    -1.0000  NO  NO   
  S10 acoustic body                  yes   yes  yes       5.5773     2.5298    -1.0000  yes yes  
  M1 Darkness                        NO    yes  NO        0.0000     2.5298    -1.0000  NO  NO   M displacement
  M2 Age                             NO    yes  NO        0.0000     2.5298    -1.0000  NO  NO   M displacement
  M3 Density                         NO    yes  NO        0.0000     2.5298    -1.0000  NO  NO   M displacement
  M4 Movement                        NO    yes  NO        0.0000     2.5298    -1.0000  NO  NO   M displacement
  M5 Gravity                         NO    yes  NO        0.0000     2.5298    -1.0000  NO  NO   M displacement
  M6 Entropy                         NO    yes  NO        0.0000     2.5298    -1.0000  NO  NO   M displacement
  M7 Pressure                        NO    yes  NO        0.0000     2.5298    -1.0000  NO  NO   M displacement
  M8 Weight                          NO    yes  NO        0.0000     2.5298    -1.0000  NO  NO   M displacement
  M9 Fog                             NO    yes  NO        0.0000     2.5298    -1.0000  NO  NO   M displacement
  M10 Life                           NO    yes  NO        0.0000     2.5298    -1.0000  NO  NO   M displacement
  M11 Depth                          NO    yes  NO        0.0000     2.5298    -1.0000  NO  NO   M displacement
  M12 Mass                           NO    yes  NO        0.0000     2.5298    -1.0000  NO  NO   M displacement
  E1 partial -> bloom                yes   yes  NO        0.0000     2.5298    -1.0000  NO  NO   ecosystem depth 0
  E2 resonator -> resonance peaks       yes   yes  NO        0.0000     2.5298    -1.0000  NO  NO   ecosystem depth 0
  E3 noise -> noise wake             yes   yes  NO        0.0000     2.5298    -1.0000  NO  NO   ecosystem depth 0
  E4 feedback -> loop wake           yes   yes  NO        0.0000     2.5298    -1.0000  NO  NO   ecosystem depth 0
  E5 ghost -> ghost bursts           yes   yes  NO        0.0000     2.5298    -1.0000  NO  NO   ecosystem depth 0
  E6.hi ecosystem sync rate high       NO    yes  NO        0.0000     2.5298    -1.0000  NO  NO   side predicate
  E7.hi ecosystem self-affinity high       NO    yes  NO        0.0000     2.5298    -1.0000  NO  NO   side predicate
  D1.1 material Glass                NO    yes  NO        0.0000     0.0000    -1.0000  NO  NO   state-only kind
  D1.2 material Strings              NO    yes  NO        0.0000     0.0000    -1.0000  NO  NO   state-only kind
  D1.3 material MetalPlate           NO    yes  NO        0.0000     0.0000    -1.0000  NO  NO   state-only kind
  D1.4 material Chamber              NO    yes  NO        0.0000     0.0000    -1.0000  NO  NO   state-only kind
  D1.5 material Ice                  NO    yes  NO        0.0000     0.0000    -1.0000  NO  NO   state-only kind
  D1.6 material StoneChamber         yes   yes  NO        0.0000     0.0000    -1.0000  yes NO   state-only kind
  D1.7 material SteelTank            yes   yes  NO        0.0000     0.0000    -1.0000  yes NO   state-only kind
  D1.8 material WoodenHull           NO    yes  NO        0.0000     0.0000    -1.0000  NO  NO   state-only kind
  D1.9 material CathedralColumn       NO    yes  NO        0.0000     0.0000    -1.0000  NO  NO   state-only kind
  D1.10 material CavernWall          NO    yes  NO        0.0000     0.0000    -1.0000  NO  NO   state-only kind
  D1.11 material GlassSphere         NO    yes  NO        0.0000     0.0000    -1.0000  NO  NO   state-only kind
  D2 body blend both heard           yes   yes  NO        0.0000     0.0000    -1.0000  yes NO   state-only kind
  D3.1 noise model Direct            yes   NO   yes       0.0306     0.0000    -1.0000  NO  NO   
  D3.2 noise model FilteredWind       yes   NO   yes       0.0306     0.0000    -1.0000  NO  NO   
  D3.3 noise model GranularDust       yes   NO   yes       0.0306     0.0000    -1.0000  NO  NO   
  D3.4 noise model MetallicHiss       yes   NO   yes       0.0306     0.0000    -1.0000  NO  NO   
  D4.1 noise type White              NO    NO   NO        0.0000     0.0000    -1.0000  NO  NO   state-only kind
  D4.2 noise type Pink               NO    NO   NO        0.0000     0.0000    -1.0000  NO  NO   state-only kind
  D4.3 noise type TapeHiss           NO    NO   NO        0.0000     0.0000    -1.0000  NO  NO   state-only kind
  D4.4 noise type VinylCrackle       NO    NO   NO        0.0000     0.0000    -1.0000  NO  NO   state-only kind
  D4.5 noise type Asperity           NO    NO   NO        0.0000     0.0000    -1.0000  NO  NO   state-only kind
  D4.6 noise type Brown              yes   NO   NO        0.0000     0.0000    -1.0000  NO  NO   state-only kind
  D4.7 noise type Blue               NO    NO   NO        0.0000     0.0000    -1.0000  NO  NO   state-only kind
  D4.8 noise type Violet             NO    NO   NO        0.0000     0.0000    -1.0000  NO  NO   state-only kind
  D4.9 noise type Grey               NO    NO   NO        0.0000     0.0000    -1.0000  NO  NO   state-only kind
  D4.10 noise type Velvet            NO    NO   NO        0.0000     0.0000    -1.0000  NO  NO   state-only kind
  D4.11 noise type VinylRumble       NO    NO   NO        0.0000     0.0000    -1.0000  NO  NO   state-only kind
  D4.12 noise type RadioStatic       NO    NO   NO        0.0000     0.0000    -1.0000  NO  NO   state-only kind
  D5.1 anchor Free                   NO    NO   NO        0.0000     0.0000    -1.0000  NO  NO   state-only kind
  D5.2 anchor Keyed                  NO    NO   NO        0.0000     0.0000    -1.0000  NO  NO   state-only kind
  D5.3 anchor Hybrid                 yes   NO   NO        0.0000     0.0000    -1.0000  NO  NO   state-only kind
  D6.1 loop filter Lowpass           yes   NO   NO        0.0000     0.0000    -1.0000  NO  NO   state-only kind
  D6.2 loop filter Bandpass          NO    NO   NO        0.0000     0.0000    -1.0000  NO  NO   state-only kind
  D6.3 loop filter Highpass          NO    NO   NO        0.0000     0.0000    -1.0000  NO  NO   state-only kind
  D7.1 loudest sub f/2               yes   yes  NO        0.0000     0.0000    -1.0000  yes NO   state-only kind
  D7.2 loudest sub f/4               NO    yes  NO        0.0000     0.0000    -1.0000  NO  NO   state-only kind
  D7.3 loudest sub fifth below       NO    yes  NO        0.0000     0.0000    -1.0000  NO  NO   state-only kind
  D8.1 envelope Standard             yes   yes  NO        0.0000     0.0000    -1.0000  yes NO   state-only kind
  D8.2 envelope Growth               NO    yes  NO        0.0000     0.0000    -1.0000  NO  NO   state-only kind
  D9.1 attack span <= 10 s     PRI   yes   yes  yes       2.7661     2.5298     4.3038  yes NO   
  D9.2 attack span >= 90 s           NO    yes  NO        0.0000     0.0000    -1.0000  NO  NO   state-only kind
  D10.1 freeze holds a field         NO    NO   NO        0.0000     0.0000    -1.0000  NO  NO   state-only kind
  D10.2 freeze off                   yes   yes  NO        0.0000     0.0000    -1.0000  yes NO   state-only kind
  D11 ghost reverse >= 0.5           NO    NO   NO        0.0000     0.0000    -1.0000  NO  NO   state-only kind
  D12.1 ghost event triggers on       NO    NO   NO        0.0000     0.0000    -1.0000  NO  NO   state-only kind
  D12.2 ghost event triggers off       yes   yes  NO        0.0000     0.0000    -1.0000  yes NO   state-only kind
  D13.1 event rate scale <= 0.3       NO    NO   NO        0.0000     2.5298    -1.0000  NO  NO   state false
  D13.2 event rate scale >= 3.0       NO    NO   NO        0.0000     2.5298    -1.0000  NO  NO   state false
  D14.1 breathing depth >= 0.7       NO    yes  NO        0.0000     2.5298    -1.0000  NO  NO   state false
  D14.2 tidal depth >= 0.7           NO    yes  NO        0.0000     2.5298    -1.0000  NO  NO   state false
F:\projects\iterum\plugins\vorago\tests\integration\preset_sweep_test.cpp(1172): FAILED:
  CHECK( VoragoTest::verifiedAt(o, primary, ClaimRole::Primary) )
with expansion:
  false
with message:
  Sudden Chasm primary D9.1 attack span <= 10 s: d 2.76612, 2s(P) 2.52983,
  attrib 4.30378, skip []

[sweep] index 41: computing / loading record...

Steam Vent (index 41): primary D3.4 noise model MetallicHiss, 2 secondaries, s(P) 3.3094
  cell                         claim state conj rend           d      2s(P)     attrib  sec pri  skip
  S1 noise organism                  yes   yes  yes       5.4220     6.6188    -1.0000  yes yes  
  S2 resonance drift                 yes   yes  yes       0.8584     6.6188    -1.0000  NO  NO   
  S3 spectral smear                  yes   yes  yes       2.4318     6.6188    -1.0000  yes NO   
  S4 feedback ecology                yes   yes  yes       0.0110     6.6188    -1.0000  NO  NO   
  S5 subharmonic                     yes   yes  yes       1.0548     6.6188    -1.0000  NO  NO   
  S6 harmonic bloom                  yes   yes  yes       0.0593     6.6188    -1.0000  NO  NO   
  S7 ecosystem                       yes   yes  NO        0.0000     6.6188    -1.0000  NO  NO   override equals stored
  S8 cavern space                    yes   yes  yes       1.1391     6.6188    -1.0000  NO  NO   
  S9 ghost / atmosphere              yes   yes  yes       0.1941     6.6188    -1.0000  NO  NO   
  S10 acoustic body                  yes   yes  yes      11.4079     6.6188    -1.0000  yes yes  
  M1 Darkness                        NO    yes  NO        0.0000     6.6188    -1.0000  NO  NO   M displacement
  M2 Age                             NO    yes  NO        0.0000     6.6188    -1.0000  NO  NO   M displacement
  M3 Density                         NO    yes  NO        0.0000     6.6188    -1.0000  NO  NO   M displacement
  M4 Movement                        NO    yes  NO        0.0000     6.6188    -1.0000  NO  NO   M displacement
  M5 Gravity                         NO    yes  NO        0.0000     6.6188    -1.0000  NO  NO   M displacement
  M6 Entropy                         NO    yes  NO        0.0000     6.6188    -1.0000  NO  NO   M displacement
  M7 Pressure                        NO    yes  NO        0.0000     6.6188    -1.0000  NO  NO   M displacement
  M8 Weight                          NO    yes  NO        0.0000     6.6188    -1.0000  NO  NO   M displacement
  M9 Fog                             NO    yes  NO        0.0000     6.6188    -1.0000  NO  NO   M displacement
  M10 Life                           NO    yes  NO        0.0000     6.6188    -1.0000  NO  NO   M displacement
  M11 Depth                          NO    yes  NO        0.0000     6.6188    -1.0000  NO  NO   M displacement
  M12 Mass                           NO    yes  NO        0.0000     6.6188    -1.0000  NO  NO   M displacement
  E1 partial -> bloom                yes   yes  NO        0.0000     6.6188    -1.0000  NO  NO   ecosystem depth 0
  E2 resonator -> resonance peaks       yes   yes  NO        0.0000     6.6188    -1.0000  NO  NO   ecosystem depth 0
  E3 noise -> noise wake             yes   yes  NO        0.0000     6.6188    -1.0000  NO  NO   ecosystem depth 0
  E4 feedback -> loop wake           yes   yes  NO        0.0000     6.6188    -1.0000  NO  NO   ecosystem depth 0
  E5 ghost -> ghost bursts           yes   yes  NO        0.0000     6.6188    -1.0000  NO  NO   ecosystem depth 0
  E6.hi ecosystem sync rate high       NO    yes  NO        0.0000     6.6188    -1.0000  NO  NO   side predicate
  E7.hi ecosystem self-affinity high       NO    yes  NO        0.0000     6.6188    -1.0000  NO  NO   side predicate
  D1.1 material Glass                NO    yes  NO        0.0000     0.0000    -1.0000  NO  NO   state-only kind
  D1.2 material Strings              NO    yes  NO        0.0000     0.0000    -1.0000  NO  NO   state-only kind
  D1.3 material MetalPlate           NO    yes  NO        0.0000     0.0000    -1.0000  NO  NO   state-only kind
  D1.4 material Chamber              NO    yes  NO        0.0000     0.0000    -1.0000  NO  NO   state-only kind
  D1.5 material Ice                  NO    yes  NO        0.0000     0.0000    -1.0000  NO  NO   state-only kind
  D1.6 material StoneChamber         yes   yes  NO        0.0000     0.0000    -1.0000  yes NO   state-only kind
  D1.7 material SteelTank            yes   yes  NO        0.0000     0.0000    -1.0000  yes NO   state-only kind
  D1.8 material WoodenHull           NO    yes  NO        0.0000     0.0000    -1.0000  NO  NO   state-only kind
  D1.9 material CathedralColumn       NO    yes  NO        0.0000     0.0000    -1.0000  NO  NO   state-only kind
  D1.10 material CavernWall          NO    yes  NO        0.0000     0.0000    -1.0000  NO  NO   state-only kind
  D1.11 material GlassSphere         NO    yes  NO        0.0000     0.0000    -1.0000  NO  NO   state-only kind
  D2 body blend both heard           yes   yes  NO        0.0000     0.0000    -1.0000  yes NO   state-only kind
  D3.1 noise model Direct            NO    yes  yes       5.4220     0.0000    -1.0000  NO  NO   
  D3.2 noise model FilteredWind       NO    yes  yes       5.4220     0.0000    -1.0000  NO  NO   
  D3.3 noise model GranularDust       NO    yes  yes       5.4220     0.0000    -1.0000  NO  NO   
  D3.4 noise model MetallicHiss PRI   yes   yes  yes       5.4220     0.0000    -1.0000  yes yes  
  D4.1 noise type White              NO    yes  NO        0.0000     0.0000    -1.0000  NO  NO   state-only kind
  D4.2 noise type Pink               NO    yes  NO        0.0000     0.0000    -1.0000  NO  NO   state-only kind
  D4.3 noise type TapeHiss           NO    yes  NO        0.0000     0.0000    -1.0000  NO  NO   state-only kind
  D4.4 noise type VinylCrackle       NO    yes  NO        0.0000     0.0000    -1.0000  NO  NO   state-only kind
  D4.5 noise type Asperity           NO    yes  NO        0.0000     0.0000    -1.0000  NO  NO   state-only kind
  D4.6 noise type Brown              NO    yes  NO        0.0000     0.0000    -1.0000  NO  NO   state-only kind
  D4.7 noise type Blue               NO    yes  NO        0.0000     0.0000    -1.0000  NO  NO   state-only kind
  D4.8 noise type Violet             NO    yes  NO        0.0000     0.0000    -1.0000  NO  NO   state-only kind
  D4.9 noise type Grey               NO    yes  NO        0.0000     0.0000    -1.0000  NO  NO   state-only kind
  D4.10 noise type Velvet            NO    yes  NO        0.0000     0.0000    -1.0000  NO  NO   state-only kind
  D4.11 noise type VinylRumble       NO    yes  NO        0.0000     0.0000    -1.0000  NO  NO   state-only kind
  D4.12 noise type RadioStatic       NO    yes  NO        0.0000     0.0000    -1.0000  NO  NO   state-only kind
  D5.1 anchor Free                   NO    NO   NO        0.0000     0.0000    -1.0000  NO  NO   state-only kind
  D5.2 anchor Keyed                  NO    NO   NO        0.0000     0.0000    -1.0000  NO  NO   state-only kind
  D5.3 anchor Hybrid                 yes   NO   NO        0.0000     0.0000    -1.0000  NO  NO   state-only kind
  D6.1 loop filter Lowpass           yes   NO   NO        0.0000     0.0000    -1.0000  NO  NO   state-only kind
  D6.2 loop filter Bandpass          NO    NO   NO        0.0000     0.0000    -1.0000  NO  NO   state-only kind
  D6.3 loop filter Highpass    sec   yes   NO   NO        0.0000     0.0000    -1.0000  NO  NO   state-only kind
  D7.1 loudest sub f/2               NO    NO   NO        0.0000     0.0000    -1.0000  NO  NO   state-only kind
  D7.2 loudest sub f/4         sec   yes   NO   NO        0.0000     0.0000    -1.0000  NO  NO   state-only kind
  D7.3 loudest sub fifth below       NO    NO   NO        0.0000     0.0000    -1.0000  NO  NO   state-only kind
  D8.1 envelope Standard             yes   yes  NO        0.0000     0.0000    -1.0000  yes NO   state-only kind
  D8.2 envelope Growth               NO    yes  NO        0.0000     0.0000    -1.0000  NO  NO   state-only kind
  D9.1 attack span <= 10 s           NO    yes  NO        0.0000     0.0000    -1.0000  NO  NO   state-only kind
  D9.2 attack span >= 90 s           yes   yes  NO        0.0000     0.0000    -1.0000  yes NO   state-only kind
  D10.1 freeze holds a field         NO    NO   NO        0.0000     0.0000    -1.0000  NO  NO   state-only kind
  D10.2 freeze off                   yes   yes  NO        0.0000     0.0000    -1.0000  yes NO   state-only kind
  D11 ghost reverse >= 0.5           NO    NO   NO        0.0000     0.0000    -1.0000  NO  NO   state-only kind
  D12.1 ghost event triggers on       NO    NO   NO        0.0000     0.0000    -1.0000  NO  NO   state-only kind
  D12.2 ghost event triggers off       yes   yes  NO        0.0000     0.0000    -1.0000  yes NO   state-only kind
  D13.1 event rate scale <= 0.3       NO    NO   NO        0.0000     6.6188    -1.0000  NO  NO   state false
  D13.2 event rate scale >= 3.0       NO    NO   NO        0.0000     6.6188    -1.0000  NO  NO   state false
  D14.1 breathing depth >= 0.7       NO    yes  NO        0.0000     6.6188    -1.0000  NO  NO   state false
  D14.2 tidal depth >= 0.7           NO    yes  NO        0.0000     6.6188    -1.0000  NO  NO   state false
F:\projects\iterum\plugins\vorago\tests\integration\preset_sweep_test.cpp(1179): FAILED:
  CHECK( VoragoTest::verifiedAt(o, c, ClaimRole::Secondary) )
with expansion:
  false
with message:
  Steam Vent secondary D6.3 loop filter Highpass: d 0, 2s(P) 0, attrib -1, skip
  [state-only kind]

F:\projects\iterum\plugins\vorago\tests\integration\preset_sweep_test.cpp(1179): FAILED:
  CHECK( VoragoTest::verifiedAt(o, c, ClaimRole::Secondary) )
with expansion:
  false
with message:
  Steam Vent secondary D7.2 loudest sub f/4: d 0, 2s(P) 0, attrib -1, skip
  [state-only kind]

0.002 s: Vorago_PresetSweep_AblationVerifiesClaims
shard 1/4: 11 of 42 indices (N = 42)

=== Vorago_PresetSweep_RendersAreReproducible (FR-038, SC-015) ===
[sweep] index 1: computing / loading record...
Resonant Shaft (index 1): two fresh hosts over [0, 220.00 s], withinTolerance per channel: yes
[sweep] index 5: computing / loading record...
Slow Bloom (index 5): two fresh hosts over [0, 180.00 s], withinTolerance per channel: yes
[sweep] index 9: computing / loading record...
Hull Resonance (index 9): two fresh hosts over [0, 220.00 s], withinTolerance per channel: yes
[sweep] index 13: computing / loading record...
Drifting Strata (index 13): two fresh hosts over [0, 220.00 s], withinTolerance per channel: yes
[sweep] index 17: computing / loading record...
Weighted Deep (index 17): two fresh hosts over [0, 220.00 s], withinTolerance per channel: yes
[sweep] index 21: computing / loading record...
Monolith (index 21): two fresh hosts over [0, 220.00 s], withinTolerance per channel: yes
[sweep] index 25: computing / loading record...
Feeding Loops (index 25): two fresh hosts over [0, 220.00 s], withinTolerance per channel: yes
[sweep] index 29: computing / loading record...
Strung Abyss (index 29): two fresh hosts over [0, 220.00 s], withinTolerance per channel: yes
[sweep] index 33: computing / loading record...
Hull Ark (index 33): two fresh hosts over [0, 220.00 s], withinTolerance per channel: yes
[sweep] index 37: computing / loading record...
Sudden Chasm (index 37): two fresh hosts over [0, 74.00 s], withinTolerance per channel: yes
[sweep] index 41: computing / loading record...
Steam Vent (index 41): two fresh hosts over [0, 220.00 s], withinTolerance per channel: yes
0.000 s: Vorago_PresetSweep_RendersAreReproducible
===============================================================================
test cases:   5 |   3 passed |  2 failed
assertions: 381 | 366 passed | 15 failed

exit=15 END 2026-09-30 21:50:55
